form,item,dictionaryRef
!,0,
"""",0,
(,0,
),0,
",",0,
.,0,
:,0,
;,0,
?,0,
a,0,a
a,1,ab
ab,0,ab
abdidisset,0,abdo
abditos,0,abditus
abditos,1,abdo
abegit,0,abigo
abesto,0,absum
abeunt,0,abeo
abiciet,0,abicio
abiecit,0,abicio
abierunt,0,abeo
abigeris,0,abigo
abiit,0,abeo
abire,0,abeo
abiturus,0,abeo
abripere,0,abripio
abripiens,0,abripio
abscidit,0,abscido
abscidit,1,abscindo
absentis,0,absum
absistite,0,absisto
absolvar,0,absolvo
abstuleris,0,abstulo
abstuleris,1,aufero
abstulisti,0,aufero
abstulit,0,abstulo
abstulit,1,aufero
abundat,0,abundo
abunde,0,abunde
abunde,1,abundus
abundet,0,abundo
ac,0,atque
accedit,0,accedo
accenderet,0,accendo2
accendi,0,accendium
accendi,1,accendo2
accendit,0,accendo2
accensa,0,accendo2
accensa,1,accenseo
accensus,0,accendo2
accensus,1,accenseo
accensus,2,accensus
accensus,3,accensus2
acceperint,0,accipio
accepimus,0,accipio
accepit,0,accipio
accepta,0,accepta
accepta,1,accepto
accepta,2,acceptum
accepta,3,accipio
acceptura,0,accipio
accersitus,0,arcesso
accessit,0,accedo
accessum,0,accedo
accessum,1,accessus2
accidat,0,accido1
accidat,1,accido2
accidere,0,accido1
accidere,1,accido2
acciderit,0,accido1
acciderit,1,accido2
accipere,0,accipio
accipias,0,accipio
accipiens,0,accipio
accipies,0,accipio
accipite,0,accipio
accipiter,0,accipiter
acclamat,0,acclamo
accommodat,0,accommodo
accrescat,0,accresco
accubans,0,accubo
accurrit,0,accurro
accusator,0,accusator
accusatores,0,accusator
acer,0,acer1
acer,1,acer2
acerbam,0,acerbus
acerbum,0,acerbum
acerbum,1,acerbus
acquisivit,0,acquiro
acriter,0,acriter
actis,0,acta
actis,1,acta1
actis,2,acte1
actis,3,actum
actis,4,ago
Actis,5,Acte2
actum,0,acta
actum,1,actum
actum,2,actus2
actum,3,ago
acuatque,0,acuo
acuit,0,aceo
acuit,1,acuo
aculeo,0,aculeus
Aculeo,1,Aculeo
acumen,0,acumen
ad,0,ad
addendum,0,addo
addideris,0,addo
addidit,0,addo
adducit,0,adduco
adeo,0,adeo1
adeo,1,adeo2
adeone,0,adeo1
adeone,1,adeo2
adeptus,0,adipiscor
adesse,0,adsum
adesset,0,adsum
adeunt,0,adeo1
adhibendam,0,adhibeo
adhuc,0,adhuc
adiciam,0,adjicio
adiecit,0,adjicio
adit,0,adeo1
aditu,0,adeo1
aditu,1,aditus2
aditum,0,adeo1
aditum,1,aditus2
adiungebat,0,adjungo
adiutoribus,0,adjutor2
adiuvare,0,adjuvo
adiuvaret,0,adjuvo
adiuvat,0,adjuvo
adiuvisses,0,adjuvo
admirabilem,0,admirabilis
admirans,0,admiror
admirantur,0,admiror
admirator,0,admirator
admiratus,0,admiror
admonebit,0,admoneo
admonere,0,admoneo
admonet,0,admoneo
admonuit,0,admoneo
admota,0,admoveo
admoto,0,admoveo
admovere,0,admoveo
admovit,0,admoveo
adnatant,0,annato
adpetit,0,ad-peto
adsunt,0,adsum
adtingere,0,ad-tingo
adulescentiam,0,adulescentia
adultam,0,adoleo1
adultam,1,adolesco
adulteram,0,adultera
adulterum,0,adulter1
advenae,0,advena
advenerit,0,advenio
advenit,0,advenio
adversarius,0,adversarius
adverso,0,adverro
adverso,1,adverso
adverso,2,adversum2
adverso,3,adversus
adverso,4,adverto
adversus,0,adverro
adversus,1,adversus
adversus,2,adversus2
adversus,3,adverto
advocat,0,advoco
advocata,0,advoco
advocavit,0,advoco
advolant,0,advolo
advolavit,0,advolo
adytis,0,adytum
aedes,0,aedes
Aeetae,0,Aeetes
aegaea,0,Aegaeus
aegram,0,aeger
aegre,0,aeger
aegre,1,aegreo
aegre,2,aegrum
aemulatio,0,aemulatio
aequales,0,aequalis
aequalitatis,0,aequalitas
aequaliter,0,aequalis
aequaliter,1,aequaliter
aequassent,0,aequo
aeque,0,aequus
aequis,0,aequus
Aequis,1,Aequi
aequitatis,0,aequitas
aequo,0,aequo
aequo,1,aequus
Aesope,0,Aesopus
Aesopi,0,Aesopus
aesopias,0,Aesopius
Aesopo,0,Aesopus
Aesopum,0,Aesopus
Aesopus,0,Aesopus
aestate,0,aestas
aestimandum,0,aestimo
aestimantes,0,aestimo
aestimo,0,aestimo
aestuantem,0,aestuo
aetatem,0,aetas
aetatis,0,aetas
aeterna,0,aeterno2
aeterna,1,aeternus
aeternam,0,aeternus
aevi,0,aevum
aevum,0,aevum
affectare,0,affecto
affectare,1,affector
affectus,0,affectus2
affectus,1,afficio
affert,0,affero
affertur,0,affero
affici,0,afficio
afficiebat,0,afficio
afficietur,0,afficio
affinitatem,0,affinitas
affirmant,0,affirmo
affirmaret,0,affirmo
affirmat,0,affirmo
affirmavit,0,affirmo
afflictis,0,affligo
affliguntur,0,affligo
age,0,ago
agedum,0,agedum
agellos,0,agellus
agendo,0,ago
agens,0,ago
agere,0,ago
aggeras,0,aggero1
aggeras,1,aggero2
aggravant,0,aggravo
aggressa,0,aggredior
agi,0,ago
agit,0,ago
agitque,0,ago
agitur,0,ago
agmine,0,agmen
agno,0,agnos
agno,1,agnus
agnos,0,agnos
agnos,1,agnus
agnoscere,0,agnosco
agnoscit,0,agnosco
agnum,0,agnos
agnum,1,agnus
agnus,0,agnus
agrestes,0,agrestis
agro,0,ager
agros,0,ager
ais,0,aio
Ais,1,Aa
ait,0,aio
aiunt,0,aio
alacer,0,alacer
alapae,0,alapa
alapam,0,alapa
albus,0,albus
Albus,1,Albus
ales,0,ales
ales,1,alo
alia,0,alia
alia,1,alius2
alia,2,allium
alia,3,Alius1
Alia,4,Allia
aliae,0,alius2
aliae,1,Alius1
Aliae,2,Allia
aliam,0,alius2
aliam,1,Alius1
Aliam,2,Allia
aliamque,0,alius2
aliamque,1,Alius1
Aliamque,2,Allia
alienis,0,alienum
alienis,1,alienus
alienum,0,alienum
alienum,1,alienus
Alienum,2,Alienus
alii,0,alius2
alii,1,allium
Alii,2,Alii
alii,3,Alius1
aliis,0,alius2
aliis,1,allium
Aliis,2,Alii
aliis,3,Alius1
Aliis,4,Allia
alio,0,alio
alio,1,alius2
alio,2,allium
alio,3,Alius1
aliorum,0,alius2
aliorum,1,allium
Aliorum,2,Alii
aliorum,3,Alius1
alios,0,alius2
Alios,1,Alii
alios,2,Alius1
aliquae,0,aliqui
aliquae,1,aliquis
aliquando,0,aliquando
aliquid,0,aliquis
aliquis,0,aliqui
aliquis,1,aliquis
aliquod,0,aliqui
aliquot,0,aliquot
aliud,0,alius2
alium,0,alius2
alium,1,allium
Alium,2,Alii
alium,3,Alius1
alius,0,alius2
alius,1,Alius1
allata,0,affero
allicit,0,allicio
alligant,0,alligo
alluserit,0,alludo
alta,0,alo
alta,1,alto
alta,2,altum
alta,3,altus1
alter,0,alter
alter,1,alto
alteram,0,alter
alteri,0,alter
alterius,0,alter
altero,0,alter
alticinctis,0,alticinctus
altiore,0,alo
altiore,1,altus1
altis,0,alo
altis,1,altum
altis,2,altus1
Altis,3,Altis
altius,0,alo
altius,1,altus1
altos,0,alo
altos,1,altus1
alueris,0,alo
alveolo,0,alveolus
alvi,0,alvus
alvos,0,alvus
amans,0,amo
amanti,0,amo
ambae,0,ambo
ambitio,0,ambitio
ambos,0,ambo
ambulando,0,ambulo
ament,0,amo
amentur,0,amo
amice,0,amicus1
amice,1,amicus2
amici,0,amicio
amici,1,amicus1
amici,2,amicus2
amicis,0,amica
amicis,1,amicio
amicis,2,amicus1
amicis,3,amicus2
amicos,0,amicus1
amicos,1,amicus2
amicus,0,amicus1
amicus,1,amicus2
amisi,0,amitto
Amisi,1,Amisum
Amisi,2,Amisus
amisit,0,amitto
amissa,0,amitto
amissi,0,amitto
amittit,0,amitto
amne,0,amnis
amorem,0,amor
amphoram,0,amphora
ampla,0,amplo
ampla,1,amplus
amplexus,0,amplector
amplexus,1,amplexus2
an,0,an1
Anacharsis,0,Anacharsis
ancillulam,0,ancillula
angulo,0,angulo
angulo,1,angulus
Angulo,2,Angulus
angustam,0,angustus
angusto,0,angusto
angusto,1,angustum
angusto,2,angustus
anhelans,0,anhelo
anima,0,anima
anima,1,animo
animadvertit,0,animadverto
animal,0,animal
animali,0,animal
animali,1,animalis
animam,0,anima
animi,0,animus
animo,0,animo
animo,1,animus
animosque,0,animus
animum,0,animus
animus,0,animus
annis,0,annus
Annis,1,Anna1
annos,0,annus
ante,0,ante
antehac,0,antehac
antidoto,0,antidotum
Antidoto,1,Antidotus
antidotum,0,antidotum
Antidotum,1,Antidotus
antiqua,0,antiquo
antiqua,1,antiquum
antiqua,2,antiquus
antiqui,0,antiqui
antiqui,1,antiquum
antiqui,2,antiquus
antiquis,0,antiqui
antiquis,1,antiquum
antiquis,2,antiquus
antiquitas,0,antiquitas
anum,0,anus1
anum,1,anus2
anum,2,anus3
anus,0,anus1
anus,1,anus2
anus,2,anus3
aper,0,aper1
Aper,1,Aper2
aperto,0,aperio
aperto,1,aperto
aperto,2,apertus
apertum,0,aperio
apertum,1,apertum
apertum,2,apertus
apes,0,apis1
apes,1,apo
Apes,2,Apis2
apibus,0,apis1
Apibus,1,Apis2
Apollinis,0,Apollo
Apollo,0,Apollo
apothecam,0,apotheca
apparatu,0,apparatus2
apparatu,1,apparo
appareat,0,appareo
apparebunt,0,appareo
apparere,0,appareo
apparere,1,appario
apparere,2,apparo
appellari,0,appello2
appellatum,0,appello2
appendix,0,appendix
appetebat,0,appeto1
appetens,0,appeto1
appeterem,0,appeto1
appetit,0,appeto1
applicuit,0,applico
approba,0,approbo
approba,1,approbus
approbaret,0,approbo
approbavit,0,approbo
apro,0,aper1
Apro,1,Aper2
aprum,0,aper1
Aprum,1,Aper2
aptare,0,apto
apud,0,apud
aqua,0,aqua
Aqua,1,Aqua
aquae,0,aqua
Aquae,1,Aqua
Aquae,2,Aquae
aquam,0,aqua
Aquam,1,Aqua
aquas,0,aqua
Aquas,1,Aqua
Aquas,2,Aquae
aquila,0,aquila1
aquila,1,aquilus
Aquila,2,Aquila2
aquilae,0,aquila1
aquilae,1,aquilus
Aquilae,2,Aquila2
ara,0,ara
ara,1,aro
ara,2,aros
aranea,0,aranea
aranea,1,araneum
aranea,2,araneus2
aras,0,ara
aras,1,aro
arbitrio,0,arbitrium
arbitror,0,arbitror
arbore,0,arbor1
Arbore,1,Arbores
arborem,0,arbor1
Arborem,1,Arbores
arbores,0,arbor1
Arbores,1,Arbores
arca,0,arca
Arca,1,Arca
Arca,2,Arce
arcem,0,arx
Arcem,1,Arce
arcum,0,arcus
arcum,1,arx
Arcum,2,Arci
ardalionum,0,
ardentem,0,ardeo
arebat,0,areo
argenteam,0,argenteus1
argenteam,1,Argenteus2
argenti,0,argentum
argento,0,argentum
argentum,0,argentum
arguat,0,arguo
arguebat,0,arguo
arguis,0,arguo
arguitur,0,arguo
argumento,0,argumentum
argumentum,0,argumentum
Argus,0,Argo
Argus,1,Argus
argutiae,0,argutiae
arida,0,aridum
arida,1,aridus
arida,2,aris1
armillam,0,armilla
armis,0,arma
armis,1,armus
arripuit,0,arripio
arriserit,0,arrideo
arte,0,ars
arte,1,artum
arte,2,artus1
artifices,0,artifex
artior,0,artio1
artior,1,artio2
artior,2,artus1
artis,0,ars
artis,1,artio1
artis,2,artio2
artis,3,artum
artis,4,artus1
artium,0,ars
artium,1,artius
artos,0,artus1
artus,0,artus1
artus,1,artus2
ascendit,0,ascendo
ascribere,0,ascribo
ascribi,0,ascribo
ascripserunt,0,ascribo
ascriptus,0,ascribo
asello,0,asellus
Asello,1,Asellus
asellum,0,asellus
Asellum,1,Asellus
asellus,0,asellus
Asellus,1,Asellus
asiae,0,asia2
Asiae,1,Asia1
asiae,2,Asius
asino,0,asinus
asinum,0,asinus
asinus,0,asinus
asperae,0,asper1
asperam,0,asper1
aspernatus,0,aspernor
aspero,0,asper1
aspero,1,aspero
aspero,2,asperum
Aspero,3,Aspero
aspexit,0,aspicio
aspiciendam,0,aspicio
aspicit,0,aspicio
aspiciunt,0,aspicio
assecuta,0,ad-sequor
assem,0,as
assem,1,assis1
assem,2,assis2
assem,3,asso
assensit,0,ad-sentio
assentio,0,ad-sentio
assequar,0,assequor
assequi,0,assequor
asserit,0,assero1
asserit,1,assero2
assidue,0,assiduus1
assidue,1,assiduus2
assignari,0,assigno
assignate,0,assigno
assilit,0,assilio
assiluit,0,ad-sileo
assistebat,0,assisto
assuetam,0,assuesco
assuevi,0,assuesco
assuevit,0,assuesco
astris,0,astrum
Astris,1,Astrum
astu,0,astus2
at,0,at
Athenae,0,Athena
Athenae,1,Athenae
Athenas,0,Athenae
atque,0,atque
atriensem,0,atriensis
atriensibus,0,atriensis
atroci,0,atrox
atrocitati,0,atrocitas
attende,0,attendo
attendere,0,attendo
attentarit,0,ad-tento
attestatur,0,attestor
Attici,0,Atticus
atticus,0,Atticus
attrahit,0,attraho
attraxit,0,attraho
attribuisset,0,attribuo
attributum,0,attribuo
attributum,1,attributum
auctor,0,aucto
auctor,1,auctor
auctores,0,auctor
auctores,1,auctoro
auctoris,0,auctor
auctoritatem,0,auctoritas
auctoritatis,0,auctoritas
audacem,0,audax
audacia,0,audacia
audacia,1,audax
audaciam,0,audacia
audacter,0,audacter
audebat,0,audeo
audet,0,audeo
audi,0,audio
Audi,1,Audus
audierat,0,audio
audio,0,audio
audis,0,audio
Audis,1,Audus
audite,0,audio
aufer,0,aufero
augurium,0,augurium
augusto,0,augusto
augusto,1,augustus1
Augusto,2,Augustus2
aulaeo,0,aulaeum
aura,0,aura
aura,1,auro
aura,2,aurum
Aura,3,Aure
auras,0,aura
auras,1,auro
Auras,2,Aure
aurem,0,auris
aurem,1,auro
Aurem,2,Aure
aures,0,auris
aures,1,auro
Aures,2,Aure
auribus,0,auris
auris,0,aura
auris,1,auris
auris,2,aurum
Auris,3,Aure
auritulus,0,auritulus
auro,0,auro
auro,1,aurum
aurum,0,aurum
ausus,0,audeo
ausus,1,ausus2
aut,0,aut
autem,0,autem
auxilia,0,auxilia
auxilia,1,auxilio
auxilia,2,auxilior
auxilia,3,auxilium
auxilio,0,auxilio
auxilio,1,auxilior
auxilio,2,auxilium
auxilium,0,auxilia
auxilium,1,auxilium
avare,0,avarus
Avare,1,Avares
Avare,2,Avarum
avari,0,avarus
Avari,1,Avares
Avari,2,Avarum
avaris,0,avarus
Avaris,1,Avares
Avaris,2,Avarum
avarum,0,avarus
avarum,1,avia1
Avarum,2,Avares
Avarum,3,Avarum
ave,0,aveo1
ave,1,aveo2
ave,2,avis
ave,3,avus
Ave,4,Avus
aversam,0,averto
avertendum,0,averto
avertit,0,averto
avi,0,avis
avi,1,avium
avi,2,avius
avi,3,avus
Avi,4,Avium
Avi,5,Avus
avibus,0,avis
avida,0,avidus
avidis,0,avidus
aviditas,0,aviditas
avidum,0,avidus
avis,0,avia1
avis,1,avis
avis,2,avus
Avis,3,Avus
avocabat,0,avoco
Baccho,0,Bacchus1
Baccho,1,Bacchus2
baculo,0,baculum
baculo,1,baculus
baiulantem,0,bajulo
balanti,0,balo
barbam,0,barba1
Barbam,1,Barba2
barbarum,0,barba1
barbarum,1,barbarum2
barbarum,2,barbarus
Barbarum,3,Barba2
barbarus,0,barbarus
barbatis,0,barbatus
barbatum,0,barbatus
Barbatum,1,Barbatus
barbatus,0,barbatus
Barbatus,1,Barbatus
basi,0,basium
basia,0,basio
basia,1,basium
Bathyllo,0,Bathyllus
bella,0,bello
bella,1,bellum
bella,2,bellus
bene,0,bene
bene,1,benus
Bene,2,Bene
beneficium,0,beneficium
benevolentiam,0,benevolentia
benignitas,0,benignitas
bestiae,0,bestia1
Bestiae,1,Bestia2
bestias,0,bestia1
Bestias,1,Bestia2
bibamus,0,bibo1
bibendum,0,bibo1
bibenti,0,bibo1
bibere,0,bibo1
bibisset,0,bibo1
bidens,0,bidens
bilinguis,0,bilinguis
binas,0,bini
bipenni,0,bipennis
bipenni,1,bipennis1
bipenni,2,bipennis2
bis,0,bis
Bis,1,Bis
blandiar,0,blandio
blandiar,1,blandior
blandiretur,0,blandio
blandiretur,1,blandior
blanditiae,0,blanditia
blandos,0,blandus
bona,0,bonus
Bona,1,Bona
bonas,0,bonae
bonas,1,bonus
boni,0,bonus
bonis,0,bonae
bonis,1,bonus
bonitas,0,bonitas
bono,0,bonus
bonorum,0,bonus
bonum,0,bonus
bonus,0,bonus
bos,0,bos
bove,0,bos
Bove,1,Bovis
bovem,0,bos
Bovem,1,Bovis
boves,0,bos
Boves,1,Bovis
bovili,0,bubile
breve,0,breve
breve,1,brevis
brevem,0,brevis
brevi,0,breve
brevi,1,brevi
brevi,2,brevis
brevis,0,breve
brevis,1,brevis
brevitas,0,brevitas
brevitate,0,brevitas
brevitatem,0,brevitas
brevitati,0,brevitas
breviter,0,brevis
breviter,1,breviter
brevius,0,brevis
bruma,0,bruma
bubulce,0,bubulcus1
Bubulce,1,Bubulcus2
bubulco,0,bubulcus1
Bubulco,1,Bubulcus2
bubulcus,0,bubulcus1
Bubulcus,1,Bubulcus2
bubus,0,bos
buvile,0,
cacant,0,caco
cadaverum,0,cadaver
cadere,0,cado
cadis,0,cado
cadis,1,cadus
Cadis,2,Cadi
caeca,0,caeco
caeca,1,caecus1
caeco,0,caeco
caeco,1,caecus1
Caeco,2,Caecus2
caede,0,caedes
caede,1,caedo
caedem,0,caedes
caelitum,0,caeles
caelo,0,caelo
caelo,1,caelum1
caelo,2,caelum2
caelo,3,caelus
caelum,0,caelum1
caelum,1,caelum2
caelum,2,caelus
Caesar,0,Caesar
caesus,0,caedo
caesus,1,caesus2
calamitas,0,calamitas
calamitas,1,calamites
calamitate,0,calamitas
calamitatem,0,calamitas
calamo,0,calamus
calce,0,calcis
calceandos,0,calceo
calceis,0,calceus
calcibus,0,calcis
callida,0,callidus
callidi,0,callidus
Callidi,1,Callidius
callidus,0,callidus
calumniae,0,calumnia
calumniamque,0,calumnia
calumniari,0,calumnio
calumniator,0,calumniator
calvi,0,calvo
calvi,1,calvor
calvi,2,calvus1
Calvi,3,Calvius
Calvi,4,Calvus2
calvus,0,calvus1
Calvus,1,Calvus2
camerae,0,camera
campo,0,campus1
campo,1,campus2
Campo,2,Campus
campum,0,campus1
campum,1,campus2
Campum,2,Campi
Campum,3,Campus
canceres,0,cancer
candore,0,candor
canem,0,canis1
Canem,1,Canis2
canens,0,caneo
canens,1,cano
Canens,2,Canens3
canes,0,caneo
canes,1,canis1
canes,2,cano
Canes,3,Canis2
cani,0,canis1
cani,1,cano
cani,2,canus
Cani,3,Canis2
Cani,4,Canius
Cani,5,Canus
canibus,0,canis1
Canibus,1,Canis2
canis,0,canis1
canis,1,cano
canis,2,canus
Canis,3,Cana
Canis,4,Canae
Canis,5,Canis2
canos,0,canus
cantibus,0,cantus
canticum,0,canticum
canticum,1,canticus
cantu,0,cano
cantu,1,cantus
cantus,0,cano
cantus,1,cantus
canum,0,canis1
canum,1,canus
Canum,2,Canus
canus,0,canus
Canus,1,Canus
capacis,0,capax
capella,0,capella1
Capella,1,Capella2
capellae,0,capella1
Capellae,1,Capella2
capellas,0,capella1
Capellas,1,Capella2
caper,0,caper
capere,0,capio1
caperis,0,capio1
capi,0,capio1
capi,1,capus
capiant,0,capio1
capiat,0,capio1
capillos,0,capillus
capis,0,capio1
capis,1,capis
capis,2,capus
capita,0,capitum
capita,1,caput
Capita,2,Capita
capite,0,capio1
capite,1,capitum
capite,2,caput
capitibus,0,caput
capris,0,caper
capris,1,capra
Capris,2,Capra
Capris,3,Caprus
capta,0,capio1
capta,1,capto
Capta,2,Capta
captans,0,capto
captant,0,capto
captas,0,capio1
captas,1,capto
Captas,2,Capta
capti,0,capio1
capti,1,captus
captus,0,capio1
captus,1,captus
captus,2,captus2
caput,0,caput
carbonem,0,carbo1
Carbonem,1,Carbo2
careas,0,careo
carebunt,0,careo
carere,0,careo
carere,1,caro1
caret,0,careo
caret,1,caro1
cariosis,0,cariosus
caritatem,0,caritas
carminis,0,carmen1
carminis,1,carmen2
carnem,0,caro2
Carnem,1,Carne
carnis,0,caro2
Carnis,1,Carna
Carnis,2,Carne
Carnis,3,Carni
Carnis,4,Carnus
carpens,0,carpo
carpere,0,carpo
carperent,0,carpo
caseum,0,caseum
caseum,1,caseus
Cassandrae,0,Cassandra
casta,0,castum
casta,1,castus1
castae,0,castus1
castas,0,castus1
castitatem,0,castitas
castorem,0,castor1
Castorem,1,Castor2
castrorum,0,castra
castrorum,1,castrum
Castrorum,2,Castrum
casu,0,cado
casu,1,casus1
casus,0,cado
casus,1,casus1
Casus,2,Casus2
catena,0,catena
catena,1,cateno
Catena,2,Catena
cathedra,0,cathedra
cato,0,catus1
cato,1,catus2
Cato,2,Cato
Cato,3,Catus
catulis,0,catulio
catulis,1,catulus1
Catulis,2,Catulus2
catulos,0,catulus1
Catulos,1,Catulus2
caudae,0,cauda
caudam,0,cauda
causa,0,causa
causam,0,causa
causas,0,causa
causis,0,causa
cautis,0,cauta
cautis,1,cautes
cautis,2,caveo
cavere,0,caveo
cavere,1,cavo
cavernam,0,caverna
cavete,0,caveo
cavo,0,cavo
cavo,1,cavum
cavo,2,cavus
cavoque,0,cavo
cavoque,1,cavum
cavoque,2,cavus
cavos,0,cavus
cedam,0,cedo1
cedere,0,cedo1
cedo,0,cedo1
cedo,1,cedo2
celans,0,celo
celat,0,celo
celaverat,0,celo
celavi,0,celo
celebrate,0,celebro
celebres,0,celeber
celebres,1,celebro
celeri,0,celer1
Celeri,1,Celer2
Celeri,2,Celer3
celeritate,0,celeritas
celeriter,0,celeriter
celerius,0,celer1
celsa,0,celsus1
Celsa,1,Celsa
celsis,0,celsus1
Celsis,1,Celsa
Celsis,2,Celsus2
cena,0,cena
cena,1,ceno
cenam,0,cena
cenat,0,ceno
censeo,0,censeo1
censeo,1,censeo2
censores,0,censor
centena,0,centena
centena,1,centeni
centum,0,centum
centumviros,0,centumviri
ceperat,0,capio1
cepi,0,capio1
Cepi,1,Cepi
cepissent,0,capio1
cepit,0,capio1
cerebrum,0,cerebrum
ceris,0,cera
cernens,0,cerno
certa,0,certo2
certa,1,certus
certae,0,certus
certamina,0,certamen
certaminis,0,certamen
certarent,0,certo2
certatim,0,certatim
certe,0,certus
Certe,1,Certis
Certe,2,Certus
certis,0,certus
Certis,1,Certis
certissimam,0,certus
certo,0,certo1
certo,1,certo2
certo,2,certus
Certo,3,Certus
certumque,0,certus
Certumque,1,Certus
cervi,0,cervus
cervice,0,cervix
cervum,0,cervus
cervus,0,cervus
cessabit,0,cesso
cessabunt,0,cesso
cessarunt,0,cesso
cessit,0,cedo1
cetera,0,ceter
cetera,1,ceterum
cetera,2,ceterus
ceteri,0,ceter
ceteri,1,ceterum
ceteri,2,ceterus
ceteros,0,ceter
ceteros,1,ceterus
chartas,0,charta
chartis,0,charta
chartis,1,chartus
chordas,0,chorda
chordas,1,chordus1
chorum,0,chorus
Chorum,1,Chori
Chorum,2,Chorus
Chorum,3,Chus
chorus,0,chorus
Chorus,1,Chorus
cia,0,cichorium
Cia,1,Cea
cibaria,0,cibaria
cibaria,1,cibarium
cibaria,2,cibarius
cibi,0,cibus
cibo,0,cibo
cibo,1,cibus
cibum,0,cibus
cibus,0,cibus
cicada,0,cicada
ciconia,0,ciconia
ciconiam,0,ciconia
ciens,0,cieo
ciet,0,cieo
cinaedi,0,cinaedus
cinaedi,1,cinaedus1
cinaedus,0,cinaedus
cinaedus,1,cinaedus1
cinis,0,cinis
circa,0,circo
Circa,1,Circe
circum,0,circos
circum,1,circum
circum,2,circus
circumcidis,0,circumcido
circumdedit,0,circumdo
circumeunti,0,circumeo
circumfluit,0,circumfluo
circumspectans,0,circumspecto
circumstantibus,0,circumstantes
circumstantibus,1,circumstantia
circumstantibus,2,circumsto
cirris,0,cirrus
citati,0,citatus
citati,1,cito2
citatus,0,citatus
citatus,1,cito2
citharae,0,cithara
citharam,0,cithara
citius,0,cieo
Citius,1,Citius
cito,0,cieo
cito,1,cito
cito,2,cito2
citus,0,cieo
cives,0,civis
civitatem,0,civitas
clamabit,0,clamo
clamare,0,clamo
clamitantem,0,clamito
clamore,0,clamor
clamorem,0,clamor
clamores,0,clamor
clamque,0,clam
claram,0,clarus
Claram,1,Clara
clare,0,clareo
clare,1,clarus
Clare,2,Claros
Clare,3,Clarus
clarumque,0,clarus
Clarumque,1,Claros
Clarumque,2,Clarus
classe,0,classis
clauderetur,0,claudeo
clauderetur,1,claudo1
clauderetur,2,claudo2
clauso,0,claudo1
clauso,1,claudo2
clauso,2,clausum
Clauso,3,Clausus2
Clazomenae,0,Clazomenae
clementer,0,clemens1
clementer,1,clementer
clementia,0,clemens1
clementia,1,clementia
Clementia,2,Clementia
clitellarius,0,clitellarius
clitellas,0,clitellae
coacta,0,coacto
coacta,1,coactum
coacta,2,cogo
coegit,0,cogo
coepere,0,coepio
coepero,0,coepio
coeperunt,0,coepio
coepissent,0,coepio
coepisset,0,coepio
coepit,0,coepio
coepti,0,coepio
coepti,1,coeptum
coepti,2,coeptus
coetum,0,coitus2
cogens,0,cogo
cogit,0,cogo
cogitandum,0,cogito
cogitas,0,cogito
cogitatio,0,cogitatio
cogitavi,0,cogito
cogitet,0,cogito
cogitque,0,cogo
cognatos,0,cognatus
cognitum,0,cognitus2
cognitum,1,cognosco
cognoveris,0,cognosco
cognovi,0,cognosco
cognovit,0,cognosco
cogor,0,cogo
cogunt,0,cogo
cohibete,0,cohibeo
colite,0,colo1
collecta,0,collecta
collecta,1,colligo1
colli,0,collis
colli,1,collum
colli,2,collus
Colli,3,Collis
colligi,0,colligo1
colligunt,0,colligo1
collo,0,collum
collo,1,collus
collocarunt,0,colloco
collum,0,collum
collum,1,collus
color,0,colo1
color,1,colo2
color,2,color
colorque,0,colo1
colorque,1,colo2
colorque,2,color
colubram,0,colubra
columbae,0,columba
Columbae,1,Columba
comae,0,coma
comae,1,come1
Comae,2,Come2
come,0,come1
come,1,comis
come,2,como1
Come,3,Come2
Come,4,Comum
comes,0,come1
comes,1,comedo1
comes,2,comes
comes,3,comis
comes,4,como1
comes,5,como2
Comes,6,Come2
comesse,0,comedo1
comite,0,comes
comite,1,como1
comites,0,comes
comites,1,comito
commemoras,0,commemoro
commendari,0,commendo
commendasse,0,commendo
commendat,0,commendo
commendatio,0,commendatio
commendatur,0,commendo
commercium,0,commercium
commilito,0,commilito1
commilito,1,commilito2
comminuta,0,comminuo
commiseris,0,committo
commisisset,0,committo
commisit,0,committo
commissum,0,commissum
commissum,1,committo
committas,0,committo
committi,0,committo
committit,0,committo
committo,0,committo
commoda,0,commodo2
commoda,1,commodum1
commoda,2,commodus1
commoda,3,Commodus2
commune,0,commune
commune,1,communis
communem,0,communis
commutando,0,commuto
comoediis,0,comoedia
comosa,0,comosus
compererant,0,comperio
compesceret,0,compesco
compilarant,0,compilo
compilavit,0,compilo
complere,0,compleo
complevit,0,compleo
componit,0,compono
comprensus,0,comprehendo
compressus,0,compressus
compressus,1,compressus2
compressus,2,comprimo
comprimis,0,comprimo
comprobarunt,0,comprobo
compulsi,0,compello1
compungam,0,compungo
conari,0,conor
concacarunt,0,concaco
concedas,0,concedo
conceptum,0,concepta
conceptum,1,conceptum
conceptum,2,conceptus
conceptum,3,conceptus2
conceptum,4,concipio
conceptus,0,conceptus
conceptus,1,conceptus2
conceptus,2,concipio
concidisset,0,concido1
concidisset,1,concido2
concidit,0,concido1
concidit,1,concido2
concinnet,0,concinno
concipit,0,concipio
concitant,0,concito
concitat,0,concito
concito,0,concieo
concito,1,concio
concito,2,concito
concito,3,concitus2
concupisti,0,concupisco
concurrit,0,concurro
concursans,0,concurso
concursant,0,concurso
conde,0,condo
conde,1,condus
condere,0,condo
condicio,0,condicio
condicione,0,condicio
condidit,0,condo
condita,0,condio
condita,1,condita
condita,2,conditum
condita,3,conditus
condita,4,condo
condito,0,condio
condito,1,conditum
condito,2,conditus
condito,3,condo
conducunt,0,conduco
conduxit,0,conduco
conemur,0,conor
confectus,0,conficio
conferant,0,confero
conferent,0,confero
conferre,0,confero
confessus,0,confiteor
confido,0,confido
confirmatus,0,confirmo
confodit,0,confodio
confusus,0,confundo
congero,0,congero1
congero,1,congero2
congerunt,0,congero1
congeruntur,0,congero1
coniugalem,0,conjugalis
coniuge,0,conjunx
coniugem,0,conjugo
coniugem,1,conjunx
coniuges,0,conjugo
coniuges,1,conjunx
conprimatur,0,comprimo
conscientia,0,conscientia
conscientia,1,conscio
conscientiam,0,conscientia
conscius,0,conscius
consectata,0,consector
consederat,0,consido
consedit,0,consido
consequi,0,consequor
consequi,1,consequus
considera,0,considero
consideras,0,considero
consideras,1,consido
consilia,0,consilior
consilia,1,consilium
consiliator,0,consiliator
consilio,0,consilior
consilio,1,consilium
consilium,0,consilium
consociet,0,consocio
consolandi,0,consolo
consolandi,1,consolor
conspargere,0,conspergo
consparsum,0,conspergo
conspectu,0,conspectus2
conspectu,1,conspicio1
conspectum,0,conspectus2
conspectum,1,conspicio1
conspexit,0,conspicio1
conspicatur,0,conspicor
conspicuum,0,conspicuus
conspiratis,0,conspirati
conspiratis,1,conspiratus
conspiratis,2,conspiro1
conspiratis,3,conspiro2
constabit,0,consto
constantior,0,consto
constitit,0,consto
consuetudine,0,consuetudo
consulendos,0,consulo
consulit,0,consulo
consulto,0,consulo
consulto,1,consulto2
consulto,2,consultum
consulto,3,consultus
consumet,0,consumo
consumit,0,consumo
consumpta,0,consumo
consumpti,0,consumo
consumpto,0,consumo
consumptus,0,consumo
consurrectum,0,consurgo
contegere,0,contego
contemnens,0,contemno
contemni,0,contemno
contempseris,0,contemno
contempsit,0,contemno
contempti,0,contemno
contempti,1,contemptus1
contemptum,0,contemno
contemptum,1,contemptus1
contemptum,2,contemptus2
contendant,0,contendo
contendebant,0,contendo
contenderent,0,contendo
contenderet,0,contendo
contendet,0,contendo
contentae,0,contendo
contentae,1,contineo
contenti,0,contendo
contenti,1,contineo
contentus,0,contendo
contentus,1,contineo
conterritus,0,conterreo
contexit,0,contego
contexit,1,contexo
contineat,0,contineo
continere,0,contineo
continet,0,contineo
continetur,0,contineo
contingerent,0,contingo1
contingerent,1,contingo2
continget,0,contingo1
continget,1,contingo2
contingit,0,contingo1
contingit,1,contingo2
continuo,0,continuo
continuo,1,continuo2
continuo,2,continuus
contione,0,contio
contra,0,contra
Contra,1,Contra
contractam,0,contraho
contrarios,0,contrarius
contubernium,0,contubernium
contulit,0,confero
contumax,0,contumax
contumelia,0,contumelia
contumeliam,0,contumelia
contumeliis,0,contumelia
conveniens,0,convenio
convenit,0,convenio
convicio,0,convicior
convicio,1,convicium
convicium,0,convicium
convictus,0,convictus2
convictus,1,convinco
convivam,0,conviva
convivam,1,convivo1
convivium,0,convivium
convocata,0,convoco
copia,0,copia1
copia,1,copis1
Copia,2,Copia
copiae,0,copia1
Copiae,1,Copia
copiosa,0,copiosus
copiosus,0,copiosus
copula,0,copula
copula,1,copulo
coram,0,cora1
coram,1,coram
Coram,2,Cora2
Coram,3,Cora3
corcodili,0,corcodilus
corcodilis,0,corcodilus
corcodilus,0,corcodilus
corde,0,chordus1
corde,1,cor
Corde,2,Cordes
Corde,3,Cordus
corium,0,corion
corium,1,corium
corium,2,corius
Corium,3,Corium
Corium,4,Corius
cornea,0,corneus1
cornea,1,corneus2
cornibus,0,cornu
cornibus,1,cornus2
cornici,0,cornix
cornicis,0,cornix
cornix,0,cornix
cornu,0,cornu
cornu,1,cornus2
cornua,0,cornu
corona,0,corona
corona,1,corono
Corona,2,Corone
coronam,0,corona
Coronam,1,Corone
corpora,0,corporo
corpora,1,corpus
corpore,0,corpus
corpori,0,corpus
corporibus,0,corpus
corporis,0,corpus
corpus,0,corpus
correptum,0,corripio
corrigatur,0,corrigo
corripere,0,corripio
corrodere,0,corrodo
corrumpas,0,corrumpo
corrumperet,0,corrumpo
corrumpit,0,corrumpo
corrupisset,0,corrumpo
corruptos,0,corrumpo
corruptos,1,corruptus
corruptus,0,corrumpo
corruptus,1,corruptus
corticem,0,cortex
corve,0,corvus
Corve,1,Corvus
corvi,0,corvus
Corvi,1,Corvus
corvo,0,corvus
Corvo,1,Corvus
corvus,0,corvus
Corvus,1,Corvus
cothurnis,0,cothurnus
cotidiana,0,cottidianus
cotidie,0,cottidie
crearer,0,creo1
crearit,0,creo1
creatis,0,creata
creatis,1,creatus
creatis,2,creo1
crebris,0,creber
credat,0,credo
credendum,0,credo
credens,0,credo
credentes,0,credo
credere,0,credo
credis,0,credo
credit,0,credo
credite,0,creditum
credite,1,credo
creditum,0,creditum
creditum,1,credo
credo,0,credo
credulitas,0,credulitas
crepusculo,0,crepusculum
crimina,0,crimen
crimina,1,crimino
criminatur,0,crimino
criminatur,1,criminor
crimine,0,crimen
criminis,0,crimen
cruce,0,crux
cruci,0,crux
cruciari,0,cruciarius
cruciari,1,crucio
crudelis,0,crudelis
cruore,0,cruor
crura,0,crus
crure,0,crus
crurumque,0,crus
cubiculo,0,cubiculum
cubiculum,0,cubiculum
cubile,0,cubile
cucurreris,0,curro
cui,0,qui1
cui,1,qui2
cui,2,quis1
cui,3,quis2
cuidam,0,quidam
cuique,0,quisque
cuius,0,cujus
cuius,1,cujus1
cuius,2,cujus2
cuius,3,qui1
cuius,4,qui2
cuius,5,quis1
cuius,6,quis2
culpa,0,culpa
culpa,1,culpo
culpae,0,culpa
culpam,0,culpa
cultrix,0,cultrix
cultum,0,colo1
cultum,1,culta
cultum,2,cultus2
culum,0,culus
cum,0,cum1
cum,1,cum2
Cum,2,Cos2
Cum,3,Cus
cuncta,0,cuncto
cuncta,1,cunctus
cunctas,0,cuncto
cunctas,1,cunctus
cuncti,0,cunctus
cunctis,0,cunctus
cunctos,0,cunctus
cuneis,0,cuneus1
Cuneis,1,Cuneus2
cuniculos,0,cuniculus
cunis,0,cuna
cunis,1,cunae
cupiat,0,cupio
cupide,0,cupidus
cupidis,0,cupidus
cupidissime,0,cupidus
cupiditas,0,cupiditas
cupidum,0,cupidus
cupidus,0,cupidus
cupiens,0,cupio
cupimus,0,cupio
cur,0,cur
cura,0,cura
cura,1,curo
Cura,2,Cura
curabo,0,curo
curam,0,cura
Curam,1,Cura
curamque,0,cura
Curamque,1,Cura
curatio,0,curatio
Curatio,1,Curatius
curiosior,0,curiosus
currendum,0,curro
currens,0,curro
currentes,0,curro
currit,0,curro
cursu,0,curro
cursu,1,cursus
custodes,0,custos
custodibus,0,custos
custodiebat,0,custodio
custodit,0,custodio
custos,0,custos
cutem,0,cutis
Cybebae,0,Cybele
Cybebes,0,Cybele
da,0,do
damnandam,0,damno
damnas,0,damno
damnata,0,damno
damnavi,0,damno
damno,0,damno
damno,1,damnum
damnum,0,damnum
Danaides,0,Danaides
dant,0,do
dantur,0,do
dapem,0,daps
Dardaniae,0,Dardani
Dardaniae,1,Dardanus1
dare,0,do
Dare,1,Dares
darem,0,do
Darem,1,Dares
darent,0,do
daret,0,do
dari,0,do
Dari,1,Dares
dat,0,do
data,0,data
data,1,do
Data,2,Datum
datae,0,do
date,0,do
Date,1,Datum
datum,0,data
datum,1,datus
datum,2,do
Datum,3,Datum
datur,0,do
datus,0,datus
datus,1,do
de,0,de
dea,0,dea
Dea,1,Dea
debeas,0,debeo
debebat,0,debeo
debebunt,0,debeo
debent,0,debeo
deberi,0,debeo
debes,0,debeo
debet,0,debeo
debetur,0,debeo
debilem,0,debilis
debiles,0,debilis
debilis,0,debilis
debitum,0,debeo
Debitum,1,Debitum
debui,0,debeo
decedens,0,decedo
decem,0,decem
decepit,0,decipio
decepta,0,decipio
deceptus,0,deceptus2
deceptus,1,decipio
decerne,0,decerno
deciderant,0,decido1
deciderant,1,decido2
decidisset,0,decido1
decidisset,1,decido2
decidit,0,decido1
decidit,1,decido2
decipi,0,decipio
decipit,0,decipio
declarat,0,declaro
decoris,0,decor
decoris,1,decoris
decoris,2,decorum
decoris,3,decorus
decoris,4,decus1
decurramus,0,decurro
decurrit,0,decurro
decus,0,decus1
dedecus,0,dedecus
dederat,0,do
dederis,0,dedo
dederis,1,do
dederit,0,do
dedi,0,dedo
dedi,1,do
dedicans,0,dedico
dedisse,0,do
dedissem,0,do
dedisses,0,do
dedit,0,dedo
dedit,1,do
dedita,0,dedo
deditus,0,dedo
deducta,0,deduco
deductus,0,deduco
deductus,1,deductus2
defecit,0,deficio
defectus,0,defectus2
defectus,1,deficio
defendite,0,defendo
deficit,0,deficio
deficiunt,0,deficio
deflebo,0,defleo
deflesset,0,defleo
deflexit,0,deflecto
deformis,0,deformis
defuisse,0,desum
degere,0,degero
degere,1,dego
degerent,0,degero
degerent,1,dego
degeret,0,degero
degeret,1,dego
degravati,0,degravo
degrunnit,0,digrunnio
dei,0,deeo
dei,1,deus
Dei,2,Deum
Dei,3,Deus
deiectum,0,deicio
deiectum,1,dejectus2
dein,0,deinde
deinde,0,deinde
delata,0,defero
delectaris,0,delecto
delectaris,1,delector1
delectet,0,delecto
delenirem,0,delenio
delibo,0,delibo
delibutus,0,delibuo
delicato,0,delicatus
delicato,1,delico
delicatos,0,delicatus
delicatos,1,delico
delicio,0,delicio
delicio,1,delicium
delicio,2,delicius
delicta,0,delictum
delicta,1,delinquo
delictum,0,delictum
delictum,1,delinquo
deligens,0,deligo1
Delii,0,Delium
delii,1,Delius
delinquunt,0,delinquo
deliqueris,0,delinquo
deliqueris,1,deliquo
delirum,0,delirus
Delphos,0,Delphi
delusa,0,deludo
delusit,0,deludo
demens,0,demens
demens,1,demo
dementiae,0,dementia
Demetrius,0,Demetrius
demisit,0,demitto
demisso,0,demissus
demisso,1,demitto
demittit,0,demitto
demonstrare,0,demonstro
demonstrat,0,demonstro
demonstratur,0,demonstro
demum,0,demos
demum,1,demum
Demum,2,Demus
denique,0,denique
denotarit,0,denoto
densis,0,densus
dentato,0,dentatus
Dentato,1,Dentatus
dente,0,dens
dentibus,0,dens
deorum,0,deus
Deorum,1,Deorum
deos,0,deus
depellit,0,depello
dependentibus,0,dependeo
dependentibus,1,dependo
deperditus,0,deperdo
deploras,0,deploro
deponeret,0,depono
deponitur,0,depono
deposueris,0,depono
deprensi,0,deprehendo
depressum,0,deprimo
deprimit,0,deprimo
depugnaverat,0,depugno
derepit,0,derepo
deridendus,0,derideo
deridentur,0,derideo
derideri,0,derideo
deridetur,0,derideo
derisor,0,derisor
derisui,0,derisus2
derisum,0,derideo
derisum,1,derisus
derisum,2,derisus2
derisuri,0,derideo
des,0,do
descende,0,descendo
describi,0,describo
describuntur,0,describo
deseram,0,desero2
desertus,0,desero2
desertus,1,desertus
desiderari,0,desidero
desideras,0,desidero
desiderat,0,desidero
desideratum,0,desidero
desidero,0,desidero
desidet,0,desideo
desidet,1,desido
desierint,0,desino
desierit,0,desino
desit,0,desum
despectis,0,despectus
despectis,1,despicio
despexeram,0,despicio
despexerat,0,despicio
despicio,0,despicio
destinassem,0,destino
destinata,0,destinata
destinata,1,destinatum
destinata,2,destinatus
destinata,3,destino
destinavi,0,destino
destituit,0,destituo
destricta,0,destrictus
destricta,1,destringo
destringis,0,destringo
destringunt,0,destringo
desunt,0,desum
deterritus,0,deterreo
detines,0,detineo
detinuisti,0,detineo
detracta,0,detraho
detritum,0,detero
detritum,1,detritus
detritum,2,detritus2
deum,0,deus
Deum,1,Deum
Deum,2,Deus
deus,0,deus
Deus,1,Deus
devenit,0,devenio
devium,0,devia
devium,1,devius
devocat,0,devoco
devolutis,0,devolvo
devorare,0,devoro
devoratum,0,devoro
devorent,0,devoro
devores,0,devoro
devotam,0,devoveo
dextera,0,dexter
dextera,1,dextera1
dexteram,0,dexter
dexteram,1,dextera1
dextras,0,dexter
dextras,1,dextera1
di,0,deus
Di,1,Dium
Di,2,Dius
dic,0,dico2
dicam,0,dica
dicam,1,dico2
Dicam,2,Dice
dicas,0,dica
dicas,1,dico1
dicas,2,dico2
dicebant,0,dico2
dicere,0,dico1
dicere,1,dico2
diceres,0,dico2
diceret,0,dico2
dices,0,dico1
dices,1,dico2
Dices,2,Dice
dicet,0,dico1
dicet,1,dico2
dici,0,dico2
dicis,0,dica
dicis,1,dico2
dicit,0,dico2
dicitur,0,dico2
dico,0,dico1
dico,1,dico2
dicta,0,dico2
dicta,1,dicto
dicta,2,dictum
Dicta,3,Dicte
dictam,0,dico2
Dictam,1,Dicte
dicto,0,dico2
dicto,1,dicto
dicto,2,dictum
dictorum,0,dico2
dictorum,1,dictor
dictorum,2,dictum
dictum,0,dico2
dictum,1,dictum
dictus,0,dico2
dicunt,0,dico2
didici,0,disco
die,0,dies
die,1,dius
die,2,divus
Die,3,Dium
Die,4,Dius
diebus,0,dies
diei,0,dies
diem,0,dies
dies,0,dies
difficile,0,difficilis
difficulter,0,difficulter
diffluentes,0,diffluo
digitis,0,digitus1
Digitis,1,Digitus2
digito,0,digitus1
Digito,1,Digitus2
dignam,0,dignus
dignitatem,0,dignitas
dignum,0,dignus
dignumque,0,dignus
dignus,0,dignus
dilatio,0,dilatio
dilectum,0,delectus2
dilectum,1,dilectus
dilectum,2,diligo
diligens,0,diligens
diligens,1,diligo
diligenter,0,diligens
diligenter,1,diligenter
diligentius,0,diligens
diligentius,1,diligo
diligeret,0,diligo
diligo,0,diligo
dimisit,0,dimitto
dimissam,0,dimitto
dimissum,0,dimitto
dimittere,0,dimitto
dimitti,0,dimitto
dimittuntur,0,dimitto
diripiunt,0,diripio
dis,0,deus
dis,1,dis1
Dis,2,Dis2
discat,0,disco
discedens,0,discedo
discederet,0,discedo
discernit,0,discerno
discerpsit,0,discerpo
discimus,0,disco
disciplinam,0,disciplina
dispersus,0,dispergo
dispulit,0,dispello
dissidens,0,dissideo
dissident,0,dissideo
dissimulet,0,dissimulo
dissipat,0,dissipo
dissolutos,0,dissolvo
dissolvit,0,dissolvo
distribuat,0,distribuo
distringit,0,distringo
diu,0,diu
diutius,0,diu
diversum,0,diverto
dives,0,dives
Dives,1,Dives
divi,0,divus
Divi,1,Dives
divina,0,divina
divina,1,divino
divina,2,divinum
divina,3,divinus
divinabit,0,divino
divinae,0,divina
divinae,1,divinus
divinis,0,divina
divinis,1,divinum
divinis,2,divinus
divisit,0,divido
diviso,0,divido
divitiarum,0,divitiae
Divitiarum,1,Divitia
divitias,0,divitiae
Divitias,1,Divitia
divitis,0,dives
divo,0,divus
dixerim,0,dico2
dixerint,0,dico2
dixeris,0,dico2
dixero,0,dico2
dixerunt,0,dico2
dixi,0,dico2
dixisse,0,dico2
dixisti,0,dico2
dixit,0,dico2
docebo,0,doceo
docet,0,doceo
docili,0,docilis
doctior,0,doceo
doctiorem,0,doceo
docto,0,doceo
doctus,0,doceo
documentum,0,documentum
dolens,0,doleo
dolet,0,doleo
dolet,1,dolo1
dolia,0,dolium
doliturum,0,doleo
dolo,0,dolo1
dolo,1,dolo2
dolo,2,dolus
Dolo,3,Dolo3
dolone,0,dolo2
Dolone,1,Dolo3
dolor,0,dolo1
dolor,1,dolor
dolore,0,dolor
dolorem,0,dolor
dolos,0,dolus
dolosa,0,dolosus
dolum,0,dolus
dolus,0,dolus
domanda,0,domo
domes,0,domo
domesticae,0,domesticus
domi,0,domus
domina,0,domina
dominae,0,domina
domini,0,dominium
domini,1,dominus
Domini,2,Dominus
dominium,0,dominium
domino,0,dominus
Domino,1,Dominus
dominum,0,dominus
Dominum,1,Dominus
dominus,0,dominus
Dominus,1,Dominus
domo,0,domo
domo,1,domus
domuit,0,domo
domum,0,domus
domus,0,domus
donas,0,dono
donate,0,dono
Donate,1,Donatus
donationis,0,donatio
donavit,0,dono
donec,0,donec
dono,0,dono
dono,1,donum
dormientem,0,dormio
dormire,0,dormio
dormitum,0,dormio
dorso,0,dorsum
Dorso,1,Dorso
dos,0,dos
dotibus,0,dos
draco,0,draco1
Draco,1,Draco2
draconis,0,draco1
Draconis,1,Draco2
duabus,0,duo
duae,0,duo
duas,0,duo
dubia,0,dubius
dubitatis,0,dubito
dubium,0,dubium
dubium,1,dubius
Dubium,2,Dubis
Dubium,3,Dubius
ducem,0,dux
ducere,0,duco
duces,0,duco
duces,1,dux
ducis,0,duco
ducis,1,dux
ducitis,0,duco
ducitur,0,duco
dulce,0,dulcis
dulcemque,0,dulcis
dulces,0,dulcis
dulci,0,dulcis
dulcis,0,dulcis
dum,0,dum
dummodo,0,dum
duo,0,duo
duplex,0,duplex
dura,0,dura
dura,1,duro
dura,2,durum
dura,3,durus
Dura,4,Dura
duram,0,durus
Duram,1,Dura
durato,0,duro
duro,0,duro
duro,1,durum
duro,2,durus
Duro,3,Durus
duxit,0,duco
e,0,ex
ea,0,is
eadem,0,eadem
eadem,1,idem
eam,0,eo1
eam,1,is
ebibere,0,ebibo
ebrio,0,ebrio
ebrio,1,ebrius
ecce,0,ecce
ecquid,0,ecquis
edentem,0,edento
edentem,1,edo1
edentem,2,edo2
edidisse,0,edo2
edidit,0,edo2
educatus,0,educatus
educatus,1,educo2
effecit,0,efficio
effectu,0,effectus2
effectu,1,efficio
effectus,0,effectus2
effectus,1,efficio
efficies,0,efficio
effigiem,0,effigies
effigiem,1,effigio
effodiens,0,effodio
effugerat,0,effugio
effugere,0,effugio
effugere,1,effugo
effugeret,0,effugio
effugium,0,effugium
effugium,1,effugius
effundit,0,effundo
effusa,0,effundo
effusa,1,effusa
egisti,0,ago
ego,0,ego
egregium,0,egregium
egregium,1,egregius
Egregium,2,Egregius
egressa,0,egredior
ei,0,ei
ei,1,is
Ei,2,Eos
eici,0,eicio
eius,0,is
eiusdem,0,idem
elapsum,0,elabor
elegantia,0,elegans
elegantia,1,elegantia
elegantia,2,elego
elephanti,0,elephantus
elephanti,1,elephas
elevant,0,elevo
elevem,0,elevo
elocuta,0,ex-loquor
eloquens,0,eloquens
eloquens,1,eloquor
elusit,0,eludo
emendare,0,emendo
emendat,0,emendo
emerui,0,emereo
eminens,0,emineo
emisit,0,emitto
emori,0,emorior
emunctae,0,emungo
emungere,0,emungo
en,0,en
enatant,0,enato
enim,0,enim
enimvero,0,enim
enixa,0,enitor
eodem,0,eodem
eodem,1,idem
eorum,0,is
Eorum,1,Eos
eos,0,is
Eos,1,Eos
epilogus,0,epilogus
epotam,0,epotus
eques,0,eques
equester,0,equester
equi,0,equio
equi,1,equus1
Equi,2,Equus
equidem,0,equidem
equum,0,equus1
Equum,1,Equus
equus,0,equus1
Equus,1,Equus
era,0,era
eram,0,era
eram,1,sum1
eraserim,0,erado
erat,0,sum1
eratque,0,sum1
ergo,0,ergo
eripere,0,eripio
eriperet,0,eripio
eripiet,0,eripio
eripiunt,0,eripio
erit,0,sum1
errabit,0,erro1
erraret,0,erro1
erras,0,erro1
error,0,erro1
error,1,error
errore,0,error
errorem,0,error
erroris,0,error
eruit,0,eruo
erumpam,0,erumpo
es,0,edo1
es,1,sum1
esca,0,esca
esca,1,esco
escam,0,esca
escaque,0,esca
escaque,1,esco
esse,0,edo1
esse,1,sum1
essem,0,sum1
esses,0,edo1
esses,1,sum1
esset,0,edo1
esset,1,sum1
est,0,edo1
est,1,sum1
esuriens,0,ex-surio
esurire,0,ex-surio
et,0,et
etiam,0,etiam
eum,0,is
Eum,1,Eos
eundem,0,idem
eunt,0,eo1
eunti,0,eo1
eunuchos,0,eunuchus
eunuchus,0,eunuchus
Eutyche,0,Eutyches
eutychum,0,
evagata,0,evago
evagata,1,evagor
evaserunt,0,evado
evasit,0,evado
evellerat,0,evello
eventus,0,evenio
eventus,1,eventus
evertere,0,everto
evertisset,0,everto
evertit,0,everto
evocat,0,evoco
ex,0,ex
exaggerare,0,exaggero
exarabo,0,exaro
exaudivit,0,exaudio
excedens,0,excedo
excedit,0,excedo
excepit,0,excipio
exciperet,0,excipio
excipiunt,0,excipio
exciso,0,excido2
Exciso,1,Excisum
excitari,0,excito
excitat,0,excito
excitatus,0,excito
excolit,0,excolo1
excusaret,0,excuso
excusatum,0,excuso
excuti,0,excutio
excutit,0,excutio
exempla,0,exemplo
exempla,1,exemplum
exempli,0,exemplum
exemplis,0,exemplum
exemplo,0,exemplo
exemplo,1,exemplum
exemplum,0,exemplum
exercebat,0,exerceo
exercere,0,exerceo
exercet,0,exerceo
exercitu,0,exerceo
exercitu,1,exercio
exercitu,2,exercitus2
exhibe,0,exhibeo
exhibeant,0,exhibeo
exhibet,0,exhibeo
exieris,0,exeo
exigas,0,exigo
exigua,0,exiguum
exigua,1,exiguus
existimans,0,existimo
existimat,0,existimo
existimer,0,existimo
existimo,0,existimo
exitium,0,exitium
Exitium,1,Exitius
exitus,0,exeo
exitus,1,exitus2
exorans,0,exoro
exornavit,0,exorno
expedi,0,expedio
expedire,0,expedio
expedit,0,expedio
experiendi,0,experior
experiris,0,experior
expers,0,expers
expertus,0,experior
expetebant,0,expeto
expetit,0,expeto
expiari,0,expio
expingendo,0,expingo
explerent,0,expleo
explicabit,0,explico
explicas,0,explico
explicatur,0,explico
explicuit,0,explico
exploranda,0,exploro
explorato,0,exploro
exponam,0,expono
exponit,0,expono
exposuit,0,expono
exprimit,0,exprimo
exprimunt,0,exprimo
expulsus,0,expello
exscreat,0,exscreo
exsecutus,0,exsequor
exsequamur,0,exsequor
exspectant,0,exspecto
exspectarem,0,exspecto
exspectatio,0,exspectatio
exspirans,0,exspiro
exstillescant,0,
exstitit,0,ex-sisto
exstitit,1,ex-sto
exta,0,exsto
exta,1,exta
extollere,0,extollo
extractum,0,extraho
extraherent,0,extraho
extremo,0,extremum
extremo,1,extremus
extremum,0,extremum
extremum,1,extremus
extricas,0,extrico
extudit,0,extundo
extulit,0,effero1
exurit,0,exuro
fabella,0,fabella
fabellae,0,fabella
fabellam,0,fabella
fabellas,0,fabella
faber,0,faber1
faber,1,faber3
fabri,0,faber1
fabri,1,faber3
fabri,2,fabrio
fabricasset,0,fabrico
fabricasset,1,fabricor
fabro,0,faber1
fabro,1,faber3
fabrum,0,faber1
fabrum,1,faber3
fabula,0,fabula1
fabulae,0,fabula1
fabulam,0,fabula1
fabularum,0,fabula1
fabulas,0,fabula1
fabulis,0,fabula1
fabulis,1,fabulus
fabulosa,0,fabulosus
facem,0,fax
facere,0,facio
facerem,0,facio
faceres,0,facio
faceret,0,facio
facias,0,facio
faciat,0,facio
facie,0,facies
faciebat,0,facio
faciem,0,facies
faciendos,0,facio
faciendum,0,facio
facies,0,facies
facies,1,facio
facile,0,facilis
facilem,0,facilis
facili,0,facilis
facilis,0,facilis
facilius,0,facilis
facimus,0,facio
facinori,0,facinus
facinoris,0,facinus
facio,0,facio
facit,0,facio
faciunt,0,facio
facta,0,facio
facta,1,factum
factionum,0,factio
factis,0,facio
factis,1,factum
facto,0,facio
facto,1,factum
factum,0,facio
factum,1,factum
factum,2,factus2
facturum,0,facio
facturus,0,facio
factus,0,facio
factus,1,factus2
faece,0,faex
falerna,0,Falernus
fallaci,0,fallax
fallacia,0,fallacia
fallacia,1,fallax
fallaciam,0,fallacia
fallatur,0,fallo
fallere,0,fallo
falleris,0,fallo
falles,0,fallo
fallit,0,fallo
falsa,0,fallo
falsa,1,falso1
falsa,2,falsum
falsa,3,falsus
falsis,0,fallo
falsis,1,falsum
falsis,2,falsus
falso,0,fallo
falso,1,falso1
falso,2,falso2
falso,3,falsum
falso,4,falsus
falsoque,0,fallo
falsoque,1,falso1
falsoque,2,falso2
falsoque,3,falsum
falsoque,4,falsus
famae,0,fama
famam,0,fama
fame,0,fames
famelici,0,famelicus
famem,0,fames
fames,0,fames
familia,0,familia
fanum,0,fanum1
Fanum,1,Fanum2
farina,0,farina
fas,0,fas
fascia,0,fascia
fascia,1,fascio
fassa,0,fateor
fastidiose,0,fastidiose
fastidiose,1,fastidiosus
fastidis,0,fastidio
fastidit,0,fastidio
fata,0,fatum
fata,1,for
Fata,2,Fata
fatale,0,fatalis
fatalis,0,fatalis
faterer,0,fateor
fati,0,fatum
fati,1,for
fatigas,0,fatigo
fatis,0,fatum
fatis,1,for
Fatis,2,Fata
fato,0,fatum
fato,1,for
fatorum,0,fatum
fatorum,1,for
Fatorum,2,Fata
fauce,0,fauces
fautores,0,fautor
favere,0,faveo
faverit,0,faveo
favet,0,faveo
favete,0,faveo
favi,0,faveo
favi,1,favus
favit,0,faveo
favor,0,favor
favore,0,favor
favorem,0,favor
favos,0,favus
fecerant,0,facio
fecerat,0,facio
fecerim,0,facio
feceris,0,facio
fecerit,0,facio
fecerunt,0,facio
feci,0,facio
fecissent,0,facio
fecisses,0,facio
fecisset,0,facio
fecissit,0,
fecisti,0,facio
fecit,0,facio
fecunda,0,fecundo
fecunda,1,fecundus
fefellit,0,fallo
feles,0,feles
felibus,0,feles
felices,0,felix1
felices,1,filix
Felices,2,Felicis
felicitas,0,felicitas1
felicitas,1,felicito
feliciter,0,felicito
feliciter,1,felix1
felisque,0,feles
felisque,1,felio
feminae,0,femina
feminam,0,femina
feminarum,0,femina
feminas,0,femina
feminas,1,femino
feminis,0,femina
feminis,1,femur
fenestra,0,fenestra
fenestra,1,fenestro
fera,0,fera
fera,1,ferus
ferae,0,fera
ferae,1,ferus
feram,0,fera
feram,1,fero
feram,2,ferus
ferarum,0,fera
ferarum,1,ferus
feras,0,fera
feras,1,fero
feras,2,ferus
fere,0,fere
fere,1,ferus
fere,2,for
ferebat,0,fero
ferendum,0,fero
ferendus,0,fero
ferens,0,fero
feretis,0,fero
feriae,0,feriae
fero,0,fero
fero,1,ferus
feroque,0,fero
feroque,1,ferus
feror,0,fero
ferox,0,ferox
feroxque,0,ferox
ferrarium,0,ferrarius
ferrarium,1,ferrarius1
ferre,0,fero
ferre,1,ferrum
ferrem,0,fero
ferret,0,fero
ferri,0,fero
ferri,1,ferrum
ferro,0,ferrum
ferrum,0,ferrum
fert,0,fero
fertur,0,fero
ferum,0,ferus
ferus,0,ferus
fervidam,0,fervidus
fessus,0,fatisco
fessus,1,fessus
festinans,0,festino
festinanter,0,festinanter
festinantis,0,festino
fetum,0,fetus1
fetum,1,fetus2
fiat,0,fio
fiber,0,fiber
fictas,0,fingo
fictilis,0,fictilis
fictione,0,fictio
fictis,0,fictum
fictis,1,fingo
fictum,0,fictum
fictum,1,fingo
fide,0,fides1
fide,1,fides2
fide,2,fido
fide,3,fidus1
Fide,4,Fides
fidei,0,fides1
fidelis,0,fidelis
fidem,0,fides1
fidem,1,fides2
Fidem,2,Fides
fidens,0,fido
fides,0,fides1
fides,1,fides2
fides,2,fido
Fides,3,Fides
fiducia,0,fiducia
fiducia,1,fiducio
fiduciam,0,fiducia
fieri,0,fio
fiet,0,fio
figendum,0,figo
figulus,0,figulus1
Figulus,1,Figulus2
filiam,0,filia
filias,0,filia
filio,0,filius
filium,0,filius
filius,0,filius
fimoque,0,fimum
fimoque,1,fimus
fine,0,finis
Fine,1,Fines
Fine,2,Finis
fingi,0,fingo
finiri,0,finio
finxere,0,fingo
finxisset,0,fingo
finxit,0,fingo
firmiores,0,firmus
fiscos,0,fiscus
fit,0,fio
flagello,0,flagello
flagello,1,flagellum
flagitabit,0,flagito
flagitaret,0,flagito
flagitari,0,flagito
flagitiis,0,flagitium
flagris,0,flagrum
flamma,0,flamma1
flamma,1,flammo
Flamma,2,Flamma2
flammis,0,flamma1
Flammis,1,Flamma2
flatibus,0,flatus
flebilis,0,flebilis
flerent,0,fleo
fleret,0,fleo
fletus,0,fleo
fletus,1,fletus2
flexibus,0,flexus2
florerent,0,floreo
fluens,0,fluo
flumen,0,flumen
flumine,0,flumen
fluvio,0,fluvius
Fluvio,1,Fluvius
fluvium,0,fluvius
Fluvium,1,Fluvius
fodere,0,fodio
fodiens,0,fodio
foedere,0,foedo
foedere,1,foedus2
fontem,0,fons
Fontem,1,Fontes
foras,0,foras
foras,1,foro
fore,0,foris1
fore,1,forum
fore,2,forus1
fore,3,forus2
fore,4,sum1
Fore,5,Forum
foret,0,foro
foret,1,sum1
foribus,0,fores
foribus,1,foris1
forma,0,forma
forma,1,formo
forma,2,formus
formam,0,forma
formam,1,formus
formica,0,formica
formica,1,formico
formosam,0,formosus
formosior,0,formosus
formoso,0,formosus
formosos,0,formosus
formosum,0,formosus
fornaci,0,fornax
fors,0,fors
forsan,0,forsan
fortasse,0,fortasse
forte,0,fors
forte,1,fortis
fortem,0,fors
fortem,1,fortis
forti,0,fors
forti,1,fortis
fortibus,0,fors
fortibus,1,fortis
fortior,0,fortis
fortis,0,fors
fortis,1,fortis
fortiter,0,fortis
fortiter,1,fortiter
fortitudinis,0,fortitudo
fortius,0,fortis
fortuitum,0,fortuitus
fortuna,0,fortuna
fortuna,1,fortuno
Fortuna,2,Fortuna
fortunae,0,fortuna
Fortunae,1,Fortuna
fortunam,0,fortuna
Fortunam,1,Fortuna
fortunis,0,fortuna
Fortunis,1,Fortuna
forum,0,fores
forum,1,fori
forum,2,forum
forum,3,forus1
forum,4,forus2
Forum,5,Forum
fovea,0,fovea
foveam,0,fovea
foveam,1,foveo
fovit,0,foveo
fracte,0,frango
fragor,0,fragor
frangitur,0,frango
frater,0,frater
fratris,0,frater
Fratris,1,Fratres
fraudas,0,fraudo
fraudas,1,fraus1
Fraudas,2,Fraus2
fraudator,0,fraudator
fraudatque,0,fraudo
fraudatus,0,fraudo
fraude,0,fraus1
Fraude,1,Fraus2
fraudem,0,fraudo
fraudem,1,fraus1
Fraudem,2,Fraus2
fraudibus,0,fraus1
Fraudibus,1,Fraus2
fraudis,0,fraus1
Fraudis,1,Fraus2
fregerat,0,frango
fregit,0,frango
fremit,0,fremo
frenaret,0,freno
frenavit,0,freno
frenis,0,frena
frenis,1,freni
frenis,2,frenum
frenos,0,freni
frenumque,0,frena
frenumque,1,freni
frenumque,2,frenum
frequens,0,frequens
frequentas,0,frequento
freta,0,fretum
freta,1,fretus1
Freta,2,Fretum
frigora,0,frigoro
frigora,1,frigus
frivola,0,frivola
frivola,1,frivolus
frivolam,0,frivolus
frondem,0,frons1
frondis,0,frons1
frons,0,frons1
frons,1,frons2
fronte,0,frons2
frontem,0,frons2
frontis,0,frons2
fruantur,0,fruor
fruar,0,fruor
fruaris,0,fruor
fructu,0,fructus2
fructu,1,fruor
fructum,0,fructus2
fructum,1,fruor
fructumve,0,fructus2
fructumve,1,fruor
fruere,0,fruor
frugalitas,0,frugalitas
frugi,0,frux
Frugi,1,Frugi
frui,0,fruor
fruitur,0,fruor
fruor,0,fruor
frusta,0,frusto
frusta,1,frustum
frustra,0,frustra
frustra,1,frustro
frutice,0,frutex
fucatae,0,fuco
fuci,0,fucus
fuci,1,fucus2
fuerat,0,sum1
fuere,0,sum1
fuerimus,0,sum1
fuerint,0,sum1
fuerit,0,sum1
fuerunt,0,sum1
fuga,0,fuga
fuga,1,fugo
fugam,0,fuga
fugantque,0,fugo
fugax,0,fugax
fugere,0,fugio
fugere,1,fugo
fugerent,0,fugio
fugeret,0,fugio
fugias,0,fugio
fugientes,0,fugio
fugio,0,fugio
fugissem,0,fugio
fugissent,0,fugio
fugisti,0,fugio
fugit,0,fugio
fugitant,0,fugito
fui,0,sum1
fuimus,0,sum1
fuisse,0,sum1
fuissem,0,sum1
fuisses,0,sum1
fuisset,0,sum1
fuisti,0,sum1
fuit,0,sum1
fulmen,0,fulmen
fulmineis,0,fulmineus
fundasset,0,fundo2
funditus,0,funditus
funeri,0,funus
funesto,0,funesto
funesto,1,funestus
fungi,0,fungor
fungi,1,fungus
fur,0,fur
furens,0,furo
furentis,0,furo
furfuribus,0,furfur
furfuribus,1,furfures
furibus,0,fur
furis,0,fur
furis,1,furio2
furis,2,furo
Furis,3,Fura
furor,0,furo
furor,1,furor1
furor,2,furor2
furore,0,furor2
furti,0,furtum
furtim,0,furtim
furtivi,0,furtivus
fusa,0,fundo1
fustes,0,fustis
fustibus,0,fustis
futtilem,0,futtilis
futtiles,0,futtilis
futurum,0,futurus
futurum,1,sum1
galli,0,gallus1
Galli,1,Galli1
Galli,2,Galli2
Galli,3,Gallus2
Galli,4,Gallus3
Galli,5,Gallus4
gallina,0,gallina1
Gallina,1,Gallina2
gallinaceus,0,gallinaceus
gallinam,0,gallina1
Gallinam,1,Gallina2
gallus,0,gallus1
Gallus,1,Gallus2
Gallus,2,Gallus3
Gallus,3,Gallus4
garrulam,0,garrulus
garrulo,0,garrulus
garrulum,0,garrulus
garrulus,0,garrulus
gaudens,0,gaudeo
gaudeo,0,gaudeo
gaudere,0,gaudeo
gaudet,0,gaudeo
gaudiis,0,gaudium
gaudio,0,gaudium
gaudium,0,gaudium
gelu,0,gelus
gemas,0,gemo
gemens,0,gemo
gementes,0,gemo
gemeret,0,gemo
gemina,0,gemino
gemina,1,geminus
Gemina,2,Gemina
gemitum,0,gemitus
gemitum,1,gemo
gemitus,0,gemitus
gemitus,1,gemo
gemmeam,0,gemmeus
genere,0,gener
genere,1,genus1
generi,0,gener
generi,1,genus1
generis,0,gener
generis,1,genus1
generosum,0,generosus
genitor,0,genitor
gens,0,gens
gentes,0,gens
genus,0,genu
genus,1,genus
genus,2,genus1
genusque,0,genu
genusque,1,genus
genusque,2,genus1
gerat,0,gero1
geris,0,gero1
Geris,1,Gerae
gignendo,0,gigno
glabros,0,glaber
gladio,0,gladium
gladio,1,gladius
gladium,0,gladium
gladium,1,gladius
gloria,0,gloria
gloria,1,glorior
gloriae,0,gloria
gloriam,0,gloria
gloriantis,0,glorior
gloriari,0,glorior
gloriosum,0,gloriosus
gloriosus,0,gloriosus
graculus,0,graculus
gradu,0,gradus
gradum,0,gradus
Gradum,1,Gradum
Graeci,0,Graeci
Graeci,1,Graecum
Graeci,2,Graecus
Graeciae,0,Graecia
Graium,0,Graii
Graium,1,Graius
grandinis,0,grando
granum,0,granum
grata,0,gratus
Grata,1,Grata
gratia,0,gratia
Gratia,1,Gratia
gratia,2,Gratius
gratiae,0,gratia
Gratiae,1,Gratia
Gratiae,2,Gratiae
gratiae,3,Gratius
gratiam,0,gratia
Gratiam,1,Gratia
gratiam,2,Gratius
gratias,0,gratia
Gratias,1,Gratia
Gratias,2,Gratiae
gratias,3,Gratius
gratior,0,gratus
gratis,0,grates
gratis,1,gratus
gratulantes,0,gratulor
gratulari,0,gratulor
gratum,0,grates
gratum,1,gratus
Gratum,2,Gratus
gratus,0,gratus
Gratus,1,Gratus
gravati,0,gravo
gravem,0,gravis
gravem,1,gravo
graves,0,gravis
graves,1,gravo
gravi,0,gravis
gravia,0,gravis
graviore,0,gravis
gravis,0,gravis
graviter,0,gravis
graviter,1,graviter
gravius,0,gravis
grege,0,grex
gregi,0,grex
gregis,0,grex
gressu,0,gradior
gressu,1,gressus2
grilli,0,gryllus1
gruis,0,gruo
gruis,1,grus
gubernator,0,gubernator
gula,0,gula
gulaeque,0,gula
gustare,0,gusto
gymnici,0,gymnicus
gymnicus,0,gymnicus
gyro,0,gyro
gyro,1,gyrus
habebat,0,habeo
habebit,0,habeo
habebunt,0,habeo
habemus,0,habeo
habendi,0,habeo
habent,0,habeo
habenti,0,habeo
habeo,0,habeo
habere,0,habeo
haberent,0,habeo
haberes,0,habeo
habes,0,habeo
habet,0,habeo
habitu,0,habeo
habitu,1,habitus2
habuerint,0,habeo
habueris,0,habeo
habuit,0,habeo
hac,0,hic
haec,0,hic
haerentem,0,haereo
haereret,0,haereo
haesere,0,haereo
haeserunt,0,haereo
haesisset,0,haereo
haesit,0,haereo
hanc,0,hic
hariolo,0,hariolus
hariolos,0,hariolus
harum,0,hic
has,0,hic
haud,0,haud
haustus,0,haurio
haustus,1,haustus2
Hebrique,0,Hebrus
heia,0,heia
hercle,0,Hercules
hercules,0,Hercules
Herculi,0,Hercules
Herculi,1,Herculius
heredem,0,heres
heredis,0,heres
heu,0,heu
heus,0,heus
hi,0,hic
hic,0,hic
hiemem,0,hiemo
hiemem,1,hiems
hilare,0,hilaris
hilare,1,hilarus1
Hilare,2,Hilarus2
hilaritate,0,hilaritas
hinc,0,hinc
Hippolytus,0,Hippolytus
hirci,0,hircus
hircumque,0,hircus
hircus,0,hircus
his,0,hic
hispidi,0,hispidus
historia,0,historia
hoc,0,hic
hoc,1,huc
hodie,0,hodie
homine,0,homo
hominem,0,homo
hominemque,0,homo
homines,0,homo
homini,0,homo
hominibus,0,homo
hominis,0,homo
hominisque,0,homo
hominum,0,homo
hominumque,0,homo
homo,0,homo
honeste,0,honestum
honeste,1,honestus
honore,0,honor
honore,1,honorus
honorem,0,honor
honorem,1,honoro
honori,0,honor
honori,1,honorus
Honori,2,Honorius
honoris,0,honor
honoris,1,honorus
honos,0,honor
hora,0,hora1
Hora,1,Hora2
Hora,2,Ora2
horae,0,hora1
horae,1,horae
Horae,2,Hora2
Horae,3,Horae
Horae,4,Ora2
horas,0,hora1
horas,1,horae
Horas,2,Hora2
Horas,3,Horae
Horas,4,Ora2
hordei,0,hordeius
hordei,1,hordeum
hordeo,0,hordeum
hordeum,0,hordeum
horrendo,0,horreo
horrescunt,0,horresco
horreum,0,horreum1
Horreum,1,Horreum2
horrida,0,horridus
horridam,0,horridus
hortante,0,horto
hortante,1,hortor
hortatus,0,hortatus
hortatus,1,horto
hortatus,2,hortor
hortulis,0,hortulus
hortulos,0,hortulus
horum,0,hic
Horum,1,Horus
hos,0,hic
hospitali,0,hospitalis
Hospitali,1,Hospitalis
hospitio,0,hospitium
hospitium,0,hospitium
hostem,0,hostis
hosti,0,hostio1
hosti,1,hostio2
hosti,2,hostis
hosti,3,hostus1
hosti,4,Hostius
Hosti,5,Hostus2
hostia,0,hostia
hostia,1,Hostius
hostibus,0,hostis
hostile,0,hostile
hostile,1,hostilis
hostis,0,hostio1
hostis,1,hostio2
hostis,2,hostis
hostis,3,hostus1
Hostis,4,Hostus2
hostium,0,hostis
hostium,1,Hostius
huc,0,huc
huic,0,hic
huius,0,hic
humana,0,humana
humana,1,humano
humana,2,humanum
humana,3,humanus
humanam,0,humanus
humanitati,0,humanitas
humano,0,humano
humano,1,humanum
humano,2,humanus
humanum,0,humana
humanum,1,humani
humanum,2,humanum
humanum,3,humanus
humi,0,humus
humiles,0,humilis
humum,0,humus
hunc,0,hic
hydrum,0,hydrus1
Hymenaeus,0,Hymenaeus
iacebat,0,jaceo
iacens,0,jaceo
iacent,0,jaceo
iacentem,0,jaceo
iacentis,0,jaceo
iaceo,0,jaceo
iacere,0,jaceo
iacere,1,jacio
iaceret,0,jaceo
iaceret,1,jacio
iaces,0,jaceo
iactans,0,jacto
iactant,0,jacto
iactantia,0,jactantia
iactantia,1,jacto
iactantiorem,0,jacto
iactari,0,jacto
iactas,0,jacio
iactas,1,jacto
iactat,0,jacto
iactaverat,0,jacto
iactis,0,jacio
Iactis,1,Jactus3
iactitans,0,jactito
iactura,0,jacio
iactura,1,jactura
iacuit,0,jaceo
iam,0,jam
Iam,1,Ia
iamque,0,jam
ianuam,0,janua
ibant,0,eo1
ibi,0,ibi
Ibi,1,Ibes
icta,0,jacio
icto,0,jacio
ictu,0,ictus2
ictu,1,jacio
id,0,is
idem,0,idem
Idem,1,Ida
idemque,0,idem
ideo,0,ideo
idque,0,is
iecur,0,jecur
igitur,0,igitur
ignavis,0,ignavio
ignavis,1,ignavus
ignavo,0,ignavus
ignem,0,ignis
ignis,0,ignio
ignis,1,ignis
ignorans,0,ignoro
ignorantes,0,ignoro
ignoto,0,ignosco
ignoto,1,ignotum
ignoto,2,ignotus2
ignotos,0,ignosco
ignotos,1,ignotus2
ignotum,0,ignosco
ignotum,1,ignotum
ignotum,2,ignotus2
ilico,0,ilico
ilium,0,ilia1
ilium,1,ilium2
Ilium,2,Ilion
Ilium,3,Ilios
Ilium,4,Ilium1
ilium,5,Ilius
illa,0,illa
illa,1,ille
illae,0,ille
illae,1,illic1
illam,0,ille
illas,0,ille
illas,1,illic1
ille,0,ille
Ille,1,Illus
illi,0,ille
illi,1,illic1
Illi,2,Illus
illiberali,0,illiberalis
illic,0,illic1
illic,1,illic2
illicere,0,illicio
illidat,0,illido
illis,0,ille
illis,1,illic1
illitteratum,0,illitteratus
illius,0,ille
illo,0,ille
Illo,1,Illus
illorum,0,ille
illorum,1,illic1
illos,0,ille
illos,1,illic1
illuc,0,illic1
illud,0,ille
illudens,0,illudo
illum,0,ille
illum,1,illic1
Illum,2,Illus
imago,0,imago
imam,0,imus
imbresque,0,imber
imitans,0,imito
imitans,1,imitor
imitari,0,imito
imitari,1,imitor
imitatum,0,imitatus
imitatum,1,imito
imitatum,2,imitor
imitatus,0,imitatus
imitatus,1,imito
imitatus,2,imitor
immanes,0,immaneo
immanes,1,immanis
immisit,0,immitto
immo,0,immo
immodicae,0,immodicus
immolasset,0,immolo
immolatos,0,immolo
immolatur,0,immolo
impar,0,impar
impares,0,impar
impari,0,impar
impediret,0,impedio
impeditus,0,impedio
impegerat,0,impingo
impendas,0,impendo
impensam,0,impendo
impensam,1,impensa
impensam,2,impense
impensam,3,impensus
imperat,0,impero
imperator,0,imperator
imperi,0,imperium
imperio,0,imperium
imperium,0,imperium
impertiar,0,impertio
impertiar,1,impertior
impetrant,0,impetro
impetrassent,0,impetro
impetravit,0,impetro
impetu,0,impetus
impetum,0,impetus
impetus,0,impetus
impinge,0,impingo
impios,0,impii
impios,1,impius
impleam,0,impleo
implet,0,impleo
impletur,0,impleo
implicuisset,0,implico
imponere,0,impono
importaret,0,importo
impositurum,0,impono
imposuit,0,impono
improba,0,improbo
improba,1,improbus
improbae,0,improbus
improbam,0,improbus
improbi,0,improbus
improbis,0,improbus
improbitas,0,improbitas
improbitas,1,improbito
improbo,0,improbo
improbo,1,improbus
improborum,0,improbus
improbos,0,improbus
improbum,0,improbus
imprudens,0,imprudens
imprudentiae,0,imprudentia
imprudentiam,0,imprudentia
imprudentibus,0,imprudens
impudentem,0,impudens
impudentiae,0,impudentia
impudentis,0,impudens
impugnantur,0,impugno
impune,0,impune
impune,1,impunis
imputare,0,imputo
in,0,in1
inane,0,inane
inane,1,inanis
inani,0,inane
inani,1,inanio
inani,2,inanis
incensus,0,incendo
incensus,1,incensus2
incessit,0,incedo
incessit,1,incesso
incidissent,0,incido1
incidissent,1,incido2
incipiebat,0,incipio
incipit,0,incipio
incitatus,0,incitatus2
incitatus,1,incito
incluserat,0,includo
incola,0,incola
incolis,0,incola
incolis,1,incolo1
incolume,0,incolumis
incolumem,0,incolumis
incolumes,0,incolumis
incolumis,0,incolumis
incommoda,0,incommodo
incommoda,1,incommodum
incommoda,2,incommodus
incommodo,0,incommodo
incommodo,1,incommodum
incommodo,2,incommodus
inconstantia,0,inconstantia
inconveniens,0,inconveniens
incorrupta,0,incorruptus
increpans,0,increpo
incubuerim,0,incubo1
incubuerim,1,incumbo
incubuit,0,incubo1
incubuit,1,incumbo
inde,0,inde
inde,1,indo
Inde,2,Indus1
Inde,3,Indus2
indicat,0,indico1
indicat,1,indico2
indices,0,index
indices,1,indico1
indices,2,indico2
indiderunt,0,indo
indignans,0,indignor
indignari,0,indignor
indignata,0,indignor
indigne,0,indignus
indigno,0,indignus
indignos,0,indignus
inducta,0,induco
indulgens,0,indulgeo
industria,0,industria1
industria,1,industrius
Industria,2,Industria2
induxi,0,induco
inedia,0,inedia
inepte,0,ineptus
ineptum,0,ineptus
inerme,0,inermis
inerme,1,inermus
inermes,0,inermis
inertes,0,iners
inerti,0,iners
infans,0,infans
infecit,0,inficio
infelicem,0,infelix
infelix,0,infelix
inferior,0,inferus
infestis,0,infestus
infideles,0,infidelis
infixo,0,infigo
inflare,0,inflo
inflavit,0,inflo
infundite,0,infundo
infuso,0,infundo
ingemuit,0,ingemisco
ingemuit,1,ingemo
ingeni,0,ingenium
ingenia,0,ingenium
ingenio,0,ingenium
ingenium,0,ingenium
ingessit,0,ingero
ingrata,0,ingratus
ingravantibus,0,ingravo
ingredi,0,ingredior
inhospitalis,0,inhospitalis
iniecta,0,inicio
iniecta,1,injecto
iniquam,0,iniquus
initio,0,initio
initio,1,initium
iniuria,0,injuria
iniuria,1,injurius
iniuriae,0,injuria
iniuriae,1,injurius
iniuriam,0,injuria
iniuriam,1,injurius
iniuriis,0,injuria
iniuriis,1,injurius
iniusta,0,injustum
iniusta,1,injustus
inmiscuit,0,in-misceo
innocentes,0,innocens
innocenti,0,innocens
Innocenti,1,Innocentius
innocentis,0,innocens
innotuit,0,innotesco
innoxius,0,innoxius
inopia,0,inopia
inops,0,inops
inpudenti,0,impudens
inquinari,0,inquino
inquinassent,0,inquino
inquis,0,inquam
inquit,0,inquam
inridens,0,irrideo
inscia,0,inscius
insectatus,0,insecto
insectatus,1,insector
insecuta,0,insequor
inserens,0,insero1
inserens,1,insero2
insidias,0,insidiae
insidias,1,insidior
insidiatrix,0,insidiatrix
insidiatus,0,insidior
insidiis,0,insidiae
insidiosum,0,insidiosus
insignem,0,insignis
insignem,1,insigno
insignis,0,insigne
insignis,1,insignio
insignis,2,insignis
insilit,0,insilio
insitivos,0,insitivus
insolens,0,insolens
insolens,1,insoleo
insolentem,0,insolens
insolentem,1,insoleo
insolentiam,0,insolentia
insolentiis,0,insolentia
insontem,0,insons
insonuit,0,insono
inspexerunt,0,inspicio
instante,0,insto
instantem,0,insto
instat,0,insto
instructius,0,instruo
instrumentum,0,instrumentum
insuendam,0,insuo
insueta,0,insuesco
insueta,1,insueta
insueta,2,insuetus2
insuetis,0,insuesco
insuetis,1,insueta
insuetis,2,insuetus2
insuetis,3,insuo
insula,0,insula1
Insula,1,Insula2
insulsum,0,insulsus
insultare,0,insulto
integritatis,0,integritas
intellegens,0,intellego
intellegeret,0,intellego
intellegit,0,intellego
intellego,0,intellego
intellegunt,0,intellego
intellexit,0,intellego
intempestive,0,intempestivus
intendit,0,intendo
inter,0,inter
intercessit,0,intercedo
intercidunt,0,intercido1
intercidunt,1,intercido2
intercipit,0,intercipio
interdicit,0,interdico
interdiu,0,interdiu
interdum,0,interdum
interea,0,interea
interesse,0,intersum
interfecit,0,interficio
interficit,0,interficio
interiore,0,interior
interponere,0,interpono
interpositis,0,interpono
interposuero,0,interpono
interposuit,0,interpono
interpretari,0,interpretor
interque,0,inter
interrogasse,0,interrogo
interrogata,0,interrogo
interrogavit,0,interrogo
intervenit,0,intervenio
intonat,0,intono
intrare,0,intro2
intravit,0,intro2
intricaret,0,intrico
intrito,0,intero
intrito,1,intritum
intrito,2,intritus2
intro,0,intro1
intro,1,intro2
intuens,0,intueor
intuens,1,intuo
intuere,0,intueor
intuere,1,intuo
intulit,0,infero
inutilis,0,inutilis
inveni,0,invenio
invenimus,0,invenio
inveniret,0,invenio
inveniri,0,invenio
invenit,0,invenio
inveniunt,0,invenio
inventum,0,invenio
inventum,1,inventum
inventum,2,inventus2
inventuri,0,invenio
invicem,0,invicem
invicta,0,invictus
invicti,0,invictus
invidia,0,invidia
Invidia,1,Invidia
invidiae,0,invidia
Invidiae,1,Invidia
invido,0,invidus
invisa,0,invideo
invisa,1,inviso
invisa,2,invisus2
invisae,0,invideo
invisae,1,inviso
invisae,2,invisus2
invisus,0,invideo
invisus,1,inviso
invisus,2,invisus2
invita,0,invito
invita,1,invitus
invitare,0,invito
invitasse,0,invito
invitatur,0,invito
invitatus,0,invitatus
invitatus,1,invito
invitavit,0,invito
invitum,0,invitus
involvens,0,involvo
involvit,0,involvo
iocans,0,jocor
iocari,0,jocor
iocata,0,jocor
iocis,0,jocus
iocorum,0,jecur
iocorum,1,jocus
iocos,0,jocus
ioculare,0,jocularis
ioculare,1,joculor
iocunda,0,jocundus
iocus,0,jecur
iocus,1,jocus
Iove,0,Juppiter
Iovem,0,Juppiter
iovi,0,Jovius1
Iovi,1,Jovius2
Iovi,2,Juppiter
Iovis,0,Juppiter
ipsa,0,ipse
ipsam,0,ipse
ipse,0,ipse
Ipse,1,Ipsus
ipsi,0,ipse
Ipsi,1,Ipsus
ipsis,0,ipse
Ipsis,1,Ipsus
ipso,0,ipse
Ipso,1,Ipsus
ipsos,0,ipse
Ipsos,1,Ipsus
ipsum,0,ipse
Ipsum,1,Ipsus
ipsumque,0,ipse
ira,0,ira
Ira,1,Ira
iracundos,0,iracundus
irae,0,ira
Irae,1,Ira
iram,0,ira
Iram,1,Ira
irascaris,0,irasco
irascaris,1,irascor
irascitur,0,irasco
irascitur,1,irascor
irate,0,irascor
iratis,0,irascor
irato,0,irascor
iratus,0,irascor
ire,0,eo1
Ire,1,Iris
Ire,2,Irus
irreperet,0,irrepo
irridebas,0,irrideo
irridebas,1,irrido
irridens,0,irrideo
irridens,1,irrido
irrigatus,0,irrigo
irritam,0,irritus1
irrito,0,irrito1
irrito,1,irrito2
irrito,2,irritum
irrito,3,irritus1
irritos,0,irritus1
is,0,eo1
is,1,is
ista,0,iste
istam,0,iste
istis,0,iste
istorum,0,iste
istud,0,iste
istum,0,iste
ita,0,ita
ita,1,ito
itaque,0,itaque
ite,0,eo1
ite,1,itis
item,0,item
item,1,itis
item,2,ito
iter,0,iter
iter,1,ito
iteratur,0,itero1
iterum,0,iterum
iubent,0,jubeo
iuberent,0,jubeo
iubet,0,jubeo
iubetque,0,jubeo
iucunda,0,jucundo
iucunda,1,jucundus
iucunditas,0,jucunditas
iucunditatis,0,jucunditas
iucundum,0,jucundus
iudex,0,judex
iudicare,0,judico
iudicatis,0,judicatum
iudicatis,1,judicatus
iudicatis,2,judico
iudice,0,judex
iudices,0,judex
iudices,1,judico
iudicet,0,judico
iudicio,0,judicium
iudicium,0,judicium
iudico,0,judico
iugera,0,jugerum
iugo,0,jugo1
iugo,1,jugo2
iugo,2,jugum
iugo,3,jugus
Iugo,4,Jugum
iugulatus,0,jugulo
iugum,0,jugum
iugum,1,jugus
Iugum,2,Jugum
iumenta,0,jumentum
iumentis,0,jumentum
Iuno,0,Juno
Iunonem,0,Juno
Iuppiter,0,Juppiter
iura,0,juro
iura,1,jus1
iura,2,jus2
Iura,3,Jura
iurandi,0,jurandum
iurandi,1,juro
iurandi,2,juror
iurando,0,jurandum
iurando,1,juro
iurando,2,juror
iurandum,0,jurandum
iurandum,1,juro
iurandum,2,juror
iure,0,jus1
iure,1,jus2
iurgii,0,jurgium
iurgium,0,jurgium
iuris,0,jus1
iuris,1,jus2
Iuris,2,Jura
Iuris,3,Jures
ius,0,jus1
ius,1,jus2
Ius,2,Ius
iusserat,0,jubeo
iussit,0,jubeo
iussus,0,jubeo
iussus,1,jussus2
iustius,0,justus
iustoque,0,justum
iustoque,1,justus
Iustoque,2,Justus
iuvant,0,juvo
iuvenco,0,juvencus1
Iuvenco,1,Juvencus2
iuvencum,0,juvencus1
Iuvencum,1,Juvencus2
iuvencus,0,juvencus1
Iuvencus,1,Juvencus2
iuvenem,0,juvenis
iuvenes,0,juvenis
iuveni,0,juvenis
iuvenis,0,juvenis
iuventus,0,juventus
iuxta,0,juxta
Ixion,0,Ixion
labare,0,labarum
labare,1,labo
labare,2,labor1
labi,0,labes1
labi,1,labes2
labi,2,labium
labi,3,labor1
Labi,4,Labus
labor,0,labo
labor,1,labor1
labor,2,labor2
laborant,0,laboro
laboras,0,laboro
labore,0,labor2
laborem,0,labor2
laborem,1,laboro
labores,0,labor2
labores,1,laboro
labori,0,labor2
laboris,0,labor2
laboro,0,laboro
lacerari,0,lacero
lacerat,0,lacero
laceratus,0,lacero
lacerta,0,lacerta
lacertam,0,lacerta
lacessam,0,lacesso
lacessere,0,lacesso
lacessis,0,lacesso
lacrimas,0,lacrima
lacrimas,1,lacrimo
lacrimis,0,lacrima
lacte,0,lac
lacte,1,lacteo
lacus,0,lacus
Lacus,1,Lacus
laedant,0,laedo
laedendi,0,laedo
laedere,0,laedo
laederet,0,laedo
laedi,0,laedo
Laedi,1,Laedus
laedis,0,laedo
laesa,0,laedo
laeserit,0,laedo
laeserunt,0,laedo
laesit,0,laedo
laesura,0,laedo
laesura,1,laesura
laesus,0,laedo
laeta,0,laeta
laeta,1,laeto
laeta,2,laetus1
Laeta,3,Laeta
laetabor,0,laeto
laetabor,1,laetor
laetare,0,laeto
laetare,1,laetor
laetor,0,laeto
laetor,1,laetor
laeva,0,laeva
laeva,1,laevus
laevam,0,laeva
laevam,1,laevus
lagonae,0,lagena
lagonam,0,lagena
lambe,0,lambo
lamberet,0,lambero
lamberet,1,lambo
lanae,0,lana
lancibus,0,lanx
languentis,0,langueo
languere,0,langueo
languere,1,languesco
languidas,0,languidus
languido,0,languidus
lanificae,0,lanifica
lanificae,1,lanificus
lanificam,0,lanifica
lanificam,1,lanificus
laniger,0,lanifica
lanium,0,lanius
lanius,0,lanius
lapidem,0,lapido
lapidem,1,lapis
laqueos,0,laqueus
largam,0,largus1
Largam,1,Larga
large,0,largus1
Large,1,Largus2
largo,0,largus1
Largo,1,Largus2
lassabit,0,lasso
late,0,fero
late,1,lateo
late,2,latus1
late,3,latus3
latens,0,latens
latens,1,lateo
latenti,0,lateo
latera,0,latus2
latet,0,lateo
latibula,0,latibulum
latibulis,0,latibulum
Latinis,0,Latinae
latinis,1,Latinus1
Latinis,2,Latinus2
Latinis,3,Latium
latior,0,fero
latior,1,latus1
latior,2,latus3
Latium,0,Latium
latrans,0,latro1
latrem,0,latro1
latro,0,latro1
latro,1,latro2
Latro,2,Latro3
latrone,0,latro2
Latrone,1,Latro3
latronem,0,latro2
Latronem,1,Latro3
latrones,0,latro2
Latrones,1,Latro3
laudabile,0,laudabile
laudabile,1,laudabilis
laudandum,0,laudo
laudaram,0,laudo
laudaret,0,laudo
laudari,0,laudo
laudas,0,laudo
laudas,1,laus1
laudat,0,laudo
laudatis,0,laudatus
laudatis,1,laudo
laude,0,laus1
laudem,0,laudo
laudem,1,laus1
laudibus,0,laus1
laudis,0,laus1
laurea,0,laurea
laurea,1,laureus
Laurea,2,Laurea
lauri,0,laurus
Lauri,1,Lauri
Lauri,2,Laurium
laus,0,laus1
Laus,1,Laus2
lavationem,0,lavatio
laxaris,0,laxo
lectica,0,lectica
lecticarios,0,lecticarius
lecto,0,lecto
lecto,1,lectum
lecto,2,lectus
lecto,3,lectus2
lecto,4,lego2
Lecto,5,Lecton
lector,0,lecto
lector,1,lector
lectum,0,lectum
lectum,1,lectus
lectum,2,lectus2
lectum,3,lectus3
lectum,4,lego2
Lectum,5,Lecton
ledae,0,leda2
Ledae,1,Leda1
Ledae,2,Ledas
legati,0,legatum
legati,1,legatus
legati,2,lego1
legatos,0,legatus
legatos,1,lego1
legem,0,lego1
legem,1,lex
legendum,0,lego2
legerat,0,lego2
legere,0,lego1
legere,1,lego2
legerunt,0,lego2
leges,0,lego1
leges,1,lego2
leges,2,lex
legesne,0,lego1
legesne,1,lego2
legesne,2,lex
legi,0,lego2
legi,1,lex
legibus,0,lex
lento,0,lento1
lento,1,lentus
Lento,2,Lento2
lentus,0,lentus
leo,0,leo2
leo,1,leus
Leo,2,Leo3
leone,0,leo2
Leone,1,Leo3
leonis,0,leo2
Leonis,1,Leo3
lepidum,0,lepidus1
lepidum,1,lepis
Lepidum,2,Lepidus2
leporem,0,lepor
leporem,1,lepus
lepus,0,lepus
leto,0,leto
leto,1,letum
Leto,2,Letus
levans,0,levo1
levans,1,levo2
levem,0,levis1
levem,1,levis2
levem,2,levo1
levem,3,levo2
levi,0,levis1
levi,1,levis2
levi,2,lino
Levi,3,Levi
levis,0,levis1
levis,1,levis2
Levis,2,Levae
Levis,3,Levi
levitas,0,levitas1
levitas,1,levitas2
Levitas,2,Levites
libeat,0,libet
libelli,0,libellus
libellos,0,libellus
libellum,0,libellus
libens,0,libet
libenter,0,libenter
liber,0,liber1
liber,1,liber2
liber,2,liber4
liber,3,libo1
Liber,4,Liber3
liberalis,0,liberalis1
liberalis,1,Liberalis2
liberat,0,libero
libere,0,liber1
libere,1,liber2
libere,2,libet
libere,3,libo1
Libere,4,Liber3
liberis,0,liber1
liberis,1,liber2
liberis,2,libet
liberis,3,libo1
Liberis,4,Liber3
Liberis,5,Libera
libero,0,liber1
libero,1,liber2
libero,2,libero
Libero,3,Liber3
liberos,0,liber1
liberos,1,liber2
Liberos,2,Liber3
libertas,0,liberta
libertas,1,libertas
libertas,2,libertus
libertatem,0,libertas
liberto,0,libertus
libertus,0,libertus
libido,0,libido
Libitina,0,Libitina
libitum,0,libet
libitum,1,libita
librum,0,liber4
libuerit,0,libet
licentia,0,licentia
licentia,1,liceo1
licentia,2,liceor
licentia,3,licet
licet,0,liceo1
licet,1,licet
licetne,0,liceo1
licetne,1,licet
ligarant,0,ligo1
ligato,0,ligatus
ligato,1,ligo1
ligneo,0,ligneus
Ligneo,1,Ligneum
lignumque,0,lignum
limam,0,lima
limam,1,limus1
Limam,2,Lima
limasset,0,limo2
limasset,1,limo3
limen,0,limen
limine,0,limen
liminis,0,limen
limo,0,limo2
limo,1,limo3
limo,2,limus1
limo,3,limus2
limo,4,limus3
Limo,5,Limo
Limo,6,Limus4
linguae,0,lingua
linguam,0,lingua
linoque,0,lino
linoque,1,linum
Linoque,2,Linus
linteo,0,linteo
linteo,1,linteum
linteo,2,linteus
liquidam,0,liquidus
liquit,0,linquo
liquit,1,liqueo
liquor,0,liquo
liquor,1,liquor2
liquore,0,liquor2
lis,0,lis
litigabat,0,litigo
litterae,0,littera
Litterae,1,Litterae
litterarum,0,littera
Litterarum,1,Litterae
litteratae,0,litteratus
litteris,0,littera
Litteris,1,Litterae
littus,0,litus3
Littus,1,Littus
livor,0,livor
loca,0,loco
loca,1,locum
loco,0,loco
loco,1,locum
loco,2,locus
Loco,3,Locus
locum,0,locum
locum,1,locus
Locum,2,Locus
locuples,0,locuples
locupletes,0,locuples
locupletes,1,locupleto
locus,0,locus
Locus,1,Locus
locustarum,0,locusta1
Locustarum,1,Locusta2
Locustarum,2,Locusta3
locuta,0,loquor
locutam,0,loquor
locuti,0,loquor
Locuti,1,Locutius
locutus,0,locutus2
locutus,1,loquor
longa,0,longus
Longa,1,Longa
Longa,2,Longum
longe,0,longus
Longe,1,Longum
Longe,2,Longus
longeque,0,longus
Longeque,1,Longum
Longeque,2,Longus
longi,0,longus
Longi,1,Longum
Longi,2,Longus
longior,0,longus
longitudinem,0,longitudo
longius,0,longus
longum,0,longus
Longum,1,Longum
Longum,2,Longus
loquaces,0,loquax
loquantur,0,loquor
loquendo,0,loquor
loqui,0,loquor
loquitur,0,loquor
luat,0,luo1
luat,1,luo2
luce,0,luceo
luce,1,lucus1
luce,2,lux
Luce,3,Lucus2
lucem,0,lux
lucerna,0,lucerna
lucerna,1,Lucernus
lucernam,0,lucerna
lucernam,1,Lucernus
lucri,0,lucrius
lucri,1,lucrum
lucro,0,lucrum
lucrum,0,lucrum
luctans,0,luctor
luctum,0,luctus
luctum,1,lugeo
Luctum,2,Luctus
luctus,0,luctus
luctus,1,lugeo
Luctus,2,Luctus
lucubraverat,0,lucubro
Luculli,0,Lucullus
ludentem,0,ludo
ludentes,0,ludo
ludimus,0,ludo
ludis,0,ludo
ludis,1,ludus
ludit,0,ludo
ludorum,0,ludor
ludorum,1,ludus
ludos,0,ludus
luere,0,luo1
luere,1,luo2
luerunt,0,luo1
luerunt,1,luo2
lues,0,lues2
lues,1,luis
lues,2,luo1
lues,3,luo2
lugens,0,lugeo
luget,0,lugeo
lumen,0,lumen
lumine,0,lumen
luminis,0,lumen
lupe,0,lupus1
Lupe,1,Lupus2
lupi,0,lupus1
Lupi,1,Lupus2
lupo,0,lupus1
Lupo,1,Lupus2
lupum,0,lupus1
Lupum,1,Lupus2
lupus,0,lupus1
Lupus,1,Lupus2
luscinii,0,luscinius1
luscinii,1,luscinius2
luscinio,0,luscinius1
luscinio,1,luscinius2
lustravit,0,lustro1
lustravit,1,lustror
lusu,0,ludo
lusu,1,lusus2
lusum,0,ludo
lusum,1,lusus2
lusus,0,ludo
lusus,1,lusus2
lutum,0,lutum1
lutum,1,lutum2
lutum,2,lutus
lux,0,lux
luxu,0,luxus2
luxuriae,0,luxuria
lympharum,0,lympha
lyram,0,lyra
macerat,0,macero
macie,0,macies
maerens,0,maereo
maerentes,0,maereo
maestus,0,maestus
magis,0,magis
magis,1,magis2
magis,2,magnus1
magis,3,magus2
magister,0,magister
magistrae,0,magistra
magna,0,magnus1
magnae,0,magnus1
magnaque,0,magnus1
magnas,0,magnus1
magni,0,magnus1
Magni,1,Magnus2
magnitudine,0,magnitudo
magnitudinis,0,magnitudo
magnitudo,0,magnitudo
magno,0,magnus1
Magno,1,Magnus2
magnoque,0,magnus1
Magnoque,1,Magnus2
magnum,0,magnus1
Magnum,1,Magnus2
magnus,0,magnus1
Magnus,1,Magnus2
maiestas,0,majestas
Maiestas,1,Majesta
maior,0,magnus1
maiore,0,magnus1
maiorem,0,magnus1
maiores,0,magnus1
maiores,1,majores
maioris,0,magnus1
maius,0,magnus1
maius,1,majus
maius,2,Maius
Maius,3,Majus
mala,0,mala
mala,1,malum
mala,2,malum2
mala,3,malus1
Mala,4,Mala
malas,0,mala
malas,1,malus1
Malas,2,Mala
male,0,malum
male,1,malum2
male,2,malus1
male,3,malus2
male,4,malus3
Male,5,Malus
malediceret,0,maledico
maledictum,0,maledico
maledictum,1,maledictum
maledictum,2,maledictus
malefici,0,maleficium
malefici,1,maleficus
malefico,0,maleficus
maleficus,0,maleficus
mali,0,malum
mali,1,malum2
mali,2,malus1
mali,3,malus2
mali,4,malus3
mali,5,Malius
Mali,6,Malus
maligna,0,maligno
maligna,1,malignus
malignitas,0,malignitas
malis,0,mala
malis,1,malo
malis,2,malum
malis,3,malum2
malis,4,malus1
malis,5,malus2
malis,6,malus3
Malis,7,Mala
Malis,8,Malus
malitia,0,malitia
malo,0,malo
malo,1,malum
malo,2,malum2
malo,3,malus1
malo,4,malus2
malo,5,malus3
Malo,6,Malus
malorum,0,malum
malorum,1,malum2
malorum,2,malus1
malorum,3,malus2
malorum,4,malus3
Malorum,5,Malus
malos,0,malus1
malos,1,malus2
malos,2,malus3
Malos,3,Malus
maluisset,0,malo
malum,0,malum
malum,1,malum2
malum,2,malus1
malum,3,malus2
malum,4,malus3
Malum,5,Malus
malus,0,malus1
malus,1,malus2
malus,2,malus3
Malus,3,Malus
mandant,0,mando1
mandant,1,mando2
mandata,0,mandatum
mandata,1,mando1
manebit,0,maneo
maneret,0,maneo
manes,0,maneo
manes,1,mano
Manes,2,Manes
manibus,0,manus1
Manibus,1,Manes
manifestis,0,manifesta
manifestis,1,manifestus
mansuetudinem,0,mansuetudo
mansuetudo,0,mansuetudo
manu,0,manus1
manum,0,manon
manum,1,manos
manum,2,manus1
manus,0,manus1
mare,0,mare
mare,1,marum
mare,2,mas
Mare,3,Mares
Mare,4,Marus
mares,0,mas
Mares,1,Mares
margaritam,0,margarita
margine,0,margo
mari,0,mare
mari,1,marum
mari,2,mas
Mari,3,Mares
Mari,4,Marius
Mari,5,Marus
maris,0,mare
maris,1,marum
maris,2,mas
Maris,3,Mares
Maris,4,Marus
maritus,0,maritus
maritus,1,maritus1
marmori,0,marmor
Mars,0,Mars
masculina,0,masculinus
masculo,0,masculus
masculus,0,masculus
mater,0,mater
materia,0,materia
materia,1,materio
materiae,0,materia
materiam,0,materia
matrem,0,mater
matri,0,mater
matris,0,mater
Matris,1,Matrae
matronarum,0,matrona1
Matronarum,1,Matrona2
matura,0,maturo
matura,1,maturus
Matura,2,Matura
maturius,0,maturus
maxima,0,magnus1
maxima,1,maximus
maximam,0,magnus1
maximam,1,maximus
maximas,0,magnus1
maximas,1,maximus
maxime,0,magnus1
maxime,1,maxime
maxime,2,maximus
Maxime,3,Maximis
Maxime,4,Maximus
maximo,0,magnus1
maximo,1,maximus
Maximo,2,Maximus
maximus,0,magnus1
maximus,1,maximus
Maximus,2,Maximus
me,0,ego
Me,1,Mus
mea,0,meo
mea,1,meum
mea,2,meus
meae,0,meus
meam,0,meus
meas,0,meo
meas,1,meus
mecum,0,ego
Medeae,0,Medea
media,0,medio
media,1,medion1
media,2,medium
media,3,medius
Media,4,Medea
Media,5,Medi
mediae,0,medius
Mediae,1,Medea
Mediae,2,Medi
medicinam,0,medicina
medicinam,1,medicinus
medicum,0,medicus1
medicum,1,Maedi
Medicum,2,Medi
medicum,3,Medicus2
medicus,0,medicus1
medicus,1,Maedi
Medicus,2,Medi
medicus,3,Medicus2
medio,0,medio
medio,1,medion1
medio,2,medium
medio,3,medius
mehercule,0,Hercules
mehercules,0,Hercules
mei,0,ego
mei,1,meum
mei,2,meus
meis,0,meum
meis,1,meus
melior,0,bonus
meliores,0,bonus
meliores,1,meliores
meliores,2,melioro
melioris,0,bonus
melius,0,bonus
melius,1,Melius2
meliuscula,0,meliusculus
mellis,0,mel
mellis,1,mella1
mellis,2,mellum
Mellis,3,Mella2
Mellis,4,Mella3
melos,0,melos1
Melos,1,Melos2
membra,0,membro
membra,1,membrum
membris,0,membrum
meminerit,0,memini
meminero,0,memini
memini,0,memini
Memini,1,Memini
memoria,0,memor1
memoria,1,memoria
memoriae,0,memoria
Menander,0,Menander
mendaces,0,mendax
mendacio,0,mendacium
mendacium,0,mendacium
mendacium,1,mendax
mens,0,mens
mensa,0,mensa
mensa,1,mensus
mensa,2,metior
menses,0,mensis
mensibus,0,mensis
mente,0,mens
mente,1,mentum1
Mente,2,Mentes
mentem,0,mens
Mentem,1,Mentes
mentes,0,mens
Mentes,1,Mentes
mentiri,0,mentior
mentitus,0,mentior
mentitus,1,mentitus
meo,0,meo
meo,1,meum
meo,2,meus
meos,0,meus
mercede,0,merces1
mercedem,0,merces1
mercedis,0,merces1
merces,0,merces1
merces,1,merx
Mercurio,0,Mercurius
Mercurium,0,Mercurius
Mercurius,0,Mercurius
merdis,0,merda
meretricius,0,meretricius
meretrix,0,meretrix
meriti,0,mereo
meriti,1,mereor
meriti,2,meritum
meritis,0,mereo
meritis,1,mereor
meritis,2,meritum
merito,0,mereo
merito,1,mereor
merito,2,merito1
merito,3,merito2
merito,4,meritum
meritum,0,mereo
meritum,1,mereor
meritum,2,meritum
mersit,0,mergo
mersum,0,mergo
meruisti,0,mereo
meruit,0,mereo
metu,0,metus
metuas,0,metuo
metuens,0,metuo
metuentes,0,metuo
metuere,0,metuo
metuit,0,metuo
metum,0,metus
metus,0,metus
meum,0,meum
meum,1,meus
meus,0,meus
mi,0,ego
mi,1,meus
mi,2,mius
Mi,3,Mus
mihi,0,ego
mihique,0,ego
miles,0,miles
miles,1,mille
milites,0,miles
milites,1,milito
militi,0,miles
militis,0,miles
milium,0,milium
milium,1,mille
mille,0,mille
miluo,0,miluus
miluum,0,miluus
milvus,0,miluus
minare,0,mino
minare,1,minor1
minaris,0,mino
minaris,1,minor1
minas,0,mina
minas,1,mina1
minas,2,mina2
minas,3,minae
minas,4,mino
Minerva,0,Minerva
minime,0,minime
minime,1,minimus
minime,2,parvus
Minos,0,Minos
minus,0,parvus
minuta,0,minuo
minuta,1,minutum
miraculo,0,miraculum
mirans,0,miro
mirans,1,miror
mirante,0,miro
mirante,1,miror
mirati,0,miratus
mirati,1,miro
mirati,2,miror
mire,0,mirus
miscens,0,misceo
miscere,0,misceo
miscet,0,misceo
miscuit,0,misceo
misenensem,0,Misenensis
miserae,0,miser
miserandam,0,miserandus
miserandam,1,misero
miserandam,2,miseror
miseras,0,miser
miseras,1,misero
miseras,2,mitto
misere,0,miser
misere,1,misereo
misere,2,miserum
misere,3,mitto
miseria,0,miseria
miserias,0,miseria
misericordia,0,misericordia
misericors,0,misericors
miseris,0,miser
miseris,1,miserum
miseris,2,mitto
miserit,0,mitto
miserita,0,misereo
miserita,1,misereor
miseriti,0,misereo
miseriti,1,misereor
miserum,0,miser
miserum,1,miserum
miserunt,0,mitto
misisset,0,mitto
misit,0,mitto
misso,0,missum
misso,1,mitto
Misso,2,Missus
missum,0,missum
missum,1,missus2
missum,2,mitto
Missum,3,Missus
mittor,0,mitto
mixtum,0,misceo
mnemosyne,0,mnemosynon
Mnemosyne,1,Mnemosyne
modestiae,0,modestia
modestis,0,modestus
modesto,0,modestus
Modesto,1,Modestus
modis,0,modus
modium,0,modium
modium,1,modius
Modium,2,Modius
modius,0,modius
Modius,1,Modius
modo,0,modo
modo,1,modus
moecha,0,moecha
moechae,0,moecha
molesta,0,molesto
molesta,1,molestus
molesti,0,molestus
molestiam,0,molestia
molestior,0,molestus
molestis,0,molestus
molestus,0,molestus
moliens,0,molio
moliens,1,molior
molis,0,mola
molis,1,moles
molis,2,molio
molis,3,molo1
Molis,4,Molae
Molis,5,Molus1
Molis,6,Molus2
molles,0,molleo
molles,1,mollis
molli,0,molle
molli,1,mollio
molli,2,mollis
molliter,0,mollis
molliter,1,molliter
momentum,0,momentum
momordit,0,mordeo
monent,0,moneo
moneo,0,moneo
monet,0,moneo
monitis,0,moneo
monitis,1,monitum
monitus,0,moneo
monitus,1,monitus2
mons,0,mons
monstrabat,0,monstro
monstrabo,0,monstro
monstraro,0,
monstro,0,monstro
monstro,1,monstrum
monte,0,mons
Monte,1,Montes
montes,0,mons
Montes,1,Montes
monumentum,0,monumentum
Monumentum,1,Monumentum
mora,0,mora1
mora,1,mora2
mora,2,mora3
mora,3,mora4
mora,4,morum
mora,5,morus1
moram,0,mora1
moram,1,mora2
moram,2,mora3
moram,3,mora4
moram,4,morus1
moratus,0,moratus2
moratus,1,moror1
moratus,2,moror2
morbo,0,morbus
mordaciorem,0,mordax
mordax,0,mordax
more,0,morum
more,1,morus
more,2,morus1
more,3,morus2
more,4,mos
morem,0,mos
mores,0,mos
mori,0,morion
mori,1,morior
mori,2,morum
mori,3,morus
mori,4,morus1
mori,5,morus2
mori,6,mos
moribus,0,mos
moriens,0,morior
moris,0,mora1
moris,1,mora2
moris,2,mora3
moris,3,mora4
moris,4,morum
moris,5,morus
moris,6,morus1
moris,7,morus2
moris,8,mos
moror,0,moror1
moror,1,moror2
mors,0,mors
morsibus,0,morsus2
morsu,0,mordeo
morsu,1,morsus2
mortale,0,mortalis
mortales,0,mortalis
mortalis,0,mortalis
mortalitas,0,mortalitas
mortalium,0,mortalis
morte,0,mors
mortem,0,mors
morti,0,mors
mortis,0,mors
Mortis,1,Morta
mortua,0,morior
mortua,1,mortuus
Mortua,2,Mortuum
mortuam,0,morior
mortuam,1,mortuus
mortuo,0,morior
mortuo,1,mortuus
Mortuo,2,Mortuum
mortuum,0,morior
mortuum,1,mortuus
Mortuum,2,Mortuum
mortuus,0,morior
mortuus,1,mortuus
mos,0,mos
motu,0,motus2
motu,1,moveo
moventur,0,moveo
moveor,0,moveo
movet,0,moveo
movetque,0,moveo
movetur,0,moveo
movit,0,moveo
mox,0,mox
mugit,0,mugio1
mula,0,mula
mulam,0,mula
mulcatus,0,mulco
muli,0,mulus
muliebrem,0,muliebris
mulier,0,mulier
mulierem,0,mulier
mulierem,1,muliero
mulieres,0,mulier
mulieres,1,muliero
mulieri,0,mulier
mulieris,0,mulier
mulierum,0,mulier
mulos,0,mulus
multa,0,multa
multa,1,multa1
multa,2,multo2
multa,3,multus
multandum,0,multo2
multarum,0,multa1
multarum,1,multus
multis,0,multa
multis,1,multa1
multis,2,multi
multis,3,multus
multo,0,multo2
multo,1,multus
multorum,0,multa
multorum,1,multi
multorum,2,multus
multos,0,multi
multos,1,multus
multum,0,multa
multum,1,multi
multum,2,multus
mulum,0,mulus
mulus,0,mulus
mundi,0,mundum
mundi,1,mundus
mundi,2,mundus1
mundi,3,mundus2
mundum,0,mundum
mundum,1,mundus
mundum,2,mundus1
mundum,3,mundus2
munera,0,munero
munera,1,munus
munere,0,munus
muneribus,0,munus
muneris,0,munus
munitus,0,munio
munitus,1,munitus
murem,0,muro
murem,1,mus
Murem,2,Mur
mures,0,muro
mures,1,mus
muribus,0,mus
murium,0,mus
Murium,1,Murius
murum,0,murus
murum,1,mus
Murum,2,Murus
mus,0,mus
Mus,1,Mus
Musa,0,Musa1
Musa,1,Musa2
Musarum,0,Musa1
Musarum,1,Musa2
musca,0,musca1
Musca,1,Musca2
muscipula,0,muscipula
muscipula,1,muscipulum
musicum,0,musica
musicum,1,musicus
mussitant,0,mussito
mustela,0,mustela
Mustela,1,Mustela
mustelarum,0,mustela
mutam,0,mutus
Mutam,1,Muta
mutandum,0,muto1
mutant,0,muto1
mutatur,0,muto1
mutatus,0,mutatus
mutatus,1,muto1
muttire,0,mutio
Myronem,0,Myron1
myrtus,0,myrtus
nam,0,nam
namque,0,namque
nancta,0,nanciscor
nares,0,nares
nares,1,naris
nares,2,no1
Nares,3,Naris
naribus,0,nares
naribus,1,naris
Naribus,2,Naris
naris,0,nares
naris,1,naris
naris,2,no1
Naris,3,Naris
narrabit,0,narro
narrabo,0,narro
narrandi,0,narro
narrare,0,narro
narrat,0,narro
narratae,0,narratus1
narratae,1,narro
narratio,0,narratio
narratione,0,narratio
narratur,0,narro
narro,0,narro
nascerer,0,nasco
nascerer,1,nascor
nasi,0,nasus1
Nasi,1,Nasium
Nasi,2,Nasos
Nasi,3,Nasus
nasute,0,nasutus
nata,0,nasco
nata,1,nata
nata,2,nato
nata,3,natus
nata,4,natus1
natali,0,natalis1
Natali,1,Natalis2
natans,0,nato
nates,0,nates
nates,1,natis
nates,2,nato
nati,0,nasco
nati,1,natis
nati,2,natus
nati,3,natus1
natio,0,natio
nato,0,nasco
nato,1,nato
nato,2,natus
nato,3,natus1
nato,4,no1
natos,0,nasco
natos,1,natus
natos,2,natus1
natum,0,nasco
natum,1,natus
natum,2,natus1
natum,3,natus2
natura,0,nasco
natura,1,natura
naturae,0,nasco
naturae,1,natura
natus,0,nasco
natus,1,natus
natus,2,natus1
natus,3,natus2
naufragi,0,naufragium
naufragi,1,naufragus
nauseant,0,nauseo
nautas,0,nauta
navem,0,navis
navem,1,navo
navis,0,navis
navis,1,navus
Navis,2,Nava
ne,0,ne1
ne,1,ne3
ne,2,neo1
Ne,3,Nus
Neapolim,0,Neapolis
nec,0,neque
necare,0,neco
necat,0,neco
nece,0,nex
necem,0,neco
necem,1,nex
necessitas,0,necessitas
neci,0,nex
necopinum,0,necopinus
nectar,0,nectar
nectar,1,necto
nectare,0,nectar
nectare,1,necto
necuit,0,neco
negabat,0,nego
negantibus,0,nego
negarat,0,nego
negare,0,nego
negarunt,0,nego
negas,0,nego
negavit,0,nego
negem,0,nego
neglecto,0,neglego
neglegenter,0,neglegenter
neglegentiae,0,neglegentia
neglegunt,0,neglego
nego,0,nego
negotiis,0,negotium
neminem,0,nemo
nemo,0,nemo
Nemo,1,Nemus
nemoris,0,nemus
nemorosis,0,nemorosus
nempe,0,nempe
nenias,0,nenia
nequam,0,nequam
neque,0,neque
nequiquam,0,nequiquam
nequitia,0,nequitia
nequitiae,0,nequitia
nescio,0,nescio
nescio,1,nescium
nescio,2,nescius
nescius,0,nescius
ni,0,ni
Ni,1,Nius
Ni,2,Nus
nidoque,0,nidus
Nidoque,1,Nidum
nidum,0,nidus
Nidum,1,Nidum
niger,0,niger1
Niger,1,Niger2
Niger,2,Niger3
nigros,0,niger1
Nigros,1,Niger2
Nigros,2,Nigrus
nihil,0,nihil
nihilo,0,nihilum
nil,0,nil
nilo,0,nilum
Nilo,1,Nilus
nimbis,0,nimbus
nimia,0,nimium
nimia,1,nimius
nimiam,0,nimius
nimiaque,0,nimium
nimiaque,1,nimius
nimirum,0,nimirum
nimium,0,nimium
nimium,1,nimius
nisi,0,nisi
nisi,1,nitor1
Nisi,2,Nisus3
nisu,0,nisus2
nisu,1,nitor1
nites,0,niteo
nitetur,0,niteo
nitetur,1,nitor1
nitor,0,nitor1
nitor,1,nitor2
nivea,0,niveus
niveis,0,niveus
niveisque,0,niveus
nives,0,nivit
nives,1,nix
nixa,0,nitor1
nobilem,0,nobilis
nobiles,0,nobilis
nobili,0,nobilis
nobilis,0,nobilis
nobis,0,nos
noceat,0,noceo
nocendum,0,noceo
nocens,0,nocens
nocens,1,noceo
nociva,0,nocivus
nocivum,0,nocivus
nocte,0,nox
noctemque,0,nox
noctes,0,nox
noctibus,0,nox
noctis,0,nox
noctu,0,nox
noctua,0,noctua1
Noctua,1,Noctua2
noctuae,0,noctua1
Noctuae,1,Noctua2
nocturnus,0,nocturnus
Nocturnus,1,Nocturnus
noli,0,nolo
nolo,0,nolo
noluistis,0,nolo
nomen,0,nome
nomen,1,nomen
nomine,0,nomen
nomino,0,nomino
nominor,0,nomino
non,0,non
nondum,0,nondum
nos,0,nos
nosse,0,nosco
Nosse,1,Nossis
nossem,0,nosco
Nossem,1,Nossis
nosset,0,nosco
noster,0,noster
nostra,0,noster
nostrae,0,noster
nostram,0,noster
nostris,0,noster
nostro,0,noster
nostrum,0,nos
nostrum,1,noster
nota,0,nosco
nota,1,nota
nota,2,noto
notam,0,nosco
notam,1,nota
notare,0,noto
notas,0,nosco
notas,1,nota
notas,2,noto
notescet,0,notesco
notior,0,nosco
notis,0,nosco
notis,1,nota
Notis,2,Notus2
noto,0,nosco
noto,1,noto
Noto,2,Notus2
notos,0,nosco
Notos,1,Notus2
notuit,0,notesco
notum,0,nosco
Notum,1,Notus2
notus,0,nosco
Notus,1,Notus2
novacula,0,novacula
novae,0,novus
Novae,1,Nova
Novae,2,Novae
novem,0,novem
novem,1,novo
noverat,0,nosco
novercae,0,noverca
novercae,1,novercae
noverit,0,nosco
novi,0,nosco
novi,1,novi
novi,2,novum
novi,3,novus
novi,4,Novius
Novi,5,Novum
Novi,6,Novus
novies,0,novies
novis,0,novi
novis,1,novum
novis,2,novus
Novis,3,Nova
Novis,4,Novae
Novis,5,Novum
Novis,6,Novus
novissime,0,novissimum
novissime,1,novissimus
novissime,2,novus
novitatem,0,novitas
novoque,0,novo
novoque,1,novum
novoque,2,novus
Novoque,3,Novum
Novoque,4,Novus
novum,0,novi
novum,1,novum
novum,2,novus
Novum,3,Novum
Novum,4,Novus
novus,0,novus
Novus,1,Novus
nox,0,nox
nox,1,Nox
noxiorum,0,noxius
nucibus,0,nux
nudabit,0,nudo
nudas,0,nudo
nudas,1,nudus
nudatum,0,nudo
nudo,0,nudo
nudo,1,nudus
nudos,0,nudus
nulla,0,nullus
nullamque,0,nullus
nulli,0,nullus
nullis,0,nullus
nullo,0,nullus
nullum,0,nullus
num,0,num
Num,1,Nus
numeremus,0,numero1
numeret,0,numero1
numero,0,numero1
numero,1,numerus
numine,0,numen
numini,0,numen
numinum,0,numen
nummis,0,nummus
nummos,0,nummus
numquam,0,numquam
numquid,0,numquid
nunc,0,nunc
nuntiant,0,nuntio
nuntiatum,0,nuntio
nuntio,0,nuntio
nuntio,1,nuntium
nuntio,2,nuntius
nuper,0,nuper
nuptiarum,0,nuptiae
nuptias,0,nuptiae
nutrit,0,nutrio
nutritus,0,nutrio
nutu,0,nutus
o,0,o2
obiecto,0,obicio
obiecto,1,objecto
obiectus,0,obicio
obiectus,1,objectus2
obiit,0,obeo
obitum,0,obeo
obitum,1,obitus2
obiurgabat,0,objurgo
obiurgari,0,objurgo
oblectasset,0,oblecto
oblectent,0,oblecto
oblitus,0,oblino
oblitus,1,obliviscor
obnoxia,0,obnoxio
obnoxia,1,obnoxius
obnoxiae,0,obnoxius
obortis,0,oborior
obscena,0,obscena
obscena,1,obscenum
obscena,2,obscenus
obscenitas,0,obscenitas
obscuro,0,obscuro
obscuro,1,obscurum
obscuro,2,obscurus
obsecro,0,obsecro
obsedit,0,obsideo
obsistere,0,obsisto
obsonia,0,obsonium
obsoniorum,0,obsonium
obstetricis,0,obstetrix
obtegere,0,obtego
obteret,0,obtero
obtrectare,0,obtrecto
obtrectet,0,obtrecto
obviam,0,obviam
obviam,1,obvius
obvios,0,obvius
obvius,0,obvius
occasione,0,occasio
occasionem,0,occasio
occepit,0,occipio
occidi,0,occidium
occidi,1,occido1
occidi,2,occido2
occidit,0,occido1
occidit,1,occido2
occubuit,0,occumbo
occucurrit,0,occurro
occulto,0,occulo
occulto,1,occulto2
occulto,2,occultum
occultum,0,occulo
occultum,1,occulta
occultum,2,occultum
occuparat,0,occupo
occuparis,0,occupo
occupat,0,occupo
occupata,0,occupo
occupatis,0,occupo
occupato,0,occupo
occupavit,0,occupo
occurrit,0,occurro
oculi,0,oculus
oculis,0,oculus
oculos,0,oculus
odi,0,odi
odi,1,odium1
odi,2,odium2
Odi,3,Odius
odio,0,odium1
odio,1,odium2
Odio,2,Odius
odiosa,0,odiosus
odiosissima,0,odiosus
odore,0,odor
odore,1,odorus
odorem,0,odor
odorem,1,odoro
offendar,0,offendo1
offendimus,0,offendo1
offendit,0,offendo1
offendunt,0,offendo1
offerre,0,offero
officiis,0,officium
officinam,0,officina
officium,0,officium
offuso,0,offundo
olfacit,0,olfacio
olim,0,olim
oliva,0,oliva
oliva,1,olivum
omina,0,omen
omiserim,0,omitto
omittit,0,omitto
omne,0,omne
omne,1,omnis
omnem,0,omnis
omnes,0,omnes
omnes,1,omnis
omnesque,0,omnes
omnesque,1,omnis
omni,0,omne
omni,1,omnis
omnia,0,omne
omnia,1,omnia
omnia,2,omnis
omnibus,0,omne
omnibus,1,omnes
omnibus,2,omnia
omnibus,3,omnis
omnino,0,omnino
omnium,0,omne
omnium,1,omnes
omnium,2,omnia
omnium,3,omnis
onerant,0,onero
onere,0,onus
onus,0,onus
onustus,0,onustus
opem,0,ops1
Opem,1,Opis1
Opem,2,Ops2
opera,0,opera
opera,1,opero
opera,2,opus1
operae,0,opera
operam,0,opera
operarios,0,operarius
opere,0,opus1
operibus,0,opus1
operis,0,opera
operis,1,operio
operis,2,opus1
opes,0,ops1
Opes,1,Opis1
Opes,2,Ops2
opibus,0,ops1
Opibus,1,Opis1
Opibus,2,Ops2
opimam,0,opimus
opinans,0,opinor
opinione,0,opinio
oportet,0,oportet
oppetit,0,oppeto
oppido,0,oppido
oppido,1,oppidum
Oppido,2,Oppidum
opponat,0,oppono
opportuno,0,opportunus
oppressi,0,opprimo
oppressit,0,opprimo
oppressum,0,oppressus2
oppressum,1,opprimo
opprimat,0,opprimo
opprimere,0,opprimo
opprimunt,0,opprimo
oppugnant,0,oppugno1
oppugnant,1,oppugno2
optarit,0,opto
optem,0,opto
optimis,0,bonus
optimis,1,optimum
optimos,0,bonus
opto,0,opto
opus,0,opus1
Opus,1,Opus3
ora,0,ora1
ora,1,oro
ora,2,orum
ora,3,os1
Ora,4,Ora2
orare,0,orior
orare,1,oro
oratum,0,oratum
oratum,1,oratus
oratum,2,oro
orbam,0,orba
orbam,1,orbus
ordinem,0,ordino
ordinem,1,ordo
ordo,0,ordo
ore,0,orum
ore,1,os1
Ore,2,Orus
ornamenta,0,ornamentum
ornant,0,orno
ornatum,0,ornatus2
ornatum,1,orno
oro,0,oro
oro,1,orum
Oro,2,Orus
Orpheo,0,Orpheus
orta,0,orior
os,0,os1
os,1,os2
oscula,0,osculo1
oscula,1,osculo2
oscula,2,osculum
osculantur,0,osculo1
osculantur,1,osculo2
osculantur,2,osculor
ossa,0,os2
ossa,1,ossum
Ossa,2,Ossa
ostendemus,0,ostendo
ostendere,0,ostendo
ostenderet,0,ostendo
ostendit,0,ostendo
ostentum,0,ostendo
ostentum,1,ostentum
ostentum,2,ostentus2
otio,0,otior
otio,1,otium
otiosum,0,otiosus
otium,0,otium
ove,0,ovis
ove,1,ovum
ovem,0,ovis
ovem,1,ovo
oves,0,ovis
oves,1,ovo
ovesque,0,ovis
ovesque,1,ovo
ovis,0,ovis
ovis,1,ovum
pace,0,pax1
Pace,1,Pax2
pactam,0,paciscor
pactam,1,pacta
pactam,2,pactus
pactam,3,pango
pacto,0,paciscor
pacto,1,pactum
pacto,2,pactus
pacto,3,pango
pactum,0,paciscor
pactum,1,pactum
pactum,2,pactus
pactum,3,pango
paene,0,paene
paenitendum,0,paeniteo
paenitentia,0,paenitentia
paenitentia,1,paeniteo
paenula,0,paenula1
Paenula,1,Paenula2
palam,0,pala
palam,1,palam
palam,2,pale
Palladio,0,Palladium
palladio,1,Palladius1
Palladio,2,Palladius2
pallas,0,palla
Pallas,1,Pallas1
Pallas,2,Pallas2
pallescit,0,pallesco
pallio,0,pallium
palmis,0,palma1
palmis,1,palma2
palmis,2,palmus
Palmis,3,Palma
palude,0,palus2
Palude,1,Paludes
paludibus,0,palus2
Paludibus,1,Paludes
paludis,0,palus2
Paludis,1,Paluda
Paludis,2,Paludes
panem,0,panis
panis,0,panis
panis,1,panus
panthera,0,panthera1
panthera,1,panthera2
papilio,0,papilio
par,0,par
parare,0,paro1
parare,1,paro2
pararet,0,paro1
pararet,1,paro2
parat,0,paro1
parat,1,paro2
parat,2,pasco
parat,3,paveo
parata,0,paro1
parata,1,paro2
paratur,0,paro1
paratur,1,paro2
paratus,0,paratus2
paratus,1,paro1
paratus,2,paro2
parce,0,parco
parce,1,parcus
parcite,0,parco
parco,0,parco
parco,1,parcus
parem,0,par
parem,1,paro1
parem,2,paro2
parens,0,parens1
parens,1,parens2
parens,2,pareo
parentes,0,parens1
parentes,1,parens2
parentes,2,parento
parentes,3,pareo
parere,0,pareo
parere,1,pario2
parere,2,paro1
parere,3,paro2
pares,0,par
pares,1,pareo
pares,2,paro1
pares,3,paro2
paret,0,pareo
paret,1,paro1
paret,2,paro2
pari,0,par
pari,1,pario2
pari,2,pario3
pari,3,parus1
Pari,4,Parium
pari,5,Parius
Pari,6,Paros
Pari,7,Parus
pariter,0,pariter
pariter,1,parito
Parnasum,0,Parnasus
pars,0,pars
parta,0,pario2
parta,1,pario3
parta,2,parta
parte,0,pario2
parte,1,pario3
parte,2,pars
partem,0,pars
partes,0,pars
partibus,0,pars
partibus,1,partus2
particulo,0,particulo
particulonem,0,particulo
partiens,0,partio2
partiens,1,partior
partis,0,pario2
partis,1,pario3
partis,2,pars
partis,3,parta
partis,4,partio2
partu,0,pario2
partu,1,pario3
partu,2,partus2
parturibat,0,parturio
parturiens,0,parturiens
parturiens,1,parturio
paruit,0,pareo
parum,0,par
parum,1,parum
parum,2,parus1
Parum,3,Paros
Parum,4,Parus
parva,0,parvus
Parva,1,Parva
parvae,0,parvus
Parvae,1,Parva
parvam,0,parvus
Parvam,1,Parva
parvas,0,parvus
Parvas,1,Parva
parvulae,0,parvulus
parvum,0,parvus
pascebat,0,pasco
pasci,0,pasco
pasci,1,pascor
passer,0,passer1
Passer,1,Passer2
passim,0,passim
passurum,0,patior
pastor,0,pastor
pastorem,0,pastor
pastores,0,pastor
pastoribus,0,pastor
pastum,0,pasco
pastum,1,pascor
pastum,2,pastus2
pateat,0,pateo
patefecit,0,patefacio
pater,0,pater
patere,0,pateo
patere,1,patior
paterfamilias,0,paterfamilias
patet,0,pateo
pati,0,patior
patiens,0,patior
patientia,0,patientia
patientia,1,patior
patina,0,patina1
Patina,1,Patina2
patior,0,patior
patitur,0,patior
patrem,0,pater
patrem,1,patro
patri,0,pater
patri,1,patrium
patri,2,patrius1
patri,3,patrius2
patriae,0,patria
patriae,1,patrius1
patriae,2,patrius2
patriam,0,patria
patriam,1,patrius1
patriam,2,patrius2
patrimonio,0,patrimonium
patris,0,pater
Patris,1,Patrae
patroni,0,patronus
Patroni,1,Patro
patula,0,patulus
paucas,0,paucus
pauci,0,pauci
pauci,1,paucus
paucis,0,pauca
paucis,1,pauci
paucis,2,paucus
paucos,0,pauci
paucos,1,paucus
paulatim,0,paulatim
paulo,0,paulus1
Paulo,1,Paulus2
paululum,0,paululum
paululum,1,paululus
paulum,0,paulum
paulum,1,paulus1
Paulum,2,Paulus2
pauper,0,pauper1
pauper,1,pauper2
pauperes,0,pauper1
pauperes,1,pauper2
pauperes,2,paupero
pauperi,0,pauper1
pauperi,1,pauper2
pauperis,0,pauper1
pauperis,1,pauper2
paupertatem,0,paupertas
paventes,0,paveo
pavidum,0,pavidus
pavo,0,pavo1
pavo,1,pavus
Pavo,2,Pavo2
pavoni,0,pavo1
Pavoni,1,Pavo2
pavonum,0,pavo1
Pavonum,1,Pavo2
pavorem,0,pavor
peccant,0,pecco
peccaris,0,pecco
peccat,0,pecco
peccet,0,pecco
pecora,0,pecus1
pecore,0,pecus1
pectinem,0,pecten
pectinem,1,pectino
pectore,0,pectus
pectoris,0,pectus
pectus,0,pectus
pecunia,0,pecunia
pecuniam,0,pecunia
pecus,0,pecus1
pecus,1,pecus2
pecus,2,pecus3
pede,0,pedis
pede,1,pedo2
pede,2,pedum1
pede,3,pes
Pede,4,Pedum2
pedem,0,pedis
pedem,1,pedo1
pedem,2,pes
pedes,0,pedes
pedes,1,pedis
pedes,2,pedo1
pedes,3,pedo2
pedes,4,pes
pedibus,0,pedis
pedibus,1,pes
pedisequos,0,pedisequus
pegma,0,pegma
pelagio,0,pelagium
pelagio,1,pelagius1
Pelagio,2,Pelagius2
Peliadum,0,Pelias1
Peliadum,1,Pelias2
Peliae,0,Pelia
Peliae,1,Pelias2
peliae,2,Pelion
Pelii,0,Pelion
pelle,0,pellis
pelle,1,pello
Pelle,2,Pelle
pellem,0,pellis
Pellem,1,Pelle
pellis,0,pellis
pellis,1,pello
Pellis,2,Pella
Pellis,3,Pelle
pellite,0,pellitus
pellite,1,pello
pellite,2,Pellitus
Pelusio,0,Pelusium
pelusio,1,Pelusius
pendens,0,pendeo
pendens,1,pendo
pendere,0,pendeo
pendere,1,pendo
penderet,0,pendeo
penderet,1,pendo
pene,0,paene
pene,1,penis
pene,2,penum
penitus,0,penitus1
penitus,1,penitus2
pennae,0,penna
pennae,1,pennus1
pennarum,0,penna
pennarum,1,pennus1
pennas,0,penna
pennas,1,pennus1
pennis,0,penna
pennis,1,pennus1
Pennis,2,Pennus2
pepercerant,0,parco
pepererat,0,pario2
pepererunt,0,pario2
peperit,0,pario2
per,0,per
perages,0,perago
perambulante,0,perambulo
peras,0,pera
percoctis,0,percoquo
perdere,0,perdo
perdidisse,0,perdo
perdidisset,0,perdo
perdidit,0,perdo
perdomuit,0,perdomo
perductus,0,perduco
perdunt,0,perdo
perduxerat,0,perduco
pereat,0,pereo
peregrinam,0,peregrina
peregrinam,1,peregrinus
pereo,0,pereo
Pereo,1,Pereus
perfecit,0,perficio
perferte,0,perfero
perficit,0,perficio
perfida,0,perfidus
perfidiae,0,perfidia
perfidis,0,perfidus
perfluet,0,perfluo
periclis,0,periculum
Periclis,1,Pericles
periclitatur,0,periclitor
periclo,0,periculum
periclum,0,periculum
periculosam,0,periculosus
periculosum,0,periculosus
periculum,0,periculum
perierant,0,pereo
periere,0,pereo
Periere,1,Perieres
perierunt,0,pereo
perit,0,pereo
peritis,0,pereo
peritis,1,peritus
peritos,0,pereo
peritos,1,peritus
periturae,0,pereo
peritus,0,pereo
peritus,1,peritus
periurio,0,perjurium
perleges,0,perlego
perlustro,0,perlustro
permisit,0,permitto
permittes,0,permitto
permotus,0,permoveo
perniciem,0,pernicies
pernicies,0,pernicies
pernicitas,0,pernicitas
perorassent,0,peroro
perpasto,0,perpasco
perpeti,0,perpes
perpeti,1,perpetior
perque,0,per
persalutasset,0,persaluto
perscrutatus,0,perscrutor
persecuta,0,per-sequor
persequi,0,persequor
persequitur,0,persequor
persolvit,0,persolvo
personam,0,persona
personam,1,personus
perspicit,0,perspicio
persto,0,persto
persuasa,0,persuadeo
persuasa,1,persuasus
persuasus,0,persuadeo
persuasus,1,persuasus
pertinaci,0,pertinax
pertineat,0,pertineo
pertinere,0,pertineo
pertinet,0,pertineo
pertraxerunt,0,pertraho
perturbatis,0,perturbata
perturbatis,1,perturbo
perturbatus,0,perturbo
pertusa,0,pertundo
Pertusa,1,Pertusa
pervellit,0,pervello
perveniet,0,pervenio
pervenit,0,pervenio
pessima,0,malus1
pessima,1,pessimo
pessime,0,malus1
pessime,1,pessime
pessimo,0,malus1
pessimo,1,pessimo
pessimos,0,malus1
petebat,0,peto
petendum,0,peto
petens,0,peto
petere,0,peto
peteret,0,peto
peti,0,peto
petierant,0,peto
petiere,0,peto
petierint,0,peto
petierit,0,peto
petierunt,0,peto
petiit,0,peto
petis,0,peto
Petis,1,Peta
petit,0,peto
petivit,0,peto
peto,0,peto
petram,0,petra1
Petram,1,Petra2
Petram,2,Petra3
petulans,0,petulans
petunt,0,peto
Phaedri,0,Phaedrus
Phaedrus,0,Phaedrus
Phalereus,0,Phalereus
Philete,0,Philetes
Phoebe,0,Phoebe
Phoebe,1,Phoebus
Phoebo,0,Phoebus
Phryx,0,Phryx
piaculum,0,piaculum
pictisque,0,pingo
Pictisque,1,Picti
pierio,0,Pierius
pietas,0,pietas1
Pietas,1,Pietas2
pietatem,0,pietas1
Pietatem,1,Pietas2
pignore,0,pignus
pilis,0,pila1
pilis,1,pila2
pilis,2,pila3
pilis,3,pilum
pilis,4,pilus1
pilis,5,pilus2
Pilis,6,Philus2
pilosa,0,pilosus
pingitur,0,pingo
pinus,0,pinus
Pinus,1,Pinus
Pisistratus,0,Pisistratus
pistrinum,0,pistrinum
pistrinum,1,pristinus2
placebat,0,placeo
places,0,placeo
places,1,placo
placet,0,placeo
placet,1,placo
placidam,0,placidus
placido,0,placido
placido,1,placidus
Placido,2,Placidus
placidus,0,placidus
Placidus,1,Placidus
placo,0,placo
Placo,1,Placus
placuit,0,placeo
plagae,0,plaga1
plagae,1,plaga2
plagae,2,plaga3
plagis,0,plaga1
plagis,1,plaga2
plagis,2,plaga3
plane,0,planum
plane,1,planus1
plane,2,planus2
plano,0,plano
plano,1,planum
plano,2,planus1
plano,3,planus2
plaudit,0,plaudo
plausu,0,plaudo
plausu,1,plausus3
plausum,0,plaudo
plausum,1,plausus3
plausus,0,plaudo
plausus,1,plausus3
plebeio,0,plebeius
plebes,0,plebs
plecteret,0,plecto1
plecteret,1,plecto2
plectimur,0,plecto1
plectimur,1,plecto2
plena,0,plenum
plena,1,plenus
plenam,0,plenus
plerumque,0,pleraque
plerumque,1,plerusque
plumis,0,pluma
plura,0,multus
plures,0,multus
pluribus,0,multus
plurimi,0,multus
plurimi,1,plurimus
plurimis,0,multus
plurimis,1,plurimus
plurimum,0,multus
plurimum,1,plurimus
pluris,0,multus
plus,0,multus
Pluto,0,Pluto
Pluto,1,Plutus
poculis,0,poculum
poena,0,poena
poena,1,Poenus
poenae,0,poena
poenae,1,Poenus
poenam,0,poena
poenam,1,Poenus
poenas,0,poena
poenas,1,Poenus
poeta,0,poeta
poeta,1,poeto
poetae,0,poeta
politam,0,polio1
Politam,1,Polites
polivi,0,polio1
pollicitus,0,polliceor
pollui,0,polluo
pompa,0,pompa
pompa,1,pompo
Pompei,0,Pompeum
Pompeius,0,Pompejus
pondere,0,pondus
ponderent,0,pondero
poni,0,pono
ponis,0,pono
ponti,0,pons
ponti,1,pontus1
Ponti,2,Pontes
Ponti,3,Pontius
Ponti,4,Pontus2
poposcit,0,posco
populo,0,populo
populo,1,populus1
populo,2,populus2
populum,0,populus1
populum,1,populus2
Populum,2,Populi
populus,0,populus1
populus,1,populus2
porcelli,0,porcellus
porcellos,0,porcellus
porcellum,0,porcellus
porcellus,0,porcellus
porrectus,0,porrigo1
porro,0,porro
porro,1,porrum
porro,2,porrus
portae,0,porta
Portae,1,Porta
Portae,2,Portae
portant,0,porto
portare,0,porto
portat,0,porto
portem,0,porto
portis,0,porta
Portis,1,Porta
Portis,2,Portae
Portis,3,Portus
posceret,0,posco
posita,0,pono
positae,0,pono
posito,0,pono
positum,0,pono
positum,1,positus2
posse,0,possum
Posse,1,Possis
possent,0,possum
posset,0,possum
possideant,0,possideo
possideat,0,possideo
possidebit,0,possideo
possidet,0,possideo
possidet,1,possido
possim,0,possum
Possim,1,Possis
possint,0,possum
possis,0,possum
Possis,1,Possis
possit,0,possum
possum,0,possum
possumus,0,possum
possunt,0,possum
post,0,post
posteri,0,posterius
posteri,1,posterus
posteris,0,posterus
posthac,0,posthac
postquam,0,postquam
postridie,0,postridie
postulans,0,postulo
postularunt,0,postulo
postules,0,postulo
posuerat,0,pono
posuere,0,pono
posuisse,0,pono
posuit,0,pono
potare,0,poto
potens,0,possum
potente,0,possum
potentem,0,possum
potentes,0,possum
poterat,0,possum
poterit,0,possum
potes,0,possum
potes,1,poto
potest,0,possum
potest,1,potis
potestas,0,potestas
potior,0,potio2
potior,1,potior
potior,2,potis
potius,0,potis
potrici,0,potrix
potueris,0,possum
potuerit,0,possum
potuissent,0,possum
potuit,0,possum
praeberet,0,praebeo
praebet,0,praebeo
praebuerunt,0,praebeo
praecaveas,0,praecaveo
praecepto,0,praecepto
praecepto,1,praeceptum
praecepto,2,praecipio
praecludere,0,praecludo
praecludit,0,praecludo
praeconem,0,praeco
praecurrit,0,praecurro
praedam,0,praeda
praedamque,0,praeda
praedator,0,praedator
praedicas,0,praedico1
praedicas,1,praedico2
praedones,0,praedo2
praefulget,0,praefulgeo
praegusto,0,praegusto
praeluceat,0,praeluceo
praemetuens,0,praemetuo
praemio,0,praemium
praemium,0,praemium
praeponens,0,praepono
praesentem,0,praesens
praesentem,1,praesento
praesentiam,0,praesentia1
praesentiam,1,praesentio
praesentibus,0,praesens
praesentibus,1,praesentia
praesentibus,2,praesentia2
praesepe,0,praesaepe
praesepia,0,praesaepe
praesepia,1,praesaepia
praesidio,0,praesidium
Praesidio,1,Praesidium
praesidium,0,praesidium
Praesidium,1,Praesidium
praestare,0,praesto2
praestat,0,praesto2
praestatur,0,praesto2
praestem,0,praesto2
praestes,0,praestes
praestes,1,praesto2
praestiterint,0,praesto2
praeter,0,praeter
praeterissem,0,praetereo
praeteritam,0,praetereo
praetervolitans,0,praeter-volito
praetorium,0,praetorium
praetorium,1,praetorius
Praetorium,2,Praetorium
praevalet,0,praevaleo
prato,0,pratum
prato,1,pratus
prava,0,pravus
prave,0,pravus
pravis,0,pravus
pravo,0,pravus
Praxitelen,0,Praxiteles
prece,0,prex
preces,0,preco
preces,1,prex
precibus,0,prex
premente,0,premo
premere,0,premo
premit,0,premo
premitur,0,premo
prendens,0,prehendo
prenderat,0,prehendo
prendit,0,prehendo
prensa,0,prehendo
prensa,1,prehenso
pretia,0,pretio
pretia,1,pretium
pretii,0,pretium
pretio,0,pretio
pretio,1,pretium
pretiosas,0,pretiosus
pretium,0,pretium
pridem,0,pridem
prima,0,prima
prima,1,primus
Prima,2,Prima
primam,0,primus
Primam,1,Prima
primi,0,primus
Primi,1,Primis
Primi,2,Primus
primo,0,primo
primo,1,primus
Primo,2,Primus
primum,0,prima
primum,1,primus
Primum,2,Primus
primus,0,primus
Primus,1,Primus
princeps,0,princeps1
Princeps,1,Princeps2
principatu,0,principatus
principatu,1,principor
principe,0,princeps1
Principe,1,Princeps2
principes,0,princeps1
Principes,1,Princeps2
principis,0,princeps1
Principis,1,Princeps2
principum,0,princeps1
Principum,1,Princeps2
prior,0,prior
priore,0,prior
priores,0,prior
priores,1,priores
pristina,0,pristinum
pristina,1,pristinus1
pristina,2,pristinus2
pristinam,0,pristinus1
pristinam,1,pristinus2
pristinum,0,pristinum
pristinum,1,pristinus1
pristinum,2,pristinus2
prius,0,prior
privata,0,privo
privatam,0,privo
priveris,0,privo
pro,0,pro1
pro,1,pro2
probam,0,proba
probam,1,probus1
Probam,2,Proba
probanda,0,probo
probans,0,probo
probatur,0,probo
probo,0,probo
probo,1,probus1
Probo,2,Probus2
procax,0,procax
procedunt,0,procedo
proclivis,0,proclivis
proclivis,1,proclivus
procreasset,0,procreo
procul,0,procul
proculcatas,0,proculco
proculque,0,procul
procurare,0,procuro
procurrunt,0,procurro
proderet,0,prodo
prodesse,0,prosum
prodidit,0,prodo
prodire,0,prodeo
prodit,0,prodeo
prodit,1,prodo
proditurum,0,prodeo
proditurum,1,prodo
productus,0,produco
proelia,0,proelio
proelia,1,proelior
proelia,2,proelium
proeliis,0,proelium
proelio,0,proelio
proelio,1,proelior
proelio,2,proelium
profecisset,0,proficio
profecti,0,proficio
profecti,1,proficiscor
profecto,0,profecto
profecto,1,proficio
profecto,2,proficiscor
profert,0,profero
professae,0,profiteor
professum,0,profiteor
professus,0,profiteor
profugerit,0,profugio
profugiens,0,profugio
profugit,0,profugio
profugus,0,profugus
progeniem,0,progenies
progredi,0,progredio
progredi,1,progredior
prolapsam,0,prolabor
prolatum,0,profero
prolatum,1,prolatus2
prolem,0,proles
prologus,0,prologus
proloquar,0,proloquor
promere,0,promereo
promere,1,promo
prometheus,0,Prometheus
promisit,0,promitto
promissa,0,promissum
promissa,1,promissus
promissa,2,promitto
promitte,0,promitto
promittens,0,promitto
promorat,0,
prope,0,prope
propelli,0,propello
properat,0,propero
propinquos,0,propinquus
propior,0,propio
propior,1,propior
proponit,0,propono
proposito,0,propono
proposito,1,propositum
propositum,0,propono
propositum,1,propositum
proposuit,0,propono
propriae,0,proprius
propriis,0,proprium
propriis,1,proprius
proprios,0,proprius
proprium,0,proprium
proprium,1,proprius
proprius,0,proprius
propter,0,propter
propterea,0,propterea
propulsi,0,propello
prorogo,0,prorogo
prorsus,0,prorsus1
prorsus,1,prorsus2
prosecutus,0,prosequor
prosequuntur,0,prosequor
prosit,0,prosum
prospectat,0,prospecto
prospicit,0,prospicio
prosternit,0,prosterno
protinus,0,protinus
protrusus,0,protrudo
protulit,0,profero
provocabat,0,provoco
provocet,0,provoco
provolat,0,provolo
proximam,0,proximus
proximi,0,proximi
proximi,1,proximum
proximi,2,proximus
Proximi,3,Proximus
proximum,0,proximi
proximum,1,proximum
proximum,2,proximus
Proximum,3,Proximus
prudenti,0,prudens
Prudenti,1,Prudentius
prudentia,0,prudens
prudentia,1,prudentia
prudentior,0,prudens
pudeat,0,pudeo
pudor,0,pudor
puella,0,puella
puellae,0,puella
puer,0,puer
pueri,0,puer
pueriliter,0,puerilis
puero,0,puer
puerorum,0,puer
pugna,0,pugna
pugna,1,pugno
pugnae,0,pugna
pugnam,0,pugna
pulcherrime,0,pulcher1
pulcherrime,1,Pulcher
pulchra,0,pulcher1
pulchra,1,pulchrum
pulchra,2,Pulcher
Pulchra,3,Pulchra
Pulchra,4,Pulchrum
pulchram,0,pulcher1
pulchram,1,Pulcher
Pulchram,2,Pulchra
pulchre,0,pulcher1
pulchre,1,pulchre
pulchre,2,pulchrum
pulchre,3,Pulcher
Pulchre,4,Pulchrum
pullis,0,pullum
pullis,1,pullus1
pullis,2,pullus2
pullis,3,pullus3
pullus,0,pullus1
pullus,1,pullus2
pullus,2,pullus3
Pullus,3,Pullus
pulmentarium,0,pulmentaris
pulmentarium,1,pulmentarium
pulpito,0,pulpito
pulpito,1,pulpitum
pulvere,0,pulvis
pulverem,0,pulvero
pulverem,1,pulvis
punctum,0,punctum
punctum,1,punctus2
punctum,2,pungo
puniri,0,punio
puniri,1,punior
punite,0,punio
punite,1,punior
punitorum,0,punio
punitorum,1,punior
punitorum,2,punitor
puram,0,purus
Puram,1,Pura
purgo,0,purgo
putabat,0,puto
putabit,0,puto
putans,0,puto
putaret,0,puto
putas,0,puto
putas,1,putus1
Putas,2,Puta2
putat,0,puto
putatis,0,puto
putavit,0,puto
putentur,0,puteo
putentur,1,puto
puteo,0,puteo
puteo,1,puteus
putes,0,puteo
putes,1,puto
putet,0,puteo
putet,1,puto
puteum,0,putea
puteum,1,puteus
putris,0,puter
pyctae,0,pycta
Python,0,Python
qua,0,qua
qua,1,qui1
qua,2,qui2
qua,3,quis2
quacumque,0,quacumque
quacumque,1,quicumque
quadrantes,0,quadro
quadriga,0,quadrigae
quadrigalis,0,quadrigalis
quae,0,qui1
quae,1,qui2
quae,2,quis1
quae,3,quis2
quaecumque,0,quicumque
quaedam,0,quidam
quaeque,0,quisque
quaerens,0,quaero
quaerere,0,quaero
quaerit,0,quaero
quaeritur,0,quaero
quaero,0,quaero
quaerunt,0,quaero
quaesivit,0,quaero
quaesivit,1,quaeso
quaeso,0,quaeso
quaestionis,0,quaestio
quaestum,0,quaestus
quaestus,0,quaestus
quale,0,qualis
quale,1,qualum
quale,2,qualus
qualecumque,0,qualis
qualecumque,1,qualum
qualecumque,2,qualus
quales,0,qualis
qualis,0,qualis
qualis,1,qualum
qualis,2,qualus
quam,0,quam
quam,1,qui1
quam,2,qui2
quamlibet,0,quamlibet
quamvis,0,quamvis
quamvis,1,quivis
quanam,0,quanam
quanam,1,quisnam
quando,0,quando
quandoquidem,0,quandoquidem
quanta,0,quantus
quantae,0,quantus
quantam,0,quantus
quantis,0,quantus
quanto,0,quanto
quanto,1,quantus
quantum,0,quantum
quantum,1,quantus
quantus,0,quantus
quapropter,0,quapropter
quare,0,quare
quartam,0,quarta
quartam,1,quartus
Quartam,2,Quarta
quartum,0,quartum
quartum,1,quartus
quartus,0,quartus
quarum,0,qui1
quarum,1,qui2
quarum,2,quis1
quarum,3,quis2
quas,0,qui1
quas,1,qui2
quas,2,quis1
quas,3,quis2
quasi,0,quasi
quassatque,0,quasso
quem,0,qui1
quem,1,qui2
quem,2,quis1
quem,3,quis2
quemcumque,0,quicumque
quemque,0,quisque
quendam,0,quidam
quercu,0,quercus
quercum,0,quercus
quercus,0,quercus
querela,0,querela
querelae,0,querela
querelam,0,querela
quereretur,0,queror
quereris,0,queror
queri,0,queror
questuque,0,queror
questuque,1,questus2
qui,0,qui1
qui,1,qui2
qui,2,quis1
qui,3,quis2
quia,0,quia
quibus,0,qui1
quibus,1,qui2
quibus,2,quis1
quibus,3,quis2
quicquam,0,quisquam
quicquid,0,quisquis
quicumque,0,quicumque
quid,0,quis1
quid,1,quis2
quidam,0,quidam
quidem,0,quidem
quidnam,0,quisnam
quidvis,0,quivis
quiescam,0,quiesco
quietis,0,quies1
quietis,1,quies2
quietis,2,quiesco
quietis,3,quieti
quietis,4,quietum
Quietis,5,Quieta
quieto,0,quiesco
quieto,1,quietum
Quieto,2,Quietus
quietos,0,quiesco
quietos,1,quieti
quin,0,quin
quintus,0,quintus1
Quintus,1,Quintus2
quippe,0,quippe
quis,0,queo
quis,1,quis1
quis,2,quis2
quisnam,0,quisnam
quisquam,0,quisquam
quisque,0,quisque
quisquis,0,quisquis
quo,0,qui2
quo,1,quis1
quo,2,quis2
quo,3,quo
quod,0,qui1
quod,1,qui2
quodam,0,quidam
quodcumque,0,quicumque
quodve,0,qui1
quodve,1,qui2
quom,0,cum2
quomodo,0,quomodo
quondam,0,quondam
quoniam,0,quoniam
quoque,0,quisque
quoque,1,quoque
quorum,0,qui1
quorum,1,qui2
quorum,2,quis1
quorum,3,quis2
quos,0,qui1
quos,1,qui2
quos,2,quis1
quos,3,quis2
quosdam,0,quidam
quot,0,quot
quotiens,0,quotiens
quovis,0,quivis
quovis,1,quovis
radicibus,0,radix
ramis,0,ramus
Ramis,1,Rame
ramo,0,ramus
ramosa,0,ramosus
rana,0,rana
ranae,0,rana
rapere,0,rapio
raperet,0,rapio
rapiantur,0,rapio
rapiet,0,rapio
rapinam,0,rapina1
rapinam,1,rapina2
rapit,0,rapio
rapitur,0,rapio
rapiunt,0,rapio
raptor,0,rapto
raptor,1,raptor
raptum,0,rapio
raptum,1,raptum
raptum,2,raptus2
rapuere,0,rapio
rapuisti,0,rapio
rapuistis,0,rapio
rapuit,0,rapio
rara,0,rarus
ratem,0,ratis
ratio,0,ratio
ratione,0,ratio
re,0,res
Re,1,Rus
rebus,0,res
reccidat,0,
recedis,0,recedo
receperant,0,recipio
receperat,0,recipio
recepit,0,recipio
recepti,0,receptum
recepti,1,recipio
Recepti,2,Receptus
receptus,0,receptus2
receptus,1,recipio
Receptus,2,Receptus
recesserat,0,recedo
reciperet,0,recipero
reciperet,1,recipio
recipior,0,recipio
recipit,0,recipio
recitarat,0,recito
reclamant,0,reclamo
reclusis,0,recludo
recolit,0,recolo1
recordans,0,recordor
recreatus,0,recreo
recta,0,rectum
recta,1,rectus
recta,2,rego
recte,0,rectum
recte,1,rectus
recte,2,rego
Recte,3,Rectus
recubuit,0,recumbo
recusant,0,recuso
recusassent,0,recuso
reddas,0,reddo
reddebat,0,reddo
reddent,0,reddo
reddere,0,reddo
redderent,0,reddo
reddidi,0,reddo
reddit,0,reddo
reddite,0,reddo
redeat,0,redeo
redeo,0,redeo
redeunt,0,redeo
rediit,0,redeo
redire,0,redeo
redisses,0,redeo
redit,0,redeo
reducem,0,redux
reducto,0,reduco
reducto,1,reducto
refecit,0,reficio
refecta,0,refectus
refecta,1,reficio
refelli,0,refello
referens,0,refero
referens,1,refert
referre,0,refero
referre,1,refert
referret,0,refero
referret,1,refert
referri,0,refero
referri,1,refert
refers,0,refero
refers,1,refert
refert,0,refero
refert,1,refert
refertur,0,refero
refertur,1,refert
refugiens,0,refugio
regales,0,regales
regales,1,regalis
rege,0,rego
rege,1,rex1
Rege,2,Rex2
regem,0,rex1
Regem,1,Rex2
reges,0,rego
reges,1,rex1
regiam,0,regia
regiam,1,regius
regis,0,rego
regis,1,rex1
Regis,2,Rex2
regna,0,regno
regna,1,regnum
Regna,2,Regnum
regnante,0,regno
regnare,0,regno
regno,0,regno
regno,1,regnum
Regno,2,Regnum
regnum,0,regnum
Regnum,1,Regni
Regnum,2,Regnum
rei,0,redeo
rei,1,res
rei,2,reus
reiecit,0,reicio
reiecta,0,reicio
reiecta,1,rejecto
relaxes,0,relaxo
religio,0,religio
religioni,0,religio
relinquunt,0,relinquo
reliquas,0,reliquus
reliquerat,0,relinquo
reliquiae,0,reliquiae
reliquias,0,reliquiae
reliquiis,0,reliquiae
reliquis,0,reliqua
reliquis,1,reliquum
reliquis,2,reliquus
reliquit,0,relinquo
reliquum,0,reliqua
reliquum,1,reliquum
reliquum,2,reliquus
rem,0,res
remediis,0,remedium
remedium,0,remedium
remque,0,res
renatum,0,reno1
Renatum,1,Renatus
rependet,0,rependo
repente,0,repens2
repente,1,repo
reperies,0,reperio
reperire,0,reperio
reperti,0,reperio
repertum,0,reperio
repertum,1,reperta
repertum,2,repertus2
repeti,0,repeto
replent,0,repleo
replentur,0,repleo
repletam,0,repleo
replevit,0,repleo
reposcenti,0,reposco1
repperi,0,reperio
repperisset,0,reperio
repperit,0,reperio
repraesentavit,0,repraesento
reprehendere,0,reprehendo
repressit,0,reprimo
repudiat,0,repudio
repudiavit,0,repudio
repulsam,0,repello
repulsam,1,repulsa
repulsus,0,repello
repulsus,1,repulsus2
repunt,0,repo
requiram,0,requiro
requires,0,requiro
requirit,0,requiro
rerum,0,res
res,0,res
residens,0,resideo
residens,1,resido
resides,0,reses
resides,1,resideo
resides,2,resido
residui,0,residuus
resolvit,0,resolvo
resonabat,0,resono
respectu,0,respectus2
respectu,1,respicio
respiciens,0,respicio
respondeas,0,respondeo
respondent,0,respondeo
responderunt,0,respondeo
respondet,0,respondeo
respondit,0,respondeo
responso,0,respondeo
responso,1,responso
responso,2,responsum
restiterunt,0,resto
restitit,0,resto
restituo,0,restituo
retensum,0,re-tendo
retentis,0,retendo
retentis,1,retineo
reticebo,0,reticeo
retorridus,0,retorridus
retro,0,retro
rettudi,0,rettundo
rettuli,0,refero
rettulit,0,refero
reus,0,reus
reveletur,0,revelo
revelli,0,revello
reversus,0,reverto
revertier,0,reverto
revertier,1,revertor
revertor,0,reverto
revertor,1,revertor
revinxit,0,revincio
revocasset,0,revoco
revolvitur,0,revolvo
rex,0,rex1
Rex,1,Rex2
rictum,0,rictum
rictum,1,rictus
rictum,2,ringor
ridenda,0,rideo
ridens,0,rideo
rideret,0,rideo
ridet,0,rideo
ridicule,0,ridiculum
ridicule,1,ridiculus
rigentem,0,rigeo
risisse,0,rideo
risit,0,rideo
risu,0,rideo
risu,1,risus
risum,0,rideo
risum,1,risus
rivum,0,rivus
rogabat,0,rogo
rogant,0,rogo
rogantes,0,rogo
rogare,0,rogo
rogaret,0,rogo
rogasset,0,rogo
rogat,0,rogo
rogata,0,rogo
rogati,0,rogo
rogatus,0,rogatus
rogatus,1,rogo
rogavit,0,rogo
Roma,0,Roma
Romae,0,Roma
Romamque,0,Roma
Romani,0,Romanus
Romanis,0,Romanus
rostris,0,rostrum
Rostris,1,Rostrum
rostro,0,rostrum
Rostro,1,Rostrum
rostrum,0,rostrum
Rostrum,1,Rostrum
rosuri,0,rodo
rota,0,rota
rota,1,roto
rudis,0,rudis1
rudis,1,rudis2
rudis,2,rudo
rugosam,0,rugosus
ruina,0,ruina
ruinam,0,ruina
ruit,0,ruo
rumor,0,rumor
rumpes,0,rumpo
rupta,0,rumpo
rupti,0,rumpo
rupto,0,rumpo
rursus,0,rursus
rustica,0,rustica
rustica,1,rusticus
rusticae,0,rustica
rusticae,1,rusticus
rusticam,0,rustica
rusticam,1,rusticus
rustice,0,rusticus
Rustice,1,Rusticus
rustici,0,rusticus
Rustici,1,Rusticus
rusticum,0,rusticus
Rusticum,1,Rusticus
rusticus,0,rusticus
Rusticus,1,Rusticus
saccos,0,saccus
sacratae,0,sacro
sacrilegio,0,sacrilegium
sacrum,0,sacer
sacrum,1,sacrum
Sacrum,2,Sacrum
saeculi,0,saeculum
saeculis,0,saeculum
saeculo,0,saeculum
saepe,0,saepe
saepe,1,saepes
saepe,2,saepis
saepenumero,0,saepenumero
saepius,0,saepis
saevis,0,saevio
saevis,1,saevus
saevit,0,saevio
saevum,0,saevus
sale,0,sal
sale,1,salo1
sale,2,salum
Sale,3,Sale2
saliens,0,salio1
saliens,1,salio2
saltantis,0,salto
saltem,0,saltem
saltem,1,salto
saltibus,0,saltus1
saltibus,1,saltus2
saltu,0,saltus1
saltu,1,saltus2
salutat,0,saluto
salutati,0,saluto
salute,0,salus
Salute,1,Salus
salutem,0,salus
salutem,1,saluto
Salutem,2,Salus
salve,0,salve
salve,1,salveo
salve,2,salvus
salvo,0,salvo
salvo,1,salvus
salvum,0,salvus
sancta,0,sancio
sancta,1,sanctum
sanctae,0,sancio
sanctamque,0,sancio
sanctissime,0,sancio
sancto,0,sancio
sancto,1,sanctum
sancto,2,sanctus
Sancto,3,Sanctus
sane,0,sanus
Sane,1,Sane
sanguine,0,sanguis
sanguinem,0,sanguino
sanguinem,1,sanguis
sanguinis,0,sanguis
sanitas,0,sanitas
sanitatem,0,sanitas
sapere,0,sapio
saperet,0,sapio
sapiens,0,sapiens
sapiens,1,sapio
sapientia,0,sapientia
sapientia,1,sapio
sapor,0,sapor
Sapor,1,Sapor
sapore,0,sapor
sapore,1,saporus
Sapore,2,Sapor
sarcinam,0,sarcina
sarcinas,0,sarcina
sarcinis,0,sarcina
sarcophago,0,sarcophagum
sarcophago,1,sarcophagus
satiari,0,satio1
satiatur,0,satio1
satis,0,sata
satis,1,satis
satis,2,satum
satis,3,sero1
satius,0,sero1
sator,0,sator
satur,0,satur
sauciant,0,saucio
saxa,0,saxum
Saxa,1,Saxa1
saxis,0,saxum
Saxis,1,Saxa1
saxo,0,saxum
saxum,0,saxum
scaena,0,scaena
scalpam,0,scalpo
scalpas,0,scalpo
scalpere,0,scalpo
scandit,0,scando
scarabaei,0,scarabaeus
scelera,0,scelero
scelera,1,scelerus
scelera,2,scelus
scelere,0,scelerus
scelere,1,scelus
scelesta,0,scelestus
scelestas,0,scelestus
sceleste,0,scelestus
sceptrum,0,sceptrum
schola,0,schola
sciens,0,scio
scierint,0,scio
scierunt,0,scio
scilicet,0,scilicet
scio,0,scio
scio,1,scius
scire,0,scio
Scire,1,Scirum
Scire,2,Scirus
scirem,0,scio
scirent,0,scio
sciret,0,scio
scito,0,scio
scito,1,scisco
scito,2,scitum
scivit,0,scio
scivit,1,scisco
scopulosum,0,scopulosus
scopulum,0,scopulus
Scopulum,1,Scopuli
scribam,0,scriba
scribam,1,scribo
scribendi,0,scribo
scriberet,0,scribo
scripserim,0,scribo
scripsit,0,scribo
scripta,0,scribo
scripta,1,scriptum
scriptor,0,scriptor
scriptum,0,scribo
scriptum,1,scriptum
scriptum,2,scriptus2
scrofa,0,scrofa1
Scrofa,1,Scrofa2
scrutantur,0,scrutor
scrutatur,0,scrutor
scurra,0,scurra
scurram,0,scurra
scyphum,0,scyphus
Scytha,0,Scytha
Scytha,1,Scythes
se,0,sui
secreta,0,secerno
secreta,1,secretum
secretum,0,secerno
secretum,1,secretum
secum,0,sui
secunda,0,secundo2
secunda,1,secundus1
secunda,2,sequor
Secunda,3,Secundus2
secundam,0,secundus1
secundam,1,sequor
Secundam,2,Secundus2
secundis,0,secundus1
secundis,1,sequor
Secundis,2,Secundus2
secundum,0,secundum
secundum,1,secundus1
secundum,2,sequor
Secundum,3,Secundus2
secundus,0,secundus1
secundus,1,sequor
Secundus,2,Secundus2
securi,0,securis
securi,1,securus
securitatem,0,securitas
securum,0,securus
securus,0,securus
sed,0,sed1
sed,1,sed2
sed,2,sed3
sedans,0,sedo
sedare,0,sedo
sede,0,sedeo
sede,1,sedes
sede,2,sedum2
sedens,0,sedeo
sedent,0,sedeo
sedent,1,sedo
sedentem,0,sedeo
sedeo,0,sedeo
sedibus,0,sedes
sedit,0,sedeo
seductus,0,seduco
seductus,1,seductus
sedula,0,sedulus
segnis,0,segnis
Segnis,1,Segni
segregatas,0,segregatus
segregatas,1,segrego
seiano,0,Sejanus
sella,0,sella
semel,0,semel
semianimus,0,semianimis
semianimus,1,semianimus
semisomno,0,semisomnus
semita,0,semita
semper,0,semper
senariis,0,senarius
senecta,0,senecta
senecta,1,senectus1
senectam,0,senecta
senectam,1,senectus1
senem,0,senex
senex,0,senex
seni,0,senex
seni,1,seni
seni,2,senium
Seni,3,Senus
senio,0,senio
senio,1,senium
senior,0,senex
senior,1,seni
senis,0,senex
senis,1,seni
Senis,2,Sena
Senis,3,Senus
senserat,0,sentio
sensibus,0,sensus2
sensim,0,sensim
sensit,0,sentio
sensum,0,sensa
sensum,1,sensus2
sensum,2,sentio
sensus,0,sensus2
sensus,1,sentio
sententia,0,sententia
sententiam,0,sententia
sententiis,0,sententia
sentiant,0,sentio
sentiat,0,sentio
sentiebat,0,sentio
sentiret,0,sentio
sentit,0,sentio
separata,0,separo
separatim,0,separatim
seponit,0,sepono
sepulcro,0,sepulcrum
sequatur,0,sequor
seque,0,sui
sequens,0,sequor
sequentes,0,sequor
sequere,0,sequor
sequerentur,0,sequor
sequetur,0,sequor
sequitur,0,sequor
serenam,0,serenus1
Serenam,1,Serena
sermone,0,sermo
Sermone,1,Sermo
sero,0,sero1
sero,1,sero2
sero,2,sero3
sero,3,sero4
sero,4,serum
sero,5,serus
serpens,0,serpens
serpens,1,serpo
serum,0,serum
serum,1,serus
Serum,2,Seres
servabo,0,servo
servans,0,servo
servet,0,servo
serviam,0,servio
servio,0,servio
Servio,1,Servius
serviret,0,servio
servit,0,servio
servitus,0,servio
servitus,1,servitus
servitutem,0,servitus
servos,0,servus1
servos,1,servus2
servulo,0,servulus
servum,0,servus1
servum,1,servus2
servumque,0,servus1
servumque,1,servus2
servus,0,servus1
servus,1,servus2
sese,0,sui
sestertia,0,sestertium
sestertia,1,sestertius
setosae,0,saetosus
severitate,0,severitas
severitatem,0,severitas
sex,0,sex
si,0,si
sibi,0,sui
sic,0,sic
sicubi,0,sicubi
Siculum,0,Siculi
Siculum,1,Siculus
sidera,0,sidus
signa,0,signo
signa,1,signum
significari,0,significo
significat,0,significo
signum,0,signum
silentio,0,silentium
silentium,0,silentium
silentium,1,sileo
siles,0,sileo
Siles,1,Silis
silva,0,silva
Silva,1,Silva
silvas,0,silva
Silvas,1,Silva
silvis,0,silva
Silvis,1,Silva
sim,0,sum1
simile,0,similis
similem,0,similis
similes,0,similis
simili,0,similis
similis,0,simila
similis,1,similis
Similis,2,Stimula
similiter,0,similis
similitudinem,0,similitudo
similius,0,similis
simio,0,simius
simium,0,simius
simius,0,simius
simius,1,simus
Simonide,0,Simonides
Simonidem,0,Simonides
Simonides,0,Simonides
Simonidis,0,Simonides
simplices,0,simplex
simplices,1,simplico
simplicis,0,simplex
simpliciter,0,simpliciter
simul,0,simul
simulacrum,0,simulacrum
simulans,0,simulo
simulavit,0,simulo
simulque,0,simul
simus,0,simus
simus,1,sum1
sin,0,sin
sincerae,0,sincerus
sinceritas,0,sinceritas
sincerum,0,sincerus
sine,0,sine
sine,1,sino
sine,2,sinum
Sine,3,Sinis
Sine,4,Sinus
singula,0,singulus
singulae,0,singulus
singulas,0,singulus
singulis,0,singulus
Singulis,1,Singulis
singulos,0,singulus
sinistra,0,sinister
sinistra,1,sinistra
sinistra,2,sinistrum
sinistram,0,sinister
sinistram,1,sinistra
sinit,0,sino
sinite,0,sino
sinon,0,sinon1
Sinon,1,Sinon2
sint,0,sum1
sinu,0,sinus1
sinum,0,sinum
sinum,1,sinus1
Sinum,2,Sinus
sinunt,0,sino
sinuque,0,sinus1
sinus,0,sinus1
Sinus,1,Sinus
sis,0,sum1
Sisyphus,0,Sisyphus
sit,0,sum1
siti,0,sino
siti,1,sitio
siti,2,sitis
sitiens,0,sitio
sitim,0,sitis
sitis,0,sino
sitis,1,sitio
sitis,2,sitis
sitis,3,sum1
sitit,0,sitio
sive,0,sive
smaragdi,0,smaragdus
Smaragdi,1,Smaragdus
societas,0,societas
socii,0,socius
Socrates,0,Socrates
Socrati,0,Socrates
sodales,0,sodalis
sodes,0,sodes
sol,0,sol
sola,0,solo1
sola,1,solum1
sola,2,solus1
Sola,3,Sole
solacio,0,solacium
sole,0,sol
sole,1,soleo
sole,2,solum1
sole,3,solus1
Sole,4,Sole
solebant,0,soleo
solebat,0,soleo
solem,0,sol
solem,1,solo1
Solem,2,Sole
solent,0,soleo
solent,1,solo1
solere,0,soleo
solere,1,solo1
solere,2,solor
soleres,0,soleo
solet,0,soleo
solet,1,solo1
solidum,0,solidum
solidum,1,solidus
solitae,0,soleo
solitus,0,soleo
sollemnem,0,sollemnis
sollemnis,0,sollemnis
sollers,0,sollers
sollerti,0,sollers
sollertia,0,sollers
sollertia,1,sollertia
sollertiae,0,sollertia
sollicitum,0,sollicitus
solus,0,solus1
solus,1,solus3
Solus,2,Solus2
soluto,0,solutum
soluto,1,solvo
solutus,0,solvo
solvit,0,solvo
somno,0,somnus
Somno,1,Somnus
somnum,0,somnus
Somnum,1,Somnus
sonare,0,sono
sonipes,0,sonipes
sono,0,sono
sono,1,sonus1
sono,2,sonus2
Sono,3,Sonus3
sonoque,0,sono
sonoque,1,sonus1
sonoque,2,sonus2
Sonoque,3,Sonus3
sonuere,0,sono
sonum,0,sonus1
sonum,1,sonus2
Sonum,2,Sonus3
sonus,0,sonus1
sonus,1,sonus2
Sonus,2,Sonus3
sophus,0,sophus1
Sophus,1,Sophus2
sopita,0,sopio
sorbitionem,0,sorbitio
sordido,0,sordido
sordido,1,sordidus
soror,0,soror
sorte,0,sors
sortem,0,sors
spargeret,0,spargo1
sparsi,0,spargo1
Sparsi,1,Sparsus
spatium,0,spatium
speciem,0,species
species,0,species
species,1,specio
spectaculi,0,spectaculum
spectatorum,0,spectator
spectatorum,1,specto
spectaturi,0,specto
specu,0,specus
speculo,0,speculum
speculum,0,speculum
speluncam,0,spelunca
Speluncam,1,Spelunca
spem,0,spes
Spem,1,Spes
sperante,0,spero
spernat,0,sperno
spes,0,spes
Spes,1,Spes
spinas,0,spina
Spinas,1,Spina
Spinas,2,Spinae
spiritu,0,spiritus
Spiritu,1,Spiritus
spiritum,0,spiritus
Spiritum,1,Spiritus
spiritus,0,spiritus
Spiritus,1,Spiritus
splendebat,0,splendeo
splendida,0,splendido
splendida,1,splendidus
splendorem,0,splendor
spoliare,0,spolio
spoliari,0,spoliarium
spoliari,1,spolio
spoliatus,0,spolio
sponda,0,sponda
sponsi,0,spondeo
sponsi,1,sponsum
sponsi,2,sponsus
sponsore,0,sponsor
sponsum,0,spondeo
sponsum,1,sponsum
sponsum,2,sponsus
sponsum,3,sponsus3
sponte,0,sponte
spumantibus,0,spumo
sputum,0,spuo
sputum,1,sputum
sputum,2,sputus
stabat,0,sto
stagni,0,stagnum1
stagni,1,stannum
Stagni,2,Stagnum
stagno,0,stagno1
stagno,1,stagno2
stagno,2,stagnum1
stagno,3,stannum
Stagno,4,Stagnum
stans,0,sto
stant,0,sto
statim,0,statim
statio,0,statio
Statio,1,Statius
statuam,0,statua
statuam,1,statuo
statura,0,sisto
statura,1,statura
statura,2,sto
stercore,0,stercus
steriles,0,sterilis
sterquilino,0,sterquilinum
stilo,0,stilo1
stilo,1,stilus
Stilo,2,Stilo2
stomachans,0,stomachor
stramenta,0,stramentum
stringitque,0,stringo
strinxerat,0,stringo
strophis,0,stropha
strophis,1,strophus
student,0,studeo
studio,0,studium
studiose,0,studiosus
Studiose,1,Studiosus
studium,0,studium
studui,0,studeo
stulta,0,stultus
stulte,0,stultus
stulti,0,stultus
stultis,0,stultus
stultitia,0,stultitia
stultum,0,stultus
stultus,0,stultus
stupor,0,stupor
stupore,0,stupor
stupro,0,stupro
stupro,1,stuprum
stuproque,0,stupro
stuproque,1,stuprum
sua,0,sua
sua,1,suum
sua,2,suus
Sua,3,Sue
suadebat,0,suadeo
suadet,0,suadeo
suae,0,sua
suae,1,suus
Suae,2,Sue
suam,0,sua
suam,1,suo
suam,2,suus
Suam,3,Sue
suaves,0,suavis
suavis,0,suavis
sub,0,sub
subdolis,0,subdolus
subeat,0,subeo
subesse,0,subsum
subiecti,0,subicio
subiecti,1,subjectum
subiecti,2,subjectus
subinde,0,subinde
subinde,1,subindo
subit,0,subeo
subita,0,subeo
subita,1,subitum
subito,0,subeo
subito,1,subito
subito,2,subitum
sublatus,0,suffero
sublatus,1,tollo
sublevate,0,sublevo
sublime,0,sublime
sublime,1,sublimis
sublime,2,sublimus
sublimes,0,sublimis
sublimes,1,sublimo
sublimi,0,sublime
sublimi,1,sublimis
sublimi,2,sublimus
submissior,0,summitto
submovet,0,sub-moveo
subscribit,0,subscribo
subsedit,0,subsido
subsidium,0,subsidium
subtili,0,subtilis
subtiliter,0,subtilis
subtiliter,1,subtiliter
succenditur,0,succendo
successu,0,succedo
successu,1,successus2
successus,0,succedo
successus,1,successus2
succlamans,0,succlamo
succumbit,0,succumbo
succurrat,0,succurro
sudore,0,sudor
sudore,1,sudorus
suffici,0,sufficio
suffixi,0,suffigo
suggerens,0,suggero
sui,0,sui
sui,1,suo
sui,2,sus
sui,3,suum
sui,4,suus
suis,0,sua
suis,1,suo
suis,2,sus
suis,3,suum
suis,4,suus
Suis,5,Sue
sum,0,sum1
sumere,0,sumo
sumerent,0,sumo
sumeret,0,sumo
sumis,0,sumo
summa,0,summa
summa,1,summum
summa,2,summus
summa,3,superus
summis,0,summa
summis,1,summum
summis,2,summus
summis,3,superus
Summis,4,Summus
summo,0,summum
summo,1,summus
summo,2,superus
Summo,3,Summus
sumus,0,sum1
sunt,0,sum1
suntque,0,sum1
suo,0,suo
suo,1,suum
suo,2,suus
suoque,0,suo
suoque,1,suum
suoque,2,suus
suos,0,suus
super,0,super1
super,1,super2
super,2,supo
supera,0,supera
supera,1,supero
supera,2,superus
Supera,3,Supera
superasse,0,supero
superbi,0,superbio
superbi,1,superbus
Superbi,2,Superbus
superbia,0,superbia
superbiae,0,superbia
superbiam,0,superbia
superbiam,1,superbio
superbiens,0,superbio
superbior,0,superbio
superbior,1,superbus
superbus,0,superbus
Superbus,1,Superbus
superest,0,supersum
superest,1,superus
superest,2,supo
superfuit,0,supersum
superior,0,superus
superiores,0,superus
superis,0,supera
superis,1,superus
superis,2,supo
Superis,3,Superi
superius,0,superius
superius,1,superus
superos,0,superus
Superos,1,Superi
supersunt,0,supersum
superum,0,supera
superum,1,superus
Superum,2,Superi
supervolans,0,supervolo
supplex,0,supplex
supplici,0,supplex
supplici,1,supplicium
suppliciter,0,suppliciter
supra,0,supra
surculum,0,surculus
surripi,0,surripio
surripuisse,0,surripio
sus,0,sus
suscitat,0,suscito
suspectum,0,suspectus2
suspectum,1,suspicio1
suspendit,0,suspendo
suspenso,0,suspendo
suspicio,0,suspicio1
suspicio,1,suspicio2
suspicione,0,suspicio2
sustine,0,sustineo
sustineas,0,sustineo
sustinens,0,sustineo
sustineret,0,sustineo
sustinet,0,sustineo
sustinete,0,sustineo
sustinuit,0,sustineo
sustulere,0,tollo
sustulit,0,tollo
sutor,0,sutor
sutore,0,sutor
suum,0,suum
suum,1,suus
tabernis,0,taberna
Tabernis,1,Tabernae
tabulae,0,tabula
tabulam,0,tabula
tace,0,taceo
taceret,0,taceo
tacite,0,taceo
tacite,1,tacitum
Tacite,2,Tacitus2
tacito,0,taceo
tacito,1,tacito
tacito,2,tacitum
Tacito,3,Tacitus2
tacta,0,tango
tactae,0,tango
tale,0,talis
tale,1,talus
talem,0,talis
tales,0,talis
tali,0,talis
tali,1,talus
Tali,2,Talius
talis,0,talis
talis,1,talus
tam,0,tam
tamen,0,tamen
tandem,0,tandem
tandemque,0,tandem
tangere,0,tango
tangeret,0,tango
tangi,0,tango
tanta,0,tantus
tantae,0,tantus
Tantalus,0,Tantalus
tantam,0,tantus
tanti,0,tantus
tantis,0,tantus
tanto,0,tantus
tantum,0,tantus
tantummodo,0,tantus
tarda,0,tardo
tarda,1,tardus
tartareo,0,Tartareus
tauri,0,taurus1
Tauri,1,Tauri
Tauri,2,Taurii
Tauri,3,Taurus2
Tauri,4,Taurus3
taurorum,0,taurus1
Taurorum,1,Tauri
Taurorum,2,Taurus2
Taurorum,3,Taurus3
taurus,0,taurus1
Taurus,1,Taurus2
Taurus,2,Taurus3
te,0,tu
tecto,0,tectum
tecto,1,tego
tectum,0,tectum
tectum,1,tego
tecum,0,tu
Tecum,1,Tecum
tegere,0,tego
telis,0,tela
telis,1,telis
telis,2,telum
Telis,3,Tela
Telis,4,Telis
temeritas,0,temeritas
temeritatis,0,temeritas
temone,0,temo1
temone,1,temo2
temperat,0,tempero
temperatae,0,tempero
tempestas,0,tempestas
tempestatibus,0,tempestas
templa,0,templum
Templa,1,Templum
tempora,0,tempus
tempore,0,tempus
temporis,0,tempus
temptans,0,tento
temptaret,0,tento
temptat,0,tento
temptavit,0,tento
tempus,0,tempus
tendit,0,tendo
teneas,0,teneo
Teneas,1,Tenea
teneat,0,teneo
tenebat,0,teneo
tenebras,0,tenebra
tenebras,1,tenebrae
tenebras,2,tenebro
tenebris,0,tenebra
tenebris,1,tenebrae
tenens,0,teneo
tenero,0,tener
Tenero,1,Tenerus
teneros,0,tener
teneros,1,teneri
tenet,0,teneo
tensum,0,tendo
tenui,0,teneo
tenui,1,tenue
tenui,2,tenuis
tenuit,0,teneo
tenuitas,0,tenuitas
tenuitatem,0,tenuitas
tergore,0,tergus
tergum,0,tergum
terminum,0,termen
terminum,1,terminus
Terminum,2,Terminus
terra,0,terra
Terra,1,Terra
terrae,0,terra
Terrae,1,Terra
terram,0,terra
Terram,1,Terra
terraneola,0,
terraneolam,0,
terreret,0,terreo
terris,0,terra
territus,0,terreo
terrore,0,terror
terruit,0,terreo
tertia,0,tertio2
tertia,1,tertius
Tertia,2,Tertia
tertiam,0,tertius
Tertiam,1,Tertia
tertium,0,tertius
Tertium,1,Tertius
tertius,0,tertius
Tertius,1,Tertius
testa,0,testa
testa,1,testo
Testa,2,Testa
testamenti,0,testamentum
testatur,0,testo
testatur,1,testor
testes,0,testis1
testes,1,testis2
testes,2,testo
testiculos,0,testiculus
testimonio,0,testimonium
testis,0,testa
testis,1,testis1
testis,2,testis2
Testis,3,Testa
testudinem,0,testudo
tetigerit,0,tango
tetigi,0,tango
thalamos,0,thalamus
theatro,0,theatrum
thesauro,0,thesaurus
thesauros,0,thesaurus
thesaurum,0,thesaurus
thesaurus,0,thesaurus
thessala,0,Thessalus
Threissa,0,Threissa
Tiberius,0,Tiberius
tibi,0,tu
tibiam,0,tibia
tibiarum,0,tibia
tibicen,0,tibicen
tibicine,0,tibicen
tigillum,0,tigillum
Tigillum,1,Tigillus
timeas,0,timeo
timens,0,timeo
timentes,0,timeo
timeo,0,timeo
timere,0,timeo
timidus,0,timidus
timore,0,timor
timueris,0,timeo
tinctum,0,tincta
tinctum,1,tinctus2
tinctum,2,tingo
tintinnabulum,0,tintinnabulum
titubanti,0,titubo
tituli,0,titulus
titulis,0,titulus
Tityos,0,Tityus
togamque,0,toga
tolle,0,tollo
tollere,0,tollo
tollit,0,tollo
tollo,0,tollo
tonanti,0,tono
tonitribus,0,tonitrus
tonsum,0,tondeo
tonsum,1,tonsus2
Tonsum,2,Tonsus
torques,0,torqueo
torques,1,torquis
torquet,0,torqueo
totam,0,totus1
totam,1,totus2
totamque,0,totus1
totamque,1,totus2
totis,0,totus1
totis,1,totus2
toto,0,totus1
toto,1,totus2
totum,0,totus1
totum,1,totus2
toxicum,0,toxicon
toxicum,1,toxicum
tradam,0,trado
tradere,0,trado
tradet,0,trado
tradidit,0,trado
tradit,0,trado
traditum,0,traditus2
traditum,1,trado
traditur,0,trado
tradunt,0,trado
tragicam,0,tragicus
traham,0,traha
traham,1,traho
trahens,0,traho
trahit,0,traho
transeunt,0,transeo
transfertis,0,transfero
transigit,0,transigo
transit,0,transeo
translaticio,0,translaticius
transtulit,0,transfero
transversum,0,transversum
transversum,1,transverto
traxerat,0,traho
traxit,0,traho
traxitque,0,traho
tremere,0,tremo
Tremere,1,Tremerus
tremuntque,0,tremo
trepidantem,0,trepido
trepidarent,0,trepido
trepide,0,trepidus
trepidos,0,trepidus
tres,0,tres
Tres,1,Tres
tribadas,0,tribas
tribuam,0,tribuo
tribuerit,0,tribuo
tribuetis,0,tribuo
tribui,0,tribuo
tribui,1,tribus
tribuit,0,tribuo
tribunali,0,tribunal
tribus,0,tres
tribus,1,tribus
Tribus,2,Tres
tributus,0,tribuo
tributus,1,tributus
tributus,2,tributus2
tricandum,0,tricor
triclinio,0,triclinium
tripodes,0,tripus
tristem,0,tristis
tristi,0,tero
tristi,1,triste
tristi,2,tristis
tristis,0,tero
tristis,1,triste
tristis,2,tristis
tritici,0,triticum
trito,0,tero
trito,1,tritus
trito,2,tritus1
trivio,0,trivium
trivio,1,trivius
trucidat,0,trucido
trucis,0,trux
trudi,0,trudis
trudi,1,trudo
trunca,0,trunco
trunca,1,truncus1
tu,0,tu
tua,0,tuus
tuae,0,tuus
tuarum,0,tuus
tuas,0,tuus
tuearis,0,tueor
tuentes,0,tueor
tugurio,0,tugurium
tui,0,tu
tui,1,tuus
tuis,0,tuus
tulerint,0,fero
tuli,0,fero
tuli,1,tulo
tulisse,0,fero
tulisset,0,fero
tum,0,tum
tumens,0,tumeo
tumentes,0,tumeo
tunc,0,tunc
tune,0,tu
tunica,0,tunica
tunica,1,tunico
tunicis,0,tunica
tuo,0,tuus
turba,0,turba
turba,1,turbo1
Turba,2,Turba
turbae,0,turba
Turbae,1,Turba
turbam,0,turba
Turbam,1,Turba
turbat,0,turbo1
turbatos,0,turbo1
turbatus,0,turbo1
turbavit,0,turbo1
turbulentam,0,turbulentus
ture,0,tus
Ture,1,Turum
turpe,0,turpe
turpe,1,turpis
turpemque,0,turpis
turpemque,1,turpo
turpi,0,turpe
turpi,1,turpis
turpissimam,0,turpis
turpiter,0,turpis
turpiter,1,turpiter
turpitudo,0,turpitudo
Tuscum,0,Tusci
tuscum,1,Tuscus
tuta,0,tueor
tuta,1,tuto
tuta,2,tutum
tutandum,0,tuto
tutandum,1,tutor
tutandum,2,tutor2
tutare,0,tuto
tutare,1,tutor
tutare,2,tutor2
tutas,0,tueor
tutas,1,tuto
tutela,0,tutela
tuti,0,tueor
tuti,1,tutum
tuto,0,tueor
tuto,1,tuto
tuto,2,tutum
tuum,0,tuus
tuus,0,tuus
tympana,0,tympanum
tyrannus,0,tyrannus
Tyrannus,1,Tyrannus
ubere,0,uber1
ubi,0,ubi
ubi,1,Ubius
ulcisci,0,ulciscor
ulla,0,ullus
Ulla,1,Ulla
ulli,0,ullus
ullius,0,ullus
ullo,0,ullus
ultimam,0,ulter
ultimi,0,ulter
ultimi,1,ultimi
ultimi,2,ultimum
ultra,0,ulter
ultra,1,ultra
ultro,0,ulter
ultro,1,ultro
umeris,0,umeo
umeris,1,umerus
umore,0,umor
umquam,0,umquam
una,0,uno
una,1,unus
unam,0,unus
unde,0,unde
unguento,0,unguento
unguento,1,unguentum
unguibus,0,unguis
ungula,0,ungula
uniones,0,unio2
unius,0,unus
universis,0,universi
universis,1,universum
universis,2,universus
uno,0,uno
uno,1,unus
unum,0,unus
unus,0,unus
urbano,0,urbanus
urbe,0,urbs
urbes,0,urbs
urbis,0,urbs
Urbis,1,Urba
urbs,0,urbs
uritur,0,uro
urnis,0,urna
urso,0,ursus
Urso,1,Ursus
ursus,0,ursus
Ursus,1,Ursus
usque,0,usque
usu,0,usus2
usu,1,utor
usum,0,usus2
usum,1,utor
usurpare,0,usurpo
usus,0,usus2
usus,1,utor
ut,0,ut
utcumque,0,utcumque
utendum,0,uto
utendum,1,utor
uterque,0,uterque
uti,0,uti
uti,1,uto
uti,2,utor
Uti,3,Utis
Uti,4,Utus
utile,0,utilis
utiles,0,utilis
utilia,0,utilis
utiliora,0,utilis
utilis,0,utilis
utilitas,0,utilitas
utilitatem,0,utilitas
utilius,0,utilis
utinam,0,utinam
utriusque,0,uterque
utrumque,0,uterque
uva,0,uva
uvam,0,uva
uxorem,0,uxor
uxores,0,uxor
uxori,0,uxor
uxori,1,uxorium
uxori,2,uxorius
uxoris,0,uxor
vacarit,0,vaco
vacca,0,vacca1
Vacca,1,Vacca2
Vacca,2,Vacca3
vaces,0,vaco
vacua,0,vacuo
vacua,1,vacuum
vacua,2,vacuus
Vacua,3,Vacua
vadi,0,vado1
vadi,1,vadum
vadi,2,vas1
vadit,0,vado1
vado,0,vado1
vado,1,vado2
vado,2,vadum
vadum,0,vadum
vadum,1,vas1
Vadum,2,Vada2
vadunt,0,vado1
vafer,0,vafer
vagantes,0,vago
vagantes,1,vagor1
vagitus,0,vagitus
vagor,0,vago
vagor,1,vagor1
vagor,2,vagor2
valeas,0,valeo
valentem,0,valeo
Valentem,1,Valens1
valeo,0,valeo
valerent,0,valeo
valeret,0,valeo
valet,0,valeo
validius,0,validus
valuisset,0,valeo
vana,0,vano
vana,1,vanum
vana,2,vanus
vanas,0,vano
vanas,1,vanus
vano,0,vano
vano,1,vanum
vano,2,vanus
vanum,0,vanum
vanum,1,vanus
vanus,0,vanus
varietas,0,varietas
variis,0,varia1
variis,1,varius1
Variis,2,Varia2
variis,3,Varius2
vastans,0,vasto
vasti,0,vastus
vati,0,vates
vati,1,vatius
vatis,0,vates
vectores,0,vector
vectorum,0,vector
vectorum,1,veho
vectus,0,veho
vehementer,0,vehemens
vehementer,1,vehementer
vehementis,0,vehemens
vehi,0,vehes
vehi,1,veho
vel,0,vel
velim,0,volo1
velit,0,volo1
vellem,0,volo1
vellent,0,vello
vellent,1,volo1
vellet,0,vello
vellet,1,volo1
veloces,0,velox
veloci,0,velox
velocis,0,velox
venantem,0,venor
venantes,0,venor
venantum,0,
venari,0,venor
venas,0,vena
venator,0,venator
venatorem,0,venator
venatorum,0,venator
venatorum,1,venor
vendere,0,vendo
vendet,0,vendo
vendiderint,0,vendo
vendidit,0,vendo
venditaret,0,vendito
venerant,0,venio
venere,0,venio
venere,1,venor
Venere,2,Venus1
Veneri,0,Venus1
veneris,0,venio
veneris,1,venor
Veneris,2,Venus1
venerit,0,venio
veneunt,0,veneo
veni,0,veneo
veni,1,venio
veni,2,venum
veniam,0,venia
veniam,1,venio
veniat,0,venio
veniebat,0,venio
venient,0,venio
veniente,0,venio
veniet,0,venio
venire,0,veneo
venire,1,venio
venis,0,vena
venis,1,veneo
venis,2,venio
venis,3,venum
venisse,0,veneo
venisse,1,venio
venisset,0,veneo
venisset,1,venio
venit,0,veneo
venit,1,venio
venter,0,venter
venter,1,vento
ventis,0,venio
ventis,1,ventus
Ventis,2,Venta
Ventis,3,Venti
ventitare,0,ventito
ventrem,0,venter
venumdatus,0,venumdo
venus,0,venus2
Venus,1,Venus1
venustis,0,venustus
veprem,0,vepres
vera,0,ver
vera,1,vero2
vera,2,verum
vera,3,verum2
vera,4,verus
veram,0,verus
verba,0,verbum
verbera,0,verber
verbera,1,verbero1
verberibus,0,verber
verbis,0,verbum
verborum,0,verbum
verbosa,0,verbosus
verbosis,0,verbosus
vere,0,ver
vere,1,verum
vere,2,verum2
vere,3,verus
Vere,4,Verus
verendos,0,verenda
verendos,1,vereor
vereri,0,vereor
veretri,0,veretrum
veris,0,ver
veris,1,verum
veris,2,verum2
veris,3,verus
veritas,0,vereor
veritas,1,veritas
veritate,0,veritas
veritatem,0,veritas
veritatis,0,veritas
vero,0,vero1
vero,1,vero2
vero,2,verum
vero,3,verum2
vero,4,verus
Vero,5,Verus
verrem,0,verres1
Verrem,1,Verres2
versari,0,verso
versari,1,versor
versibus,0,versus3
versus,0,verro
versus,1,versus2
versus,2,versus3
versus,3,verto
vertetur,0,verto
vertice,0,vertex
vertit,0,verto
verum,0,ver
verum,1,verum
verum,2,verum2
verum,3,verus
Verum,4,Verus
vescatur,0,vesco
vesci,0,vesco
vesci,1,vescus
Vesci,2,Vesci
vespa,0,vespa
Vespa,1,Vespa
vespam,0,vespa
Vespam,1,Vespa
veste,0,vestis
vestem,0,vestis
vestigio,0,vestigium
vestimentis,0,vestimentum
vestitu,0,vestio
vestitu,1,vestitus2
vestra,0,vester
vestrae,0,vester
vestras,0,vester
vestri,0,tu
vestri,1,vester
Vestri,2,Vestrius
vestrum,0,vester
vetat,0,veto
vetera,0,vetera
vetera,1,vetero
vetera,2,vetus
Vetera,3,Vetera
veterem,0,vetero
veterem,1,vetus
Veterem,2,Veteres
veto,0,veto
Veto,1,Vetus
vetulum,0,vetulus
vetustas,0,vetustas
vetustas,1,vetustus
vetustate,0,vetustas
vetustati,0,vetustas
vetustior,0,vetustus
vetusto,0,vetustus
vexata,0,vexata
vexata,1,vexo
vi,0,vis
Vi,1,Vi
via,0,via
via,1,vio
Via,2,Via
viae,0,via
Viae,1,Via
viam,0,via
Viam,1,Via
viatico,0,viaticum
viatico,1,viaticus
viator,0,viator
viatores,0,viator
vicem,0,vicis
vices,0,vicis
vicina,0,vicina
vicina,1,vicinum
vicina,2,vicinus
vicini,0,vicinum
vicini,1,vicinus
vicinia,0,vicinia
vicisti,0,vinco
vicit,0,vinco
victi,0,vinco
victi,1,vivo
victima,0,victima
victima,1,victimo
victor,0,victor1
Victor,1,Victor2
victorem,0,victor1
Victorem,1,Victor2
victori,0,victor1
Victori,1,Victor2
Victori,2,Victorius
victorque,0,victor1
Victorque,1,Victor2
victorum,0,victor1
victorum,1,vinco
victorum,2,vivo
Victorum,3,Victor2
victum,0,victus2
victum,1,vinco
victum,2,vivo
victurum,0,vinco
victurum,1,vivo
victus,0,victus2
victus,1,vinco
victus,2,vivo
vide,0,video
videamur,0,video
videar,0,video
videat,0,video
videntur,0,video
video,0,video
videor,0,video
viderat,0,video
videre,0,video
videri,0,video
videris,0,video
viderunt,0,video
vides,0,video
videt,0,video
videtis,0,video
videtque,0,video
videtur,0,video
vidi,0,video
vidisset,0,video
vidit,0,video
vidua,0,vidua
vidua,1,viduo
vidua,2,viduus
Vidua,3,Vidua
vigilare,0,vigilo
vigilem,0,vigil
vigilem,1,vigilo
vigilia,0,vigil
vigilia,1,vigilia
vigilias,0,vigilia
vigor,0,vigor
vile,0,vilis
viles,0,vilis
vilicus,0,vilicus
villa,0,villa
villa,1,villum
villam,0,villa
villos,0,villus
vim,0,vis
vina,0,vinum
vincas,0,vinco
vincet,0,vinco
vincis,0,vincio
vincis,1,vinco
Vincis,2,Vincum
vincor,0,vinco
vindicandam,0,vindico
vindicasti,0,vindico
vindicate,0,vindico
vindicavit,0,vindico
vindicet,0,vindico
vindicta,0,vindicta
vindictam,0,vindicta
vinea,0,vinea
vinea,1,vineus
vino,0,vinum
vino,1,vinus
vinum,0,vinum
vinum,1,vinus
violant,0,violo
violarat,0,violo
vipera,0,vipera
vir,0,vir
vires,0,vireo1
vires,1,vis
virginale,0,virginale
virginale,1,virginalis
virginem,0,virgo
virginis,0,virgo
virgo,0,virgo
viri,0,vir
viri,1,virus
Viri,2,Virius
Viri,3,Virus
viribus,0,vis
viridia,0,viride
viridia,1,viridia
viridia,2,viridis
virique,0,vir
virique,1,virus
Virique,2,Virius
Virique,3,Virus
viro,0,vir
viro,1,virus
Viro,2,Virus
viros,0,vir
Viros,1,Virus
virtus,0,virtus
Virtus,1,Virtus
virtute,0,virtus
Virtute,1,Virtus
virtutem,0,virtus
Virtutem,1,Virtus
virtuti,0,virtus
Virtuti,1,Virtus
virtutis,0,virtus
Virtutis,1,Virtus
virum,0,vir
virum,1,virus
Virum,2,Virus
vis,0,vis
vis,1,volo1
Vis,2,Vi
visa,0,video
visa,1,viso
visa,2,visum
viso,0,video
viso,1,viso
viso,2,visum
visum,0,video
visum,1,viso
visum,2,visum
visum,3,visus2
visus,0,video
visus,1,viso
visus,2,visus2
vita,0,vita
vita,1,vito
vitae,0,vita
vitam,0,vita
vitans,0,vito
vitassent,0,vito
vitavi,0,vito
vitemus,0,vito
vitiis,0,vitium
Vitiis,1,Vitia
vitulus,0,vitulus
Vitulus,1,Vitulus
vituperant,0,vitupero1
vituperat,0,vitupero1
viva,0,vivum
viva,1,vivus
Viva,2,Viva
vivebant,0,vivo
vivere,0,vivo
viverent,0,vivo
vivos,0,vivus
vix,0,vix
vobis,0,tu
vocat,0,voco
vocatus,0,vocatus
vocatus,1,voco
voce,0,vox
vocem,0,voco
vocem,1,vox
vocent,0,voco
voces,0,voco
voces,1,vox
vocibus,0,vox
vocis,0,vox
volans,0,volo2
volat,0,volo2
volebat,0,volo1
volens,0,volens
volens,1,volo1
voles,0,volo1
voles,1,volo2
volet,0,volo1
volet,1,volo2
volito,0,volito
volo,0,volo1
volo,1,volo2
volo,2,volo3
volubilem,0,volubilis
Volubilem,1,Volubilis
volucrem,0,volucris
volucri,0,volucris
volucris,0,volucra
volucris,1,volucris
voluerit,0,volo1
voluerit,1,volvo
voluisses,0,volo1
voluisses,1,volvo
voluisset,0,volo1
voluisset,1,volvo
voluisti,0,volo1
voluisti,1,volvo
voluit,0,volo1
voluit,1,volvo
volumine,0,volumen
volunt,0,volo1
voluntas,0,voluntas
voluntatem,0,voluntas
voluptas,0,voluptas
volutat,0,voluto
vos,0,tu
Vos,1,Vi
vota,0,veto
vota,1,votum
vota,2,voveo
votum,0,votum
votum,1,voveo
vulgare,0,vulgaris
vulgare,1,vulgo2
vulgatus,0,vulgatus
vulgatus,1,vulgatus2
vulgatus,2,vulgo2
vulgi,0,vulgus
vulgo,0,vulgo1
vulgo,1,vulgo2
vulgo,2,vulgus
vulnere,0,vulnus
vulneris,0,vulnus
vulpe,0,vulpis
vulpecula,0,vulpecula
vulpeculae,0,vulpecula
vulpem,0,vulpis
vulpes,0,vulpis
vulpi,0,vulpis
vulpinam,0,vulpinus
vulpinos,0,vulpinus
vulpis,0,vulpis
vult,0,volo1
vultu,0,vultus
vultum,0,vultus
vulturius,0,vulturius
vultus,0,vultus
xystum,0,xystum
xystum,1,xystus
Zeuxidem,0,Zeuxis
zonas,0,zona
Zonas,1,Zone
—,0,
†,0,
