workId,idx,word,sourceReference,properNounState,tokenType,sentenceIdx,wordIdx,enclitic,expansion
b413307f-d5c0-42a0-b40e-9f9b4516eaf3,0,Liber,1,2,1,0,0,,
b413307f-d5c0-42a0-b40e-9f9b4516eaf3,1,Primus,1,0,1,0,1,,
b413307f-d5c0-42a0-b40e-9f9b4516eaf3,2,PROLOGUS,1.prologus,0,1,1,0,,
b413307f-d5c0-42a0-b40e-9f9b4516eaf3,3,Aesopus,1.prologus.1,1,1,1,1,,
b413307f-d5c0-42a0-b40e-9f9b4516eaf3,4,auctor,1.prologus.1,0,1,1,2,,
b413307f-d5c0-42a0-b40e-9f9b4516eaf3,5,quam,1.prologus.1,0,1,1,3,,
b413307f-d5c0-42a0-b40e-9f9b4516eaf3,6,materiam,1.prologus.1,0,1,1,4,,
b413307f-d5c0-42a0-b40e-9f9b4516eaf3,7,repperit,1.prologus.1,0,1,1,5,,
b413307f-d5c0-42a0-b40e-9f9b4516eaf3,8,",",1.prologus.1,,4,1,,,
b413307f-d5c0-42a0-b40e-9f9b4516eaf3,9,Hanc,1.prologus.2,0,1,1,6,,
b413307f-d5c0-42a0-b40e-9f9b4516eaf3,10,ego,1.prologus.2,0,1,1,7,,
b413307f-d5c0-42a0-b40e-9f9b4516eaf3,11,polivi,1.prologus.2,0,1,1,8,,
b413307f-d5c0-42a0-b40e-9f9b4516eaf3,12,versibus,1.prologus.2,0,1,1,9,,
b413307f-d5c0-42a0-b40e-9f9b4516eaf3,13,senariis,1.prologus.2,0,1,1,10,,
b413307f-d5c0-42a0-b40e-9f9b4516eaf3,14,.,1.prologus.2,,4,1,,,
b413307f-d5c0-42a0-b40e-9f9b4516eaf3,15,Duplex,1.prologus.3,0,1,2,0,,
b413307f-d5c0-42a0-b40e-9f9b4516eaf3,16,libelli,1.prologus.3,0,1,2,1,,
b413307f-d5c0-42a0-b40e-9f9b4516eaf3,17,dos,1.prologus.3,0,1,2,2,,
b413307f-d5c0-42a0-b40e-9f9b4516eaf3,18,est,1.prologus.3,0,1,2,3,,
b413307f-d5c0-42a0-b40e-9f9b4516eaf3,19,:,1.prologus.3,,4,2,,,
b413307f-d5c0-42a0-b40e-9f9b4516eaf3,20,quod,1.prologus.3,0,1,2,4,,
b413307f-d5c0-42a0-b40e-9f9b4516eaf3,21,risum,1.prologus.3,0,1,2,5,,
b413307f-d5c0-42a0-b40e-9f9b4516eaf3,22,movet,1.prologus.3,0,1,2,6,,
b413307f-d5c0-42a0-b40e-9f9b4516eaf3,23,Et,1.prologus.4,0,1,2,7,,
b413307f-d5c0-42a0-b40e-9f9b4516eaf3,24,quod,1.prologus.4,0,1,2,8,,
b413307f-d5c0-42a0-b40e-9f9b4516eaf3,25,prudenti,1.prologus.4,0,1,2,9,,
b413307f-d5c0-42a0-b40e-9f9b4516eaf3,26,vitam,1.prologus.4,0,1,2,10,,
b413307f-d5c0-42a0-b40e-9f9b4516eaf3,27,consilio,1.prologus.4,0,1,2,11,,
b413307f-d5c0-42a0-b40e-9f9b4516eaf3,28,monet,1.prologus.4,0,1,2,12,,
b413307f-d5c0-42a0-b40e-9f9b4516eaf3,29,.,1.prologus.4,,4,2,,,
b413307f-d5c0-42a0-b40e-9f9b4516eaf3,30,Calumniari,1.prologus.5,0,1,3,0,,
b413307f-d5c0-42a0-b40e-9f9b4516eaf3,31,si,1.prologus.5,0,1,3,1,,
b413307f-d5c0-42a0-b40e-9f9b4516eaf3,32,quis,1.prologus.5,0,1,3,2,,
b413307f-d5c0-42a0-b40e-9f9b4516eaf3,33,autem,1.prologus.5,0,1,3,3,,
b413307f-d5c0-42a0-b40e-9f9b4516eaf3,34,voluerit,1.prologus.5,0,1,3,4,,
b413307f-d5c0-42a0-b40e-9f9b4516eaf3,35,",",1.prologus.5,,4,3,,,
b413307f-d5c0-42a0-b40e-9f9b4516eaf3,36,Quod,1.prologus.6,0,1,3,5,,
b413307f-d5c0-42a0-b40e-9f9b4516eaf3,37,arbores,1.prologus.6,0,1,3,6,,
b413307f-d5c0-42a0-b40e-9f9b4516eaf3,38,loquantur,1.prologus.6,0,1,3,7,,
b413307f-d5c0-42a0-b40e-9f9b4516eaf3,39,",",1.prologus.6,,4,3,,,
b413307f-d5c0-42a0-b40e-9f9b4516eaf3,40,non,1.prologus.6,0,1,3,8,,
b413307f-d5c0-42a0-b40e-9f9b4516eaf3,41,tantum,1.prologus.6,0,1,3,9,,
b413307f-d5c0-42a0-b40e-9f9b4516eaf3,42,ferae,1.prologus.6,0,1,3,10,,
b413307f-d5c0-42a0-b40e-9f9b4516eaf3,43,",",1.prologus.6,,4,3,,,
b413307f-d5c0-42a0-b40e-9f9b4516eaf3,44,Fictis,1.prologus.7,0,1,3,11,,
b413307f-d5c0-42a0-b40e-9f9b4516eaf3,45,iocari,1.prologus.7,0,1,3,12,,
b413307f-d5c0-42a0-b40e-9f9b4516eaf3,46,nos,1.prologus.7,0,1,3,13,,
b413307f-d5c0-42a0-b40e-9f9b4516eaf3,47,meminerit,1.prologus.7,0,1,3,14,,
b413307f-d5c0-42a0-b40e-9f9b4516eaf3,48,fabulis,1.prologus.7,0,1,3,15,,
b413307f-d5c0-42a0-b40e-9f9b4516eaf3,49,.,1.prologus.7,,4,3,,,
b413307f-d5c0-42a0-b40e-9f9b4516eaf3,50,Lupus,1.1,2,1,4,0,,
b413307f-d5c0-42a0-b40e-9f9b4516eaf3,51,et,1.1,0,1,4,1,,
b413307f-d5c0-42a0-b40e-9f9b4516eaf3,52,agnus,1.1,0,1,4,2,,
b413307f-d5c0-42a0-b40e-9f9b4516eaf3,53,.,1.1,,4,4,,,
b413307f-d5c0-42a0-b40e-9f9b4516eaf3,54,Ad,1.1.1,0,1,5,0,,
b413307f-d5c0-42a0-b40e-9f9b4516eaf3,55,rivum,1.1.1,0,1,5,1,,
b413307f-d5c0-42a0-b40e-9f9b4516eaf3,56,eundem,1.1.1,0,1,5,2,,
b413307f-d5c0-42a0-b40e-9f9b4516eaf3,57,lupus,1.1.1,0,1,5,3,,
b413307f-d5c0-42a0-b40e-9f9b4516eaf3,58,et,1.1.1,0,1,5,4,,
b413307f-d5c0-42a0-b40e-9f9b4516eaf3,59,agnus,1.1.1,0,1,5,5,,
b413307f-d5c0-42a0-b40e-9f9b4516eaf3,60,venerant,1.1.1,0,1,5,6,,
b413307f-d5c0-42a0-b40e-9f9b4516eaf3,61,Siti,1.1.2,0,1,5,7,,
b413307f-d5c0-42a0-b40e-9f9b4516eaf3,62,compulsi,1.1.2,0,1,5,8,,
b413307f-d5c0-42a0-b40e-9f9b4516eaf3,63,;,1.1.2,,4,5,,,
b413307f-d5c0-42a0-b40e-9f9b4516eaf3,64,superior,1.1.2,0,1,5,9,,
b413307f-d5c0-42a0-b40e-9f9b4516eaf3,65,stabat,1.1.2,0,1,5,10,,
b413307f-d5c0-42a0-b40e-9f9b4516eaf3,66,lupus,1.1.2,0,1,5,11,,
b413307f-d5c0-42a0-b40e-9f9b4516eaf3,67,Longeque,1.1.3,0,1,5,12,,
b413307f-d5c0-42a0-b40e-9f9b4516eaf3,68,inferior,1.1.3,0,1,5,13,,
b413307f-d5c0-42a0-b40e-9f9b4516eaf3,69,agnus,1.1.3,0,1,5,14,,
b413307f-d5c0-42a0-b40e-9f9b4516eaf3,70,.,1.1.3,,4,5,,,
b413307f-d5c0-42a0-b40e-9f9b4516eaf3,71,Tunc,1.1.3,0,1,6,0,,
b413307f-d5c0-42a0-b40e-9f9b4516eaf3,72,fauce,1.1.3,0,1,6,1,,
b413307f-d5c0-42a0-b40e-9f9b4516eaf3,73,improba,1.1.3,0,1,6,2,,
b413307f-d5c0-42a0-b40e-9f9b4516eaf3,74,Latro,1.1.4,2,1,6,3,,
b413307f-d5c0-42a0-b40e-9f9b4516eaf3,75,incitatus,1.1.4,0,1,6,4,,
b413307f-d5c0-42a0-b40e-9f9b4516eaf3,76,iurgii,1.1.4,0,1,6,5,,
b413307f-d5c0-42a0-b40e-9f9b4516eaf3,77,causam,1.1.4,0,1,6,6,,
b413307f-d5c0-42a0-b40e-9f9b4516eaf3,78,intulit,1.1.4,0,1,6,7,,
b413307f-d5c0-42a0-b40e-9f9b4516eaf3,79,.,1.1.4,,4,6,,,
b413307f-d5c0-42a0-b40e-9f9b4516eaf3,80,Cur,1.1.5,0,1,7,0,,
b413307f-d5c0-42a0-b40e-9f9b4516eaf3,81,",",1.1.5,,4,7,,,
b413307f-d5c0-42a0-b40e-9f9b4516eaf3,82,inquit,1.1.5,0,1,7,1,,
b413307f-d5c0-42a0-b40e-9f9b4516eaf3,83,",",1.1.5,,4,7,,,
b413307f-d5c0-42a0-b40e-9f9b4516eaf3,84,turbulentam,1.1.5,0,1,7,2,,
b413307f-d5c0-42a0-b40e-9f9b4516eaf3,85,fecisti,1.1.5,0,1,7,3,,
b413307f-d5c0-42a0-b40e-9f9b4516eaf3,86,mihi,1.1.5,0,1,7,4,,
b413307f-d5c0-42a0-b40e-9f9b4516eaf3,87,Aquam,1.1.6,0,1,7,5,,
b413307f-d5c0-42a0-b40e-9f9b4516eaf3,88,bibenti,1.1.6,0,1,7,6,,
b413307f-d5c0-42a0-b40e-9f9b4516eaf3,89,?,1.1.6,,4,7,,,
b413307f-d5c0-42a0-b40e-9f9b4516eaf3,90,Laniger,1.1.6,0,1,8,0,,
b413307f-d5c0-42a0-b40e-9f9b4516eaf3,91,contra,1.1.6,0,1,8,1,,
b413307f-d5c0-42a0-b40e-9f9b4516eaf3,92,timens,1.1.6,0,1,8,2,,
b413307f-d5c0-42a0-b40e-9f9b4516eaf3,93,:,1.1.6,,4,8,,,
b413307f-d5c0-42a0-b40e-9f9b4516eaf3,94,Qui,1.1.7,0,1,8,3,,
b413307f-d5c0-42a0-b40e-9f9b4516eaf3,95,possum,1.1.7,0,1,8,4,,
b413307f-d5c0-42a0-b40e-9f9b4516eaf3,96,",",1.1.7,,4,8,,,
b413307f-d5c0-42a0-b40e-9f9b4516eaf3,97,quaeso,1.1.7,0,1,8,5,,
b413307f-d5c0-42a0-b40e-9f9b4516eaf3,98,",",1.1.7,,4,8,,,
b413307f-d5c0-42a0-b40e-9f9b4516eaf3,99,facere,1.1.7,0,1,8,6,,
b413307f-d5c0-42a0-b40e-9f9b4516eaf3,100,",",1.1.7,,4,8,,,
b413307f-d5c0-42a0-b40e-9f9b4516eaf3,101,quod,1.1.7,0,1,8,7,,
b413307f-d5c0-42a0-b40e-9f9b4516eaf3,102,quereris,1.1.7,0,1,8,8,,
b413307f-d5c0-42a0-b40e-9f9b4516eaf3,103,",",1.1.7,,4,8,,,
b413307f-d5c0-42a0-b40e-9f9b4516eaf3,104,lupe,1.1.7,0,1,8,9,,
b413307f-d5c0-42a0-b40e-9f9b4516eaf3,105,?,1.1.7,,4,8,,,
b413307f-d5c0-42a0-b40e-9f9b4516eaf3,106,A,1.1.8,0,1,9,0,,
b413307f-d5c0-42a0-b40e-9f9b4516eaf3,107,te,1.1.8,0,1,9,1,,
b413307f-d5c0-42a0-b40e-9f9b4516eaf3,108,decurrit,1.1.8,0,1,9,2,,
b413307f-d5c0-42a0-b40e-9f9b4516eaf3,109,ad,1.1.8,0,1,9,3,,
b413307f-d5c0-42a0-b40e-9f9b4516eaf3,110,meos,1.1.8,0,1,9,4,,
b413307f-d5c0-42a0-b40e-9f9b4516eaf3,111,haustus,1.1.8,0,1,9,5,,
b413307f-d5c0-42a0-b40e-9f9b4516eaf3,112,liquor,1.1.8,0,1,9,6,,
b413307f-d5c0-42a0-b40e-9f9b4516eaf3,113,.,1.1.8,,4,9,,,
b413307f-d5c0-42a0-b40e-9f9b4516eaf3,114,Repulsus,1.1.9,0,1,10,0,,
b413307f-d5c0-42a0-b40e-9f9b4516eaf3,115,ille,1.1.9,0,1,10,1,,
b413307f-d5c0-42a0-b40e-9f9b4516eaf3,116,veritatis,1.1.9,0,1,10,2,,
b413307f-d5c0-42a0-b40e-9f9b4516eaf3,117,viribus,1.1.9,0,1,10,3,,
b413307f-d5c0-42a0-b40e-9f9b4516eaf3,118,:,1.1.9,,4,10,,,
b413307f-d5c0-42a0-b40e-9f9b4516eaf3,119,Ante,1.1.10,0,1,10,4,,
b413307f-d5c0-42a0-b40e-9f9b4516eaf3,120,hos,1.1.10,0,1,10,5,,
b413307f-d5c0-42a0-b40e-9f9b4516eaf3,121,sex,1.1.10,0,1,10,6,,
b413307f-d5c0-42a0-b40e-9f9b4516eaf3,122,menses,1.1.10,0,1,10,7,,
b413307f-d5c0-42a0-b40e-9f9b4516eaf3,123,male,1.1.10,0,1,10,8,,
b413307f-d5c0-42a0-b40e-9f9b4516eaf3,124,",",1.1.10,,4,10,,,
b413307f-d5c0-42a0-b40e-9f9b4516eaf3,125,ait,1.1.10,0,1,10,9,,
b413307f-d5c0-42a0-b40e-9f9b4516eaf3,126,",",1.1.10,,4,10,,,
b413307f-d5c0-42a0-b40e-9f9b4516eaf3,127,dixisti,1.1.10,0,1,10,10,,
b413307f-d5c0-42a0-b40e-9f9b4516eaf3,128,mihi,1.1.10,0,1,10,11,,
b413307f-d5c0-42a0-b40e-9f9b4516eaf3,129,.,1.1.10,,4,10,,,
b413307f-d5c0-42a0-b40e-9f9b4516eaf3,130,Respondit,1.1.11,0,1,11,0,,
b413307f-d5c0-42a0-b40e-9f9b4516eaf3,131,agnus,1.1.11,0,1,11,1,,
b413307f-d5c0-42a0-b40e-9f9b4516eaf3,132,:,1.1.11,,4,11,,,
b413307f-d5c0-42a0-b40e-9f9b4516eaf3,133,Equidem,1.1.11,0,1,11,2,,
b413307f-d5c0-42a0-b40e-9f9b4516eaf3,134,natus,1.1.11,0,1,11,3,,
b413307f-d5c0-42a0-b40e-9f9b4516eaf3,135,non,1.1.11,0,1,11,4,,
b413307f-d5c0-42a0-b40e-9f9b4516eaf3,136,eram,1.1.11,0,1,11,5,,
b413307f-d5c0-42a0-b40e-9f9b4516eaf3,137,.,1.1.11,,4,11,,,
b413307f-d5c0-42a0-b40e-9f9b4516eaf3,138,Pater,1.1.12,0,1,12,0,,
b413307f-d5c0-42a0-b40e-9f9b4516eaf3,139,hercle,1.1.12,0,1,12,1,,
b413307f-d5c0-42a0-b40e-9f9b4516eaf3,140,tuus,1.1.12,0,1,12,2,,
b413307f-d5c0-42a0-b40e-9f9b4516eaf3,141,",",1.1.12,,4,12,,,
b413307f-d5c0-42a0-b40e-9f9b4516eaf3,142,ille,1.1.12,0,1,12,3,,
b413307f-d5c0-42a0-b40e-9f9b4516eaf3,143,inquit,1.1.12,0,1,12,4,,
b413307f-d5c0-42a0-b40e-9f9b4516eaf3,144,",",1.1.12,,4,12,,,
b413307f-d5c0-42a0-b40e-9f9b4516eaf3,145,male,1.1.12,0,1,12,5,,
b413307f-d5c0-42a0-b40e-9f9b4516eaf3,146,dixit,1.1.12,0,1,12,6,,
b413307f-d5c0-42a0-b40e-9f9b4516eaf3,147,mihi,1.1.12,0,1,12,7,,
b413307f-d5c0-42a0-b40e-9f9b4516eaf3,148,.,1.1.12,,4,12,,,
b413307f-d5c0-42a0-b40e-9f9b4516eaf3,149,Atque,1.1.13,0,1,13,0,,
b413307f-d5c0-42a0-b40e-9f9b4516eaf3,150,ita,1.1.13,0,1,13,1,,
b413307f-d5c0-42a0-b40e-9f9b4516eaf3,151,correptum,1.1.13,0,1,13,2,,
b413307f-d5c0-42a0-b40e-9f9b4516eaf3,152,lacerat,1.1.13,0,1,13,3,,
b413307f-d5c0-42a0-b40e-9f9b4516eaf3,153,iniusta,1.1.13,0,1,13,4,,
b413307f-d5c0-42a0-b40e-9f9b4516eaf3,154,nece,1.1.13,0,1,13,5,,
b413307f-d5c0-42a0-b40e-9f9b4516eaf3,155,.,1.1.13,,4,13,,,
b413307f-d5c0-42a0-b40e-9f9b4516eaf3,156,Haec,1.1.14,0,1,14,0,,
b413307f-d5c0-42a0-b40e-9f9b4516eaf3,157,propter,1.1.14,0,1,14,1,,
b413307f-d5c0-42a0-b40e-9f9b4516eaf3,158,illos,1.1.14,0,1,14,2,,
b413307f-d5c0-42a0-b40e-9f9b4516eaf3,159,scripta,1.1.14,0,1,14,3,,
b413307f-d5c0-42a0-b40e-9f9b4516eaf3,160,est,1.1.14,0,1,14,4,,
b413307f-d5c0-42a0-b40e-9f9b4516eaf3,161,homines,1.1.14,0,1,14,5,,
b413307f-d5c0-42a0-b40e-9f9b4516eaf3,162,fabula,1.1.14,0,1,14,6,,
b413307f-d5c0-42a0-b40e-9f9b4516eaf3,163,",",1.1.14,,4,14,,,
b413307f-d5c0-42a0-b40e-9f9b4516eaf3,164,Qui,1.1.15,0,1,14,7,,
b413307f-d5c0-42a0-b40e-9f9b4516eaf3,165,fictis,1.1.15,0,1,14,8,,
b413307f-d5c0-42a0-b40e-9f9b4516eaf3,166,causis,1.1.15,0,1,14,9,,
b413307f-d5c0-42a0-b40e-9f9b4516eaf3,167,innocentes,1.1.15,0,1,14,10,,
b413307f-d5c0-42a0-b40e-9f9b4516eaf3,168,opprimunt,1.1.15,0,1,14,11,,
b413307f-d5c0-42a0-b40e-9f9b4516eaf3,169,.,1.1.15,,4,14,,,
b413307f-d5c0-42a0-b40e-9f9b4516eaf3,170,Ranae,1.2,0,1,15,0,,
b413307f-d5c0-42a0-b40e-9f9b4516eaf3,171,regem,1.2,0,1,15,1,,
b413307f-d5c0-42a0-b40e-9f9b4516eaf3,172,petierunt,1.2,0,1,15,2,,
b413307f-d5c0-42a0-b40e-9f9b4516eaf3,173,.,1.2,,4,15,,,
b413307f-d5c0-42a0-b40e-9f9b4516eaf3,174,Athenae,1.2.1,1,1,16,0,,
b413307f-d5c0-42a0-b40e-9f9b4516eaf3,175,cum,1.2.1,0,1,16,1,,
b413307f-d5c0-42a0-b40e-9f9b4516eaf3,176,florerent,1.2.1,0,1,16,2,,
b413307f-d5c0-42a0-b40e-9f9b4516eaf3,177,aequis,1.2.1,0,1,16,3,,
b413307f-d5c0-42a0-b40e-9f9b4516eaf3,178,legibus,1.2.1,0,1,16,4,,
b413307f-d5c0-42a0-b40e-9f9b4516eaf3,179,",",1.2.1,,4,16,,,
b413307f-d5c0-42a0-b40e-9f9b4516eaf3,180,Procax,1.2.2,0,1,16,5,,
b413307f-d5c0-42a0-b40e-9f9b4516eaf3,181,libertas,1.2.2,0,1,16,6,,
b413307f-d5c0-42a0-b40e-9f9b4516eaf3,182,civitatem,1.2.2,0,1,16,7,,
b413307f-d5c0-42a0-b40e-9f9b4516eaf3,183,miscuit,1.2.2,0,1,16,8,,
b413307f-d5c0-42a0-b40e-9f9b4516eaf3,184,Frenumque,1.2.3,0,1,16,9,,
b413307f-d5c0-42a0-b40e-9f9b4516eaf3,185,solvit,1.2.3,0,1,16,10,,
b413307f-d5c0-42a0-b40e-9f9b4516eaf3,186,pristinum,1.2.3,0,1,16,11,,
b413307f-d5c0-42a0-b40e-9f9b4516eaf3,187,licentia,1.2.3,0,1,16,12,,
b413307f-d5c0-42a0-b40e-9f9b4516eaf3,188,.,1.2.3,,4,16,,,
b413307f-d5c0-42a0-b40e-9f9b4516eaf3,189,Hic,1.2.4,0,1,17,0,,
b413307f-d5c0-42a0-b40e-9f9b4516eaf3,190,conspiratis,1.2.4,0,1,17,1,,
b413307f-d5c0-42a0-b40e-9f9b4516eaf3,191,factionum,1.2.4,0,1,17,2,,
b413307f-d5c0-42a0-b40e-9f9b4516eaf3,192,partibus,1.2.4,0,1,17,3,,
b413307f-d5c0-42a0-b40e-9f9b4516eaf3,193,Arcem,1.2.5,0,1,17,4,,
b413307f-d5c0-42a0-b40e-9f9b4516eaf3,194,tyrannus,1.2.5,0,1,17,5,,
b413307f-d5c0-42a0-b40e-9f9b4516eaf3,195,occupat,1.2.5,0,1,17,6,,
b413307f-d5c0-42a0-b40e-9f9b4516eaf3,196,Pisistratus,1.2.5,1,1,17,7,,
b413307f-d5c0-42a0-b40e-9f9b4516eaf3,197,.,1.2.5,,4,17,,,
b413307f-d5c0-42a0-b40e-9f9b4516eaf3,198,Cum,1.2.6,2,1,18,0,,
b413307f-d5c0-42a0-b40e-9f9b4516eaf3,199,tristem,1.2.6,0,1,18,1,,
b413307f-d5c0-42a0-b40e-9f9b4516eaf3,200,servitutem,1.2.6,0,1,18,2,,
b413307f-d5c0-42a0-b40e-9f9b4516eaf3,201,flerent,1.2.6,0,1,18,3,,
b413307f-d5c0-42a0-b40e-9f9b4516eaf3,202,Attici,1.2.6,1,1,18,4,,
b413307f-d5c0-42a0-b40e-9f9b4516eaf3,203,",",1.2.6,,4,18,,,
b413307f-d5c0-42a0-b40e-9f9b4516eaf3,204,(,1.2.7,,4,18,,,
b413307f-d5c0-42a0-b40e-9f9b4516eaf3,205,Non,1.2.7,0,1,18,5,,
b413307f-d5c0-42a0-b40e-9f9b4516eaf3,206,quia,1.2.7,0,1,18,6,,
b413307f-d5c0-42a0-b40e-9f9b4516eaf3,207,crudelis,1.2.7,0,1,18,7,,
b413307f-d5c0-42a0-b40e-9f9b4516eaf3,208,ille,1.2.7,0,1,18,8,,
b413307f-d5c0-42a0-b40e-9f9b4516eaf3,209,",",1.2.7,,4,18,,,
b413307f-d5c0-42a0-b40e-9f9b4516eaf3,210,sed,1.2.7,0,1,18,9,,
b413307f-d5c0-42a0-b40e-9f9b4516eaf3,211,quoniam,1.2.7,0,1,18,10,,
b413307f-d5c0-42a0-b40e-9f9b4516eaf3,212,gravis,1.2.7,0,1,18,11,,
b413307f-d5c0-42a0-b40e-9f9b4516eaf3,213,Omnino,1.2.8,0,1,18,12,,
b413307f-d5c0-42a0-b40e-9f9b4516eaf3,214,insuetis,1.2.8,0,1,18,13,,
b413307f-d5c0-42a0-b40e-9f9b4516eaf3,215,),1.2.8,,4,18,,,
b413307f-d5c0-42a0-b40e-9f9b4516eaf3,216,",",1.2.8,,4,18,,,
b413307f-d5c0-42a0-b40e-9f9b4516eaf3,217,onus,1.2.8,0,1,18,14,,
b413307f-d5c0-42a0-b40e-9f9b4516eaf3,218,et,1.2.8,0,1,18,15,,
b413307f-d5c0-42a0-b40e-9f9b4516eaf3,219,coepissent,1.2.8,0,1,18,16,,
b413307f-d5c0-42a0-b40e-9f9b4516eaf3,220,queri,1.2.8,0,1,18,17,,
b413307f-d5c0-42a0-b40e-9f9b4516eaf3,221,",",1.2.8,,4,18,,,
b413307f-d5c0-42a0-b40e-9f9b4516eaf3,222,Aesopus,1.2.9,1,1,18,18,,
b413307f-d5c0-42a0-b40e-9f9b4516eaf3,223,talem,1.2.9,0,1,18,19,,
b413307f-d5c0-42a0-b40e-9f9b4516eaf3,224,tum,1.2.9,0,1,18,20,,
b413307f-d5c0-42a0-b40e-9f9b4516eaf3,225,fabellam,1.2.9,0,1,18,21,,
b413307f-d5c0-42a0-b40e-9f9b4516eaf3,226,rettulit,1.2.9,0,1,18,22,,
b413307f-d5c0-42a0-b40e-9f9b4516eaf3,227,.,1.2.9,,4,18,,,
b413307f-d5c0-42a0-b40e-9f9b4516eaf3,228,Ranae,1.2.10,0,1,19,0,,
b413307f-d5c0-42a0-b40e-9f9b4516eaf3,229,vagantes,1.2.10,0,1,19,1,,
b413307f-d5c0-42a0-b40e-9f9b4516eaf3,230,liberis,1.2.10,0,1,19,2,,
b413307f-d5c0-42a0-b40e-9f9b4516eaf3,231,paludibus,1.2.10,0,1,19,3,,
b413307f-d5c0-42a0-b40e-9f9b4516eaf3,232,Clamore,1.2.11,0,1,19,4,,
b413307f-d5c0-42a0-b40e-9f9b4516eaf3,233,magno,1.2.11,0,1,19,5,,
b413307f-d5c0-42a0-b40e-9f9b4516eaf3,234,regem,1.2.11,0,1,19,6,,
b413307f-d5c0-42a0-b40e-9f9b4516eaf3,235,petiere,1.2.11,0,1,19,7,,
b413307f-d5c0-42a0-b40e-9f9b4516eaf3,236,a,1.2.11,0,1,19,8,,
b413307f-d5c0-42a0-b40e-9f9b4516eaf3,237,Iove,1.2.11,1,1,19,9,,
b413307f-d5c0-42a0-b40e-9f9b4516eaf3,238,",",1.2.11,,4,19,,,
b413307f-d5c0-42a0-b40e-9f9b4516eaf3,239,Qui,1.2.12,0,1,19,10,,
b413307f-d5c0-42a0-b40e-9f9b4516eaf3,240,dissolutos,1.2.12,0,1,19,11,,
b413307f-d5c0-42a0-b40e-9f9b4516eaf3,241,mores,1.2.12,0,1,19,12,,
b413307f-d5c0-42a0-b40e-9f9b4516eaf3,242,vi,1.2.12,0,1,19,13,,
b413307f-d5c0-42a0-b40e-9f9b4516eaf3,243,compesceret,1.2.12,0,1,19,14,,
b413307f-d5c0-42a0-b40e-9f9b4516eaf3,244,.,1.2.12,,4,19,,,
b413307f-d5c0-42a0-b40e-9f9b4516eaf3,245,Pater,1.2.13,0,1,20,0,,
b413307f-d5c0-42a0-b40e-9f9b4516eaf3,246,deorum,1.2.13,0,1,20,1,,
b413307f-d5c0-42a0-b40e-9f9b4516eaf3,247,risit,1.2.13,0,1,20,2,,
b413307f-d5c0-42a0-b40e-9f9b4516eaf3,248,atque,1.2.13,0,1,20,3,,
b413307f-d5c0-42a0-b40e-9f9b4516eaf3,249,illis,1.2.13,0,1,20,4,,
b413307f-d5c0-42a0-b40e-9f9b4516eaf3,250,dedit,1.2.13,0,1,20,5,,
b413307f-d5c0-42a0-b40e-9f9b4516eaf3,251,Parvum,1.2.14,0,1,20,6,,
b413307f-d5c0-42a0-b40e-9f9b4516eaf3,252,tigillum,1.2.14,0,1,20,7,,
b413307f-d5c0-42a0-b40e-9f9b4516eaf3,253,",",1.2.14,,4,20,,,
b413307f-d5c0-42a0-b40e-9f9b4516eaf3,254,missum,1.2.14,0,1,20,8,,
b413307f-d5c0-42a0-b40e-9f9b4516eaf3,255,quod,1.2.14,0,1,20,9,,
b413307f-d5c0-42a0-b40e-9f9b4516eaf3,256,subito,1.2.14,0,1,20,10,,
b413307f-d5c0-42a0-b40e-9f9b4516eaf3,257,vadi,1.2.14,0,1,20,11,,
b413307f-d5c0-42a0-b40e-9f9b4516eaf3,258,Motu,1.2.15,0,1,20,12,,
b413307f-d5c0-42a0-b40e-9f9b4516eaf3,259,sonoque,1.2.15,0,1,20,13,que,
b413307f-d5c0-42a0-b40e-9f9b4516eaf3,260,terruit,1.2.15,0,1,20,14,,
b413307f-d5c0-42a0-b40e-9f9b4516eaf3,261,pavidum,1.2.15,0,1,20,15,,
b413307f-d5c0-42a0-b40e-9f9b4516eaf3,262,genus,1.2.15,0,1,20,16,,
b413307f-d5c0-42a0-b40e-9f9b4516eaf3,263,.,1.2.15,,4,20,,,
b413307f-d5c0-42a0-b40e-9f9b4516eaf3,264,Hoc,1.2.16,0,1,21,0,,
b413307f-d5c0-42a0-b40e-9f9b4516eaf3,265,mersum,1.2.16,0,1,21,1,,
b413307f-d5c0-42a0-b40e-9f9b4516eaf3,266,limo,1.2.16,0,1,21,2,,
b413307f-d5c0-42a0-b40e-9f9b4516eaf3,267,cum,1.2.16,0,1,21,3,,
b413307f-d5c0-42a0-b40e-9f9b4516eaf3,268,iaceret,1.2.16,0,1,21,4,,
b413307f-d5c0-42a0-b40e-9f9b4516eaf3,269,diutius,1.2.16,0,1,21,5,,
b413307f-d5c0-42a0-b40e-9f9b4516eaf3,270,",",1.2.16,,4,21,,,
b413307f-d5c0-42a0-b40e-9f9b4516eaf3,271,Forte,1.2.17,0,1,21,6,,
b413307f-d5c0-42a0-b40e-9f9b4516eaf3,272,una,1.2.17,0,1,21,7,,
b413307f-d5c0-42a0-b40e-9f9b4516eaf3,273,tacite,1.2.17,0,1,21,8,,
b413307f-d5c0-42a0-b40e-9f9b4516eaf3,274,profert,1.2.17,0,1,21,9,,
b413307f-d5c0-42a0-b40e-9f9b4516eaf3,275,e,1.2.17,0,1,21,10,,
b413307f-d5c0-42a0-b40e-9f9b4516eaf3,276,stagno,1.2.17,0,1,21,11,,
b413307f-d5c0-42a0-b40e-9f9b4516eaf3,277,caput,1.2.17,0,1,21,12,,
b413307f-d5c0-42a0-b40e-9f9b4516eaf3,278,Et,1.2.18,0,1,21,13,,
b413307f-d5c0-42a0-b40e-9f9b4516eaf3,279,explorato,1.2.18,0,1,21,14,,
b413307f-d5c0-42a0-b40e-9f9b4516eaf3,280,rege,1.2.18,0,1,21,15,,
b413307f-d5c0-42a0-b40e-9f9b4516eaf3,281,cunctas,1.2.18,0,1,21,16,,
b413307f-d5c0-42a0-b40e-9f9b4516eaf3,282,evocat,1.2.18,0,1,21,17,,
b413307f-d5c0-42a0-b40e-9f9b4516eaf3,283,.,1.2.18,,4,21,,,
b413307f-d5c0-42a0-b40e-9f9b4516eaf3,284,Illae,1.2.19,0,1,22,0,,
b413307f-d5c0-42a0-b40e-9f9b4516eaf3,285,timore,1.2.19,0,1,22,1,,
b413307f-d5c0-42a0-b40e-9f9b4516eaf3,286,posito,1.2.19,0,1,22,2,,
b413307f-d5c0-42a0-b40e-9f9b4516eaf3,287,certatim,1.2.19,0,1,22,3,,
b413307f-d5c0-42a0-b40e-9f9b4516eaf3,288,adnatant,1.2.19,0,1,22,4,,
b413307f-d5c0-42a0-b40e-9f9b4516eaf3,289,Lignumque,1.2.20,0,1,22,5,,
b413307f-d5c0-42a0-b40e-9f9b4516eaf3,290,supera,1.2.20,0,1,22,6,,
b413307f-d5c0-42a0-b40e-9f9b4516eaf3,291,turba,1.2.20,0,1,22,7,,
b413307f-d5c0-42a0-b40e-9f9b4516eaf3,292,petulans,1.2.20,0,1,22,8,,
b413307f-d5c0-42a0-b40e-9f9b4516eaf3,293,insilit,1.2.20,0,1,22,9,,
b413307f-d5c0-42a0-b40e-9f9b4516eaf3,294,.,1.2.20,,4,22,,,
b413307f-d5c0-42a0-b40e-9f9b4516eaf3,295,Quod,1.2.21,0,1,23,0,,
b413307f-d5c0-42a0-b40e-9f9b4516eaf3,296,cum,1.2.21,0,1,23,1,,
b413307f-d5c0-42a0-b40e-9f9b4516eaf3,297,inquinassent,1.2.21,0,1,23,2,,
b413307f-d5c0-42a0-b40e-9f9b4516eaf3,298,omni,1.2.21,0,1,23,3,,
b413307f-d5c0-42a0-b40e-9f9b4516eaf3,299,contumelia,1.2.21,0,1,23,4,,
b413307f-d5c0-42a0-b40e-9f9b4516eaf3,300,",",1.2.21,,4,23,,,
b413307f-d5c0-42a0-b40e-9f9b4516eaf3,301,Alium,1.2.22,2,1,23,5,,
b413307f-d5c0-42a0-b40e-9f9b4516eaf3,302,rogantes,1.2.22,0,1,23,6,,
b413307f-d5c0-42a0-b40e-9f9b4516eaf3,303,regem,1.2.22,0,1,23,7,,
b413307f-d5c0-42a0-b40e-9f9b4516eaf3,304,misere,1.2.22,0,1,23,8,,
b413307f-d5c0-42a0-b40e-9f9b4516eaf3,305,ad,1.2.22,0,1,23,9,,
b413307f-d5c0-42a0-b40e-9f9b4516eaf3,306,Iovem,1.2.22,1,1,23,10,,
b413307f-d5c0-42a0-b40e-9f9b4516eaf3,307,",",1.2.22,,4,23,,,
b413307f-d5c0-42a0-b40e-9f9b4516eaf3,308,Inutilis,1.2.23,0,1,23,11,,
b413307f-d5c0-42a0-b40e-9f9b4516eaf3,309,quoniam,1.2.23,0,1,23,12,,
b413307f-d5c0-42a0-b40e-9f9b4516eaf3,310,esset,1.2.23,0,1,23,13,,
b413307f-d5c0-42a0-b40e-9f9b4516eaf3,311,qui,1.2.23,0,1,23,14,,
b413307f-d5c0-42a0-b40e-9f9b4516eaf3,312,fuerat,1.2.23,0,1,23,15,,
b413307f-d5c0-42a0-b40e-9f9b4516eaf3,313,datus,1.2.23,0,1,23,16,,
b413307f-d5c0-42a0-b40e-9f9b4516eaf3,314,.,1.2.23,,4,23,,,
b413307f-d5c0-42a0-b40e-9f9b4516eaf3,315,Tum,1.2.24,0,1,24,0,,
b413307f-d5c0-42a0-b40e-9f9b4516eaf3,316,misit,1.2.24,0,1,24,1,,
b413307f-d5c0-42a0-b40e-9f9b4516eaf3,317,illis,1.2.24,0,1,24,2,,
b413307f-d5c0-42a0-b40e-9f9b4516eaf3,318,hydrum,1.2.24,0,1,24,3,,
b413307f-d5c0-42a0-b40e-9f9b4516eaf3,319,",",1.2.24,,4,24,,,
b413307f-d5c0-42a0-b40e-9f9b4516eaf3,320,qui,1.2.24,0,1,24,4,,
b413307f-d5c0-42a0-b40e-9f9b4516eaf3,321,dente,1.2.24,0,1,24,5,,
b413307f-d5c0-42a0-b40e-9f9b4516eaf3,322,aspero,1.2.24,0,1,24,6,,
b413307f-d5c0-42a0-b40e-9f9b4516eaf3,323,Corripere,1.2.25,0,1,24,7,,
b413307f-d5c0-42a0-b40e-9f9b4516eaf3,324,coepit,1.2.25,0,1,24,8,,
b413307f-d5c0-42a0-b40e-9f9b4516eaf3,325,singulas,1.2.25,0,1,24,9,,
b413307f-d5c0-42a0-b40e-9f9b4516eaf3,326,.,1.2.25,,4,24,,,
b413307f-d5c0-42a0-b40e-9f9b4516eaf3,327,Frustra,1.2.25,0,1,25,0,,
b413307f-d5c0-42a0-b40e-9f9b4516eaf3,328,necem,1.2.25,0,1,25,1,,
b413307f-d5c0-42a0-b40e-9f9b4516eaf3,329,Fugitant,1.2.26,0,1,25,2,,
b413307f-d5c0-42a0-b40e-9f9b4516eaf3,330,inertes,1.2.26,0,1,25,3,,
b413307f-d5c0-42a0-b40e-9f9b4516eaf3,331,",",1.2.26,,4,25,,,
b413307f-d5c0-42a0-b40e-9f9b4516eaf3,332,vocem,1.2.26,0,1,25,4,,
b413307f-d5c0-42a0-b40e-9f9b4516eaf3,333,praecludit,1.2.26,0,1,25,5,,
b413307f-d5c0-42a0-b40e-9f9b4516eaf3,334,metus,1.2.26,0,1,25,6,,
b413307f-d5c0-42a0-b40e-9f9b4516eaf3,335,.,1.2.26,,4,25,,,
b413307f-d5c0-42a0-b40e-9f9b4516eaf3,336,Furtim,1.2.27,0,1,26,0,,
b413307f-d5c0-42a0-b40e-9f9b4516eaf3,337,igitur,1.2.27,0,1,26,1,,
b413307f-d5c0-42a0-b40e-9f9b4516eaf3,338,dant,1.2.27,0,1,26,2,,
b413307f-d5c0-42a0-b40e-9f9b4516eaf3,339,Mercurio,1.2.27,1,1,26,3,,
b413307f-d5c0-42a0-b40e-9f9b4516eaf3,340,mandata,1.2.27,0,1,26,4,,
b413307f-d5c0-42a0-b40e-9f9b4516eaf3,341,ad,1.2.27,0,1,26,5,,
b413307f-d5c0-42a0-b40e-9f9b4516eaf3,342,Iovem,1.2.27,1,1,26,6,,
b413307f-d5c0-42a0-b40e-9f9b4516eaf3,343,",",1.2.27,,4,26,,,
b413307f-d5c0-42a0-b40e-9f9b4516eaf3,344,Afflictis,1.2.28,0,1,26,7,,
b413307f-d5c0-42a0-b40e-9f9b4516eaf3,345,ut,1.2.28,0,1,26,8,,
b413307f-d5c0-42a0-b40e-9f9b4516eaf3,346,succurrat,1.2.28,0,1,26,9,,
b413307f-d5c0-42a0-b40e-9f9b4516eaf3,347,.,1.2.28,,4,26,,,
b413307f-d5c0-42a0-b40e-9f9b4516eaf3,348,Tunc,1.2.28,0,1,27,0,,
b413307f-d5c0-42a0-b40e-9f9b4516eaf3,349,contra,1.2.28,0,1,27,1,,
b413307f-d5c0-42a0-b40e-9f9b4516eaf3,350,deus,1.2.28,0,1,27,2,,
b413307f-d5c0-42a0-b40e-9f9b4516eaf3,351,:,1.2.28,,4,27,,,
b413307f-d5c0-42a0-b40e-9f9b4516eaf3,352,Quia,1.2.29,0,1,27,3,,
b413307f-d5c0-42a0-b40e-9f9b4516eaf3,353,noluistis,1.2.29,0,1,27,4,,
b413307f-d5c0-42a0-b40e-9f9b4516eaf3,354,vestrum,1.2.29,0,1,27,5,,
b413307f-d5c0-42a0-b40e-9f9b4516eaf3,355,ferre,1.2.29,0,1,27,6,,
b413307f-d5c0-42a0-b40e-9f9b4516eaf3,356,inquit,1.2.29,0,1,27,7,,
b413307f-d5c0-42a0-b40e-9f9b4516eaf3,357,bonum,1.2.29,0,1,27,8,,
b413307f-d5c0-42a0-b40e-9f9b4516eaf3,358,",",1.2.29,,4,27,,,
b413307f-d5c0-42a0-b40e-9f9b4516eaf3,359,Malum,1.2.30,0,1,27,9,,
b413307f-d5c0-42a0-b40e-9f9b4516eaf3,360,perferte,1.2.30,0,1,27,10,,
b413307f-d5c0-42a0-b40e-9f9b4516eaf3,361,.,1.2.30,,4,27,,,
b413307f-d5c0-42a0-b40e-9f9b4516eaf3,362,—,1.2.30,,4,28,,,
b413307f-d5c0-42a0-b40e-9f9b4516eaf3,363,Vos,1.2.30,0,1,28,0,,
b413307f-d5c0-42a0-b40e-9f9b4516eaf3,364,quoque,1.2.30,0,1,28,1,,
b413307f-d5c0-42a0-b40e-9f9b4516eaf3,365,",",1.2.30,,4,28,,,
b413307f-d5c0-42a0-b40e-9f9b4516eaf3,366,o,1.2.30,0,1,28,2,,
b413307f-d5c0-42a0-b40e-9f9b4516eaf3,367,cives,1.2.30,0,1,28,3,,
b413307f-d5c0-42a0-b40e-9f9b4516eaf3,368,",",1.2.30,,4,28,,,
b413307f-d5c0-42a0-b40e-9f9b4516eaf3,369,ait,1.2.30,0,1,28,4,,
b413307f-d5c0-42a0-b40e-9f9b4516eaf3,370,",",1.2.30,,4,28,,,
b413307f-d5c0-42a0-b40e-9f9b4516eaf3,371,Hoc,1.2.31,0,1,28,5,,
b413307f-d5c0-42a0-b40e-9f9b4516eaf3,372,sustinete,1.2.31,0,1,28,6,,
b413307f-d5c0-42a0-b40e-9f9b4516eaf3,373,",",1.2.31,,4,28,,,
b413307f-d5c0-42a0-b40e-9f9b4516eaf3,374,maius,1.2.31,0,1,28,7,,
b413307f-d5c0-42a0-b40e-9f9b4516eaf3,375,ne,1.2.31,0,1,28,8,,
b413307f-d5c0-42a0-b40e-9f9b4516eaf3,376,veniat,1.2.31,0,1,28,9,,
b413307f-d5c0-42a0-b40e-9f9b4516eaf3,377,malum,1.2.31,0,1,28,10,,
b413307f-d5c0-42a0-b40e-9f9b4516eaf3,378,.,1.2.31,,4,28,,,
b413307f-d5c0-42a0-b40e-9f9b4516eaf3,379,Graculus,1.3,0,1,29,0,,
b413307f-d5c0-42a0-b40e-9f9b4516eaf3,380,superbus,1.3,0,1,29,1,,
b413307f-d5c0-42a0-b40e-9f9b4516eaf3,381,et,1.3,0,1,29,2,,
b413307f-d5c0-42a0-b40e-9f9b4516eaf3,382,pavo,1.3,0,1,29,3,,
b413307f-d5c0-42a0-b40e-9f9b4516eaf3,383,.,1.3,,4,29,,,
b413307f-d5c0-42a0-b40e-9f9b4516eaf3,384,Ne,1.3.1,0,1,30,0,,
b413307f-d5c0-42a0-b40e-9f9b4516eaf3,385,gloriari,1.3.1,0,1,30,1,,
b413307f-d5c0-42a0-b40e-9f9b4516eaf3,386,libeat,1.3.1,0,1,30,2,,
b413307f-d5c0-42a0-b40e-9f9b4516eaf3,387,alienis,1.3.1,0,1,30,3,,
b413307f-d5c0-42a0-b40e-9f9b4516eaf3,388,bonis,1.3.1,0,1,30,4,,
b413307f-d5c0-42a0-b40e-9f9b4516eaf3,389,Suoque,1.3.2,0,1,30,5,,
b413307f-d5c0-42a0-b40e-9f9b4516eaf3,390,potius,1.3.2,0,1,30,6,,
b413307f-d5c0-42a0-b40e-9f9b4516eaf3,391,habitu,1.3.2,0,1,30,7,,
b413307f-d5c0-42a0-b40e-9f9b4516eaf3,392,vitam,1.3.2,0,1,30,8,,
b413307f-d5c0-42a0-b40e-9f9b4516eaf3,393,degere,1.3.2,0,1,30,9,,
b413307f-d5c0-42a0-b40e-9f9b4516eaf3,394,",",1.3.2,,4,30,,,
b413307f-d5c0-42a0-b40e-9f9b4516eaf3,395,Aesopus,1.3.3,1,1,30,10,,
b413307f-d5c0-42a0-b40e-9f9b4516eaf3,396,nobis,1.3.3,0,1,30,11,,
b413307f-d5c0-42a0-b40e-9f9b4516eaf3,397,hoc,1.3.3,0,1,30,12,,
b413307f-d5c0-42a0-b40e-9f9b4516eaf3,398,exemplum,1.3.3,0,1,30,13,,
b413307f-d5c0-42a0-b40e-9f9b4516eaf3,399,prodidit,1.3.3,0,1,30,14,,
b413307f-d5c0-42a0-b40e-9f9b4516eaf3,400,.,1.3.3,,4,30,,,
b413307f-d5c0-42a0-b40e-9f9b4516eaf3,401,Tumens,1.3.4,0,1,31,0,,
b413307f-d5c0-42a0-b40e-9f9b4516eaf3,402,inani,1.3.4,0,1,31,1,,
b413307f-d5c0-42a0-b40e-9f9b4516eaf3,403,graculus,1.3.4,0,1,31,2,,
b413307f-d5c0-42a0-b40e-9f9b4516eaf3,404,superbia,1.3.4,0,1,31,3,,
b413307f-d5c0-42a0-b40e-9f9b4516eaf3,405,",",1.3.4,,4,31,,,
b413307f-d5c0-42a0-b40e-9f9b4516eaf3,406,Pennas,1.3.5,0,1,31,4,,
b413307f-d5c0-42a0-b40e-9f9b4516eaf3,407,pavoni,1.3.5,0,1,31,5,,
b413307f-d5c0-42a0-b40e-9f9b4516eaf3,408,quae,1.3.5,0,1,31,6,,
b413307f-d5c0-42a0-b40e-9f9b4516eaf3,409,deciderant,1.3.5,0,1,31,7,,
b413307f-d5c0-42a0-b40e-9f9b4516eaf3,410,sustulit,1.3.5,0,1,31,8,,
b413307f-d5c0-42a0-b40e-9f9b4516eaf3,411,Seque,1.3.6,0,1,31,9,,
b413307f-d5c0-42a0-b40e-9f9b4516eaf3,412,exornavit,1.3.6,0,1,31,10,,
b413307f-d5c0-42a0-b40e-9f9b4516eaf3,413,.,1.3.6,,4,31,,,
b413307f-d5c0-42a0-b40e-9f9b4516eaf3,414,Deinde,1.3.6,0,1,32,0,,
b413307f-d5c0-42a0-b40e-9f9b4516eaf3,415,contemnens,1.3.6,0,1,32,1,,
b413307f-d5c0-42a0-b40e-9f9b4516eaf3,416,suos,1.3.6,0,1,32,2,,
b413307f-d5c0-42a0-b40e-9f9b4516eaf3,417,Se,1.3.7,0,1,32,3,,
b413307f-d5c0-42a0-b40e-9f9b4516eaf3,418,inmiscuit,1.3.7,0,1,32,4,,
b413307f-d5c0-42a0-b40e-9f9b4516eaf3,419,pavonum,1.3.7,0,1,32,5,,
b413307f-d5c0-42a0-b40e-9f9b4516eaf3,420,formoso,1.3.7,0,1,32,6,,
b413307f-d5c0-42a0-b40e-9f9b4516eaf3,421,gregi,1.3.7,0,1,32,7,,
b413307f-d5c0-42a0-b40e-9f9b4516eaf3,422,.,1.3.7,,4,32,,,
b413307f-d5c0-42a0-b40e-9f9b4516eaf3,423,Illi,1.3.8,0,1,33,0,,
b413307f-d5c0-42a0-b40e-9f9b4516eaf3,424,inpudenti,1.3.8,0,1,33,1,,
b413307f-d5c0-42a0-b40e-9f9b4516eaf3,425,pennas,1.3.8,0,1,33,2,,
b413307f-d5c0-42a0-b40e-9f9b4516eaf3,426,eripiunt,1.3.8,0,1,33,3,,
b413307f-d5c0-42a0-b40e-9f9b4516eaf3,427,avi,1.3.8,0,1,33,4,,
b413307f-d5c0-42a0-b40e-9f9b4516eaf3,428,Fugantque,1.3.9,0,1,33,5,,
b413307f-d5c0-42a0-b40e-9f9b4516eaf3,429,rostris,1.3.9,0,1,33,6,,
b413307f-d5c0-42a0-b40e-9f9b4516eaf3,430,.,1.3.9,,4,33,,,
b413307f-d5c0-42a0-b40e-9f9b4516eaf3,431,Male,1.3.9,0,1,34,0,,
b413307f-d5c0-42a0-b40e-9f9b4516eaf3,432,mulcatus,1.3.9,0,1,34,1,,
b413307f-d5c0-42a0-b40e-9f9b4516eaf3,433,graculus,1.3.9,0,1,34,2,,
b413307f-d5c0-42a0-b40e-9f9b4516eaf3,434,Redire,1.3.10,0,1,34,3,,
b413307f-d5c0-42a0-b40e-9f9b4516eaf3,435,maerens,1.3.10,0,1,34,4,,
b413307f-d5c0-42a0-b40e-9f9b4516eaf3,436,coepit,1.3.10,0,1,34,5,,
b413307f-d5c0-42a0-b40e-9f9b4516eaf3,437,ad,1.3.10,0,1,34,6,,
b413307f-d5c0-42a0-b40e-9f9b4516eaf3,438,proprium,1.3.10,0,1,34,7,,
b413307f-d5c0-42a0-b40e-9f9b4516eaf3,439,genus,1.3.10,0,1,34,8,,
b413307f-d5c0-42a0-b40e-9f9b4516eaf3,440,;,1.3.10,,4,34,,,
b413307f-d5c0-42a0-b40e-9f9b4516eaf3,441,A,1.3.11,0,1,34,9,,
b413307f-d5c0-42a0-b40e-9f9b4516eaf3,442,quo,1.3.11,0,1,34,10,,
b413307f-d5c0-42a0-b40e-9f9b4516eaf3,443,repulsus,1.3.11,0,1,34,11,,
b413307f-d5c0-42a0-b40e-9f9b4516eaf3,444,tristem,1.3.11,0,1,34,12,,
b413307f-d5c0-42a0-b40e-9f9b4516eaf3,445,sustinuit,1.3.11,0,1,34,13,,
b413307f-d5c0-42a0-b40e-9f9b4516eaf3,446,notam,1.3.11,0,1,34,14,,
b413307f-d5c0-42a0-b40e-9f9b4516eaf3,447,.,1.3.11,,4,34,,,
b413307f-d5c0-42a0-b40e-9f9b4516eaf3,448,Tum,1.3.12,0,1,35,0,,
b413307f-d5c0-42a0-b40e-9f9b4516eaf3,449,quidam,1.3.12,0,1,35,1,,
b413307f-d5c0-42a0-b40e-9f9b4516eaf3,450,ex,1.3.12,0,1,35,2,,
b413307f-d5c0-42a0-b40e-9f9b4516eaf3,451,illis,1.3.12,0,1,35,3,,
b413307f-d5c0-42a0-b40e-9f9b4516eaf3,452,",",1.3.12,,4,35,,,
b413307f-d5c0-42a0-b40e-9f9b4516eaf3,453,quos,1.3.12,0,1,35,4,,
b413307f-d5c0-42a0-b40e-9f9b4516eaf3,454,prius,1.3.12,0,1,35,5,,
b413307f-d5c0-42a0-b40e-9f9b4516eaf3,455,despexerat,1.3.12,0,1,35,6,,
b413307f-d5c0-42a0-b40e-9f9b4516eaf3,456,:,1.3.12,,4,35,,,
b413307f-d5c0-42a0-b40e-9f9b4516eaf3,457,Contentus,1.3.13,0,1,35,7,,
b413307f-d5c0-42a0-b40e-9f9b4516eaf3,458,nostris,1.3.13,0,1,35,8,,
b413307f-d5c0-42a0-b40e-9f9b4516eaf3,459,si,1.3.13,0,1,35,9,,
b413307f-d5c0-42a0-b40e-9f9b4516eaf3,460,fuisses,1.3.13,0,1,35,10,,
b413307f-d5c0-42a0-b40e-9f9b4516eaf3,461,sedibus,1.3.13,0,1,35,11,,
b413307f-d5c0-42a0-b40e-9f9b4516eaf3,462,Et,1.3.14,0,1,35,12,,
b413307f-d5c0-42a0-b40e-9f9b4516eaf3,463,quod,1.3.14,0,1,35,13,,
b413307f-d5c0-42a0-b40e-9f9b4516eaf3,464,natura,1.3.14,0,1,35,14,,
b413307f-d5c0-42a0-b40e-9f9b4516eaf3,465,dederat,1.3.14,0,1,35,15,,
b413307f-d5c0-42a0-b40e-9f9b4516eaf3,466,voluisses,1.3.14,0,1,35,16,,
b413307f-d5c0-42a0-b40e-9f9b4516eaf3,467,pati,1.3.14,0,1,35,17,,
b413307f-d5c0-42a0-b40e-9f9b4516eaf3,468,",",1.3.14,,4,35,,,
b413307f-d5c0-42a0-b40e-9f9b4516eaf3,469,Nec,1.3.15,0,1,35,18,,
b413307f-d5c0-42a0-b40e-9f9b4516eaf3,470,illam,1.3.15,0,1,35,19,,
b413307f-d5c0-42a0-b40e-9f9b4516eaf3,471,expertus,1.3.15,0,1,35,20,,
b413307f-d5c0-42a0-b40e-9f9b4516eaf3,472,esses,1.3.15,0,1,35,21,,
b413307f-d5c0-42a0-b40e-9f9b4516eaf3,473,contumeliam,1.3.15,0,1,35,22,,
b413307f-d5c0-42a0-b40e-9f9b4516eaf3,474,Nec,1.3.16,0,1,35,23,,
b413307f-d5c0-42a0-b40e-9f9b4516eaf3,475,hanc,1.3.16,0,1,35,24,,
b413307f-d5c0-42a0-b40e-9f9b4516eaf3,476,repulsam,1.3.16,0,1,35,25,,
b413307f-d5c0-42a0-b40e-9f9b4516eaf3,477,tua,1.3.16,0,1,35,26,,
b413307f-d5c0-42a0-b40e-9f9b4516eaf3,478,sentiret,1.3.16,0,1,35,27,,
b413307f-d5c0-42a0-b40e-9f9b4516eaf3,479,calamitas,1.3.16,0,1,35,28,,
b413307f-d5c0-42a0-b40e-9f9b4516eaf3,480,.,1.3.16,,4,35,,,
b413307f-d5c0-42a0-b40e-9f9b4516eaf3,481,Canis,1.4,2,1,36,0,,
b413307f-d5c0-42a0-b40e-9f9b4516eaf3,482,per,1.4,0,1,36,1,,
b413307f-d5c0-42a0-b40e-9f9b4516eaf3,483,fluvium,1.4,0,1,36,2,,
b413307f-d5c0-42a0-b40e-9f9b4516eaf3,484,carnem,1.4,0,1,36,3,,
b413307f-d5c0-42a0-b40e-9f9b4516eaf3,485,ferens,1.4,0,1,36,4,,
b413307f-d5c0-42a0-b40e-9f9b4516eaf3,486,.,1.4,,4,36,,,
b413307f-d5c0-42a0-b40e-9f9b4516eaf3,487,Amittit,1.4.1,0,1,37,0,,
b413307f-d5c0-42a0-b40e-9f9b4516eaf3,488,merito,1.4.1,0,1,37,1,,
b413307f-d5c0-42a0-b40e-9f9b4516eaf3,489,proprium,1.4.1,0,1,37,2,,
b413307f-d5c0-42a0-b40e-9f9b4516eaf3,490,qui,1.4.1,0,1,37,3,,
b413307f-d5c0-42a0-b40e-9f9b4516eaf3,491,alienum,1.4.1,0,1,37,4,,
b413307f-d5c0-42a0-b40e-9f9b4516eaf3,492,adpetit,1.4.1,0,1,37,5,,
b413307f-d5c0-42a0-b40e-9f9b4516eaf3,493,.,1.4.1,,4,37,,,
b413307f-d5c0-42a0-b40e-9f9b4516eaf3,494,Canis,1.4.2,2,1,38,0,,
b413307f-d5c0-42a0-b40e-9f9b4516eaf3,495,per,1.4.2,0,1,38,1,,
b413307f-d5c0-42a0-b40e-9f9b4516eaf3,496,flumen,1.4.2,0,1,38,2,,
b413307f-d5c0-42a0-b40e-9f9b4516eaf3,497,carnem,1.4.2,0,1,38,3,,
b413307f-d5c0-42a0-b40e-9f9b4516eaf3,498,cum,1.4.2,0,1,38,4,,
b413307f-d5c0-42a0-b40e-9f9b4516eaf3,499,ferret,1.4.2,0,1,38,5,,
b413307f-d5c0-42a0-b40e-9f9b4516eaf3,500,natans,1.4.2,0,1,38,6,,
b413307f-d5c0-42a0-b40e-9f9b4516eaf3,501,",",1.4.2,,4,38,,,
b413307f-d5c0-42a0-b40e-9f9b4516eaf3,502,Lympharum,1.4.3,0,1,38,7,,
b413307f-d5c0-42a0-b40e-9f9b4516eaf3,503,in,1.4.3,0,1,38,8,,
b413307f-d5c0-42a0-b40e-9f9b4516eaf3,504,speculo,1.4.3,0,1,38,9,,
b413307f-d5c0-42a0-b40e-9f9b4516eaf3,505,vidit,1.4.3,0,1,38,10,,
b413307f-d5c0-42a0-b40e-9f9b4516eaf3,506,simulacrum,1.4.3,0,1,38,11,,
b413307f-d5c0-42a0-b40e-9f9b4516eaf3,507,suum,1.4.3,0,1,38,12,,
b413307f-d5c0-42a0-b40e-9f9b4516eaf3,508,",",1.4.3,,4,38,,,
b413307f-d5c0-42a0-b40e-9f9b4516eaf3,509,Aliamque,1.4.4,2,1,38,13,que,
b413307f-d5c0-42a0-b40e-9f9b4516eaf3,510,praedam,1.4.4,0,1,38,14,,
b413307f-d5c0-42a0-b40e-9f9b4516eaf3,511,ab,1.4.4,0,1,38,15,,
b413307f-d5c0-42a0-b40e-9f9b4516eaf3,512,altero,1.4.4,0,1,38,16,,
b413307f-d5c0-42a0-b40e-9f9b4516eaf3,513,ferri,1.4.4,0,1,38,17,,
b413307f-d5c0-42a0-b40e-9f9b4516eaf3,514,putans,1.4.4,0,1,38,18,,
b413307f-d5c0-42a0-b40e-9f9b4516eaf3,515,Eripere,1.4.5,0,1,38,19,,
b413307f-d5c0-42a0-b40e-9f9b4516eaf3,516,voluit,1.4.5,0,1,38,20,,
b413307f-d5c0-42a0-b40e-9f9b4516eaf3,517,;,1.4.5,,4,38,,,
b413307f-d5c0-42a0-b40e-9f9b4516eaf3,518,verum,1.4.5,0,1,38,21,,
b413307f-d5c0-42a0-b40e-9f9b4516eaf3,519,decepta,1.4.5,0,1,38,22,,
b413307f-d5c0-42a0-b40e-9f9b4516eaf3,520,aviditas,1.4.5,0,1,38,23,,
b413307f-d5c0-42a0-b40e-9f9b4516eaf3,521,Et,1.4.6,0,1,38,24,,
b413307f-d5c0-42a0-b40e-9f9b4516eaf3,522,quem,1.4.6,0,1,38,25,,
b413307f-d5c0-42a0-b40e-9f9b4516eaf3,523,tenebat,1.4.6,0,1,38,26,,
b413307f-d5c0-42a0-b40e-9f9b4516eaf3,524,ore,1.4.6,0,1,38,27,,
b413307f-d5c0-42a0-b40e-9f9b4516eaf3,525,dimisit,1.4.6,0,1,38,28,,
b413307f-d5c0-42a0-b40e-9f9b4516eaf3,526,cibum,1.4.6,0,1,38,29,,
b413307f-d5c0-42a0-b40e-9f9b4516eaf3,527,",",1.4.6,,4,38,,,
b413307f-d5c0-42a0-b40e-9f9b4516eaf3,528,Nec,1.4.7,0,1,38,30,,
b413307f-d5c0-42a0-b40e-9f9b4516eaf3,529,quem,1.4.7,0,1,38,31,,
b413307f-d5c0-42a0-b40e-9f9b4516eaf3,530,petebat,1.4.7,0,1,38,32,,
b413307f-d5c0-42a0-b40e-9f9b4516eaf3,531,potuit,1.4.7,0,1,38,33,,
b413307f-d5c0-42a0-b40e-9f9b4516eaf3,532,adeo,1.4.7,0,1,38,34,,
b413307f-d5c0-42a0-b40e-9f9b4516eaf3,533,adtingere,1.4.7,0,1,38,35,,
b413307f-d5c0-42a0-b40e-9f9b4516eaf3,534,.,1.4.7,,4,38,,,
b413307f-d5c0-42a0-b40e-9f9b4516eaf3,535,Vacca,1.5,2,1,39,0,,
b413307f-d5c0-42a0-b40e-9f9b4516eaf3,536,",",1.5,,4,39,,,
b413307f-d5c0-42a0-b40e-9f9b4516eaf3,537,capella,1.5,0,1,39,1,,
b413307f-d5c0-42a0-b40e-9f9b4516eaf3,538,",",1.5,,4,39,,,
b413307f-d5c0-42a0-b40e-9f9b4516eaf3,539,ovis,1.5,0,1,39,2,,
b413307f-d5c0-42a0-b40e-9f9b4516eaf3,540,",",1.5,,4,39,,,
b413307f-d5c0-42a0-b40e-9f9b4516eaf3,541,et,1.5,0,1,39,3,,
b413307f-d5c0-42a0-b40e-9f9b4516eaf3,542,leo,1.5,0,1,39,4,,
b413307f-d5c0-42a0-b40e-9f9b4516eaf3,543,.,1.5,,4,39,,,
b413307f-d5c0-42a0-b40e-9f9b4516eaf3,544,Numquam,1.5.1,0,1,40,0,,
b413307f-d5c0-42a0-b40e-9f9b4516eaf3,545,est,1.5.1,0,1,40,1,,
b413307f-d5c0-42a0-b40e-9f9b4516eaf3,546,fidelis,1.5.1,0,1,40,2,,
b413307f-d5c0-42a0-b40e-9f9b4516eaf3,547,cum,1.5.1,0,1,40,3,,
b413307f-d5c0-42a0-b40e-9f9b4516eaf3,548,potente,1.5.1,0,1,40,4,,
b413307f-d5c0-42a0-b40e-9f9b4516eaf3,549,societas,1.5.1,0,1,40,5,,
b413307f-d5c0-42a0-b40e-9f9b4516eaf3,550,:,1.5.1,,4,40,,,
b413307f-d5c0-42a0-b40e-9f9b4516eaf3,551,Testatur,1.5.2,0,1,40,6,,
b413307f-d5c0-42a0-b40e-9f9b4516eaf3,552,haec,1.5.2,0,1,40,7,,
b413307f-d5c0-42a0-b40e-9f9b4516eaf3,553,fabella,1.5.2,0,1,40,8,,
b413307f-d5c0-42a0-b40e-9f9b4516eaf3,554,propositum,1.5.2,0,1,40,9,,
b413307f-d5c0-42a0-b40e-9f9b4516eaf3,555,meum,1.5.2,0,1,40,10,,
b413307f-d5c0-42a0-b40e-9f9b4516eaf3,556,.,1.5.2,,4,40,,,
b413307f-d5c0-42a0-b40e-9f9b4516eaf3,557,Vacca,1.5.3,2,1,41,0,,
b413307f-d5c0-42a0-b40e-9f9b4516eaf3,558,et,1.5.3,0,1,41,1,,
b413307f-d5c0-42a0-b40e-9f9b4516eaf3,559,capella,1.5.3,0,1,41,2,,
b413307f-d5c0-42a0-b40e-9f9b4516eaf3,560,et,1.5.3,0,1,41,3,,
b413307f-d5c0-42a0-b40e-9f9b4516eaf3,561,patiens,1.5.3,0,1,41,4,,
b413307f-d5c0-42a0-b40e-9f9b4516eaf3,562,ovis,1.5.3,0,1,41,5,,
b413307f-d5c0-42a0-b40e-9f9b4516eaf3,563,iniuriae,1.5.3,0,1,41,6,,
b413307f-d5c0-42a0-b40e-9f9b4516eaf3,564,Socii,1.5.4,0,1,41,7,,
b413307f-d5c0-42a0-b40e-9f9b4516eaf3,565,fuere,1.5.4,0,1,41,8,,
b413307f-d5c0-42a0-b40e-9f9b4516eaf3,566,cum,1.5.4,0,1,41,9,,
b413307f-d5c0-42a0-b40e-9f9b4516eaf3,567,leone,1.5.4,0,1,41,10,,
b413307f-d5c0-42a0-b40e-9f9b4516eaf3,568,in,1.5.4,0,1,41,11,,
b413307f-d5c0-42a0-b40e-9f9b4516eaf3,569,saltibus,1.5.4,0,1,41,12,,
b413307f-d5c0-42a0-b40e-9f9b4516eaf3,570,.,1.5.4,,4,41,,,
b413307f-d5c0-42a0-b40e-9f9b4516eaf3,571,Hi,1.5.5,0,1,42,0,,
b413307f-d5c0-42a0-b40e-9f9b4516eaf3,572,cum,1.5.5,0,1,42,1,,
b413307f-d5c0-42a0-b40e-9f9b4516eaf3,573,cepissent,1.5.5,0,1,42,2,,
b413307f-d5c0-42a0-b40e-9f9b4516eaf3,574,cervum,1.5.5,0,1,42,3,,
b413307f-d5c0-42a0-b40e-9f9b4516eaf3,575,vasti,1.5.5,0,1,42,4,,
b413307f-d5c0-42a0-b40e-9f9b4516eaf3,576,corporis,1.5.5,0,1,42,5,,
b413307f-d5c0-42a0-b40e-9f9b4516eaf3,577,",",1.5.5,,4,42,,,
b413307f-d5c0-42a0-b40e-9f9b4516eaf3,578,Sic,1.5.6,0,1,42,6,,
b413307f-d5c0-42a0-b40e-9f9b4516eaf3,579,est,1.5.6,0,1,42,7,,
b413307f-d5c0-42a0-b40e-9f9b4516eaf3,580,locutus,1.5.6,0,1,42,8,,
b413307f-d5c0-42a0-b40e-9f9b4516eaf3,581,",",1.5.6,,4,42,,,
b413307f-d5c0-42a0-b40e-9f9b4516eaf3,582,partibus,1.5.6,0,1,42,9,,
b413307f-d5c0-42a0-b40e-9f9b4516eaf3,583,factis,1.5.6,0,1,42,10,,
b413307f-d5c0-42a0-b40e-9f9b4516eaf3,584,",",1.5.6,,4,42,,,
b413307f-d5c0-42a0-b40e-9f9b4516eaf3,585,leo,1.5.6,0,1,42,11,,
b413307f-d5c0-42a0-b40e-9f9b4516eaf3,586,:,1.5.6,,4,42,,,
b413307f-d5c0-42a0-b40e-9f9b4516eaf3,587,Ego,1.5.7,0,1,42,12,,
b413307f-d5c0-42a0-b40e-9f9b4516eaf3,588,primam,1.5.7,0,1,42,13,,
b413307f-d5c0-42a0-b40e-9f9b4516eaf3,589,tollo,1.5.7,0,1,42,14,,
b413307f-d5c0-42a0-b40e-9f9b4516eaf3,590,",",1.5.7,,4,42,,,
b413307f-d5c0-42a0-b40e-9f9b4516eaf3,591,†,1.5.7,,5,42,,,
b413307f-d5c0-42a0-b40e-9f9b4516eaf3,592,nominor,1.5.7,0,1,42,15,,
b413307f-d5c0-42a0-b40e-9f9b4516eaf3,593,quia,1.5.7,0,1,42,16,,
b413307f-d5c0-42a0-b40e-9f9b4516eaf3,594,leo,1.5.7,0,1,42,17,,
b413307f-d5c0-42a0-b40e-9f9b4516eaf3,595,;,1.5.7,,4,42,,,
b413307f-d5c0-42a0-b40e-9f9b4516eaf3,596,Secundam,1.5.8,2,1,42,18,,
b413307f-d5c0-42a0-b40e-9f9b4516eaf3,597,",",1.5.8,,4,42,,,
b413307f-d5c0-42a0-b40e-9f9b4516eaf3,598,quia,1.5.8,0,1,42,19,,
b413307f-d5c0-42a0-b40e-9f9b4516eaf3,599,sum,1.5.8,0,1,42,20,,
b413307f-d5c0-42a0-b40e-9f9b4516eaf3,600,fortis,1.5.8,0,1,42,21,,
b413307f-d5c0-42a0-b40e-9f9b4516eaf3,601,",",1.5.8,,4,42,,,
b413307f-d5c0-42a0-b40e-9f9b4516eaf3,602,tribuetis,1.5.8,0,1,42,22,,
b413307f-d5c0-42a0-b40e-9f9b4516eaf3,603,mihi,1.5.8,0,1,42,23,,
b413307f-d5c0-42a0-b40e-9f9b4516eaf3,604,;,1.5.8,,4,42,,,
b413307f-d5c0-42a0-b40e-9f9b4516eaf3,605,Tum,1.5.9,0,1,42,24,,
b413307f-d5c0-42a0-b40e-9f9b4516eaf3,606,",",1.5.9,,4,42,,,
b413307f-d5c0-42a0-b40e-9f9b4516eaf3,607,quia,1.5.9,0,1,42,25,,
b413307f-d5c0-42a0-b40e-9f9b4516eaf3,608,plus,1.5.9,0,1,42,26,,
b413307f-d5c0-42a0-b40e-9f9b4516eaf3,609,valeo,1.5.9,0,1,42,27,,
b413307f-d5c0-42a0-b40e-9f9b4516eaf3,610,",",1.5.9,,4,42,,,
b413307f-d5c0-42a0-b40e-9f9b4516eaf3,611,me,1.5.9,0,1,42,28,,
b413307f-d5c0-42a0-b40e-9f9b4516eaf3,612,sequetur,1.5.9,0,1,42,29,,
b413307f-d5c0-42a0-b40e-9f9b4516eaf3,613,tertia,1.5.9,0,1,42,30,,
b413307f-d5c0-42a0-b40e-9f9b4516eaf3,614,;,1.5.9,,4,42,,,
b413307f-d5c0-42a0-b40e-9f9b4516eaf3,615,Malo,1.5.10,0,1,42,31,,
b413307f-d5c0-42a0-b40e-9f9b4516eaf3,616,afficietur,1.5.10,0,1,42,32,,
b413307f-d5c0-42a0-b40e-9f9b4516eaf3,617,si,1.5.10,0,1,42,33,,
b413307f-d5c0-42a0-b40e-9f9b4516eaf3,618,quis,1.5.10,0,1,42,34,,
b413307f-d5c0-42a0-b40e-9f9b4516eaf3,619,quartam,1.5.10,0,1,42,35,,
b413307f-d5c0-42a0-b40e-9f9b4516eaf3,620,tetigerit,1.5.10,0,1,42,36,,
b413307f-d5c0-42a0-b40e-9f9b4516eaf3,621,.,1.5.10,,4,42,,,
b413307f-d5c0-42a0-b40e-9f9b4516eaf3,622,Sic,1.5.11,0,1,43,0,,
b413307f-d5c0-42a0-b40e-9f9b4516eaf3,623,totam,1.5.11,0,1,43,1,,
b413307f-d5c0-42a0-b40e-9f9b4516eaf3,624,praedam,1.5.11,0,1,43,2,,
b413307f-d5c0-42a0-b40e-9f9b4516eaf3,625,sola,1.5.11,0,1,43,3,,
b413307f-d5c0-42a0-b40e-9f9b4516eaf3,626,improbitas,1.5.11,0,1,43,4,,
b413307f-d5c0-42a0-b40e-9f9b4516eaf3,627,abstulit,1.5.11,0,1,43,5,,
b413307f-d5c0-42a0-b40e-9f9b4516eaf3,628,.,1.5.11,,4,43,,,
b413307f-d5c0-42a0-b40e-9f9b4516eaf3,629,Ranae,1.6,0,1,44,0,,
b413307f-d5c0-42a0-b40e-9f9b4516eaf3,630,ad,1.6,0,1,44,1,,
b413307f-d5c0-42a0-b40e-9f9b4516eaf3,631,solem,1.6,0,1,44,2,,
b413307f-d5c0-42a0-b40e-9f9b4516eaf3,632,.,1.6,,4,44,,,
b413307f-d5c0-42a0-b40e-9f9b4516eaf3,633,Vicini,1.6.1,0,1,45,0,,
b413307f-d5c0-42a0-b40e-9f9b4516eaf3,634,furis,1.6.1,0,1,45,1,,
b413307f-d5c0-42a0-b40e-9f9b4516eaf3,635,celebres,1.6.1,0,1,45,2,,
b413307f-d5c0-42a0-b40e-9f9b4516eaf3,636,vidit,1.6.1,0,1,45,3,,
b413307f-d5c0-42a0-b40e-9f9b4516eaf3,637,nuptias,1.6.1,0,1,45,4,,
b413307f-d5c0-42a0-b40e-9f9b4516eaf3,638,Aesopus,1.6.2,1,1,45,5,,
b413307f-d5c0-42a0-b40e-9f9b4516eaf3,639,et,1.6.2,0,1,45,6,,
b413307f-d5c0-42a0-b40e-9f9b4516eaf3,640,continuo,1.6.2,0,1,45,7,,
b413307f-d5c0-42a0-b40e-9f9b4516eaf3,641,narrare,1.6.2,0,1,45,8,,
b413307f-d5c0-42a0-b40e-9f9b4516eaf3,642,incipit,1.6.2,0,1,45,9,,
b413307f-d5c0-42a0-b40e-9f9b4516eaf3,643,:,1.6.2,,4,45,,,
b413307f-d5c0-42a0-b40e-9f9b4516eaf3,644,Uxorem,1.6.3,0,1,45,10,,
b413307f-d5c0-42a0-b40e-9f9b4516eaf3,645,quondam,1.6.3,0,1,45,11,,
b413307f-d5c0-42a0-b40e-9f9b4516eaf3,646,Sol,1.6.3,0,1,45,12,,
b413307f-d5c0-42a0-b40e-9f9b4516eaf3,647,cum,1.6.3,0,1,45,13,,
b413307f-d5c0-42a0-b40e-9f9b4516eaf3,648,vellet,1.6.3,0,1,45,14,,
b413307f-d5c0-42a0-b40e-9f9b4516eaf3,649,ducere,1.6.3,0,1,45,15,,
b413307f-d5c0-42a0-b40e-9f9b4516eaf3,650,",",1.6.3,,4,45,,,
b413307f-d5c0-42a0-b40e-9f9b4516eaf3,651,Clamorem,1.6.4,0,1,45,16,,
b413307f-d5c0-42a0-b40e-9f9b4516eaf3,652,ranae,1.6.4,0,1,45,17,,
b413307f-d5c0-42a0-b40e-9f9b4516eaf3,653,sustulere,1.6.4,0,1,45,18,,
b413307f-d5c0-42a0-b40e-9f9b4516eaf3,654,ad,1.6.4,0,1,45,19,,
b413307f-d5c0-42a0-b40e-9f9b4516eaf3,655,sidera,1.6.4,0,1,45,20,,
b413307f-d5c0-42a0-b40e-9f9b4516eaf3,656,.,1.6.4,,4,45,,,
b413307f-d5c0-42a0-b40e-9f9b4516eaf3,657,Convicio,1.6.5,0,1,46,0,,
b413307f-d5c0-42a0-b40e-9f9b4516eaf3,658,permotus,1.6.5,0,1,46,1,,
b413307f-d5c0-42a0-b40e-9f9b4516eaf3,659,quaerit,1.6.5,0,1,46,2,,
b413307f-d5c0-42a0-b40e-9f9b4516eaf3,660,Iuppiter,1.6.5,1,1,46,3,,
b413307f-d5c0-42a0-b40e-9f9b4516eaf3,661,Causam,1.6.6,0,1,46,4,,
b413307f-d5c0-42a0-b40e-9f9b4516eaf3,662,querelae,1.6.6,0,1,46,5,,
b413307f-d5c0-42a0-b40e-9f9b4516eaf3,663,.,1.6.6,,4,46,,,
b413307f-d5c0-42a0-b40e-9f9b4516eaf3,664,Quaedam,1.6.6,0,1,47,0,,
b413307f-d5c0-42a0-b40e-9f9b4516eaf3,665,tum,1.6.6,0,1,47,1,,
b413307f-d5c0-42a0-b40e-9f9b4516eaf3,666,stagni,1.6.6,0,1,47,2,,
b413307f-d5c0-42a0-b40e-9f9b4516eaf3,667,incola,1.6.6,0,1,47,3,,
b413307f-d5c0-42a0-b40e-9f9b4516eaf3,668,:,1.6.6,,4,47,,,
b413307f-d5c0-42a0-b40e-9f9b4516eaf3,669,Nunc,1.6.7,0,1,47,4,,
b413307f-d5c0-42a0-b40e-9f9b4516eaf3,670,inquit,1.6.7,0,1,47,5,,
b413307f-d5c0-42a0-b40e-9f9b4516eaf3,671,omnes,1.6.7,0,1,47,6,,
b413307f-d5c0-42a0-b40e-9f9b4516eaf3,672,unus,1.6.7,0,1,47,7,,
b413307f-d5c0-42a0-b40e-9f9b4516eaf3,673,exurit,1.6.7,0,1,47,8,,
b413307f-d5c0-42a0-b40e-9f9b4516eaf3,674,lacus,1.6.7,0,1,47,9,,
b413307f-d5c0-42a0-b40e-9f9b4516eaf3,675,Cogitque,1.6.8,0,1,47,10,,
b413307f-d5c0-42a0-b40e-9f9b4516eaf3,676,miseras,1.6.8,0,1,47,11,,
b413307f-d5c0-42a0-b40e-9f9b4516eaf3,677,arida,1.6.8,0,1,47,12,,
b413307f-d5c0-42a0-b40e-9f9b4516eaf3,678,sede,1.6.8,0,1,47,13,,
b413307f-d5c0-42a0-b40e-9f9b4516eaf3,679,emori,1.6.8,0,1,47,14,,
b413307f-d5c0-42a0-b40e-9f9b4516eaf3,680,.,1.6.8,,4,47,,,
b413307f-d5c0-42a0-b40e-9f9b4516eaf3,681,Quidnam,1.6.9,0,1,48,0,,
b413307f-d5c0-42a0-b40e-9f9b4516eaf3,682,futurum,1.6.9,0,1,48,1,,
b413307f-d5c0-42a0-b40e-9f9b4516eaf3,683,est,1.6.9,0,1,48,2,,
b413307f-d5c0-42a0-b40e-9f9b4516eaf3,684,",",1.6.9,,4,48,,,
b413307f-d5c0-42a0-b40e-9f9b4516eaf3,685,si,1.6.9,0,1,48,3,,
b413307f-d5c0-42a0-b40e-9f9b4516eaf3,686,crearit,1.6.9,0,1,48,4,,
b413307f-d5c0-42a0-b40e-9f9b4516eaf3,687,liberos,1.6.9,0,1,48,5,,
b413307f-d5c0-42a0-b40e-9f9b4516eaf3,688,?,1.6.9,,4,48,,,
b413307f-d5c0-42a0-b40e-9f9b4516eaf3,689,Vulpis,1.7,0,1,49,0,,
b413307f-d5c0-42a0-b40e-9f9b4516eaf3,690,ad,1.7,0,1,49,1,,
b413307f-d5c0-42a0-b40e-9f9b4516eaf3,691,personam,1.7,0,1,49,2,,
b413307f-d5c0-42a0-b40e-9f9b4516eaf3,692,tragicam,1.7,0,1,49,3,,
b413307f-d5c0-42a0-b40e-9f9b4516eaf3,693,.,1.7,,4,49,,,
b413307f-d5c0-42a0-b40e-9f9b4516eaf3,694,Personam,1.7.1,0,1,50,0,,
b413307f-d5c0-42a0-b40e-9f9b4516eaf3,695,tragicam,1.7.1,0,1,50,1,,
b413307f-d5c0-42a0-b40e-9f9b4516eaf3,696,forte,1.7.1,0,1,50,2,,
b413307f-d5c0-42a0-b40e-9f9b4516eaf3,697,vulpes,1.7.1,0,1,50,3,,
b413307f-d5c0-42a0-b40e-9f9b4516eaf3,698,viderat,1.7.1,0,1,50,4,,
b413307f-d5c0-42a0-b40e-9f9b4516eaf3,699,:,1.7.1,,4,50,,,
b413307f-d5c0-42a0-b40e-9f9b4516eaf3,700,O,1.7.2,0,1,50,5,,
b413307f-d5c0-42a0-b40e-9f9b4516eaf3,701,quanta,1.7.2,0,1,50,6,,
b413307f-d5c0-42a0-b40e-9f9b4516eaf3,702,species,1.7.2,0,1,50,7,,
b413307f-d5c0-42a0-b40e-9f9b4516eaf3,703,",",1.7.2,,4,50,,,
b413307f-d5c0-42a0-b40e-9f9b4516eaf3,704,inquit,1.7.2,0,1,50,8,,
b413307f-d5c0-42a0-b40e-9f9b4516eaf3,705,",",1.7.2,,4,50,,,
b413307f-d5c0-42a0-b40e-9f9b4516eaf3,706,cerebrum,1.7.2,0,1,50,9,,
b413307f-d5c0-42a0-b40e-9f9b4516eaf3,707,non,1.7.2,0,1,50,10,,
b413307f-d5c0-42a0-b40e-9f9b4516eaf3,708,habet,1.7.2,0,1,50,11,,
b413307f-d5c0-42a0-b40e-9f9b4516eaf3,709,!,1.7.2,,4,50,,,
b413307f-d5c0-42a0-b40e-9f9b4516eaf3,710,Hoc,1.7.3,0,1,51,0,,
b413307f-d5c0-42a0-b40e-9f9b4516eaf3,711,illis,1.7.3,0,1,51,1,,
b413307f-d5c0-42a0-b40e-9f9b4516eaf3,712,dictum,1.7.3,0,1,51,2,,
b413307f-d5c0-42a0-b40e-9f9b4516eaf3,713,est,1.7.3,0,1,51,3,,
b413307f-d5c0-42a0-b40e-9f9b4516eaf3,714,",",1.7.3,,4,51,,,
b413307f-d5c0-42a0-b40e-9f9b4516eaf3,715,quibus,1.7.3,0,1,51,4,,
b413307f-d5c0-42a0-b40e-9f9b4516eaf3,716,honorem,1.7.3,0,1,51,5,,
b413307f-d5c0-42a0-b40e-9f9b4516eaf3,717,et,1.7.3,0,1,51,6,,
b413307f-d5c0-42a0-b40e-9f9b4516eaf3,718,gloriam,1.7.3,0,1,51,7,,
b413307f-d5c0-42a0-b40e-9f9b4516eaf3,719,Fortuna,1.7.4,2,1,51,8,,
b413307f-d5c0-42a0-b40e-9f9b4516eaf3,720,tribuit,1.7.4,0,1,51,9,,
b413307f-d5c0-42a0-b40e-9f9b4516eaf3,721,",",1.7.4,,4,51,,,
b413307f-d5c0-42a0-b40e-9f9b4516eaf3,722,sensum,1.7.4,0,1,51,10,,
b413307f-d5c0-42a0-b40e-9f9b4516eaf3,723,communem,1.7.4,0,1,51,11,,
b413307f-d5c0-42a0-b40e-9f9b4516eaf3,724,abstulit,1.7.4,0,1,51,12,,
b413307f-d5c0-42a0-b40e-9f9b4516eaf3,725,.,1.7.4,,4,51,,,
b413307f-d5c0-42a0-b40e-9f9b4516eaf3,726,Lupus,1.8,2,1,52,0,,
b413307f-d5c0-42a0-b40e-9f9b4516eaf3,727,et,1.8,0,1,52,1,,
b413307f-d5c0-42a0-b40e-9f9b4516eaf3,728,gruis,1.8,0,1,52,2,,
b413307f-d5c0-42a0-b40e-9f9b4516eaf3,729,.,1.8,,4,52,,,
b413307f-d5c0-42a0-b40e-9f9b4516eaf3,730,Qui,1.8.1,0,1,53,0,,
b413307f-d5c0-42a0-b40e-9f9b4516eaf3,731,pretium,1.8.1,0,1,53,1,,
b413307f-d5c0-42a0-b40e-9f9b4516eaf3,732,meriti,1.8.1,0,1,53,2,,
b413307f-d5c0-42a0-b40e-9f9b4516eaf3,733,ab,1.8.1,0,1,53,3,,
b413307f-d5c0-42a0-b40e-9f9b4516eaf3,734,improbis,1.8.1,0,1,53,4,,
b413307f-d5c0-42a0-b40e-9f9b4516eaf3,735,desiderat,1.8.1,0,1,53,5,,
b413307f-d5c0-42a0-b40e-9f9b4516eaf3,736,",",1.8.1,,4,53,,,
b413307f-d5c0-42a0-b40e-9f9b4516eaf3,737,Bis,1.8.2,0,1,53,6,,
b413307f-d5c0-42a0-b40e-9f9b4516eaf3,738,peccat,1.8.2,0,1,53,7,,
b413307f-d5c0-42a0-b40e-9f9b4516eaf3,739,:,1.8.2,,4,53,,,
b413307f-d5c0-42a0-b40e-9f9b4516eaf3,740,primum,1.8.2,0,1,53,8,,
b413307f-d5c0-42a0-b40e-9f9b4516eaf3,741,quoniam,1.8.2,0,1,53,9,,
b413307f-d5c0-42a0-b40e-9f9b4516eaf3,742,indignos,1.8.2,0,1,53,10,,
b413307f-d5c0-42a0-b40e-9f9b4516eaf3,743,adiuvat,1.8.2,0,1,53,11,,
b413307f-d5c0-42a0-b40e-9f9b4516eaf3,744,;,1.8.2,,4,53,,,
b413307f-d5c0-42a0-b40e-9f9b4516eaf3,745,Impune,1.8.3,0,1,53,12,,
b413307f-d5c0-42a0-b40e-9f9b4516eaf3,746,abire,1.8.3,0,1,53,13,,
b413307f-d5c0-42a0-b40e-9f9b4516eaf3,747,deinde,1.8.3,0,1,53,14,,
b413307f-d5c0-42a0-b40e-9f9b4516eaf3,748,quia,1.8.3,0,1,53,15,,
b413307f-d5c0-42a0-b40e-9f9b4516eaf3,749,iam,1.8.3,0,1,53,16,,
b413307f-d5c0-42a0-b40e-9f9b4516eaf3,750,non,1.8.3,0,1,53,17,,
b413307f-d5c0-42a0-b40e-9f9b4516eaf3,751,potest,1.8.3,0,1,53,18,,
b413307f-d5c0-42a0-b40e-9f9b4516eaf3,752,.,1.8.3,,4,53,,,
b413307f-d5c0-42a0-b40e-9f9b4516eaf3,753,Os,1.8.4,0,1,54,0,,
b413307f-d5c0-42a0-b40e-9f9b4516eaf3,754,devoratum,1.8.4,0,1,54,1,,
b413307f-d5c0-42a0-b40e-9f9b4516eaf3,755,fauce,1.8.4,0,1,54,2,,
b413307f-d5c0-42a0-b40e-9f9b4516eaf3,756,cum,1.8.4,0,1,54,3,,
b413307f-d5c0-42a0-b40e-9f9b4516eaf3,757,haereret,1.8.4,0,1,54,4,,
b413307f-d5c0-42a0-b40e-9f9b4516eaf3,758,lupi,1.8.4,0,1,54,5,,
b413307f-d5c0-42a0-b40e-9f9b4516eaf3,759,",",1.8.4,,4,54,,,
b413307f-d5c0-42a0-b40e-9f9b4516eaf3,760,Magno,1.8.5,2,1,54,6,,
b413307f-d5c0-42a0-b40e-9f9b4516eaf3,761,dolore,1.8.5,0,1,54,7,,
b413307f-d5c0-42a0-b40e-9f9b4516eaf3,762,victus,1.8.5,0,1,54,8,,
b413307f-d5c0-42a0-b40e-9f9b4516eaf3,763,coepit,1.8.5,0,1,54,9,,
b413307f-d5c0-42a0-b40e-9f9b4516eaf3,764,singulos,1.8.5,0,1,54,10,,
b413307f-d5c0-42a0-b40e-9f9b4516eaf3,765,Illicere,1.8.6,0,1,54,11,,
b413307f-d5c0-42a0-b40e-9f9b4516eaf3,766,pretio,1.8.6,0,1,54,12,,
b413307f-d5c0-42a0-b40e-9f9b4516eaf3,767,",",1.8.6,,4,54,,,
b413307f-d5c0-42a0-b40e-9f9b4516eaf3,768,ut,1.8.6,0,1,54,13,,
b413307f-d5c0-42a0-b40e-9f9b4516eaf3,769,illud,1.8.6,0,1,54,14,,
b413307f-d5c0-42a0-b40e-9f9b4516eaf3,770,extraherent,1.8.6,0,1,54,15,,
b413307f-d5c0-42a0-b40e-9f9b4516eaf3,771,malum,1.8.6,0,1,54,16,,
b413307f-d5c0-42a0-b40e-9f9b4516eaf3,772,.,1.8.6,,4,54,,,
b413307f-d5c0-42a0-b40e-9f9b4516eaf3,773,Tandem,1.8.7,0,1,55,0,,
b413307f-d5c0-42a0-b40e-9f9b4516eaf3,774,persuasa,1.8.7,0,1,55,1,,
b413307f-d5c0-42a0-b40e-9f9b4516eaf3,775,est,1.8.7,0,1,55,2,,
b413307f-d5c0-42a0-b40e-9f9b4516eaf3,776,iure,1.8.7,0,1,55,3,,
b413307f-d5c0-42a0-b40e-9f9b4516eaf3,777,iurando,1.8.7,0,1,55,4,,
b413307f-d5c0-42a0-b40e-9f9b4516eaf3,778,gruis,1.8.7,0,1,55,5,,
b413307f-d5c0-42a0-b40e-9f9b4516eaf3,779,",",1.8.7,,4,55,,,
b413307f-d5c0-42a0-b40e-9f9b4516eaf3,780,Gulaeque,1.8.8,0,1,55,6,,
b413307f-d5c0-42a0-b40e-9f9b4516eaf3,781,credens,1.8.8,0,1,55,7,,
b413307f-d5c0-42a0-b40e-9f9b4516eaf3,782,colli,1.8.8,0,1,55,8,,
b413307f-d5c0-42a0-b40e-9f9b4516eaf3,783,longitudinem,1.8.8,0,1,55,9,,
b413307f-d5c0-42a0-b40e-9f9b4516eaf3,784,",",1.8.8,,4,55,,,
b413307f-d5c0-42a0-b40e-9f9b4516eaf3,785,Periculosam,1.8.9,0,1,55,10,,
b413307f-d5c0-42a0-b40e-9f9b4516eaf3,786,fecit,1.8.9,0,1,55,11,,
b413307f-d5c0-42a0-b40e-9f9b4516eaf3,787,medicinam,1.8.9,0,1,55,12,,
b413307f-d5c0-42a0-b40e-9f9b4516eaf3,788,lupo,1.8.9,0,1,55,13,,
b413307f-d5c0-42a0-b40e-9f9b4516eaf3,789,.,1.8.9,,4,55,,,
b413307f-d5c0-42a0-b40e-9f9b4516eaf3,790,Pro,1.8.10,0,1,56,0,,
b413307f-d5c0-42a0-b40e-9f9b4516eaf3,791,quo,1.8.10,0,1,56,1,,
b413307f-d5c0-42a0-b40e-9f9b4516eaf3,792,cum,1.8.10,0,1,56,2,,
b413307f-d5c0-42a0-b40e-9f9b4516eaf3,793,pactum,1.8.10,0,1,56,3,,
b413307f-d5c0-42a0-b40e-9f9b4516eaf3,794,flagitaret,1.8.10,0,1,56,4,,
b413307f-d5c0-42a0-b40e-9f9b4516eaf3,795,praemium,1.8.10,0,1,56,5,,
b413307f-d5c0-42a0-b40e-9f9b4516eaf3,796,:,1.8.10,,4,56,,,
b413307f-d5c0-42a0-b40e-9f9b4516eaf3,797,Ingrata,1.8.11,0,1,56,6,,
b413307f-d5c0-42a0-b40e-9f9b4516eaf3,798,es,1.8.11,0,1,56,7,,
b413307f-d5c0-42a0-b40e-9f9b4516eaf3,799,inquit,1.8.11,0,1,56,8,,
b413307f-d5c0-42a0-b40e-9f9b4516eaf3,800,ore,1.8.11,0,1,56,9,,
b413307f-d5c0-42a0-b40e-9f9b4516eaf3,801,quae,1.8.11,0,1,56,10,,
b413307f-d5c0-42a0-b40e-9f9b4516eaf3,802,nostro,1.8.11,0,1,56,11,,
b413307f-d5c0-42a0-b40e-9f9b4516eaf3,803,caput,1.8.11,0,1,56,12,,
b413307f-d5c0-42a0-b40e-9f9b4516eaf3,804,Incolume,1.8.12,0,1,56,13,,
b413307f-d5c0-42a0-b40e-9f9b4516eaf3,805,abstuleris,1.8.12,0,1,56,14,,
b413307f-d5c0-42a0-b40e-9f9b4516eaf3,806,et,1.8.12,0,1,56,15,,
b413307f-d5c0-42a0-b40e-9f9b4516eaf3,807,mercedem,1.8.12,0,1,56,16,,
b413307f-d5c0-42a0-b40e-9f9b4516eaf3,808,postules,1.8.12,0,1,56,17,,
b413307f-d5c0-42a0-b40e-9f9b4516eaf3,809,.,1.8.12,,4,56,,,
b413307f-d5c0-42a0-b40e-9f9b4516eaf3,810,Passer,1.9,2,1,57,0,,
b413307f-d5c0-42a0-b40e-9f9b4516eaf3,811,ad,1.9,0,1,57,1,,
b413307f-d5c0-42a0-b40e-9f9b4516eaf3,812,leporem,1.9,0,1,57,2,,
b413307f-d5c0-42a0-b40e-9f9b4516eaf3,813,consiliator,1.9,0,1,57,3,,
b413307f-d5c0-42a0-b40e-9f9b4516eaf3,814,.,1.9,,4,57,,,
b413307f-d5c0-42a0-b40e-9f9b4516eaf3,815,Sibi,1.9.1,0,1,58,0,,
b413307f-d5c0-42a0-b40e-9f9b4516eaf3,816,non,1.9.1,0,1,58,1,,
b413307f-d5c0-42a0-b40e-9f9b4516eaf3,817,cavere,1.9.1,0,1,58,2,,
b413307f-d5c0-42a0-b40e-9f9b4516eaf3,818,et,1.9.1,0,1,58,3,,
b413307f-d5c0-42a0-b40e-9f9b4516eaf3,819,aliis,1.9.1,0,1,58,4,,
b413307f-d5c0-42a0-b40e-9f9b4516eaf3,820,consilium,1.9.1,0,1,58,5,,
b413307f-d5c0-42a0-b40e-9f9b4516eaf3,821,dare,1.9.1,0,1,58,6,,
b413307f-d5c0-42a0-b40e-9f9b4516eaf3,822,Stultum,1.9.2,0,1,58,7,,
b413307f-d5c0-42a0-b40e-9f9b4516eaf3,823,esse,1.9.2,0,1,58,8,,
b413307f-d5c0-42a0-b40e-9f9b4516eaf3,824,paucis,1.9.2,0,1,58,9,,
b413307f-d5c0-42a0-b40e-9f9b4516eaf3,825,ostendemus,1.9.2,0,1,58,10,,
b413307f-d5c0-42a0-b40e-9f9b4516eaf3,826,versibus,1.9.2,0,1,58,11,,
b413307f-d5c0-42a0-b40e-9f9b4516eaf3,827,.,1.9.2,,4,58,,,
b413307f-d5c0-42a0-b40e-9f9b4516eaf3,828,Oppressum,1.9.3,0,1,59,0,,
b413307f-d5c0-42a0-b40e-9f9b4516eaf3,829,ab,1.9.3,0,1,59,1,,
b413307f-d5c0-42a0-b40e-9f9b4516eaf3,830,aquila,1.9.3,0,1,59,2,,
b413307f-d5c0-42a0-b40e-9f9b4516eaf3,831,",",1.9.3,,4,59,,,
b413307f-d5c0-42a0-b40e-9f9b4516eaf3,832,fletus,1.9.3,0,1,59,3,,
b413307f-d5c0-42a0-b40e-9f9b4516eaf3,833,edentem,1.9.3,0,1,59,4,,
b413307f-d5c0-42a0-b40e-9f9b4516eaf3,834,graves,1.9.3,0,1,59,5,,
b413307f-d5c0-42a0-b40e-9f9b4516eaf3,835,",",1.9.3,,4,59,,,
b413307f-d5c0-42a0-b40e-9f9b4516eaf3,836,Leporem,1.9.4,0,1,59,6,,
b413307f-d5c0-42a0-b40e-9f9b4516eaf3,837,obiurgabat,1.9.4,0,1,59,7,,
b413307f-d5c0-42a0-b40e-9f9b4516eaf3,838,passer,1.9.4,0,1,59,8,,
b413307f-d5c0-42a0-b40e-9f9b4516eaf3,839,:,1.9.4,,4,59,,,
b413307f-d5c0-42a0-b40e-9f9b4516eaf3,840,Ubi,1.9.4,2,1,59,9,,
b413307f-d5c0-42a0-b40e-9f9b4516eaf3,841,pernicitas,1.9.4,0,1,59,10,,
b413307f-d5c0-42a0-b40e-9f9b4516eaf3,842,Nota,1.9.5,0,1,59,11,,
b413307f-d5c0-42a0-b40e-9f9b4516eaf3,843,inquit,1.9.5,0,1,59,12,,
b413307f-d5c0-42a0-b40e-9f9b4516eaf3,844,illa,1.9.5,0,1,59,13,,
b413307f-d5c0-42a0-b40e-9f9b4516eaf3,845,est,1.9.5,0,1,59,14,,
b413307f-d5c0-42a0-b40e-9f9b4516eaf3,846,?,1.9.5,,4,59,,,
b413307f-d5c0-42a0-b40e-9f9b4516eaf3,847,Quid,1.9.5,0,1,60,0,,
b413307f-d5c0-42a0-b40e-9f9b4516eaf3,848,ita,1.9.5,0,1,60,1,,
b413307f-d5c0-42a0-b40e-9f9b4516eaf3,849,cessarunt,1.9.5,0,1,60,2,,
b413307f-d5c0-42a0-b40e-9f9b4516eaf3,850,pedes,1.9.5,0,1,60,3,,
b413307f-d5c0-42a0-b40e-9f9b4516eaf3,851,?,1.9.5,,4,60,,,
b413307f-d5c0-42a0-b40e-9f9b4516eaf3,852,Dum,1.9.6,0,1,61,0,,
b413307f-d5c0-42a0-b40e-9f9b4516eaf3,853,loquitur,1.9.6,0,1,61,1,,
b413307f-d5c0-42a0-b40e-9f9b4516eaf3,854,",",1.9.6,,4,61,,,
b413307f-d5c0-42a0-b40e-9f9b4516eaf3,855,ipsum,1.9.6,0,1,61,2,,
b413307f-d5c0-42a0-b40e-9f9b4516eaf3,856,accipiter,1.9.6,0,1,61,3,,
b413307f-d5c0-42a0-b40e-9f9b4516eaf3,857,necopinum,1.9.6,0,1,61,4,,
b413307f-d5c0-42a0-b40e-9f9b4516eaf3,858,rapit,1.9.6,0,1,61,5,,
b413307f-d5c0-42a0-b40e-9f9b4516eaf3,859,Questuque,1.9.7,0,1,61,6,,
b413307f-d5c0-42a0-b40e-9f9b4516eaf3,860,vano,1.9.7,0,1,61,7,,
b413307f-d5c0-42a0-b40e-9f9b4516eaf3,861,clamitantem,1.9.7,0,1,61,8,,
b413307f-d5c0-42a0-b40e-9f9b4516eaf3,862,interficit,1.9.7,0,1,61,9,,
b413307f-d5c0-42a0-b40e-9f9b4516eaf3,863,.,1.9.7,,4,61,,,
b413307f-d5c0-42a0-b40e-9f9b4516eaf3,864,Lepus,1.9.8,0,1,62,0,,
b413307f-d5c0-42a0-b40e-9f9b4516eaf3,865,semianimus,1.9.8,0,1,62,1,,
b413307f-d5c0-42a0-b40e-9f9b4516eaf3,866,mortis,1.9.8,0,1,62,2,,
b413307f-d5c0-42a0-b40e-9f9b4516eaf3,867,in,1.9.8,0,1,62,3,,
b413307f-d5c0-42a0-b40e-9f9b4516eaf3,868,solacio,1.9.8,0,1,62,4,,
b413307f-d5c0-42a0-b40e-9f9b4516eaf3,869,:,1.9.8,,4,62,,,
b413307f-d5c0-42a0-b40e-9f9b4516eaf3,870,Qui,1.9.9,0,1,62,5,,
b413307f-d5c0-42a0-b40e-9f9b4516eaf3,871,modo,1.9.9,0,1,62,6,,
b413307f-d5c0-42a0-b40e-9f9b4516eaf3,872,securus,1.9.9,0,1,62,7,,
b413307f-d5c0-42a0-b40e-9f9b4516eaf3,873,nostra,1.9.9,0,1,62,8,,
b413307f-d5c0-42a0-b40e-9f9b4516eaf3,874,irridebas,1.9.9,0,1,62,9,,
b413307f-d5c0-42a0-b40e-9f9b4516eaf3,875,mala,1.9.9,0,1,62,10,,
b413307f-d5c0-42a0-b40e-9f9b4516eaf3,876,",",1.9.9,,4,62,,,
b413307f-d5c0-42a0-b40e-9f9b4516eaf3,877,Simili,1.9.10,0,1,62,11,,
b413307f-d5c0-42a0-b40e-9f9b4516eaf3,878,querela,1.9.10,0,1,62,12,,
b413307f-d5c0-42a0-b40e-9f9b4516eaf3,879,fata,1.9.10,0,1,62,13,,
b413307f-d5c0-42a0-b40e-9f9b4516eaf3,880,deploras,1.9.10,0,1,62,14,,
b413307f-d5c0-42a0-b40e-9f9b4516eaf3,881,tua,1.9.10,0,1,62,15,,
b413307f-d5c0-42a0-b40e-9f9b4516eaf3,882,.,1.9.10,,4,62,,,
b413307f-d5c0-42a0-b40e-9f9b4516eaf3,883,Lupus,1.10,2,1,63,0,,
b413307f-d5c0-42a0-b40e-9f9b4516eaf3,884,et,1.10,0,1,63,1,,
b413307f-d5c0-42a0-b40e-9f9b4516eaf3,885,vulpes,1.10,0,1,63,2,,
b413307f-d5c0-42a0-b40e-9f9b4516eaf3,886,iudice,1.10,0,1,63,3,,
b413307f-d5c0-42a0-b40e-9f9b4516eaf3,887,simio,1.10,0,1,63,4,,
b413307f-d5c0-42a0-b40e-9f9b4516eaf3,888,.,1.10,,4,63,,,
b413307f-d5c0-42a0-b40e-9f9b4516eaf3,889,Quicumque,1.10.1,0,1,64,0,,
b413307f-d5c0-42a0-b40e-9f9b4516eaf3,890,turpi,1.10.1,0,1,64,1,,
b413307f-d5c0-42a0-b40e-9f9b4516eaf3,891,fraude,1.10.1,0,1,64,2,,
b413307f-d5c0-42a0-b40e-9f9b4516eaf3,892,semel,1.10.1,0,1,64,3,,
b413307f-d5c0-42a0-b40e-9f9b4516eaf3,893,innotuit,1.10.1,0,1,64,4,,
b413307f-d5c0-42a0-b40e-9f9b4516eaf3,894,",",1.10.1,,4,64,,,
b413307f-d5c0-42a0-b40e-9f9b4516eaf3,895,Etiam,1.10.2,0,1,64,5,,
b413307f-d5c0-42a0-b40e-9f9b4516eaf3,896,si,1.10.2,0,1,64,6,,
b413307f-d5c0-42a0-b40e-9f9b4516eaf3,897,verum,1.10.2,0,1,64,7,,
b413307f-d5c0-42a0-b40e-9f9b4516eaf3,898,dicit,1.10.2,0,1,64,8,,
b413307f-d5c0-42a0-b40e-9f9b4516eaf3,899,",",1.10.2,,4,64,,,
b413307f-d5c0-42a0-b40e-9f9b4516eaf3,900,amittit,1.10.2,0,1,64,9,,
b413307f-d5c0-42a0-b40e-9f9b4516eaf3,901,fidem,1.10.2,0,1,64,10,,
b413307f-d5c0-42a0-b40e-9f9b4516eaf3,902,.,1.10.2,,4,64,,,
b413307f-d5c0-42a0-b40e-9f9b4516eaf3,903,Hoc,1.10.3,0,1,65,0,,
b413307f-d5c0-42a0-b40e-9f9b4516eaf3,904,attestatur,1.10.3,0,1,65,1,,
b413307f-d5c0-42a0-b40e-9f9b4516eaf3,905,brevis,1.10.3,0,1,65,2,,
b413307f-d5c0-42a0-b40e-9f9b4516eaf3,906,Aesopi,1.10.3,1,1,65,3,,
b413307f-d5c0-42a0-b40e-9f9b4516eaf3,907,fabula,1.10.3,0,1,65,4,,
b413307f-d5c0-42a0-b40e-9f9b4516eaf3,908,.,1.10.3,,4,65,,,
b413307f-d5c0-42a0-b40e-9f9b4516eaf3,909,Lupus,1.10.4,2,1,66,0,,
b413307f-d5c0-42a0-b40e-9f9b4516eaf3,910,arguebat,1.10.4,0,1,66,1,,
b413307f-d5c0-42a0-b40e-9f9b4516eaf3,911,vulpem,1.10.4,0,1,66,2,,
b413307f-d5c0-42a0-b40e-9f9b4516eaf3,912,furti,1.10.4,0,1,66,3,,
b413307f-d5c0-42a0-b40e-9f9b4516eaf3,913,crimine,1.10.4,0,1,66,4,,
b413307f-d5c0-42a0-b40e-9f9b4516eaf3,914,;,1.10.4,,4,66,,,
b413307f-d5c0-42a0-b40e-9f9b4516eaf3,915,Negabat,1.10.5,0,1,66,5,,
b413307f-d5c0-42a0-b40e-9f9b4516eaf3,916,illa,1.10.5,0,1,66,6,,
b413307f-d5c0-42a0-b40e-9f9b4516eaf3,917,se,1.10.5,0,1,66,7,,
b413307f-d5c0-42a0-b40e-9f9b4516eaf3,918,esse,1.10.5,0,1,66,8,,
b413307f-d5c0-42a0-b40e-9f9b4516eaf3,919,culpae,1.10.5,0,1,66,9,,
b413307f-d5c0-42a0-b40e-9f9b4516eaf3,920,proximam,1.10.5,0,1,66,10,,
b413307f-d5c0-42a0-b40e-9f9b4516eaf3,921,.,1.10.5,,4,66,,,
b413307f-d5c0-42a0-b40e-9f9b4516eaf3,922,Tunc,1.10.6,0,1,67,0,,
b413307f-d5c0-42a0-b40e-9f9b4516eaf3,923,iudex,1.10.6,0,1,67,1,,
b413307f-d5c0-42a0-b40e-9f9b4516eaf3,924,inter,1.10.6,0,1,67,2,,
b413307f-d5c0-42a0-b40e-9f9b4516eaf3,925,illos,1.10.6,0,1,67,3,,
b413307f-d5c0-42a0-b40e-9f9b4516eaf3,926,sedit,1.10.6,0,1,67,4,,
b413307f-d5c0-42a0-b40e-9f9b4516eaf3,927,simius,1.10.6,0,1,67,5,,
b413307f-d5c0-42a0-b40e-9f9b4516eaf3,928,.,1.10.6,,4,67,,,
b413307f-d5c0-42a0-b40e-9f9b4516eaf3,929,Uterque,1.10.7,0,1,68,0,,
b413307f-d5c0-42a0-b40e-9f9b4516eaf3,930,causam,1.10.7,0,1,68,1,,
b413307f-d5c0-42a0-b40e-9f9b4516eaf3,931,cum,1.10.7,0,1,68,2,,
b413307f-d5c0-42a0-b40e-9f9b4516eaf3,932,perorassent,1.10.7,0,1,68,3,,
b413307f-d5c0-42a0-b40e-9f9b4516eaf3,933,suam,1.10.7,0,1,68,4,,
b413307f-d5c0-42a0-b40e-9f9b4516eaf3,934,",",1.10.7,,4,68,,,
b413307f-d5c0-42a0-b40e-9f9b4516eaf3,935,Dixisse,1.10.8,0,1,68,5,,
b413307f-d5c0-42a0-b40e-9f9b4516eaf3,936,fertur,1.10.8,0,1,68,6,,
b413307f-d5c0-42a0-b40e-9f9b4516eaf3,937,simius,1.10.8,0,1,68,7,,
b413307f-d5c0-42a0-b40e-9f9b4516eaf3,938,sententiam,1.10.8,0,1,68,8,,
b413307f-d5c0-42a0-b40e-9f9b4516eaf3,939,:,1.10.8,,4,68,,,
b413307f-d5c0-42a0-b40e-9f9b4516eaf3,940,Tu,1.10.9,0,1,68,9,,
b413307f-d5c0-42a0-b40e-9f9b4516eaf3,941,non,1.10.9,0,1,68,10,,
b413307f-d5c0-42a0-b40e-9f9b4516eaf3,942,videris,1.10.9,0,1,68,11,,
b413307f-d5c0-42a0-b40e-9f9b4516eaf3,943,perdidisse,1.10.9,0,1,68,12,,
b413307f-d5c0-42a0-b40e-9f9b4516eaf3,944,quod,1.10.9,0,1,68,13,,
b413307f-d5c0-42a0-b40e-9f9b4516eaf3,945,petis,1.10.9,0,1,68,14,,
b413307f-d5c0-42a0-b40e-9f9b4516eaf3,946,;,1.10.9,,4,68,,,
b413307f-d5c0-42a0-b40e-9f9b4516eaf3,947,Te,1.10.10,0,1,68,15,,
b413307f-d5c0-42a0-b40e-9f9b4516eaf3,948,credo,1.10.10,0,1,68,16,,
b413307f-d5c0-42a0-b40e-9f9b4516eaf3,949,surripuisse,1.10.10,0,1,68,17,,
b413307f-d5c0-42a0-b40e-9f9b4516eaf3,950,quod,1.10.10,0,1,68,18,,
b413307f-d5c0-42a0-b40e-9f9b4516eaf3,951,pulchre,1.10.10,0,1,68,19,,
b413307f-d5c0-42a0-b40e-9f9b4516eaf3,952,negas,1.10.10,0,1,68,20,,
b413307f-d5c0-42a0-b40e-9f9b4516eaf3,953,.,1.10.10,,4,68,,,
b413307f-d5c0-42a0-b40e-9f9b4516eaf3,954,Asinus,1.11,0,1,69,0,,
b413307f-d5c0-42a0-b40e-9f9b4516eaf3,955,et,1.11,0,1,69,1,,
b413307f-d5c0-42a0-b40e-9f9b4516eaf3,956,leo,1.11,0,1,69,2,,
b413307f-d5c0-42a0-b40e-9f9b4516eaf3,957,venantes,1.11,0,1,69,3,,
b413307f-d5c0-42a0-b40e-9f9b4516eaf3,958,.,1.11,,4,69,,,
b413307f-d5c0-42a0-b40e-9f9b4516eaf3,959,Virtutis,1.11.1,0,1,70,0,,
b413307f-d5c0-42a0-b40e-9f9b4516eaf3,960,expers,1.11.1,0,1,70,1,,
b413307f-d5c0-42a0-b40e-9f9b4516eaf3,961,",",1.11.1,,4,70,,,
b413307f-d5c0-42a0-b40e-9f9b4516eaf3,962,verbis,1.11.1,0,1,70,2,,
b413307f-d5c0-42a0-b40e-9f9b4516eaf3,963,iactans,1.11.1,0,1,70,3,,
b413307f-d5c0-42a0-b40e-9f9b4516eaf3,964,gloriam,1.11.1,0,1,70,4,,
b413307f-d5c0-42a0-b40e-9f9b4516eaf3,965,",",1.11.1,,4,70,,,
b413307f-d5c0-42a0-b40e-9f9b4516eaf3,966,Ignotos,1.11.2,0,1,70,5,,
b413307f-d5c0-42a0-b40e-9f9b4516eaf3,967,fallit,1.11.2,0,1,70,6,,
b413307f-d5c0-42a0-b40e-9f9b4516eaf3,968,",",1.11.2,,4,70,,,
b413307f-d5c0-42a0-b40e-9f9b4516eaf3,969,notis,1.11.2,0,1,70,7,,
b413307f-d5c0-42a0-b40e-9f9b4516eaf3,970,est,1.11.2,0,1,70,8,,
b413307f-d5c0-42a0-b40e-9f9b4516eaf3,971,derisui,1.11.2,0,1,70,9,,
b413307f-d5c0-42a0-b40e-9f9b4516eaf3,972,.,1.11.2,,4,70,,,
b413307f-d5c0-42a0-b40e-9f9b4516eaf3,973,Venari,1.11.3,0,1,71,0,,
b413307f-d5c0-42a0-b40e-9f9b4516eaf3,974,asello,1.11.3,0,1,71,1,,
b413307f-d5c0-42a0-b40e-9f9b4516eaf3,975,comite,1.11.3,0,1,71,2,,
b413307f-d5c0-42a0-b40e-9f9b4516eaf3,976,cum,1.11.3,0,1,71,3,,
b413307f-d5c0-42a0-b40e-9f9b4516eaf3,977,vellet,1.11.3,0,1,71,4,,
b413307f-d5c0-42a0-b40e-9f9b4516eaf3,978,leo,1.11.3,0,1,71,5,,
b413307f-d5c0-42a0-b40e-9f9b4516eaf3,979,",",1.11.3,,4,71,,,
b413307f-d5c0-42a0-b40e-9f9b4516eaf3,980,Contexit,1.11.4,0,1,71,6,,
b413307f-d5c0-42a0-b40e-9f9b4516eaf3,981,illum,1.11.4,0,1,71,7,,
b413307f-d5c0-42a0-b40e-9f9b4516eaf3,982,frutice,1.11.4,0,1,71,8,,
b413307f-d5c0-42a0-b40e-9f9b4516eaf3,983,et,1.11.4,0,1,71,9,,
b413307f-d5c0-42a0-b40e-9f9b4516eaf3,984,admonuit,1.11.4,0,1,71,10,,
b413307f-d5c0-42a0-b40e-9f9b4516eaf3,985,simul,1.11.4,0,1,71,11,,
b413307f-d5c0-42a0-b40e-9f9b4516eaf3,986,",",1.11.4,,4,71,,,
b413307f-d5c0-42a0-b40e-9f9b4516eaf3,987,Ut,1.11.5,0,1,71,12,,
b413307f-d5c0-42a0-b40e-9f9b4516eaf3,988,insueta,1.11.5,0,1,71,13,,
b413307f-d5c0-42a0-b40e-9f9b4516eaf3,989,voce,1.11.5,0,1,71,14,,
b413307f-d5c0-42a0-b40e-9f9b4516eaf3,990,terreret,1.11.5,0,1,71,15,,
b413307f-d5c0-42a0-b40e-9f9b4516eaf3,991,feras,1.11.5,0,1,71,16,,
b413307f-d5c0-42a0-b40e-9f9b4516eaf3,992,",",1.11.5,,4,71,,,
b413307f-d5c0-42a0-b40e-9f9b4516eaf3,993,Fugientes,1.11.6,0,1,71,17,,
b413307f-d5c0-42a0-b40e-9f9b4516eaf3,994,ipse,1.11.6,0,1,71,18,,
b413307f-d5c0-42a0-b40e-9f9b4516eaf3,995,exciperet,1.11.6,0,1,71,19,,
b413307f-d5c0-42a0-b40e-9f9b4516eaf3,996,.,1.11.6,,4,71,,,
b413307f-d5c0-42a0-b40e-9f9b4516eaf3,997,Hic,1.11.6,0,1,72,0,,
b413307f-d5c0-42a0-b40e-9f9b4516eaf3,998,auritulus,1.11.6,0,1,72,1,,
b413307f-d5c0-42a0-b40e-9f9b4516eaf3,999,Clamorem,1.11.7,0,1,72,2,,
b413307f-d5c0-42a0-b40e-9f9b4516eaf3,1000,subito,1.11.7,0,1,72,3,,
b413307f-d5c0-42a0-b40e-9f9b4516eaf3,1001,totis,1.11.7,0,1,72,4,,
b413307f-d5c0-42a0-b40e-9f9b4516eaf3,1002,tollit,1.11.7,0,1,72,5,,
b413307f-d5c0-42a0-b40e-9f9b4516eaf3,1003,viribus,1.11.7,0,1,72,6,,
b413307f-d5c0-42a0-b40e-9f9b4516eaf3,1004,Novoque,1.11.8,0,1,72,7,,
b413307f-d5c0-42a0-b40e-9f9b4516eaf3,1005,turbat,1.11.8,0,1,72,8,,
b413307f-d5c0-42a0-b40e-9f9b4516eaf3,1006,bestias,1.11.8,0,1,72,9,,
b413307f-d5c0-42a0-b40e-9f9b4516eaf3,1007,miraculo,1.11.8,0,1,72,10,,
b413307f-d5c0-42a0-b40e-9f9b4516eaf3,1008,.,1.11.8,,4,72,,,
b413307f-d5c0-42a0-b40e-9f9b4516eaf3,1009,Quae,1.11.9,0,1,73,0,,
b413307f-d5c0-42a0-b40e-9f9b4516eaf3,1010,dum,1.11.9,0,1,73,1,,
b413307f-d5c0-42a0-b40e-9f9b4516eaf3,1011,paventes,1.11.9,0,1,73,2,,
b413307f-d5c0-42a0-b40e-9f9b4516eaf3,1012,exitus,1.11.9,0,1,73,3,,
b413307f-d5c0-42a0-b40e-9f9b4516eaf3,1013,notos,1.11.9,0,1,73,4,,
b413307f-d5c0-42a0-b40e-9f9b4516eaf3,1014,petunt,1.11.9,0,1,73,5,,
b413307f-d5c0-42a0-b40e-9f9b4516eaf3,1015,",",1.11.9,,4,73,,,
b413307f-d5c0-42a0-b40e-9f9b4516eaf3,1016,Leonis,1.11.10,2,1,73,6,,
b413307f-d5c0-42a0-b40e-9f9b4516eaf3,1017,affliguntur,1.11.10,0,1,73,7,,
b413307f-d5c0-42a0-b40e-9f9b4516eaf3,1018,horrendo,1.11.10,0,1,73,8,,
b413307f-d5c0-42a0-b40e-9f9b4516eaf3,1019,impetu,1.11.10,0,1,73,9,,
b413307f-d5c0-42a0-b40e-9f9b4516eaf3,1020,.,1.11.10,,4,73,,,
b413307f-d5c0-42a0-b40e-9f9b4516eaf3,1021,Qui,1.11.11,0,1,74,0,,
b413307f-d5c0-42a0-b40e-9f9b4516eaf3,1022,postquam,1.11.11,0,1,74,1,,
b413307f-d5c0-42a0-b40e-9f9b4516eaf3,1023,caede,1.11.11,0,1,74,2,,
b413307f-d5c0-42a0-b40e-9f9b4516eaf3,1024,fessus,1.11.11,0,1,74,3,,
b413307f-d5c0-42a0-b40e-9f9b4516eaf3,1025,est,1.11.11,0,1,74,4,,
b413307f-d5c0-42a0-b40e-9f9b4516eaf3,1026,",",1.11.11,,4,74,,,
b413307f-d5c0-42a0-b40e-9f9b4516eaf3,1027,asinum,1.11.11,0,1,74,5,,
b413307f-d5c0-42a0-b40e-9f9b4516eaf3,1028,evocat,1.11.11,0,1,74,6,,
b413307f-d5c0-42a0-b40e-9f9b4516eaf3,1029,Iubetque,1.11.12,0,1,74,7,,
b413307f-d5c0-42a0-b40e-9f9b4516eaf3,1030,vocem,1.11.12,0,1,74,8,,
b413307f-d5c0-42a0-b40e-9f9b4516eaf3,1031,premere,1.11.12,0,1,74,9,,
b413307f-d5c0-42a0-b40e-9f9b4516eaf3,1032,.,1.11.12,,4,74,,,
b413307f-d5c0-42a0-b40e-9f9b4516eaf3,1033,Tunc,1.11.12,0,1,75,0,,
b413307f-d5c0-42a0-b40e-9f9b4516eaf3,1034,ille,1.11.12,0,1,75,1,,
b413307f-d5c0-42a0-b40e-9f9b4516eaf3,1035,insolens,1.11.12,0,1,75,2,,
b413307f-d5c0-42a0-b40e-9f9b4516eaf3,1036,:,1.11.12,,4,75,,,
b413307f-d5c0-42a0-b40e-9f9b4516eaf3,1037,Qualis,1.11.13,0,1,75,3,,
b413307f-d5c0-42a0-b40e-9f9b4516eaf3,1038,videtur,1.11.13,0,1,75,4,,
b413307f-d5c0-42a0-b40e-9f9b4516eaf3,1039,opera,1.11.13,0,1,75,5,,
b413307f-d5c0-42a0-b40e-9f9b4516eaf3,1040,tibi,1.11.13,0,1,75,6,,
b413307f-d5c0-42a0-b40e-9f9b4516eaf3,1041,vocis,1.11.13,0,1,75,7,,
b413307f-d5c0-42a0-b40e-9f9b4516eaf3,1042,meae,1.11.13,0,1,75,8,,
b413307f-d5c0-42a0-b40e-9f9b4516eaf3,1043,?,1.11.13,,4,75,,,
b413307f-d5c0-42a0-b40e-9f9b4516eaf3,1044,Insignis,1.11.14,0,1,76,0,,
b413307f-d5c0-42a0-b40e-9f9b4516eaf3,1045,inquit,1.11.14,0,1,76,1,,
b413307f-d5c0-42a0-b40e-9f9b4516eaf3,1046,sic,1.11.14,0,1,76,2,,
b413307f-d5c0-42a0-b40e-9f9b4516eaf3,1047,ut,1.11.14,0,1,76,3,,
b413307f-d5c0-42a0-b40e-9f9b4516eaf3,1048,",",1.11.14,,4,76,,,
b413307f-d5c0-42a0-b40e-9f9b4516eaf3,1049,nisi,1.11.14,0,1,76,4,,
b413307f-d5c0-42a0-b40e-9f9b4516eaf3,1050,nossem,1.11.14,0,1,76,5,,
b413307f-d5c0-42a0-b40e-9f9b4516eaf3,1051,tuum,1.11.14,0,1,76,6,,
b413307f-d5c0-42a0-b40e-9f9b4516eaf3,1052,Animum,1.11.15,0,1,76,7,,
b413307f-d5c0-42a0-b40e-9f9b4516eaf3,1053,genusque,1.11.15,0,1,76,8,que,
b413307f-d5c0-42a0-b40e-9f9b4516eaf3,1054,",",1.11.15,,4,76,,,
b413307f-d5c0-42a0-b40e-9f9b4516eaf3,1055,simili,1.11.15,0,1,76,9,,
b413307f-d5c0-42a0-b40e-9f9b4516eaf3,1056,fugissem,1.11.15,0,1,76,10,,
b413307f-d5c0-42a0-b40e-9f9b4516eaf3,1057,metu,1.11.15,0,1,76,11,,
b413307f-d5c0-42a0-b40e-9f9b4516eaf3,1058,.,1.11.15,,4,76,,,
b413307f-d5c0-42a0-b40e-9f9b4516eaf3,1059,Cervus,1.12,0,1,77,0,,
b413307f-d5c0-42a0-b40e-9f9b4516eaf3,1060,ad,1.12,0,1,77,1,,
b413307f-d5c0-42a0-b40e-9f9b4516eaf3,1061,fontem,1.12,0,1,77,2,,
b413307f-d5c0-42a0-b40e-9f9b4516eaf3,1062,.,1.12,,4,77,,,
b413307f-d5c0-42a0-b40e-9f9b4516eaf3,1063,Laudatis,1.12.1,0,1,78,0,,
b413307f-d5c0-42a0-b40e-9f9b4516eaf3,1064,utiliora,1.12.1,0,1,78,1,,
b413307f-d5c0-42a0-b40e-9f9b4516eaf3,1065,quae,1.12.1,0,1,78,2,,
b413307f-d5c0-42a0-b40e-9f9b4516eaf3,1066,contempseris,1.12.1,0,1,78,3,,
b413307f-d5c0-42a0-b40e-9f9b4516eaf3,1067,Saepe,1.12.2,0,1,78,4,,
b413307f-d5c0-42a0-b40e-9f9b4516eaf3,1068,inveniri,1.12.2,0,1,78,5,,
b413307f-d5c0-42a0-b40e-9f9b4516eaf3,1069,haec,1.12.2,0,1,78,6,,
b413307f-d5c0-42a0-b40e-9f9b4516eaf3,1070,asserit,1.12.2,0,1,78,7,,
b413307f-d5c0-42a0-b40e-9f9b4516eaf3,1071,narratio,1.12.2,0,1,78,8,,
b413307f-d5c0-42a0-b40e-9f9b4516eaf3,1072,.,1.12.2,,4,78,,,
b413307f-d5c0-42a0-b40e-9f9b4516eaf3,1073,Ad,1.12.3,0,1,79,0,,
b413307f-d5c0-42a0-b40e-9f9b4516eaf3,1074,fontem,1.12.3,0,1,79,1,,
b413307f-d5c0-42a0-b40e-9f9b4516eaf3,1075,cervus,1.12.3,0,1,79,2,,
b413307f-d5c0-42a0-b40e-9f9b4516eaf3,1076,",",1.12.3,,4,79,,,
b413307f-d5c0-42a0-b40e-9f9b4516eaf3,1077,cum,1.12.3,0,1,79,3,,
b413307f-d5c0-42a0-b40e-9f9b4516eaf3,1078,bibisset,1.12.3,0,1,79,4,,
b413307f-d5c0-42a0-b40e-9f9b4516eaf3,1079,",",1.12.3,,4,79,,,
b413307f-d5c0-42a0-b40e-9f9b4516eaf3,1080,restitit,1.12.3,0,1,79,5,,
b413307f-d5c0-42a0-b40e-9f9b4516eaf3,1081,Et,1.12.4,0,1,79,6,,
b413307f-d5c0-42a0-b40e-9f9b4516eaf3,1082,in,1.12.4,0,1,79,7,,
b413307f-d5c0-42a0-b40e-9f9b4516eaf3,1083,liquore,1.12.4,0,1,79,8,,
b413307f-d5c0-42a0-b40e-9f9b4516eaf3,1084,vidit,1.12.4,0,1,79,9,,
b413307f-d5c0-42a0-b40e-9f9b4516eaf3,1085,effigiem,1.12.4,0,1,79,10,,
b413307f-d5c0-42a0-b40e-9f9b4516eaf3,1086,suam,1.12.4,0,1,79,11,,
b413307f-d5c0-42a0-b40e-9f9b4516eaf3,1087,.,1.12.4,,4,79,,,
b413307f-d5c0-42a0-b40e-9f9b4516eaf3,1088,Ibi,1.12.5,0,1,80,0,,
b413307f-d5c0-42a0-b40e-9f9b4516eaf3,1089,dum,1.12.5,0,1,80,1,,
b413307f-d5c0-42a0-b40e-9f9b4516eaf3,1090,ramosa,1.12.5,0,1,80,2,,
b413307f-d5c0-42a0-b40e-9f9b4516eaf3,1091,mirans,1.12.5,0,1,80,3,,
b413307f-d5c0-42a0-b40e-9f9b4516eaf3,1092,laudat,1.12.5,0,1,80,4,,
b413307f-d5c0-42a0-b40e-9f9b4516eaf3,1093,cornua,1.12.5,0,1,80,5,,
b413307f-d5c0-42a0-b40e-9f9b4516eaf3,1094,Crurumque,1.12.6,0,1,80,6,,
b413307f-d5c0-42a0-b40e-9f9b4516eaf3,1095,nimiam,1.12.6,0,1,80,7,,
b413307f-d5c0-42a0-b40e-9f9b4516eaf3,1096,tenuitatem,1.12.6,0,1,80,8,,
b413307f-d5c0-42a0-b40e-9f9b4516eaf3,1097,vituperat,1.12.6,0,1,80,9,,
b413307f-d5c0-42a0-b40e-9f9b4516eaf3,1098,",",1.12.6,,4,80,,,
b413307f-d5c0-42a0-b40e-9f9b4516eaf3,1099,Venantum,1.12.7,,1,80,10,,
b413307f-d5c0-42a0-b40e-9f9b4516eaf3,1100,subito,1.12.7,0,1,80,11,,
b413307f-d5c0-42a0-b40e-9f9b4516eaf3,1101,vocibus,1.12.7,0,1,80,12,,
b413307f-d5c0-42a0-b40e-9f9b4516eaf3,1102,conterritus,1.12.7,0,1,80,13,,
b413307f-d5c0-42a0-b40e-9f9b4516eaf3,1103,Per,1.12.8,0,1,80,14,,
b413307f-d5c0-42a0-b40e-9f9b4516eaf3,1104,campum,1.12.8,0,1,80,15,,
b413307f-d5c0-42a0-b40e-9f9b4516eaf3,1105,fugere,1.12.8,0,1,80,16,,
b413307f-d5c0-42a0-b40e-9f9b4516eaf3,1106,coepit,1.12.8,0,1,80,17,,
b413307f-d5c0-42a0-b40e-9f9b4516eaf3,1107,et,1.12.8,0,1,80,18,,
b413307f-d5c0-42a0-b40e-9f9b4516eaf3,1108,cursu,1.12.8,0,1,80,19,,
b413307f-d5c0-42a0-b40e-9f9b4516eaf3,1109,levi,1.12.8,0,1,80,20,,
b413307f-d5c0-42a0-b40e-9f9b4516eaf3,1110,Canes,1.12.9,2,1,80,21,,
b413307f-d5c0-42a0-b40e-9f9b4516eaf3,1111,elusit,1.12.9,0,1,80,22,,
b413307f-d5c0-42a0-b40e-9f9b4516eaf3,1112,.,1.12.9,,4,80,,,
b413307f-d5c0-42a0-b40e-9f9b4516eaf3,1113,Silva,1.12.9,0,1,81,0,,
b413307f-d5c0-42a0-b40e-9f9b4516eaf3,1114,tum,1.12.9,0,1,81,1,,
b413307f-d5c0-42a0-b40e-9f9b4516eaf3,1115,excepit,1.12.9,0,1,81,2,,
b413307f-d5c0-42a0-b40e-9f9b4516eaf3,1116,ferum,1.12.9,0,1,81,3,,
b413307f-d5c0-42a0-b40e-9f9b4516eaf3,1117,",",1.12.9,,4,81,,,
b413307f-d5c0-42a0-b40e-9f9b4516eaf3,1118,In,1.12.10,0,1,81,4,,
b413307f-d5c0-42a0-b40e-9f9b4516eaf3,1119,qua,1.12.10,0,1,81,5,,
b413307f-d5c0-42a0-b40e-9f9b4516eaf3,1120,retentis,1.12.10,0,1,81,6,,
b413307f-d5c0-42a0-b40e-9f9b4516eaf3,1121,impeditus,1.12.10,0,1,81,7,,
b413307f-d5c0-42a0-b40e-9f9b4516eaf3,1122,cornibus,1.12.10,0,1,81,8,,
b413307f-d5c0-42a0-b40e-9f9b4516eaf3,1123,Lacerari,1.12.11,0,1,81,9,,
b413307f-d5c0-42a0-b40e-9f9b4516eaf3,1124,coepit,1.12.11,0,1,81,10,,
b413307f-d5c0-42a0-b40e-9f9b4516eaf3,1125,morsibus,1.12.11,0,1,81,11,,
b413307f-d5c0-42a0-b40e-9f9b4516eaf3,1126,saevis,1.12.11,0,1,81,12,,
b413307f-d5c0-42a0-b40e-9f9b4516eaf3,1127,canum,1.12.11,0,1,81,13,,
b413307f-d5c0-42a0-b40e-9f9b4516eaf3,1128,.,1.12.11,,4,81,,,
b413307f-d5c0-42a0-b40e-9f9b4516eaf3,1129,Tunc,1.12.12,0,1,82,0,,
b413307f-d5c0-42a0-b40e-9f9b4516eaf3,1130,moriens,1.12.12,0,1,82,1,,
b413307f-d5c0-42a0-b40e-9f9b4516eaf3,1131,edidisse,1.12.12,0,1,82,2,,
b413307f-d5c0-42a0-b40e-9f9b4516eaf3,1132,vocem,1.12.12,0,1,82,3,,
b413307f-d5c0-42a0-b40e-9f9b4516eaf3,1133,hanc,1.12.12,0,1,82,4,,
b413307f-d5c0-42a0-b40e-9f9b4516eaf3,1134,dicitur,1.12.12,0,1,82,5,,
b413307f-d5c0-42a0-b40e-9f9b4516eaf3,1135,:,1.12.12,,4,82,,,
b413307f-d5c0-42a0-b40e-9f9b4516eaf3,1136,O,1.12.13,0,1,82,6,,
b413307f-d5c0-42a0-b40e-9f9b4516eaf3,1137,me,1.12.13,0,1,82,7,,
b413307f-d5c0-42a0-b40e-9f9b4516eaf3,1138,infelicem,1.12.13,0,1,82,8,,
b413307f-d5c0-42a0-b40e-9f9b4516eaf3,1139,!,1.12.13,,4,82,,,
b413307f-d5c0-42a0-b40e-9f9b4516eaf3,1140,qui,1.12.13,0,1,83,0,,
b413307f-d5c0-42a0-b40e-9f9b4516eaf3,1141,nunc,1.12.13,0,1,83,1,,
b413307f-d5c0-42a0-b40e-9f9b4516eaf3,1142,demum,1.12.13,0,1,83,2,,
b413307f-d5c0-42a0-b40e-9f9b4516eaf3,1143,intellego,1.12.13,0,1,83,3,,
b413307f-d5c0-42a0-b40e-9f9b4516eaf3,1144,Utilia,1.12.14,0,1,83,4,,
b413307f-d5c0-42a0-b40e-9f9b4516eaf3,1145,mihi,1.12.14,0,1,83,5,,
b413307f-d5c0-42a0-b40e-9f9b4516eaf3,1146,quam,1.12.14,0,1,83,6,,
b413307f-d5c0-42a0-b40e-9f9b4516eaf3,1147,fuerint,1.12.14,0,1,83,7,,
b413307f-d5c0-42a0-b40e-9f9b4516eaf3,1148,quae,1.12.14,0,1,83,8,,
b413307f-d5c0-42a0-b40e-9f9b4516eaf3,1149,despexeram,1.12.14,0,1,83,9,,
b413307f-d5c0-42a0-b40e-9f9b4516eaf3,1150,",",1.12.14,,4,83,,,
b413307f-d5c0-42a0-b40e-9f9b4516eaf3,1151,Et,1.12.15,0,1,83,10,,
b413307f-d5c0-42a0-b40e-9f9b4516eaf3,1152,quae,1.12.15,0,1,83,11,,
b413307f-d5c0-42a0-b40e-9f9b4516eaf3,1153,laudaram,1.12.15,0,1,83,12,,
b413307f-d5c0-42a0-b40e-9f9b4516eaf3,1154,quantum,1.12.15,0,1,83,13,,
b413307f-d5c0-42a0-b40e-9f9b4516eaf3,1155,luctus,1.12.15,0,1,83,14,,
b413307f-d5c0-42a0-b40e-9f9b4516eaf3,1156,habuerint,1.12.15,0,1,83,15,,
b413307f-d5c0-42a0-b40e-9f9b4516eaf3,1157,.,1.12.15,,4,83,,,
b413307f-d5c0-42a0-b40e-9f9b4516eaf3,1158,Vulpes,1.13,0,1,84,0,,
b413307f-d5c0-42a0-b40e-9f9b4516eaf3,1159,et,1.13,0,1,84,1,,
b413307f-d5c0-42a0-b40e-9f9b4516eaf3,1160,corvus,1.13,0,1,84,2,,
b413307f-d5c0-42a0-b40e-9f9b4516eaf3,1161,.,1.13,,4,84,,,
b413307f-d5c0-42a0-b40e-9f9b4516eaf3,1162,Qui,1.13.1,0,1,85,0,,
b413307f-d5c0-42a0-b40e-9f9b4516eaf3,1163,se,1.13.1,0,1,85,1,,
b413307f-d5c0-42a0-b40e-9f9b4516eaf3,1164,laudari,1.13.1,0,1,85,2,,
b413307f-d5c0-42a0-b40e-9f9b4516eaf3,1165,gaudet,1.13.1,0,1,85,3,,
b413307f-d5c0-42a0-b40e-9f9b4516eaf3,1166,verbis,1.13.1,0,1,85,4,,
b413307f-d5c0-42a0-b40e-9f9b4516eaf3,1167,subdolis,1.13.1,0,1,85,5,,
b413307f-d5c0-42a0-b40e-9f9b4516eaf3,1168,",",1.13.1,,4,85,,,
b413307f-d5c0-42a0-b40e-9f9b4516eaf3,1169,Fere,1.13.2,0,1,85,6,,
b413307f-d5c0-42a0-b40e-9f9b4516eaf3,1170,dat,1.13.2,0,1,85,7,,
b413307f-d5c0-42a0-b40e-9f9b4516eaf3,1171,poenas,1.13.2,0,1,85,8,,
b413307f-d5c0-42a0-b40e-9f9b4516eaf3,1172,turpi,1.13.2,0,1,85,9,,
b413307f-d5c0-42a0-b40e-9f9b4516eaf3,1173,paenitentia,1.13.2,0,1,85,10,,
b413307f-d5c0-42a0-b40e-9f9b4516eaf3,1174,.,1.13.2,,4,85,,,
b413307f-d5c0-42a0-b40e-9f9b4516eaf3,1175,Cum,1.13.3,2,1,86,0,,
b413307f-d5c0-42a0-b40e-9f9b4516eaf3,1176,de,1.13.3,0,1,86,1,,
b413307f-d5c0-42a0-b40e-9f9b4516eaf3,1177,fenestra,1.13.3,0,1,86,2,,
b413307f-d5c0-42a0-b40e-9f9b4516eaf3,1178,corvus,1.13.3,0,1,86,3,,
b413307f-d5c0-42a0-b40e-9f9b4516eaf3,1179,raptum,1.13.3,0,1,86,4,,
b413307f-d5c0-42a0-b40e-9f9b4516eaf3,1180,caseum,1.13.3,0,1,86,5,,
b413307f-d5c0-42a0-b40e-9f9b4516eaf3,1181,Comesse,1.13.4,0,1,86,6,,
b413307f-d5c0-42a0-b40e-9f9b4516eaf3,1182,vellet,1.13.4,0,1,86,7,,
b413307f-d5c0-42a0-b40e-9f9b4516eaf3,1183,",",1.13.4,,4,86,,,
b413307f-d5c0-42a0-b40e-9f9b4516eaf3,1184,celsa,1.13.4,0,1,86,8,,
b413307f-d5c0-42a0-b40e-9f9b4516eaf3,1185,residens,1.13.4,0,1,86,9,,
b413307f-d5c0-42a0-b40e-9f9b4516eaf3,1186,arbore,1.13.4,0,1,86,10,,
b413307f-d5c0-42a0-b40e-9f9b4516eaf3,1187,",",1.13.4,,4,86,,,
b413307f-d5c0-42a0-b40e-9f9b4516eaf3,1188,Vulpes,1.13.5,0,1,86,11,,
b413307f-d5c0-42a0-b40e-9f9b4516eaf3,1189,hunc,1.13.5,0,1,86,12,,
b413307f-d5c0-42a0-b40e-9f9b4516eaf3,1190,vidit,1.13.5,0,1,86,13,,
b413307f-d5c0-42a0-b40e-9f9b4516eaf3,1191,",",1.13.5,,4,86,,,
b413307f-d5c0-42a0-b40e-9f9b4516eaf3,1192,deinde,1.13.5,0,1,86,14,,
b413307f-d5c0-42a0-b40e-9f9b4516eaf3,1193,sic,1.13.5,0,1,86,15,,
b413307f-d5c0-42a0-b40e-9f9b4516eaf3,1194,coepit,1.13.5,0,1,86,16,,
b413307f-d5c0-42a0-b40e-9f9b4516eaf3,1195,loqui,1.13.5,0,1,86,17,,
b413307f-d5c0-42a0-b40e-9f9b4516eaf3,1196,:,1.13.5,,4,86,,,
b413307f-d5c0-42a0-b40e-9f9b4516eaf3,1197,O,1.13.6,0,1,86,18,,
b413307f-d5c0-42a0-b40e-9f9b4516eaf3,1198,qui,1.13.6,0,1,86,19,,
b413307f-d5c0-42a0-b40e-9f9b4516eaf3,1199,tuarum,1.13.6,0,1,86,20,,
b413307f-d5c0-42a0-b40e-9f9b4516eaf3,1200,",",1.13.6,,4,86,,,
b413307f-d5c0-42a0-b40e-9f9b4516eaf3,1201,corve,1.13.6,0,1,86,21,,
b413307f-d5c0-42a0-b40e-9f9b4516eaf3,1202,",",1.13.6,,4,86,,,
b413307f-d5c0-42a0-b40e-9f9b4516eaf3,1203,pennarum,1.13.6,0,1,86,22,,
b413307f-d5c0-42a0-b40e-9f9b4516eaf3,1204,est,1.13.6,0,1,86,23,,
b413307f-d5c0-42a0-b40e-9f9b4516eaf3,1205,nitor,1.13.6,0,1,86,24,,
b413307f-d5c0-42a0-b40e-9f9b4516eaf3,1206,!,1.13.6,,4,86,,,
b413307f-d5c0-42a0-b40e-9f9b4516eaf3,1207,Quantum,1.13.7,0,1,87,0,,
b413307f-d5c0-42a0-b40e-9f9b4516eaf3,1208,decoris,1.13.7,0,1,87,1,,
b413307f-d5c0-42a0-b40e-9f9b4516eaf3,1209,corpore,1.13.7,0,1,87,2,,
b413307f-d5c0-42a0-b40e-9f9b4516eaf3,1210,et,1.13.7,0,1,87,3,,
b413307f-d5c0-42a0-b40e-9f9b4516eaf3,1211,vultu,1.13.7,0,1,87,4,,
b413307f-d5c0-42a0-b40e-9f9b4516eaf3,1212,geris,1.13.7,0,1,87,5,,
b413307f-d5c0-42a0-b40e-9f9b4516eaf3,1213,!,1.13.7,,4,87,,,
b413307f-d5c0-42a0-b40e-9f9b4516eaf3,1214,Si,1.13.8,0,1,88,0,,
b413307f-d5c0-42a0-b40e-9f9b4516eaf3,1215,vocem,1.13.8,0,1,88,1,,
b413307f-d5c0-42a0-b40e-9f9b4516eaf3,1216,haberes,1.13.8,0,1,88,2,,
b413307f-d5c0-42a0-b40e-9f9b4516eaf3,1217,",",1.13.8,,4,88,,,
b413307f-d5c0-42a0-b40e-9f9b4516eaf3,1218,nulla,1.13.8,0,1,88,3,,
b413307f-d5c0-42a0-b40e-9f9b4516eaf3,1219,prior,1.13.8,0,1,88,4,,
b413307f-d5c0-42a0-b40e-9f9b4516eaf3,1220,ales,1.13.8,0,1,88,5,,
b413307f-d5c0-42a0-b40e-9f9b4516eaf3,1221,foret,1.13.8,0,1,88,6,,
b413307f-d5c0-42a0-b40e-9f9b4516eaf3,1222,.,1.13.8,,4,88,,,
b413307f-d5c0-42a0-b40e-9f9b4516eaf3,1223,At,1.13.9,0,1,89,0,,
b413307f-d5c0-42a0-b40e-9f9b4516eaf3,1224,ille,1.13.9,0,1,89,1,,
b413307f-d5c0-42a0-b40e-9f9b4516eaf3,1225,stultus,1.13.9,0,1,89,2,,
b413307f-d5c0-42a0-b40e-9f9b4516eaf3,1226,",",1.13.9,,4,89,,,
b413307f-d5c0-42a0-b40e-9f9b4516eaf3,1227,dum,1.13.9,0,1,89,3,,
b413307f-d5c0-42a0-b40e-9f9b4516eaf3,1228,vult,1.13.9,0,1,89,4,,
b413307f-d5c0-42a0-b40e-9f9b4516eaf3,1229,vocem,1.13.9,0,1,89,5,,
b413307f-d5c0-42a0-b40e-9f9b4516eaf3,1230,ostendere,1.13.9,0,1,89,6,,
b413307f-d5c0-42a0-b40e-9f9b4516eaf3,1231,",",1.13.9,,4,89,,,
b413307f-d5c0-42a0-b40e-9f9b4516eaf3,1232,Emisit,1.13.10,0,1,89,7,,
b413307f-d5c0-42a0-b40e-9f9b4516eaf3,1233,ore,1.13.10,0,1,89,8,,
b413307f-d5c0-42a0-b40e-9f9b4516eaf3,1234,caseum,1.13.10,0,1,89,9,,
b413307f-d5c0-42a0-b40e-9f9b4516eaf3,1235,",",1.13.10,,4,89,,,
b413307f-d5c0-42a0-b40e-9f9b4516eaf3,1236,quem,1.13.10,0,1,89,10,,
b413307f-d5c0-42a0-b40e-9f9b4516eaf3,1237,celeriter,1.13.10,0,1,89,11,,
b413307f-d5c0-42a0-b40e-9f9b4516eaf3,1238,Dolosa,1.13.11,0,1,89,12,,
b413307f-d5c0-42a0-b40e-9f9b4516eaf3,1239,vulpes,1.13.11,0,1,89,13,,
b413307f-d5c0-42a0-b40e-9f9b4516eaf3,1240,avidis,1.13.11,0,1,89,14,,
b413307f-d5c0-42a0-b40e-9f9b4516eaf3,1241,rapuit,1.13.11,0,1,89,15,,
b413307f-d5c0-42a0-b40e-9f9b4516eaf3,1242,dentibus,1.13.11,0,1,89,16,,
b413307f-d5c0-42a0-b40e-9f9b4516eaf3,1243,.,1.13.11,,4,89,,,
b413307f-d5c0-42a0-b40e-9f9b4516eaf3,1244,Tunc,1.13.12,0,1,90,0,,
b413307f-d5c0-42a0-b40e-9f9b4516eaf3,1245,demum,1.13.12,0,1,90,1,,
b413307f-d5c0-42a0-b40e-9f9b4516eaf3,1246,ingemuit,1.13.12,0,1,90,2,,
b413307f-d5c0-42a0-b40e-9f9b4516eaf3,1247,corvi,1.13.12,0,1,90,3,,
b413307f-d5c0-42a0-b40e-9f9b4516eaf3,1248,deceptus,1.13.12,0,1,90,4,,
b413307f-d5c0-42a0-b40e-9f9b4516eaf3,1249,stupor,1.13.12,0,1,90,5,,
b413307f-d5c0-42a0-b40e-9f9b4516eaf3,1250,.,1.13.12,,4,90,,,
b413307f-d5c0-42a0-b40e-9f9b4516eaf3,1251,Hac,1.13.13,0,1,91,0,,
b413307f-d5c0-42a0-b40e-9f9b4516eaf3,1252,re,1.13.13,0,1,91,1,,
b413307f-d5c0-42a0-b40e-9f9b4516eaf3,1253,probatur,1.13.13,0,1,91,2,,
b413307f-d5c0-42a0-b40e-9f9b4516eaf3,1254,quantum,1.13.13,0,1,91,3,,
b413307f-d5c0-42a0-b40e-9f9b4516eaf3,1255,ingenium,1.13.13,0,1,91,4,,
b413307f-d5c0-42a0-b40e-9f9b4516eaf3,1256,valet,1.13.13,0,1,91,5,,
b413307f-d5c0-42a0-b40e-9f9b4516eaf3,1257,;,1.13.13,,4,91,,,
b413307f-d5c0-42a0-b40e-9f9b4516eaf3,1258,Virtute,1.13.14,0,1,91,6,,
b413307f-d5c0-42a0-b40e-9f9b4516eaf3,1259,semper,1.13.14,0,1,91,7,,
b413307f-d5c0-42a0-b40e-9f9b4516eaf3,1260,praevalet,1.13.14,0,1,91,8,,
b413307f-d5c0-42a0-b40e-9f9b4516eaf3,1261,sapientia,1.13.14,0,1,91,9,,
b413307f-d5c0-42a0-b40e-9f9b4516eaf3,1262,.,1.13.14,,4,91,,,
b413307f-d5c0-42a0-b40e-9f9b4516eaf3,1263,Ex,1.14,0,1,92,0,,
b413307f-d5c0-42a0-b40e-9f9b4516eaf3,1264,sutore,1.14,0,1,92,1,,
b413307f-d5c0-42a0-b40e-9f9b4516eaf3,1265,medicus,1.14,0,1,92,2,,
b413307f-d5c0-42a0-b40e-9f9b4516eaf3,1266,.,1.14,,4,92,,,
b413307f-d5c0-42a0-b40e-9f9b4516eaf3,1267,Malus,1.14.1,0,1,93,0,,
b413307f-d5c0-42a0-b40e-9f9b4516eaf3,1268,cum,1.14.1,0,1,93,1,,
b413307f-d5c0-42a0-b40e-9f9b4516eaf3,1269,sutor,1.14.1,0,1,93,2,,
b413307f-d5c0-42a0-b40e-9f9b4516eaf3,1270,inopia,1.14.1,0,1,93,3,,
b413307f-d5c0-42a0-b40e-9f9b4516eaf3,1271,deperditus,1.14.1,0,1,93,4,,
b413307f-d5c0-42a0-b40e-9f9b4516eaf3,1272,Medicinam,1.14.2,0,1,93,5,,
b413307f-d5c0-42a0-b40e-9f9b4516eaf3,1273,ignoto,1.14.2,0,1,93,6,,
b413307f-d5c0-42a0-b40e-9f9b4516eaf3,1274,facere,1.14.2,0,1,93,7,,
b413307f-d5c0-42a0-b40e-9f9b4516eaf3,1275,coepisset,1.14.2,0,1,93,8,,
b413307f-d5c0-42a0-b40e-9f9b4516eaf3,1276,loco,1.14.2,0,1,93,9,,
b413307f-d5c0-42a0-b40e-9f9b4516eaf3,1277,Et,1.14.3,0,1,93,10,,
b413307f-d5c0-42a0-b40e-9f9b4516eaf3,1278,venditaret,1.14.3,0,1,93,11,,
b413307f-d5c0-42a0-b40e-9f9b4516eaf3,1279,falso,1.14.3,0,1,93,12,,
b413307f-d5c0-42a0-b40e-9f9b4516eaf3,1280,antidotum,1.14.3,0,1,93,13,,
b413307f-d5c0-42a0-b40e-9f9b4516eaf3,1281,nomine,1.14.3,0,1,93,14,,
b413307f-d5c0-42a0-b40e-9f9b4516eaf3,1282,",",1.14.3,,4,93,,,
b413307f-d5c0-42a0-b40e-9f9b4516eaf3,1283,Verbosis,1.14.4,0,1,93,15,,
b413307f-d5c0-42a0-b40e-9f9b4516eaf3,1284,acquisivit,1.14.4,0,1,93,16,,
b413307f-d5c0-42a0-b40e-9f9b4516eaf3,1285,sibi,1.14.4,0,1,93,17,,
b413307f-d5c0-42a0-b40e-9f9b4516eaf3,1286,famam,1.14.4,0,1,93,18,,
b413307f-d5c0-42a0-b40e-9f9b4516eaf3,1287,strophis,1.14.4,0,1,93,19,,
b413307f-d5c0-42a0-b40e-9f9b4516eaf3,1288,.,1.14.4,,4,93,,,
b413307f-d5c0-42a0-b40e-9f9b4516eaf3,1289,Hic,1.14.5,0,1,94,0,,
b413307f-d5c0-42a0-b40e-9f9b4516eaf3,1290,cum,1.14.5,0,1,94,1,,
b413307f-d5c0-42a0-b40e-9f9b4516eaf3,1291,iaceret,1.14.5,0,1,94,2,,
b413307f-d5c0-42a0-b40e-9f9b4516eaf3,1292,morbo,1.14.5,0,1,94,3,,
b413307f-d5c0-42a0-b40e-9f9b4516eaf3,1293,confectus,1.14.5,0,1,94,4,,
b413307f-d5c0-42a0-b40e-9f9b4516eaf3,1294,gravi,1.14.5,0,1,94,5,,
b413307f-d5c0-42a0-b40e-9f9b4516eaf3,1295,Rex,1.14.6,2,1,94,6,,
b413307f-d5c0-42a0-b40e-9f9b4516eaf3,1296,urbis,1.14.6,0,1,94,7,,
b413307f-d5c0-42a0-b40e-9f9b4516eaf3,1297,",",1.14.6,,4,94,,,
b413307f-d5c0-42a0-b40e-9f9b4516eaf3,1298,eius,1.14.6,0,1,94,8,,
b413307f-d5c0-42a0-b40e-9f9b4516eaf3,1299,experiendi,1.14.6,0,1,94,9,,
b413307f-d5c0-42a0-b40e-9f9b4516eaf3,1300,gratia,1.14.6,0,1,94,10,,
b413307f-d5c0-42a0-b40e-9f9b4516eaf3,1301,Scyphum,1.14.7,0,1,94,11,,
b413307f-d5c0-42a0-b40e-9f9b4516eaf3,1302,poposcit,1.14.7,0,1,94,12,,
b413307f-d5c0-42a0-b40e-9f9b4516eaf3,1303,:,1.14.7,,4,94,,,
b413307f-d5c0-42a0-b40e-9f9b4516eaf3,1304,fusa,1.14.7,0,1,94,13,,
b413307f-d5c0-42a0-b40e-9f9b4516eaf3,1305,dein,1.14.7,0,1,94,14,,
b413307f-d5c0-42a0-b40e-9f9b4516eaf3,1306,simulans,1.14.7,0,1,94,15,,
b413307f-d5c0-42a0-b40e-9f9b4516eaf3,1307,aqua,1.14.7,0,1,94,16,,
b413307f-d5c0-42a0-b40e-9f9b4516eaf3,1308,Miscere,1.14.8,0,1,94,17,,
b413307f-d5c0-42a0-b40e-9f9b4516eaf3,1309,illius,1.14.8,0,1,94,18,,
b413307f-d5c0-42a0-b40e-9f9b4516eaf3,1310,antidoto,1.14.8,0,1,94,19,,
b413307f-d5c0-42a0-b40e-9f9b4516eaf3,1311,se,1.14.8,0,1,94,20,,
b413307f-d5c0-42a0-b40e-9f9b4516eaf3,1312,toxicum,1.14.8,0,1,94,21,,
b413307f-d5c0-42a0-b40e-9f9b4516eaf3,1313,",",1.14.8,,4,94,,,
b413307f-d5c0-42a0-b40e-9f9b4516eaf3,1314,Ebibere,1.14.9,0,1,94,22,,
b413307f-d5c0-42a0-b40e-9f9b4516eaf3,1315,iussit,1.14.9,0,1,94,23,,
b413307f-d5c0-42a0-b40e-9f9b4516eaf3,1316,ipsum,1.14.9,0,1,94,24,,
b413307f-d5c0-42a0-b40e-9f9b4516eaf3,1317,posito,1.14.9,0,1,94,25,,
b413307f-d5c0-42a0-b40e-9f9b4516eaf3,1318,praemio,1.14.9,0,1,94,26,,
b413307f-d5c0-42a0-b40e-9f9b4516eaf3,1319,.,1.14.9,,4,94,,,
b413307f-d5c0-42a0-b40e-9f9b4516eaf3,1320,Timore,1.14.10,0,1,95,0,,
b413307f-d5c0-42a0-b40e-9f9b4516eaf3,1321,mortis,1.14.10,0,1,95,1,,
b413307f-d5c0-42a0-b40e-9f9b4516eaf3,1322,ille,1.14.10,0,1,95,2,,
b413307f-d5c0-42a0-b40e-9f9b4516eaf3,1323,tum,1.14.10,0,1,95,3,,
b413307f-d5c0-42a0-b40e-9f9b4516eaf3,1324,confessus,1.14.10,0,1,95,4,,
b413307f-d5c0-42a0-b40e-9f9b4516eaf3,1325,est,1.14.10,0,1,95,5,,
b413307f-d5c0-42a0-b40e-9f9b4516eaf3,1326,Non,1.14.11,0,1,95,6,,
b413307f-d5c0-42a0-b40e-9f9b4516eaf3,1327,artis,1.14.11,0,1,95,7,,
b413307f-d5c0-42a0-b40e-9f9b4516eaf3,1328,ulla,1.14.11,0,1,95,8,,
b413307f-d5c0-42a0-b40e-9f9b4516eaf3,1329,medicum,1.14.11,0,1,95,9,,
b413307f-d5c0-42a0-b40e-9f9b4516eaf3,1330,se,1.14.11,0,1,95,10,,
b413307f-d5c0-42a0-b40e-9f9b4516eaf3,1331,prudentia,1.14.11,0,1,95,11,,
b413307f-d5c0-42a0-b40e-9f9b4516eaf3,1332,",",1.14.11,,4,95,,,
b413307f-d5c0-42a0-b40e-9f9b4516eaf3,1333,Verum,1.14.12,0,1,95,12,,
b413307f-d5c0-42a0-b40e-9f9b4516eaf3,1334,stupore,1.14.12,0,1,95,13,,
b413307f-d5c0-42a0-b40e-9f9b4516eaf3,1335,vulgi,1.14.12,0,1,95,14,,
b413307f-d5c0-42a0-b40e-9f9b4516eaf3,1336,factum,1.14.12,0,1,95,15,,
b413307f-d5c0-42a0-b40e-9f9b4516eaf3,1337,nobilem,1.14.12,0,1,95,16,,
b413307f-d5c0-42a0-b40e-9f9b4516eaf3,1338,.,1.14.12,,4,95,,,
b413307f-d5c0-42a0-b40e-9f9b4516eaf3,1339,Rex,1.14.13,2,1,96,0,,
b413307f-d5c0-42a0-b40e-9f9b4516eaf3,1340,advocata,1.14.13,0,1,96,1,,
b413307f-d5c0-42a0-b40e-9f9b4516eaf3,1341,contione,1.14.13,0,1,96,2,,
b413307f-d5c0-42a0-b40e-9f9b4516eaf3,1342,haec,1.14.13,0,1,96,3,,
b413307f-d5c0-42a0-b40e-9f9b4516eaf3,1343,addidit,1.14.13,0,1,96,4,,
b413307f-d5c0-42a0-b40e-9f9b4516eaf3,1344,:,1.14.13,,4,96,,,
b413307f-d5c0-42a0-b40e-9f9b4516eaf3,1345,Quantae,1.14.14,0,1,96,5,,
b413307f-d5c0-42a0-b40e-9f9b4516eaf3,1346,putatis,1.14.14,0,1,96,6,,
b413307f-d5c0-42a0-b40e-9f9b4516eaf3,1347,esse,1.14.14,0,1,96,7,,
b413307f-d5c0-42a0-b40e-9f9b4516eaf3,1348,vos,1.14.14,0,1,96,8,,
b413307f-d5c0-42a0-b40e-9f9b4516eaf3,1349,dementiae,1.14.14,0,1,96,9,,
b413307f-d5c0-42a0-b40e-9f9b4516eaf3,1350,",",1.14.14,,4,96,,,
b413307f-d5c0-42a0-b40e-9f9b4516eaf3,1351,Qui,1.14.15,0,1,96,10,,
b413307f-d5c0-42a0-b40e-9f9b4516eaf3,1352,capita,1.14.15,0,1,96,11,,
b413307f-d5c0-42a0-b40e-9f9b4516eaf3,1353,vestra,1.14.15,0,1,96,12,,
b413307f-d5c0-42a0-b40e-9f9b4516eaf3,1354,non,1.14.15,0,1,96,13,,
b413307f-d5c0-42a0-b40e-9f9b4516eaf3,1355,dubitatis,1.14.15,0,1,96,14,,
b413307f-d5c0-42a0-b40e-9f9b4516eaf3,1356,credere,1.14.15,0,1,96,15,,
b413307f-d5c0-42a0-b40e-9f9b4516eaf3,1357,",",1.14.15,,4,96,,,
b413307f-d5c0-42a0-b40e-9f9b4516eaf3,1358,Cui,1.14.16,0,1,96,16,,
b413307f-d5c0-42a0-b40e-9f9b4516eaf3,1359,calceandos,1.14.16,0,1,96,17,,
b413307f-d5c0-42a0-b40e-9f9b4516eaf3,1360,nemo,1.14.16,0,1,96,18,,
b413307f-d5c0-42a0-b40e-9f9b4516eaf3,1361,commisit,1.14.16,0,1,96,19,,
b413307f-d5c0-42a0-b40e-9f9b4516eaf3,1362,pedes,1.14.16,0,1,96,20,,
b413307f-d5c0-42a0-b40e-9f9b4516eaf3,1363,?,1.14.16,,4,96,,,
b413307f-d5c0-42a0-b40e-9f9b4516eaf3,1364,Hoc,1.14.17,0,1,97,0,,
b413307f-d5c0-42a0-b40e-9f9b4516eaf3,1365,pertinere,1.14.17,0,1,97,1,,
b413307f-d5c0-42a0-b40e-9f9b4516eaf3,1366,vere,1.14.17,0,1,97,2,,
b413307f-d5c0-42a0-b40e-9f9b4516eaf3,1367,ad,1.14.17,0,1,97,3,,
b413307f-d5c0-42a0-b40e-9f9b4516eaf3,1368,illos,1.14.17,0,1,97,4,,
b413307f-d5c0-42a0-b40e-9f9b4516eaf3,1369,dixerim,1.14.17,0,1,97,5,,
b413307f-d5c0-42a0-b40e-9f9b4516eaf3,1370,",",1.14.17,,4,97,,,
b413307f-d5c0-42a0-b40e-9f9b4516eaf3,1371,Quorum,1.14.18,0,1,97,6,,
b413307f-d5c0-42a0-b40e-9f9b4516eaf3,1372,stultitia,1.14.18,0,1,97,7,,
b413307f-d5c0-42a0-b40e-9f9b4516eaf3,1373,quaestus,1.14.18,0,1,97,8,,
b413307f-d5c0-42a0-b40e-9f9b4516eaf3,1374,impudentiae,1.14.18,0,1,97,9,,
b413307f-d5c0-42a0-b40e-9f9b4516eaf3,1375,est,1.14.18,0,1,97,10,,
b413307f-d5c0-42a0-b40e-9f9b4516eaf3,1376,.,1.14.18,,4,97,,,
b413307f-d5c0-42a0-b40e-9f9b4516eaf3,1377,Asinus,1.15,0,1,98,0,,
b413307f-d5c0-42a0-b40e-9f9b4516eaf3,1378,ad,1.15,0,1,98,1,,
b413307f-d5c0-42a0-b40e-9f9b4516eaf3,1379,senem,1.15,0,1,98,2,,
b413307f-d5c0-42a0-b40e-9f9b4516eaf3,1380,pastorem,1.15,0,1,98,3,,
b413307f-d5c0-42a0-b40e-9f9b4516eaf3,1381,.,1.15,,4,98,,,
b413307f-d5c0-42a0-b40e-9f9b4516eaf3,1382,In,1.15.1,0,1,99,0,,
b413307f-d5c0-42a0-b40e-9f9b4516eaf3,1383,principatu,1.15.1,0,1,99,1,,
b413307f-d5c0-42a0-b40e-9f9b4516eaf3,1384,commutando,1.15.1,0,1,99,2,,
b413307f-d5c0-42a0-b40e-9f9b4516eaf3,1385,saepius,1.15.1,0,1,99,3,,
b413307f-d5c0-42a0-b40e-9f9b4516eaf3,1386,Nil,1.15.2,0,1,99,4,,
b413307f-d5c0-42a0-b40e-9f9b4516eaf3,1387,praeter,1.15.2,0,1,99,5,,
b413307f-d5c0-42a0-b40e-9f9b4516eaf3,1388,domini,1.15.2,0,1,99,6,,
b413307f-d5c0-42a0-b40e-9f9b4516eaf3,1389,mores,1.15.2,0,1,99,7,,
b413307f-d5c0-42a0-b40e-9f9b4516eaf3,1390,mutant,1.15.2,0,1,99,8,,
b413307f-d5c0-42a0-b40e-9f9b4516eaf3,1391,pauperes,1.15.2,0,1,99,9,,
b413307f-d5c0-42a0-b40e-9f9b4516eaf3,1392,.,1.15.2,,4,99,,,
b413307f-d5c0-42a0-b40e-9f9b4516eaf3,1393,Id,1.15.3,0,1,100,0,,
b413307f-d5c0-42a0-b40e-9f9b4516eaf3,1394,esse,1.15.3,0,1,100,1,,
b413307f-d5c0-42a0-b40e-9f9b4516eaf3,1395,verum,1.15.3,0,1,100,2,,
b413307f-d5c0-42a0-b40e-9f9b4516eaf3,1396,parva,1.15.3,0,1,100,3,,
b413307f-d5c0-42a0-b40e-9f9b4516eaf3,1397,haec,1.15.3,0,1,100,4,,
b413307f-d5c0-42a0-b40e-9f9b4516eaf3,1398,fabella,1.15.3,0,1,100,5,,
b413307f-d5c0-42a0-b40e-9f9b4516eaf3,1399,indicat,1.15.3,0,1,100,6,,
b413307f-d5c0-42a0-b40e-9f9b4516eaf3,1400,.,1.15.3,,4,100,,,
b413307f-d5c0-42a0-b40e-9f9b4516eaf3,1401,Asellum,1.15.4,0,1,101,0,,
b413307f-d5c0-42a0-b40e-9f9b4516eaf3,1402,in,1.15.4,0,1,101,1,,
b413307f-d5c0-42a0-b40e-9f9b4516eaf3,1403,prato,1.15.4,0,1,101,2,,
b413307f-d5c0-42a0-b40e-9f9b4516eaf3,1404,timidus,1.15.4,0,1,101,3,,
b413307f-d5c0-42a0-b40e-9f9b4516eaf3,1405,pascebat,1.15.4,0,1,101,4,,
b413307f-d5c0-42a0-b40e-9f9b4516eaf3,1406,senex,1.15.4,0,1,101,5,,
b413307f-d5c0-42a0-b40e-9f9b4516eaf3,1407,.,1.15.4,,4,101,,,
b413307f-d5c0-42a0-b40e-9f9b4516eaf3,1408,Is,1.15.5,0,1,102,0,,
b413307f-d5c0-42a0-b40e-9f9b4516eaf3,1409,hostium,1.15.5,0,1,102,1,,
b413307f-d5c0-42a0-b40e-9f9b4516eaf3,1410,clamore,1.15.5,0,1,102,2,,
b413307f-d5c0-42a0-b40e-9f9b4516eaf3,1411,subito,1.15.5,0,1,102,3,,
b413307f-d5c0-42a0-b40e-9f9b4516eaf3,1412,territus,1.15.5,0,1,102,4,,
b413307f-d5c0-42a0-b40e-9f9b4516eaf3,1413,Suadebat,1.15.6,0,1,102,5,,
b413307f-d5c0-42a0-b40e-9f9b4516eaf3,1414,asino,1.15.6,0,1,102,6,,
b413307f-d5c0-42a0-b40e-9f9b4516eaf3,1415,fugere,1.15.6,0,1,102,7,,
b413307f-d5c0-42a0-b40e-9f9b4516eaf3,1416,",",1.15.6,,4,102,,,
b413307f-d5c0-42a0-b40e-9f9b4516eaf3,1417,ne,1.15.6,0,1,102,8,,
b413307f-d5c0-42a0-b40e-9f9b4516eaf3,1418,possent,1.15.6,0,1,102,9,,
b413307f-d5c0-42a0-b40e-9f9b4516eaf3,1419,capi,1.15.6,0,1,102,10,,
b413307f-d5c0-42a0-b40e-9f9b4516eaf3,1420,.,1.15.6,,4,102,,,
b413307f-d5c0-42a0-b40e-9f9b4516eaf3,1421,At,1.15.7,0,1,103,0,,
b413307f-d5c0-42a0-b40e-9f9b4516eaf3,1422,ille,1.15.7,0,1,103,1,,
b413307f-d5c0-42a0-b40e-9f9b4516eaf3,1423,lentus,1.15.7,0,1,103,2,,
b413307f-d5c0-42a0-b40e-9f9b4516eaf3,1424,:,1.15.7,,4,103,,,
b413307f-d5c0-42a0-b40e-9f9b4516eaf3,1425,Quaeso,1.15.7,0,1,103,3,,
b413307f-d5c0-42a0-b40e-9f9b4516eaf3,1426,",",1.15.7,,4,103,,,
b413307f-d5c0-42a0-b40e-9f9b4516eaf3,1427,num,1.15.7,0,1,103,4,,
b413307f-d5c0-42a0-b40e-9f9b4516eaf3,1428,binas,1.15.7,0,1,103,5,,
b413307f-d5c0-42a0-b40e-9f9b4516eaf3,1429,mihi,1.15.7,0,1,103,6,,
b413307f-d5c0-42a0-b40e-9f9b4516eaf3,1430,Clitellas,1.15.8,0,1,103,7,,
b413307f-d5c0-42a0-b40e-9f9b4516eaf3,1431,impositurum,1.15.8,0,1,103,8,,
b413307f-d5c0-42a0-b40e-9f9b4516eaf3,1432,victorem,1.15.8,0,1,103,9,,
b413307f-d5c0-42a0-b40e-9f9b4516eaf3,1433,putas,1.15.8,0,1,103,10,,
b413307f-d5c0-42a0-b40e-9f9b4516eaf3,1434,?,1.15.8,,4,103,,,
b413307f-d5c0-42a0-b40e-9f9b4516eaf3,1435,Senex,1.15.9,0,1,104,0,,
b413307f-d5c0-42a0-b40e-9f9b4516eaf3,1436,negavit,1.15.9,0,1,104,1,,
b413307f-d5c0-42a0-b40e-9f9b4516eaf3,1437,.,1.15.9,,4,104,,,
b413307f-d5c0-42a0-b40e-9f9b4516eaf3,1438,Ergo,1.15.9,0,1,105,0,,
b413307f-d5c0-42a0-b40e-9f9b4516eaf3,1439,quid,1.15.9,0,1,105,1,,
b413307f-d5c0-42a0-b40e-9f9b4516eaf3,1440,refert,1.15.9,0,1,105,2,,
b413307f-d5c0-42a0-b40e-9f9b4516eaf3,1441,mea,1.15.9,0,1,105,3,,
b413307f-d5c0-42a0-b40e-9f9b4516eaf3,1442,Cui,1.15.10,0,1,105,4,,
b413307f-d5c0-42a0-b40e-9f9b4516eaf3,1443,serviam,1.15.10,0,1,105,5,,
b413307f-d5c0-42a0-b40e-9f9b4516eaf3,1444,clitellas,1.15.10,0,1,105,6,,
b413307f-d5c0-42a0-b40e-9f9b4516eaf3,1445,cum,1.15.10,0,1,105,7,,
b413307f-d5c0-42a0-b40e-9f9b4516eaf3,1446,portem,1.15.10,0,1,105,8,,
b413307f-d5c0-42a0-b40e-9f9b4516eaf3,1447,meas,1.15.10,0,1,105,9,,
b413307f-d5c0-42a0-b40e-9f9b4516eaf3,1448,?,1.15.10,,4,105,,,
b413307f-d5c0-42a0-b40e-9f9b4516eaf3,1449,Ovis,1.16,0,1,106,0,,
b413307f-d5c0-42a0-b40e-9f9b4516eaf3,1450,",",1.16,,4,106,,,
b413307f-d5c0-42a0-b40e-9f9b4516eaf3,1451,cervus,1.16,0,1,106,1,,
b413307f-d5c0-42a0-b40e-9f9b4516eaf3,1452,",",1.16,,4,106,,,
b413307f-d5c0-42a0-b40e-9f9b4516eaf3,1453,et,1.16,0,1,106,2,,
b413307f-d5c0-42a0-b40e-9f9b4516eaf3,1454,lupus,1.16,0,1,106,3,,
b413307f-d5c0-42a0-b40e-9f9b4516eaf3,1455,.,1.16,,4,106,,,
b413307f-d5c0-42a0-b40e-9f9b4516eaf3,1456,Fraudator,1.16.1,0,1,107,0,,
b413307f-d5c0-42a0-b40e-9f9b4516eaf3,1457,homines,1.16.1,0,1,107,1,,
b413307f-d5c0-42a0-b40e-9f9b4516eaf3,1458,cum,1.16.1,0,1,107,2,,
b413307f-d5c0-42a0-b40e-9f9b4516eaf3,1459,advocat,1.16.1,0,1,107,3,,
b413307f-d5c0-42a0-b40e-9f9b4516eaf3,1460,sponsum,1.16.1,0,1,107,4,,
b413307f-d5c0-42a0-b40e-9f9b4516eaf3,1461,improbos,1.16.1,0,1,107,5,,
b413307f-d5c0-42a0-b40e-9f9b4516eaf3,1462,",",1.16.1,,4,107,,,
b413307f-d5c0-42a0-b40e-9f9b4516eaf3,1463,Non,1.16.2,0,1,107,6,,
b413307f-d5c0-42a0-b40e-9f9b4516eaf3,1464,rem,1.16.2,0,1,107,7,,
b413307f-d5c0-42a0-b40e-9f9b4516eaf3,1465,expedire,1.16.2,0,1,107,8,,
b413307f-d5c0-42a0-b40e-9f9b4516eaf3,1466,",",1.16.2,,4,107,,,
b413307f-d5c0-42a0-b40e-9f9b4516eaf3,1467,sed,1.16.2,0,1,107,9,,
b413307f-d5c0-42a0-b40e-9f9b4516eaf3,1468,mala,1.16.2,0,1,107,10,,
b413307f-d5c0-42a0-b40e-9f9b4516eaf3,1469,videre,1.16.2,0,1,107,11,,
b413307f-d5c0-42a0-b40e-9f9b4516eaf3,1470,expetit,1.16.2,0,1,107,12,,
b413307f-d5c0-42a0-b40e-9f9b4516eaf3,1471,.,1.16.2,,4,107,,,
b413307f-d5c0-42a0-b40e-9f9b4516eaf3,1472,Ovem,1.16.3,0,1,108,0,,
b413307f-d5c0-42a0-b40e-9f9b4516eaf3,1473,rogabat,1.16.3,0,1,108,1,,
b413307f-d5c0-42a0-b40e-9f9b4516eaf3,1474,cervus,1.16.3,0,1,108,2,,
b413307f-d5c0-42a0-b40e-9f9b4516eaf3,1475,modium,1.16.3,0,1,108,3,,
b413307f-d5c0-42a0-b40e-9f9b4516eaf3,1476,tritici,1.16.3,0,1,108,4,,
b413307f-d5c0-42a0-b40e-9f9b4516eaf3,1477,Lupo,1.16.4,2,1,108,5,,
b413307f-d5c0-42a0-b40e-9f9b4516eaf3,1478,sponsore,1.16.4,0,1,108,6,,
b413307f-d5c0-42a0-b40e-9f9b4516eaf3,1479,.,1.16.4,,4,108,,,
b413307f-d5c0-42a0-b40e-9f9b4516eaf3,1480,At,1.16.4,0,1,109,0,,
b413307f-d5c0-42a0-b40e-9f9b4516eaf3,1481,illa,1.16.4,0,1,109,1,,
b413307f-d5c0-42a0-b40e-9f9b4516eaf3,1482,praemetuens,1.16.4,0,1,109,2,,
b413307f-d5c0-42a0-b40e-9f9b4516eaf3,1483,dolum,1.16.4,0,1,109,3,,
b413307f-d5c0-42a0-b40e-9f9b4516eaf3,1484,:,1.16.4,,4,109,,,
b413307f-d5c0-42a0-b40e-9f9b4516eaf3,1485,Rapere,1.16.5,0,1,109,4,,
b413307f-d5c0-42a0-b40e-9f9b4516eaf3,1486,atque,1.16.5,0,1,109,5,,
b413307f-d5c0-42a0-b40e-9f9b4516eaf3,1487,abire,1.16.5,0,1,109,6,,
b413307f-d5c0-42a0-b40e-9f9b4516eaf3,1488,semper,1.16.5,0,1,109,7,,
b413307f-d5c0-42a0-b40e-9f9b4516eaf3,1489,assuevit,1.16.5,0,1,109,8,,
b413307f-d5c0-42a0-b40e-9f9b4516eaf3,1490,lupus,1.16.5,0,1,109,9,,
b413307f-d5c0-42a0-b40e-9f9b4516eaf3,1491,",",1.16.5,,4,109,,,
b413307f-d5c0-42a0-b40e-9f9b4516eaf3,1492,Tu,1.16.6,0,1,109,10,,
b413307f-d5c0-42a0-b40e-9f9b4516eaf3,1493,de,1.16.6,0,1,109,11,,
b413307f-d5c0-42a0-b40e-9f9b4516eaf3,1494,conspectu,1.16.6,0,1,109,12,,
b413307f-d5c0-42a0-b40e-9f9b4516eaf3,1495,fugere,1.16.6,0,1,109,13,,
b413307f-d5c0-42a0-b40e-9f9b4516eaf3,1496,veloci,1.16.6,0,1,109,14,,
b413307f-d5c0-42a0-b40e-9f9b4516eaf3,1497,impetu,1.16.6,0,1,109,15,,
b413307f-d5c0-42a0-b40e-9f9b4516eaf3,1498,;,1.16.6,,4,109,,,
b413307f-d5c0-42a0-b40e-9f9b4516eaf3,1499,Ubi,1.16.7,2,1,109,16,,
b413307f-d5c0-42a0-b40e-9f9b4516eaf3,1500,vos,1.16.7,0,1,109,17,,
b413307f-d5c0-42a0-b40e-9f9b4516eaf3,1501,requiram,1.16.7,0,1,109,18,,
b413307f-d5c0-42a0-b40e-9f9b4516eaf3,1502,cum,1.16.7,0,1,109,19,,
b413307f-d5c0-42a0-b40e-9f9b4516eaf3,1503,dies,1.16.7,0,1,109,20,,
b413307f-d5c0-42a0-b40e-9f9b4516eaf3,1504,advenerit,1.16.7,0,1,109,21,,
b413307f-d5c0-42a0-b40e-9f9b4516eaf3,1505,?,1.16.7,,4,109,,,
b413307f-d5c0-42a0-b40e-9f9b4516eaf3,1506,Ovis,1.17,0,1,110,0,,
b413307f-d5c0-42a0-b40e-9f9b4516eaf3,1507,",",1.17,,4,110,,,
b413307f-d5c0-42a0-b40e-9f9b4516eaf3,1508,canis,1.17,0,1,110,1,,
b413307f-d5c0-42a0-b40e-9f9b4516eaf3,1509,",",1.17,,4,110,,,
b413307f-d5c0-42a0-b40e-9f9b4516eaf3,1510,et,1.17,0,1,110,2,,
b413307f-d5c0-42a0-b40e-9f9b4516eaf3,1511,lupus,1.17,0,1,110,3,,
b413307f-d5c0-42a0-b40e-9f9b4516eaf3,1512,.,1.17,,4,110,,,
b413307f-d5c0-42a0-b40e-9f9b4516eaf3,1513,Solent,1.17.1,0,1,111,0,,
b413307f-d5c0-42a0-b40e-9f9b4516eaf3,1514,mendaces,1.17.1,0,1,111,1,,
b413307f-d5c0-42a0-b40e-9f9b4516eaf3,1515,luere,1.17.1,0,1,111,2,,
b413307f-d5c0-42a0-b40e-9f9b4516eaf3,1516,poenas,1.17.1,0,1,111,3,,
b413307f-d5c0-42a0-b40e-9f9b4516eaf3,1517,malefici,1.17.1,0,1,111,4,,
b413307f-d5c0-42a0-b40e-9f9b4516eaf3,1518,.,1.17.1,,4,111,,,
b413307f-d5c0-42a0-b40e-9f9b4516eaf3,1519,Calumniator,1.17.2,0,1,112,0,,
b413307f-d5c0-42a0-b40e-9f9b4516eaf3,1520,ab,1.17.2,0,1,112,1,,
b413307f-d5c0-42a0-b40e-9f9b4516eaf3,1521,ove,1.17.2,0,1,112,2,,
b413307f-d5c0-42a0-b40e-9f9b4516eaf3,1522,cum,1.17.2,0,1,112,3,,
b413307f-d5c0-42a0-b40e-9f9b4516eaf3,1523,peteret,1.17.2,0,1,112,4,,
b413307f-d5c0-42a0-b40e-9f9b4516eaf3,1524,canis,1.17.2,0,1,112,5,,
b413307f-d5c0-42a0-b40e-9f9b4516eaf3,1525,",",1.17.2,,4,112,,,
b413307f-d5c0-42a0-b40e-9f9b4516eaf3,1526,Quem,1.17.3,0,1,112,6,,
b413307f-d5c0-42a0-b40e-9f9b4516eaf3,1527,commendasse,1.17.3,0,1,112,7,,
b413307f-d5c0-42a0-b40e-9f9b4516eaf3,1528,panem,1.17.3,0,1,112,8,,
b413307f-d5c0-42a0-b40e-9f9b4516eaf3,1529,se,1.17.3,0,1,112,9,,
b413307f-d5c0-42a0-b40e-9f9b4516eaf3,1530,contenderet,1.17.3,0,1,112,10,,
b413307f-d5c0-42a0-b40e-9f9b4516eaf3,1531,",",1.17.3,,4,112,,,
b413307f-d5c0-42a0-b40e-9f9b4516eaf3,1532,Lupus,1.17.4,2,1,112,11,,
b413307f-d5c0-42a0-b40e-9f9b4516eaf3,1533,citatus,1.17.4,0,1,112,12,,
b413307f-d5c0-42a0-b40e-9f9b4516eaf3,1534,testis,1.17.4,0,1,112,13,,
b413307f-d5c0-42a0-b40e-9f9b4516eaf3,1535,non,1.17.4,0,1,112,14,,
b413307f-d5c0-42a0-b40e-9f9b4516eaf3,1536,unum,1.17.4,0,1,112,15,,
b413307f-d5c0-42a0-b40e-9f9b4516eaf3,1537,modo,1.17.4,0,1,112,16,,
b413307f-d5c0-42a0-b40e-9f9b4516eaf3,1538,Deberi,1.17.5,0,1,112,17,,
b413307f-d5c0-42a0-b40e-9f9b4516eaf3,1539,dixit,1.17.5,0,1,112,18,,
b413307f-d5c0-42a0-b40e-9f9b4516eaf3,1540,",",1.17.5,,4,112,,,
b413307f-d5c0-42a0-b40e-9f9b4516eaf3,1541,verum,1.17.5,0,1,112,19,,
b413307f-d5c0-42a0-b40e-9f9b4516eaf3,1542,affirmavit,1.17.5,0,1,112,20,,
b413307f-d5c0-42a0-b40e-9f9b4516eaf3,1543,decem,1.17.5,0,1,112,21,,
b413307f-d5c0-42a0-b40e-9f9b4516eaf3,1544,.,1.17.5,,4,112,,,
b413307f-d5c0-42a0-b40e-9f9b4516eaf3,1545,Ovis,1.17.6,0,1,113,0,,
b413307f-d5c0-42a0-b40e-9f9b4516eaf3,1546,damnata,1.17.6,0,1,113,1,,
b413307f-d5c0-42a0-b40e-9f9b4516eaf3,1547,falso,1.17.6,0,1,113,2,,
b413307f-d5c0-42a0-b40e-9f9b4516eaf3,1548,testimonio,1.17.6,0,1,113,3,,
b413307f-d5c0-42a0-b40e-9f9b4516eaf3,1549,Quod,1.17.7,0,1,113,4,,
b413307f-d5c0-42a0-b40e-9f9b4516eaf3,1550,non,1.17.7,0,1,113,5,,
b413307f-d5c0-42a0-b40e-9f9b4516eaf3,1551,debebat,1.17.7,0,1,113,6,,
b413307f-d5c0-42a0-b40e-9f9b4516eaf3,1552,solvit,1.17.7,0,1,113,7,,
b413307f-d5c0-42a0-b40e-9f9b4516eaf3,1553,.,1.17.7,,4,113,,,
b413307f-d5c0-42a0-b40e-9f9b4516eaf3,1554,Post,1.17.7,0,1,114,0,,
b413307f-d5c0-42a0-b40e-9f9b4516eaf3,1555,paucos,1.17.7,0,1,114,1,,
b413307f-d5c0-42a0-b40e-9f9b4516eaf3,1556,dies,1.17.7,0,1,114,2,,
b413307f-d5c0-42a0-b40e-9f9b4516eaf3,1557,Bidens,1.17.8,0,1,114,3,,
b413307f-d5c0-42a0-b40e-9f9b4516eaf3,1558,iacentem,1.17.8,0,1,114,4,,
b413307f-d5c0-42a0-b40e-9f9b4516eaf3,1559,in,1.17.8,0,1,114,5,,
b413307f-d5c0-42a0-b40e-9f9b4516eaf3,1560,fovea,1.17.8,0,1,114,6,,
b413307f-d5c0-42a0-b40e-9f9b4516eaf3,1561,conspexit,1.17.8,0,1,114,7,,
b413307f-d5c0-42a0-b40e-9f9b4516eaf3,1562,lupum,1.17.8,0,1,114,8,,
b413307f-d5c0-42a0-b40e-9f9b4516eaf3,1563,:,1.17.8,,4,114,,,
b413307f-d5c0-42a0-b40e-9f9b4516eaf3,1564,Haec,1.17.9,0,1,114,9,,
b413307f-d5c0-42a0-b40e-9f9b4516eaf3,1565,inquit,1.17.9,0,1,114,10,,
b413307f-d5c0-42a0-b40e-9f9b4516eaf3,1566,merces,1.17.9,0,1,114,11,,
b413307f-d5c0-42a0-b40e-9f9b4516eaf3,1567,fraudis,1.17.9,0,1,114,12,,
b413307f-d5c0-42a0-b40e-9f9b4516eaf3,1568,a,1.17.9,0,1,114,13,,
b413307f-d5c0-42a0-b40e-9f9b4516eaf3,1569,superis,1.17.9,0,1,114,14,,
b413307f-d5c0-42a0-b40e-9f9b4516eaf3,1570,datur,1.17.9,0,1,114,15,,
b413307f-d5c0-42a0-b40e-9f9b4516eaf3,1571,.,1.17.9,,4,114,,,
b413307f-d5c0-42a0-b40e-9f9b4516eaf3,1572,Mulier,1.18,0,1,115,0,,
b413307f-d5c0-42a0-b40e-9f9b4516eaf3,1573,parturiens,1.18,0,1,115,1,,
b413307f-d5c0-42a0-b40e-9f9b4516eaf3,1574,.,1.18,,4,115,,,
b413307f-d5c0-42a0-b40e-9f9b4516eaf3,1575,Nemo,1.18.1,0,1,116,0,,
b413307f-d5c0-42a0-b40e-9f9b4516eaf3,1576,libenter,1.18.1,0,1,116,1,,
b413307f-d5c0-42a0-b40e-9f9b4516eaf3,1577,recolit,1.18.1,0,1,116,2,,
b413307f-d5c0-42a0-b40e-9f9b4516eaf3,1578,qui,1.18.1,0,1,116,3,,
b413307f-d5c0-42a0-b40e-9f9b4516eaf3,1579,laesit,1.18.1,0,1,116,4,,
b413307f-d5c0-42a0-b40e-9f9b4516eaf3,1580,locum,1.18.1,0,1,116,5,,
b413307f-d5c0-42a0-b40e-9f9b4516eaf3,1581,.,1.18.1,,4,116,,,
b413307f-d5c0-42a0-b40e-9f9b4516eaf3,1582,Instante,1.18.2,0,1,117,0,,
b413307f-d5c0-42a0-b40e-9f9b4516eaf3,1583,partu,1.18.2,0,1,117,1,,
b413307f-d5c0-42a0-b40e-9f9b4516eaf3,1584,mulier,1.18.2,0,1,117,2,,
b413307f-d5c0-42a0-b40e-9f9b4516eaf3,1585,actis,1.18.2,0,1,117,3,,
b413307f-d5c0-42a0-b40e-9f9b4516eaf3,1586,mensibus,1.18.2,0,1,117,4,,
b413307f-d5c0-42a0-b40e-9f9b4516eaf3,1587,Humi,1.18.3,0,1,117,5,,
b413307f-d5c0-42a0-b40e-9f9b4516eaf3,1588,iacebat,1.18.3,0,1,117,6,,
b413307f-d5c0-42a0-b40e-9f9b4516eaf3,1589,flebilis,1.18.3,0,1,117,7,,
b413307f-d5c0-42a0-b40e-9f9b4516eaf3,1590,gemitus,1.18.3,0,1,117,8,,
b413307f-d5c0-42a0-b40e-9f9b4516eaf3,1591,ciens,1.18.3,0,1,117,9,,
b413307f-d5c0-42a0-b40e-9f9b4516eaf3,1592,.,1.18.3,,4,117,,,
b413307f-d5c0-42a0-b40e-9f9b4516eaf3,1593,Vir,1.18.4,0,1,118,0,,
b413307f-d5c0-42a0-b40e-9f9b4516eaf3,1594,est,1.18.4,0,1,118,1,,
b413307f-d5c0-42a0-b40e-9f9b4516eaf3,1595,hortatus,1.18.4,0,1,118,2,,
b413307f-d5c0-42a0-b40e-9f9b4516eaf3,1596,",",1.18.4,,4,118,,,
b413307f-d5c0-42a0-b40e-9f9b4516eaf3,1597,corpus,1.18.4,0,1,118,3,,
b413307f-d5c0-42a0-b40e-9f9b4516eaf3,1598,lecto,1.18.4,0,1,118,4,,
b413307f-d5c0-42a0-b40e-9f9b4516eaf3,1599,reciperet,1.18.4,0,1,118,5,,
b413307f-d5c0-42a0-b40e-9f9b4516eaf3,1600,",",1.18.4,,4,118,,,
b413307f-d5c0-42a0-b40e-9f9b4516eaf3,1601,Onus,1.18.5,0,1,118,6,,
b413307f-d5c0-42a0-b40e-9f9b4516eaf3,1602,naturae,1.18.5,0,1,118,7,,
b413307f-d5c0-42a0-b40e-9f9b4516eaf3,1603,melius,1.18.5,0,1,118,8,,
b413307f-d5c0-42a0-b40e-9f9b4516eaf3,1604,quo,1.18.5,0,1,118,9,,
b413307f-d5c0-42a0-b40e-9f9b4516eaf3,1605,deponeret,1.18.5,0,1,118,10,,
b413307f-d5c0-42a0-b40e-9f9b4516eaf3,1606,.,1.18.5,,4,118,,,
b413307f-d5c0-42a0-b40e-9f9b4516eaf3,1607,Minime,1.18.6,0,1,119,0,,
b413307f-d5c0-42a0-b40e-9f9b4516eaf3,1608,",",1.18.6,,4,119,,,
b413307f-d5c0-42a0-b40e-9f9b4516eaf3,1609,inquit,1.18.6,0,1,119,1,,
b413307f-d5c0-42a0-b40e-9f9b4516eaf3,1610,",",1.18.6,,4,119,,,
b413307f-d5c0-42a0-b40e-9f9b4516eaf3,1611,illo,1.18.6,0,1,119,2,,
b413307f-d5c0-42a0-b40e-9f9b4516eaf3,1612,posse,1.18.6,0,1,119,3,,
b413307f-d5c0-42a0-b40e-9f9b4516eaf3,1613,confido,1.18.6,0,1,119,4,,
b413307f-d5c0-42a0-b40e-9f9b4516eaf3,1614,loco,1.18.6,0,1,119,5,,
b413307f-d5c0-42a0-b40e-9f9b4516eaf3,1615,Malum,1.18.7,0,1,119,6,,
b413307f-d5c0-42a0-b40e-9f9b4516eaf3,1616,finiri,1.18.7,0,1,119,7,,
b413307f-d5c0-42a0-b40e-9f9b4516eaf3,1617,",",1.18.7,,4,119,,,
b413307f-d5c0-42a0-b40e-9f9b4516eaf3,1618,quo,1.18.7,0,1,119,8,,
b413307f-d5c0-42a0-b40e-9f9b4516eaf3,1619,conceptum,1.18.7,0,1,119,9,,
b413307f-d5c0-42a0-b40e-9f9b4516eaf3,1620,est,1.18.7,0,1,119,10,,
b413307f-d5c0-42a0-b40e-9f9b4516eaf3,1621,initio,1.18.7,0,1,119,11,,
b413307f-d5c0-42a0-b40e-9f9b4516eaf3,1622,.,1.18.7,,4,119,,,
b413307f-d5c0-42a0-b40e-9f9b4516eaf3,1623,Canis,1.19,2,1,120,0,,
b413307f-d5c0-42a0-b40e-9f9b4516eaf3,1624,parturiens,1.19,0,1,120,1,,
b413307f-d5c0-42a0-b40e-9f9b4516eaf3,1625,.,1.19,,4,120,,,
b413307f-d5c0-42a0-b40e-9f9b4516eaf3,1626,Habent,1.19.1,0,1,121,0,,
b413307f-d5c0-42a0-b40e-9f9b4516eaf3,1627,insidias,1.19.1,0,1,121,1,,
b413307f-d5c0-42a0-b40e-9f9b4516eaf3,1628,hominis,1.19.1,0,1,121,2,,
b413307f-d5c0-42a0-b40e-9f9b4516eaf3,1629,blanditiae,1.19.1,0,1,121,3,,
b413307f-d5c0-42a0-b40e-9f9b4516eaf3,1630,mali,1.19.1,0,1,121,4,,
b413307f-d5c0-42a0-b40e-9f9b4516eaf3,1631,:,1.19.1,,4,121,,,
b413307f-d5c0-42a0-b40e-9f9b4516eaf3,1632,Quas,1.19.2,0,1,121,5,,
b413307f-d5c0-42a0-b40e-9f9b4516eaf3,1633,ut,1.19.2,0,1,121,6,,
b413307f-d5c0-42a0-b40e-9f9b4516eaf3,1634,vitemus,1.19.2,0,1,121,7,,
b413307f-d5c0-42a0-b40e-9f9b4516eaf3,1635,versus,1.19.2,0,1,121,8,,
b413307f-d5c0-42a0-b40e-9f9b4516eaf3,1636,subiecti,1.19.2,0,1,121,9,,
b413307f-d5c0-42a0-b40e-9f9b4516eaf3,1637,monent,1.19.2,0,1,121,10,,
b413307f-d5c0-42a0-b40e-9f9b4516eaf3,1638,.,1.19.2,,4,121,,,
b413307f-d5c0-42a0-b40e-9f9b4516eaf3,1639,Canis,1.19.3,2,1,122,0,,
b413307f-d5c0-42a0-b40e-9f9b4516eaf3,1640,parturiens,1.19.3,0,1,122,1,,
b413307f-d5c0-42a0-b40e-9f9b4516eaf3,1641,cum,1.19.3,0,1,122,2,,
b413307f-d5c0-42a0-b40e-9f9b4516eaf3,1642,rogasset,1.19.3,0,1,122,3,,
b413307f-d5c0-42a0-b40e-9f9b4516eaf3,1643,alteram,1.19.3,0,1,122,4,,
b413307f-d5c0-42a0-b40e-9f9b4516eaf3,1644,",",1.19.3,,4,122,,,
b413307f-d5c0-42a0-b40e-9f9b4516eaf3,1645,Ut,1.19.4,0,1,122,5,,
b413307f-d5c0-42a0-b40e-9f9b4516eaf3,1646,fetum,1.19.4,0,1,122,6,,
b413307f-d5c0-42a0-b40e-9f9b4516eaf3,1647,in,1.19.4,0,1,122,7,,
b413307f-d5c0-42a0-b40e-9f9b4516eaf3,1648,eius,1.19.4,0,1,122,8,,
b413307f-d5c0-42a0-b40e-9f9b4516eaf3,1649,tugurio,1.19.4,0,1,122,9,,
b413307f-d5c0-42a0-b40e-9f9b4516eaf3,1650,deponeret,1.19.4,0,1,122,10,,
b413307f-d5c0-42a0-b40e-9f9b4516eaf3,1651,",",1.19.4,,4,122,,,
b413307f-d5c0-42a0-b40e-9f9b4516eaf3,1652,Facile,1.19.5,0,1,122,11,,
b413307f-d5c0-42a0-b40e-9f9b4516eaf3,1653,impetravit,1.19.5,0,1,122,12,,
b413307f-d5c0-42a0-b40e-9f9b4516eaf3,1654,:,1.19.5,,4,122,,,
b413307f-d5c0-42a0-b40e-9f9b4516eaf3,1655,dein,1.19.5,0,1,122,13,,
b413307f-d5c0-42a0-b40e-9f9b4516eaf3,1656,reposcenti,1.19.5,0,1,122,14,,
b413307f-d5c0-42a0-b40e-9f9b4516eaf3,1657,locum,1.19.5,0,1,122,15,,
b413307f-d5c0-42a0-b40e-9f9b4516eaf3,1658,Preces,1.19.6,0,1,122,16,,
b413307f-d5c0-42a0-b40e-9f9b4516eaf3,1659,admovit,1.19.6,0,1,122,17,,
b413307f-d5c0-42a0-b40e-9f9b4516eaf3,1660,",",1.19.6,,4,122,,,
b413307f-d5c0-42a0-b40e-9f9b4516eaf3,1661,tempus,1.19.6,0,1,122,18,,
b413307f-d5c0-42a0-b40e-9f9b4516eaf3,1662,exorans,1.19.6,0,1,122,19,,
b413307f-d5c0-42a0-b40e-9f9b4516eaf3,1663,breve,1.19.6,0,1,122,20,,
b413307f-d5c0-42a0-b40e-9f9b4516eaf3,1664,",",1.19.6,,4,122,,,
b413307f-d5c0-42a0-b40e-9f9b4516eaf3,1665,Dum,1.19.7,0,1,122,21,,
b413307f-d5c0-42a0-b40e-9f9b4516eaf3,1666,firmiores,1.19.7,0,1,122,22,,
b413307f-d5c0-42a0-b40e-9f9b4516eaf3,1667,posset,1.19.7,0,1,122,23,,
b413307f-d5c0-42a0-b40e-9f9b4516eaf3,1668,catulos,1.19.7,0,1,122,24,,
b413307f-d5c0-42a0-b40e-9f9b4516eaf3,1669,ducere,1.19.7,0,1,122,25,,
b413307f-d5c0-42a0-b40e-9f9b4516eaf3,1670,.,1.19.7,,4,122,,,
b413307f-d5c0-42a0-b40e-9f9b4516eaf3,1671,Hoc,1.19.8,0,1,123,0,,
b413307f-d5c0-42a0-b40e-9f9b4516eaf3,1672,quoque,1.19.8,0,1,123,1,,
b413307f-d5c0-42a0-b40e-9f9b4516eaf3,1673,consumpto,1.19.8,0,1,123,2,,
b413307f-d5c0-42a0-b40e-9f9b4516eaf3,1674,flagitari,1.19.8,0,1,123,3,,
b413307f-d5c0-42a0-b40e-9f9b4516eaf3,1675,validius,1.19.8,0,1,123,4,,
b413307f-d5c0-42a0-b40e-9f9b4516eaf3,1676,Cubile,1.19.9,0,1,123,5,,
b413307f-d5c0-42a0-b40e-9f9b4516eaf3,1677,coepit,1.19.9,0,1,123,6,,
b413307f-d5c0-42a0-b40e-9f9b4516eaf3,1678,.,1.19.9,,4,123,,,
b413307f-d5c0-42a0-b40e-9f9b4516eaf3,1679,Si,1.19.9,0,1,124,0,,
b413307f-d5c0-42a0-b40e-9f9b4516eaf3,1680,mihi,1.19.9,0,1,124,1,,
b413307f-d5c0-42a0-b40e-9f9b4516eaf3,1681,et,1.19.9,0,1,124,2,,
b413307f-d5c0-42a0-b40e-9f9b4516eaf3,1682,turbae,1.19.9,0,1,124,3,,
b413307f-d5c0-42a0-b40e-9f9b4516eaf3,1683,meae,1.19.9,0,1,124,4,,
b413307f-d5c0-42a0-b40e-9f9b4516eaf3,1684,Par,1.19.10,0,1,124,5,,
b413307f-d5c0-42a0-b40e-9f9b4516eaf3,1685,inquit,1.19.10,0,1,124,6,,
b413307f-d5c0-42a0-b40e-9f9b4516eaf3,1686,esse,1.19.10,0,1,124,7,,
b413307f-d5c0-42a0-b40e-9f9b4516eaf3,1687,potueris,1.19.10,0,1,124,8,,
b413307f-d5c0-42a0-b40e-9f9b4516eaf3,1688,",",1.19.10,,4,124,,,
b413307f-d5c0-42a0-b40e-9f9b4516eaf3,1689,cedam,1.19.10,0,1,124,9,,
b413307f-d5c0-42a0-b40e-9f9b4516eaf3,1690,loco,1.19.10,0,1,124,10,,
b413307f-d5c0-42a0-b40e-9f9b4516eaf3,1691,.,1.19.10,,4,124,,,
b413307f-d5c0-42a0-b40e-9f9b4516eaf3,1692,Canes,1.20,2,1,125,0,,
b413307f-d5c0-42a0-b40e-9f9b4516eaf3,1693,famelici,1.20,0,1,125,1,,
b413307f-d5c0-42a0-b40e-9f9b4516eaf3,1694,.,1.20,,4,125,,,
b413307f-d5c0-42a0-b40e-9f9b4516eaf3,1695,Stultum,1.20.1,0,1,126,0,,
b413307f-d5c0-42a0-b40e-9f9b4516eaf3,1696,consilium,1.20.1,0,1,126,1,,
b413307f-d5c0-42a0-b40e-9f9b4516eaf3,1697,non,1.20.1,0,1,126,2,,
b413307f-d5c0-42a0-b40e-9f9b4516eaf3,1698,modo,1.20.1,0,1,126,3,,
b413307f-d5c0-42a0-b40e-9f9b4516eaf3,1699,effectu,1.20.1,0,1,126,4,,
b413307f-d5c0-42a0-b40e-9f9b4516eaf3,1700,caret,1.20.1,0,1,126,5,,
b413307f-d5c0-42a0-b40e-9f9b4516eaf3,1701,",",1.20.1,,4,126,,,
b413307f-d5c0-42a0-b40e-9f9b4516eaf3,1702,Sed,1.20.2,0,1,126,6,,
b413307f-d5c0-42a0-b40e-9f9b4516eaf3,1703,ad,1.20.2,0,1,126,7,,
b413307f-d5c0-42a0-b40e-9f9b4516eaf3,1704,perniciem,1.20.2,0,1,126,8,,
b413307f-d5c0-42a0-b40e-9f9b4516eaf3,1705,quoque,1.20.2,0,1,126,9,,
b413307f-d5c0-42a0-b40e-9f9b4516eaf3,1706,mortalis,1.20.2,0,1,126,10,,
b413307f-d5c0-42a0-b40e-9f9b4516eaf3,1707,devocat,1.20.2,0,1,126,11,,
b413307f-d5c0-42a0-b40e-9f9b4516eaf3,1708,.,1.20.2,,4,126,,,
b413307f-d5c0-42a0-b40e-9f9b4516eaf3,1709,Corium,1.20.3,0,1,127,0,,
b413307f-d5c0-42a0-b40e-9f9b4516eaf3,1710,depressum,1.20.3,0,1,127,1,,
b413307f-d5c0-42a0-b40e-9f9b4516eaf3,1711,in,1.20.3,0,1,127,2,,
b413307f-d5c0-42a0-b40e-9f9b4516eaf3,1712,fluvio,1.20.3,0,1,127,3,,
b413307f-d5c0-42a0-b40e-9f9b4516eaf3,1713,viderunt,1.20.3,0,1,127,4,,
b413307f-d5c0-42a0-b40e-9f9b4516eaf3,1714,canes,1.20.3,0,1,127,5,,
b413307f-d5c0-42a0-b40e-9f9b4516eaf3,1715,.,1.20.3,,4,127,,,
b413307f-d5c0-42a0-b40e-9f9b4516eaf3,1716,Id,1.20.4,0,1,128,0,,
b413307f-d5c0-42a0-b40e-9f9b4516eaf3,1717,ut,1.20.4,0,1,128,1,,
b413307f-d5c0-42a0-b40e-9f9b4516eaf3,1718,comesse,1.20.4,0,1,128,2,,
b413307f-d5c0-42a0-b40e-9f9b4516eaf3,1719,extractum,1.20.4,0,1,128,3,,
b413307f-d5c0-42a0-b40e-9f9b4516eaf3,1720,possent,1.20.4,0,1,128,4,,
b413307f-d5c0-42a0-b40e-9f9b4516eaf3,1721,facilius,1.20.4,0,1,128,5,,
b413307f-d5c0-42a0-b40e-9f9b4516eaf3,1722,",",1.20.4,,4,128,,,
b413307f-d5c0-42a0-b40e-9f9b4516eaf3,1723,Aquam,1.20.5,0,1,128,6,,
b413307f-d5c0-42a0-b40e-9f9b4516eaf3,1724,coepere,1.20.5,0,1,128,7,,
b413307f-d5c0-42a0-b40e-9f9b4516eaf3,1725,ebibere,1.20.5,0,1,128,8,,
b413307f-d5c0-42a0-b40e-9f9b4516eaf3,1726,:,1.20.5,,4,128,,,
b413307f-d5c0-42a0-b40e-9f9b4516eaf3,1727,sed,1.20.5,0,1,128,9,,
b413307f-d5c0-42a0-b40e-9f9b4516eaf3,1728,rupti,1.20.5,0,1,128,10,,
b413307f-d5c0-42a0-b40e-9f9b4516eaf3,1729,prius,1.20.5,0,1,128,11,,
b413307f-d5c0-42a0-b40e-9f9b4516eaf3,1730,Periere,1.20.6,0,1,128,12,,
b413307f-d5c0-42a0-b40e-9f9b4516eaf3,1731,quam,1.20.6,0,1,128,13,,
b413307f-d5c0-42a0-b40e-9f9b4516eaf3,1732,quod,1.20.6,0,1,128,14,,
b413307f-d5c0-42a0-b40e-9f9b4516eaf3,1733,petierant,1.20.6,0,1,128,15,,
b413307f-d5c0-42a0-b40e-9f9b4516eaf3,1734,contingerent,1.20.6,0,1,128,16,,
b413307f-d5c0-42a0-b40e-9f9b4516eaf3,1735,.,1.20.6,,4,128,,,
b413307f-d5c0-42a0-b40e-9f9b4516eaf3,1736,Leo,1.21,2,1,129,0,,
b413307f-d5c0-42a0-b40e-9f9b4516eaf3,1737,senex,1.21,0,1,129,1,,
b413307f-d5c0-42a0-b40e-9f9b4516eaf3,1738,",",1.21,,4,129,,,
b413307f-d5c0-42a0-b40e-9f9b4516eaf3,1739,aper,1.21,0,1,129,2,,
b413307f-d5c0-42a0-b40e-9f9b4516eaf3,1740,",",1.21,,4,129,,,
b413307f-d5c0-42a0-b40e-9f9b4516eaf3,1741,taurus,1.21,0,1,129,3,,
b413307f-d5c0-42a0-b40e-9f9b4516eaf3,1742,",",1.21,,4,129,,,
b413307f-d5c0-42a0-b40e-9f9b4516eaf3,1743,et,1.21,0,1,129,4,,
b413307f-d5c0-42a0-b40e-9f9b4516eaf3,1744,asinus,1.21,0,1,129,5,,
b413307f-d5c0-42a0-b40e-9f9b4516eaf3,1745,.,1.21,,4,129,,,
b413307f-d5c0-42a0-b40e-9f9b4516eaf3,1746,Quicumque,1.21.1,0,1,130,0,,
b413307f-d5c0-42a0-b40e-9f9b4516eaf3,1747,amisit,1.21.1,0,1,130,1,,
b413307f-d5c0-42a0-b40e-9f9b4516eaf3,1748,dignitatem,1.21.1,0,1,130,2,,
b413307f-d5c0-42a0-b40e-9f9b4516eaf3,1749,pristinam,1.21.1,0,1,130,3,,
b413307f-d5c0-42a0-b40e-9f9b4516eaf3,1750,",",1.21.1,,4,130,,,
b413307f-d5c0-42a0-b40e-9f9b4516eaf3,1751,Ignavis,1.21.2,0,1,130,4,,
b413307f-d5c0-42a0-b40e-9f9b4516eaf3,1752,etiam,1.21.2,0,1,130,5,,
b413307f-d5c0-42a0-b40e-9f9b4516eaf3,1753,iocus,1.21.2,0,1,130,6,,
b413307f-d5c0-42a0-b40e-9f9b4516eaf3,1754,est,1.21.2,0,1,130,7,,
b413307f-d5c0-42a0-b40e-9f9b4516eaf3,1755,in,1.21.2,0,1,130,8,,
b413307f-d5c0-42a0-b40e-9f9b4516eaf3,1756,casu,1.21.2,0,1,130,9,,
b413307f-d5c0-42a0-b40e-9f9b4516eaf3,1757,gravi,1.21.2,0,1,130,10,,
b413307f-d5c0-42a0-b40e-9f9b4516eaf3,1758,.,1.21.2,,4,130,,,
b413307f-d5c0-42a0-b40e-9f9b4516eaf3,1759,Defectus,1.21.3,0,1,131,0,,
b413307f-d5c0-42a0-b40e-9f9b4516eaf3,1760,annis,1.21.3,0,1,131,1,,
b413307f-d5c0-42a0-b40e-9f9b4516eaf3,1761,et,1.21.3,0,1,131,2,,
b413307f-d5c0-42a0-b40e-9f9b4516eaf3,1762,desertus,1.21.3,0,1,131,3,,
b413307f-d5c0-42a0-b40e-9f9b4516eaf3,1763,viribus,1.21.3,0,1,131,4,,
b413307f-d5c0-42a0-b40e-9f9b4516eaf3,1764,Leo,1.21.4,2,1,131,5,,
b413307f-d5c0-42a0-b40e-9f9b4516eaf3,1765,cum,1.21.4,0,1,131,6,,
b413307f-d5c0-42a0-b40e-9f9b4516eaf3,1766,iaceret,1.21.4,0,1,131,7,,
b413307f-d5c0-42a0-b40e-9f9b4516eaf3,1767,spiritum,1.21.4,0,1,131,8,,
b413307f-d5c0-42a0-b40e-9f9b4516eaf3,1768,extremum,1.21.4,0,1,131,9,,
b413307f-d5c0-42a0-b40e-9f9b4516eaf3,1769,trahens,1.21.4,0,1,131,10,,
b413307f-d5c0-42a0-b40e-9f9b4516eaf3,1770,",",1.21.4,,4,131,,,
b413307f-d5c0-42a0-b40e-9f9b4516eaf3,1771,Aper,1.21.5,2,1,131,11,,
b413307f-d5c0-42a0-b40e-9f9b4516eaf3,1772,fulmineis,1.21.5,0,1,131,12,,
b413307f-d5c0-42a0-b40e-9f9b4516eaf3,1773,venit,1.21.5,0,1,131,13,,
b413307f-d5c0-42a0-b40e-9f9b4516eaf3,1774,ad,1.21.5,0,1,131,14,,
b413307f-d5c0-42a0-b40e-9f9b4516eaf3,1775,eum,1.21.5,0,1,131,15,,
b413307f-d5c0-42a0-b40e-9f9b4516eaf3,1776,dentibus,1.21.5,0,1,131,16,,
b413307f-d5c0-42a0-b40e-9f9b4516eaf3,1777,Et,1.21.6,0,1,131,17,,
b413307f-d5c0-42a0-b40e-9f9b4516eaf3,1778,vindicavit,1.21.6,0,1,131,18,,
b413307f-d5c0-42a0-b40e-9f9b4516eaf3,1779,ictu,1.21.6,0,1,131,19,,
b413307f-d5c0-42a0-b40e-9f9b4516eaf3,1780,veterem,1.21.6,0,1,131,20,,
b413307f-d5c0-42a0-b40e-9f9b4516eaf3,1781,iniuriam,1.21.6,0,1,131,21,,
b413307f-d5c0-42a0-b40e-9f9b4516eaf3,1782,.,1.21.6,,4,131,,,
b413307f-d5c0-42a0-b40e-9f9b4516eaf3,1783,Infestis,1.21.7,0,1,132,0,,
b413307f-d5c0-42a0-b40e-9f9b4516eaf3,1784,taurus,1.21.7,0,1,132,1,,
b413307f-d5c0-42a0-b40e-9f9b4516eaf3,1785,mox,1.21.7,0,1,132,2,,
b413307f-d5c0-42a0-b40e-9f9b4516eaf3,1786,confodit,1.21.7,0,1,132,3,,
b413307f-d5c0-42a0-b40e-9f9b4516eaf3,1787,cornibus,1.21.7,0,1,132,4,,
b413307f-d5c0-42a0-b40e-9f9b4516eaf3,1788,Hostile,1.21.8,0,1,132,5,,
b413307f-d5c0-42a0-b40e-9f9b4516eaf3,1789,corpus,1.21.8,0,1,132,6,,
b413307f-d5c0-42a0-b40e-9f9b4516eaf3,1790,.,1.21.8,,4,132,,,
b413307f-d5c0-42a0-b40e-9f9b4516eaf3,1791,Asinus,1.21.8,0,1,133,0,,
b413307f-d5c0-42a0-b40e-9f9b4516eaf3,1792,",",1.21.8,,4,133,,,
b413307f-d5c0-42a0-b40e-9f9b4516eaf3,1793,ut,1.21.8,0,1,133,1,,
b413307f-d5c0-42a0-b40e-9f9b4516eaf3,1794,vidit,1.21.8,0,1,133,2,,
b413307f-d5c0-42a0-b40e-9f9b4516eaf3,1795,ferum,1.21.8,0,1,133,3,,
b413307f-d5c0-42a0-b40e-9f9b4516eaf3,1796,Impune,1.21.9,0,1,133,4,,
b413307f-d5c0-42a0-b40e-9f9b4516eaf3,1797,laedi,1.21.9,0,1,133,5,,
b413307f-d5c0-42a0-b40e-9f9b4516eaf3,1798,",",1.21.9,,4,133,,,
b413307f-d5c0-42a0-b40e-9f9b4516eaf3,1799,calcibus,1.21.9,0,1,133,6,,
b413307f-d5c0-42a0-b40e-9f9b4516eaf3,1800,frontem,1.21.9,0,1,133,7,,
b413307f-d5c0-42a0-b40e-9f9b4516eaf3,1801,extudit,1.21.9,0,1,133,8,,
b413307f-d5c0-42a0-b40e-9f9b4516eaf3,1802,.,1.21.9,,4,133,,,
b413307f-d5c0-42a0-b40e-9f9b4516eaf3,1803,At,1.21.10,0,1,134,0,,
b413307f-d5c0-42a0-b40e-9f9b4516eaf3,1804,ille,1.21.10,0,1,134,1,,
b413307f-d5c0-42a0-b40e-9f9b4516eaf3,1805,exspirans,1.21.10,0,1,134,2,,
b413307f-d5c0-42a0-b40e-9f9b4516eaf3,1806,:,1.21.10,,4,134,,,
b413307f-d5c0-42a0-b40e-9f9b4516eaf3,1807,Fortis,1.21.10,0,1,134,3,,
b413307f-d5c0-42a0-b40e-9f9b4516eaf3,1808,indigne,1.21.10,0,1,134,4,,
b413307f-d5c0-42a0-b40e-9f9b4516eaf3,1809,tuli,1.21.10,0,1,134,5,,
b413307f-d5c0-42a0-b40e-9f9b4516eaf3,1810,Mihi,1.21.11,0,1,134,6,,
b413307f-d5c0-42a0-b40e-9f9b4516eaf3,1811,insultare,1.21.11,0,1,134,7,,
b413307f-d5c0-42a0-b40e-9f9b4516eaf3,1812,:,1.21.11,,4,134,,,
b413307f-d5c0-42a0-b40e-9f9b4516eaf3,1813,te,1.21.11,0,1,134,8,,
b413307f-d5c0-42a0-b40e-9f9b4516eaf3,1814,",",1.21.11,,4,134,,,
b413307f-d5c0-42a0-b40e-9f9b4516eaf3,1815,naturae,1.21.11,0,1,134,9,,
b413307f-d5c0-42a0-b40e-9f9b4516eaf3,1816,dedecus,1.21.11,0,1,134,10,,
b413307f-d5c0-42a0-b40e-9f9b4516eaf3,1817,",",1.21.11,,4,134,,,
b413307f-d5c0-42a0-b40e-9f9b4516eaf3,1818,Quod,1.21.12,0,1,134,11,,
b413307f-d5c0-42a0-b40e-9f9b4516eaf3,1819,ferre,1.21.12,0,1,134,12,,
b413307f-d5c0-42a0-b40e-9f9b4516eaf3,1820,certe,1.21.12,0,1,134,13,,
b413307f-d5c0-42a0-b40e-9f9b4516eaf3,1821,cogor,1.21.12,0,1,134,14,,
b413307f-d5c0-42a0-b40e-9f9b4516eaf3,1822,bis,1.21.12,0,1,134,15,,
b413307f-d5c0-42a0-b40e-9f9b4516eaf3,1823,videor,1.21.12,0,1,134,16,,
b413307f-d5c0-42a0-b40e-9f9b4516eaf3,1824,mori,1.21.12,0,1,134,17,,
b413307f-d5c0-42a0-b40e-9f9b4516eaf3,1825,.,1.21.12,,4,134,,,
b413307f-d5c0-42a0-b40e-9f9b4516eaf3,1826,Mustela,1.22,0,1,135,0,,
b413307f-d5c0-42a0-b40e-9f9b4516eaf3,1827,et,1.22,0,1,135,1,,
b413307f-d5c0-42a0-b40e-9f9b4516eaf3,1828,homo,1.22,0,1,135,2,,
b413307f-d5c0-42a0-b40e-9f9b4516eaf3,1829,Mustela,1.22.1,0,1,135,3,,
b413307f-d5c0-42a0-b40e-9f9b4516eaf3,1830,ab,1.22.1,0,1,135,4,,
b413307f-d5c0-42a0-b40e-9f9b4516eaf3,1831,homine,1.22.1,0,1,135,5,,
b413307f-d5c0-42a0-b40e-9f9b4516eaf3,1832,prensa,1.22.1,0,1,135,6,,
b413307f-d5c0-42a0-b40e-9f9b4516eaf3,1833,cum,1.22.1,0,1,135,7,,
b413307f-d5c0-42a0-b40e-9f9b4516eaf3,1834,instantem,1.22.1,0,1,135,8,,
b413307f-d5c0-42a0-b40e-9f9b4516eaf3,1835,necem,1.22.1,0,1,135,9,,
b413307f-d5c0-42a0-b40e-9f9b4516eaf3,1836,Effugere,1.22.2,0,1,135,10,,
b413307f-d5c0-42a0-b40e-9f9b4516eaf3,1837,vellet,1.22.2,0,1,135,11,,
b413307f-d5c0-42a0-b40e-9f9b4516eaf3,1838,:,1.22.2,,4,135,,,
b413307f-d5c0-42a0-b40e-9f9b4516eaf3,1839,Parce,1.22.2,0,1,135,12,,
b413307f-d5c0-42a0-b40e-9f9b4516eaf3,1840,",",1.22.2,,4,135,,,
b413307f-d5c0-42a0-b40e-9f9b4516eaf3,1841,quaeso,1.22.2,0,1,135,13,,
b413307f-d5c0-42a0-b40e-9f9b4516eaf3,1842,inquit,1.22.2,0,1,135,14,,
b413307f-d5c0-42a0-b40e-9f9b4516eaf3,1843,mihi,1.22.2,0,1,135,15,,
b413307f-d5c0-42a0-b40e-9f9b4516eaf3,1844,",",1.22.2,,4,135,,,
b413307f-d5c0-42a0-b40e-9f9b4516eaf3,1845,Quae,1.22.3,0,1,135,16,,
b413307f-d5c0-42a0-b40e-9f9b4516eaf3,1846,tibi,1.22.3,0,1,135,17,,
b413307f-d5c0-42a0-b40e-9f9b4516eaf3,1847,molestis,1.22.3,0,1,135,18,,
b413307f-d5c0-42a0-b40e-9f9b4516eaf3,1848,muribus,1.22.3,0,1,135,19,,
b413307f-d5c0-42a0-b40e-9f9b4516eaf3,1849,purgo,1.22.3,0,1,135,20,,
b413307f-d5c0-42a0-b40e-9f9b4516eaf3,1850,domum,1.22.3,0,1,135,21,,
b413307f-d5c0-42a0-b40e-9f9b4516eaf3,1851,.,1.22.3,,4,135,,,
b413307f-d5c0-42a0-b40e-9f9b4516eaf3,1852,Respondit,1.22.4,0,1,136,0,,
b413307f-d5c0-42a0-b40e-9f9b4516eaf3,1853,ille,1.22.4,0,1,136,1,,
b413307f-d5c0-42a0-b40e-9f9b4516eaf3,1854,:,1.22.4,,4,136,,,
b413307f-d5c0-42a0-b40e-9f9b4516eaf3,1855,Faceres,1.22.4,0,1,136,2,,
b413307f-d5c0-42a0-b40e-9f9b4516eaf3,1856,si,1.22.4,0,1,136,3,,
b413307f-d5c0-42a0-b40e-9f9b4516eaf3,1857,causa,1.22.4,0,1,136,4,,
b413307f-d5c0-42a0-b40e-9f9b4516eaf3,1858,mea,1.22.4,0,1,136,5,,
b413307f-d5c0-42a0-b40e-9f9b4516eaf3,1859,",",1.22.4,,4,136,,,
b413307f-d5c0-42a0-b40e-9f9b4516eaf3,1860,Gratum,1.22.5,0,1,136,6,,
b413307f-d5c0-42a0-b40e-9f9b4516eaf3,1861,esset,1.22.5,0,1,136,7,,
b413307f-d5c0-42a0-b40e-9f9b4516eaf3,1862,et,1.22.5,0,1,136,8,,
b413307f-d5c0-42a0-b40e-9f9b4516eaf3,1863,dedissem,1.22.5,0,1,136,9,,
b413307f-d5c0-42a0-b40e-9f9b4516eaf3,1864,veniam,1.22.5,0,1,136,10,,
b413307f-d5c0-42a0-b40e-9f9b4516eaf3,1865,supplici,1.22.5,0,1,136,11,,
b413307f-d5c0-42a0-b40e-9f9b4516eaf3,1866,.,1.22.5,,4,136,,,
b413307f-d5c0-42a0-b40e-9f9b4516eaf3,1867,Nunc,1.22.6,0,1,137,0,,
b413307f-d5c0-42a0-b40e-9f9b4516eaf3,1868,quia,1.22.6,0,1,137,1,,
b413307f-d5c0-42a0-b40e-9f9b4516eaf3,1869,laboras,1.22.6,0,1,137,2,,
b413307f-d5c0-42a0-b40e-9f9b4516eaf3,1870,ut,1.22.6,0,1,137,3,,
b413307f-d5c0-42a0-b40e-9f9b4516eaf3,1871,fruaris,1.22.6,0,1,137,4,,
b413307f-d5c0-42a0-b40e-9f9b4516eaf3,1872,reliquiis,1.22.6,0,1,137,5,,
b413307f-d5c0-42a0-b40e-9f9b4516eaf3,1873,",",1.22.6,,4,137,,,
b413307f-d5c0-42a0-b40e-9f9b4516eaf3,1874,Quas,1.22.7,0,1,137,6,,
b413307f-d5c0-42a0-b40e-9f9b4516eaf3,1875,sunt,1.22.7,0,1,137,7,,
b413307f-d5c0-42a0-b40e-9f9b4516eaf3,1876,rosuri,1.22.7,0,1,137,8,,
b413307f-d5c0-42a0-b40e-9f9b4516eaf3,1877,",",1.22.7,,4,137,,,
b413307f-d5c0-42a0-b40e-9f9b4516eaf3,1878,simul,1.22.7,0,1,137,9,,
b413307f-d5c0-42a0-b40e-9f9b4516eaf3,1879,et,1.22.7,0,1,137,10,,
b413307f-d5c0-42a0-b40e-9f9b4516eaf3,1880,ipsos,1.22.7,0,1,137,11,,
b413307f-d5c0-42a0-b40e-9f9b4516eaf3,1881,devores,1.22.7,0,1,137,12,,
b413307f-d5c0-42a0-b40e-9f9b4516eaf3,1882,",",1.22.7,,4,137,,,
b413307f-d5c0-42a0-b40e-9f9b4516eaf3,1883,Noli,1.22.8,0,1,137,13,,
b413307f-d5c0-42a0-b40e-9f9b4516eaf3,1884,imputare,1.22.8,0,1,137,14,,
b413307f-d5c0-42a0-b40e-9f9b4516eaf3,1885,vanum,1.22.8,0,1,137,15,,
b413307f-d5c0-42a0-b40e-9f9b4516eaf3,1886,beneficium,1.22.8,0,1,137,16,,
b413307f-d5c0-42a0-b40e-9f9b4516eaf3,1887,mihi,1.22.8,0,1,137,17,,
b413307f-d5c0-42a0-b40e-9f9b4516eaf3,1888,.,1.22.8,,4,137,,,
b413307f-d5c0-42a0-b40e-9f9b4516eaf3,1889,Atque,1.22.9,0,1,138,0,,
b413307f-d5c0-42a0-b40e-9f9b4516eaf3,1890,ita,1.22.9,0,1,138,1,,
b413307f-d5c0-42a0-b40e-9f9b4516eaf3,1891,locutus,1.22.9,0,1,138,2,,
b413307f-d5c0-42a0-b40e-9f9b4516eaf3,1892,improbam,1.22.9,0,1,138,3,,
b413307f-d5c0-42a0-b40e-9f9b4516eaf3,1893,leto,1.22.9,0,1,138,4,,
b413307f-d5c0-42a0-b40e-9f9b4516eaf3,1894,dedit,1.22.9,0,1,138,5,,
b413307f-d5c0-42a0-b40e-9f9b4516eaf3,1895,.,1.22.9,,4,138,,,
b413307f-d5c0-42a0-b40e-9f9b4516eaf3,1896,Hoc,1.22.10,0,1,139,0,,
b413307f-d5c0-42a0-b40e-9f9b4516eaf3,1897,in,1.22.10,0,1,139,1,,
b413307f-d5c0-42a0-b40e-9f9b4516eaf3,1898,se,1.22.10,0,1,139,2,,
b413307f-d5c0-42a0-b40e-9f9b4516eaf3,1899,dictum,1.22.10,0,1,139,3,,
b413307f-d5c0-42a0-b40e-9f9b4516eaf3,1900,debent,1.22.10,0,1,139,4,,
b413307f-d5c0-42a0-b40e-9f9b4516eaf3,1901,illi,1.22.10,0,1,139,5,,
b413307f-d5c0-42a0-b40e-9f9b4516eaf3,1902,agnoscere,1.22.10,0,1,139,6,,
b413307f-d5c0-42a0-b40e-9f9b4516eaf3,1903,",",1.22.10,,4,139,,,
b413307f-d5c0-42a0-b40e-9f9b4516eaf3,1904,Quorum,1.22.11,0,1,139,7,,
b413307f-d5c0-42a0-b40e-9f9b4516eaf3,1905,privata,1.22.11,0,1,139,8,,
b413307f-d5c0-42a0-b40e-9f9b4516eaf3,1906,servit,1.22.11,0,1,139,9,,
b413307f-d5c0-42a0-b40e-9f9b4516eaf3,1907,utilitas,1.22.11,0,1,139,10,,
b413307f-d5c0-42a0-b40e-9f9b4516eaf3,1908,sibi,1.22.11,0,1,139,11,,
b413307f-d5c0-42a0-b40e-9f9b4516eaf3,1909,",",1.22.11,,4,139,,,
b413307f-d5c0-42a0-b40e-9f9b4516eaf3,1910,Et,1.22.12,0,1,139,12,,
b413307f-d5c0-42a0-b40e-9f9b4516eaf3,1911,meritum,1.22.12,0,1,139,13,,
b413307f-d5c0-42a0-b40e-9f9b4516eaf3,1912,inane,1.22.12,0,1,139,14,,
b413307f-d5c0-42a0-b40e-9f9b4516eaf3,1913,iactant,1.22.12,0,1,139,15,,
b413307f-d5c0-42a0-b40e-9f9b4516eaf3,1914,imprudentibus,1.22.12,0,1,139,16,,
b413307f-d5c0-42a0-b40e-9f9b4516eaf3,1915,.,1.22.12,,4,139,,,
b413307f-d5c0-42a0-b40e-9f9b4516eaf3,1916,Canis,1.23,2,1,140,0,,
b413307f-d5c0-42a0-b40e-9f9b4516eaf3,1917,fidelis,1.23,0,1,140,1,,
b413307f-d5c0-42a0-b40e-9f9b4516eaf3,1918,.,1.23,,4,140,,,
b413307f-d5c0-42a0-b40e-9f9b4516eaf3,1919,Repente,1.23.1,0,1,141,0,,
b413307f-d5c0-42a0-b40e-9f9b4516eaf3,1920,liberalis,1.23.1,0,1,141,1,,
b413307f-d5c0-42a0-b40e-9f9b4516eaf3,1921,stultis,1.23.1,0,1,141,2,,
b413307f-d5c0-42a0-b40e-9f9b4516eaf3,1922,gratus,1.23.1,0,1,141,3,,
b413307f-d5c0-42a0-b40e-9f9b4516eaf3,1923,est,1.23.1,0,1,141,4,,
b413307f-d5c0-42a0-b40e-9f9b4516eaf3,1924,",",1.23.1,,4,141,,,
b413307f-d5c0-42a0-b40e-9f9b4516eaf3,1925,Verum,1.23.2,0,1,141,5,,
b413307f-d5c0-42a0-b40e-9f9b4516eaf3,1926,peritis,1.23.2,0,1,141,6,,
b413307f-d5c0-42a0-b40e-9f9b4516eaf3,1927,irritos,1.23.2,0,1,141,7,,
b413307f-d5c0-42a0-b40e-9f9b4516eaf3,1928,tendit,1.23.2,0,1,141,8,,
b413307f-d5c0-42a0-b40e-9f9b4516eaf3,1929,dolos,1.23.2,0,1,141,9,,
b413307f-d5c0-42a0-b40e-9f9b4516eaf3,1930,.,1.23.2,,4,141,,,
b413307f-d5c0-42a0-b40e-9f9b4516eaf3,1931,Nocturnus,1.23.3,2,1,142,0,,
b413307f-d5c0-42a0-b40e-9f9b4516eaf3,1932,cum,1.23.3,0,1,142,1,,
b413307f-d5c0-42a0-b40e-9f9b4516eaf3,1933,fur,1.23.3,0,1,142,2,,
b413307f-d5c0-42a0-b40e-9f9b4516eaf3,1934,panem,1.23.3,0,1,142,3,,
b413307f-d5c0-42a0-b40e-9f9b4516eaf3,1935,misisset,1.23.3,0,1,142,4,,
b413307f-d5c0-42a0-b40e-9f9b4516eaf3,1936,cani,1.23.3,0,1,142,5,,
b413307f-d5c0-42a0-b40e-9f9b4516eaf3,1937,",",1.23.3,,4,142,,,
b413307f-d5c0-42a0-b40e-9f9b4516eaf3,1938,Obiecto,1.23.4,0,1,142,6,,
b413307f-d5c0-42a0-b40e-9f9b4516eaf3,1939,temptans,1.23.4,0,1,142,7,,
b413307f-d5c0-42a0-b40e-9f9b4516eaf3,1940,an,1.23.4,0,1,142,8,,
b413307f-d5c0-42a0-b40e-9f9b4516eaf3,1941,cibo,1.23.4,0,1,142,9,,
b413307f-d5c0-42a0-b40e-9f9b4516eaf3,1942,posset,1.23.4,0,1,142,10,,
b413307f-d5c0-42a0-b40e-9f9b4516eaf3,1943,capi,1.23.4,0,1,142,11,,
b413307f-d5c0-42a0-b40e-9f9b4516eaf3,1944,:,1.23.4,,4,142,,,
b413307f-d5c0-42a0-b40e-9f9b4516eaf3,1945,Heus,1.23.5,0,1,142,12,,
b413307f-d5c0-42a0-b40e-9f9b4516eaf3,1946,inquit,1.23.5,0,1,142,13,,
b413307f-d5c0-42a0-b40e-9f9b4516eaf3,1947,linguam,1.23.5,0,1,142,14,,
b413307f-d5c0-42a0-b40e-9f9b4516eaf3,1948,vis,1.23.5,0,1,142,15,,
b413307f-d5c0-42a0-b40e-9f9b4516eaf3,1949,meam,1.23.5,0,1,142,16,,
b413307f-d5c0-42a0-b40e-9f9b4516eaf3,1950,praecludere,1.23.5,0,1,142,17,,
b413307f-d5c0-42a0-b40e-9f9b4516eaf3,1951,",",1.23.5,,4,142,,,
b413307f-d5c0-42a0-b40e-9f9b4516eaf3,1952,Ne,1.23.6,0,1,142,18,,
b413307f-d5c0-42a0-b40e-9f9b4516eaf3,1953,latrem,1.23.6,0,1,142,19,,
b413307f-d5c0-42a0-b40e-9f9b4516eaf3,1954,pro,1.23.6,0,1,142,20,,
b413307f-d5c0-42a0-b40e-9f9b4516eaf3,1955,re,1.23.6,0,1,142,21,,
b413307f-d5c0-42a0-b40e-9f9b4516eaf3,1956,domini,1.23.6,0,1,142,22,,
b413307f-d5c0-42a0-b40e-9f9b4516eaf3,1957,?,1.23.6,,4,142,,,
b413307f-d5c0-42a0-b40e-9f9b4516eaf3,1958,Multum,1.23.6,0,1,143,0,,
b413307f-d5c0-42a0-b40e-9f9b4516eaf3,1959,falleris,1.23.6,0,1,143,1,,
b413307f-d5c0-42a0-b40e-9f9b4516eaf3,1960,.,1.23.6,,4,143,,,
b413307f-d5c0-42a0-b40e-9f9b4516eaf3,1961,Namque,1.23.7,0,1,144,0,,
b413307f-d5c0-42a0-b40e-9f9b4516eaf3,1962,ista,1.23.7,0,1,144,1,,
b413307f-d5c0-42a0-b40e-9f9b4516eaf3,1963,subita,1.23.7,0,1,144,2,,
b413307f-d5c0-42a0-b40e-9f9b4516eaf3,1964,me,1.23.7,0,1,144,3,,
b413307f-d5c0-42a0-b40e-9f9b4516eaf3,1965,iubet,1.23.7,0,1,144,4,,
b413307f-d5c0-42a0-b40e-9f9b4516eaf3,1966,benignitas,1.23.7,0,1,144,5,,
b413307f-d5c0-42a0-b40e-9f9b4516eaf3,1967,Vigilare,1.23.8,0,1,144,6,,
b413307f-d5c0-42a0-b40e-9f9b4516eaf3,1968,",",1.23.8,,4,144,,,
b413307f-d5c0-42a0-b40e-9f9b4516eaf3,1969,facias,1.23.8,0,1,144,7,,
b413307f-d5c0-42a0-b40e-9f9b4516eaf3,1970,ne,1.23.8,0,1,144,8,,
b413307f-d5c0-42a0-b40e-9f9b4516eaf3,1971,mea,1.23.8,0,1,144,9,,
b413307f-d5c0-42a0-b40e-9f9b4516eaf3,1972,culpa,1.23.8,0,1,144,10,,
b413307f-d5c0-42a0-b40e-9f9b4516eaf3,1973,lucrum,1.23.8,0,1,144,11,,
b413307f-d5c0-42a0-b40e-9f9b4516eaf3,1974,.,1.23.8,,4,144,,,
b413307f-d5c0-42a0-b40e-9f9b4516eaf3,1975,Rana,1.24,0,1,145,0,,
b413307f-d5c0-42a0-b40e-9f9b4516eaf3,1976,rupta,1.24,0,1,145,1,,
b413307f-d5c0-42a0-b40e-9f9b4516eaf3,1977,et,1.24,0,1,145,2,,
b413307f-d5c0-42a0-b40e-9f9b4516eaf3,1978,bos,1.24,0,1,145,3,,
b413307f-d5c0-42a0-b40e-9f9b4516eaf3,1979,.,1.24,,4,145,,,
b413307f-d5c0-42a0-b40e-9f9b4516eaf3,1980,Inops,1.24.1,0,1,146,0,,
b413307f-d5c0-42a0-b40e-9f9b4516eaf3,1981,",",1.24.1,,4,146,,,
b413307f-d5c0-42a0-b40e-9f9b4516eaf3,1982,potentem,1.24.1,0,1,146,1,,
b413307f-d5c0-42a0-b40e-9f9b4516eaf3,1983,dum,1.24.1,0,1,146,2,,
b413307f-d5c0-42a0-b40e-9f9b4516eaf3,1984,vult,1.24.1,0,1,146,3,,
b413307f-d5c0-42a0-b40e-9f9b4516eaf3,1985,imitari,1.24.1,0,1,146,4,,
b413307f-d5c0-42a0-b40e-9f9b4516eaf3,1986,",",1.24.1,,4,146,,,
b413307f-d5c0-42a0-b40e-9f9b4516eaf3,1987,perit,1.24.1,0,1,146,5,,
b413307f-d5c0-42a0-b40e-9f9b4516eaf3,1988,.,1.24.1,,4,146,,,
b413307f-d5c0-42a0-b40e-9f9b4516eaf3,1989,In,1.24.2,0,1,147,0,,
b413307f-d5c0-42a0-b40e-9f9b4516eaf3,1990,prato,1.24.2,0,1,147,1,,
b413307f-d5c0-42a0-b40e-9f9b4516eaf3,1991,quondam,1.24.2,0,1,147,2,,
b413307f-d5c0-42a0-b40e-9f9b4516eaf3,1992,rana,1.24.2,0,1,147,3,,
b413307f-d5c0-42a0-b40e-9f9b4516eaf3,1993,conspexit,1.24.2,0,1,147,4,,
b413307f-d5c0-42a0-b40e-9f9b4516eaf3,1994,bovem,1.24.2,0,1,147,5,,
b413307f-d5c0-42a0-b40e-9f9b4516eaf3,1995,Et,1.24.3,0,1,147,6,,
b413307f-d5c0-42a0-b40e-9f9b4516eaf3,1996,tacta,1.24.3,0,1,147,7,,
b413307f-d5c0-42a0-b40e-9f9b4516eaf3,1997,invidia,1.24.3,0,1,147,8,,
b413307f-d5c0-42a0-b40e-9f9b4516eaf3,1998,tantae,1.24.3,0,1,147,9,,
b413307f-d5c0-42a0-b40e-9f9b4516eaf3,1999,magnitudinis,1.24.3,0,1,147,10,,
b413307f-d5c0-42a0-b40e-9f9b4516eaf3,2000,Rugosam,1.24.4,0,1,147,11,,
b413307f-d5c0-42a0-b40e-9f9b4516eaf3,2001,inflavit,1.24.4,0,1,147,12,,
b413307f-d5c0-42a0-b40e-9f9b4516eaf3,2002,pellem,1.24.4,0,1,147,13,,
b413307f-d5c0-42a0-b40e-9f9b4516eaf3,2003,:,1.24.4,,4,147,,,
b413307f-d5c0-42a0-b40e-9f9b4516eaf3,2004,tum,1.24.4,0,1,147,14,,
b413307f-d5c0-42a0-b40e-9f9b4516eaf3,2005,natos,1.24.4,0,1,147,15,,
b413307f-d5c0-42a0-b40e-9f9b4516eaf3,2006,suos,1.24.4,0,1,147,16,,
b413307f-d5c0-42a0-b40e-9f9b4516eaf3,2007,Interrogavit,1.24.5,0,1,147,17,,
b413307f-d5c0-42a0-b40e-9f9b4516eaf3,2008,",",1.24.5,,4,147,,,
b413307f-d5c0-42a0-b40e-9f9b4516eaf3,2009,an,1.24.5,0,1,147,18,,
b413307f-d5c0-42a0-b40e-9f9b4516eaf3,2010,bove,1.24.5,0,1,147,19,,
b413307f-d5c0-42a0-b40e-9f9b4516eaf3,2011,esset,1.24.5,0,1,147,20,,
b413307f-d5c0-42a0-b40e-9f9b4516eaf3,2012,latior,1.24.5,0,1,147,21,,
b413307f-d5c0-42a0-b40e-9f9b4516eaf3,2013,.,1.24.5,,4,147,,,
b413307f-d5c0-42a0-b40e-9f9b4516eaf3,2014,Illi,1.24.6,0,1,148,0,,
b413307f-d5c0-42a0-b40e-9f9b4516eaf3,2015,negarunt,1.24.6,0,1,148,1,,
b413307f-d5c0-42a0-b40e-9f9b4516eaf3,2016,.,1.24.6,,4,148,,,
b413307f-d5c0-42a0-b40e-9f9b4516eaf3,2017,Rursus,1.24.6,0,1,149,0,,
b413307f-d5c0-42a0-b40e-9f9b4516eaf3,2018,intendit,1.24.6,0,1,149,1,,
b413307f-d5c0-42a0-b40e-9f9b4516eaf3,2019,cutem,1.24.6,0,1,149,2,,
b413307f-d5c0-42a0-b40e-9f9b4516eaf3,2020,Maiore,1.24.7,0,1,149,3,,
b413307f-d5c0-42a0-b40e-9f9b4516eaf3,2021,nisu,1.24.7,0,1,149,4,,
b413307f-d5c0-42a0-b40e-9f9b4516eaf3,2022,et,1.24.7,0,1,149,5,,
b413307f-d5c0-42a0-b40e-9f9b4516eaf3,2023,simili,1.24.7,0,1,149,6,,
b413307f-d5c0-42a0-b40e-9f9b4516eaf3,2024,quaesivit,1.24.7,0,1,149,7,,
b413307f-d5c0-42a0-b40e-9f9b4516eaf3,2025,modo,1.24.7,0,1,149,8,,
b413307f-d5c0-42a0-b40e-9f9b4516eaf3,2026,",",1.24.7,,4,149,,,
b413307f-d5c0-42a0-b40e-9f9b4516eaf3,2027,Quis,1.24.8,0,1,149,9,,
b413307f-d5c0-42a0-b40e-9f9b4516eaf3,2028,maior,1.24.8,0,1,149,10,,
b413307f-d5c0-42a0-b40e-9f9b4516eaf3,2029,esset,1.24.8,0,1,149,11,,
b413307f-d5c0-42a0-b40e-9f9b4516eaf3,2030,.,1.24.8,,4,149,,,
b413307f-d5c0-42a0-b40e-9f9b4516eaf3,2031,Illi,1.24.8,0,1,150,0,,
b413307f-d5c0-42a0-b40e-9f9b4516eaf3,2032,dixerunt,1.24.8,0,1,150,1,,
b413307f-d5c0-42a0-b40e-9f9b4516eaf3,2033,bovem,1.24.8,0,1,150,2,,
b413307f-d5c0-42a0-b40e-9f9b4516eaf3,2034,.,1.24.8,,4,150,,,
b413307f-d5c0-42a0-b40e-9f9b4516eaf3,2035,Novissime,1.24.9,0,1,151,0,,
b413307f-d5c0-42a0-b40e-9f9b4516eaf3,2036,indignata,1.24.9,0,1,151,1,,
b413307f-d5c0-42a0-b40e-9f9b4516eaf3,2037,dum,1.24.9,0,1,151,2,,
b413307f-d5c0-42a0-b40e-9f9b4516eaf3,2038,vult,1.24.9,0,1,151,3,,
b413307f-d5c0-42a0-b40e-9f9b4516eaf3,2039,validius,1.24.9,0,1,151,4,,
b413307f-d5c0-42a0-b40e-9f9b4516eaf3,2040,Inflare,1.24.10,0,1,151,5,,
b413307f-d5c0-42a0-b40e-9f9b4516eaf3,2041,sese,1.24.10,0,1,151,6,,
b413307f-d5c0-42a0-b40e-9f9b4516eaf3,2042,",",1.24.10,,4,151,,,
b413307f-d5c0-42a0-b40e-9f9b4516eaf3,2043,rupto,1.24.10,0,1,151,7,,
b413307f-d5c0-42a0-b40e-9f9b4516eaf3,2044,iacuit,1.24.10,0,1,151,8,,
b413307f-d5c0-42a0-b40e-9f9b4516eaf3,2045,corpore,1.24.10,0,1,151,9,,
b413307f-d5c0-42a0-b40e-9f9b4516eaf3,2046,.,1.24.10,,4,151,,,
b413307f-d5c0-42a0-b40e-9f9b4516eaf3,2047,Canes,1.25,2,1,152,0,,
b413307f-d5c0-42a0-b40e-9f9b4516eaf3,2048,et,1.25,0,1,152,1,,
b413307f-d5c0-42a0-b40e-9f9b4516eaf3,2049,corcodili,1.25,0,1,152,2,,
b413307f-d5c0-42a0-b40e-9f9b4516eaf3,2050,.,1.25,,4,152,,,
b413307f-d5c0-42a0-b40e-9f9b4516eaf3,2051,Consilia,1.25.1,0,1,153,0,,
b413307f-d5c0-42a0-b40e-9f9b4516eaf3,2052,qui,1.25.1,0,1,153,1,,
b413307f-d5c0-42a0-b40e-9f9b4516eaf3,2053,dant,1.25.1,0,1,153,2,,
b413307f-d5c0-42a0-b40e-9f9b4516eaf3,2054,prava,1.25.1,0,1,153,3,,
b413307f-d5c0-42a0-b40e-9f9b4516eaf3,2055,cautis,1.25.1,0,1,153,4,,
b413307f-d5c0-42a0-b40e-9f9b4516eaf3,2056,hominibus,1.25.1,0,1,153,5,,
b413307f-d5c0-42a0-b40e-9f9b4516eaf3,2057,",",1.25.1,,4,153,,,
b413307f-d5c0-42a0-b40e-9f9b4516eaf3,2058,Et,1.25.2,0,1,153,6,,
b413307f-d5c0-42a0-b40e-9f9b4516eaf3,2059,perdunt,1.25.2,0,1,153,7,,
b413307f-d5c0-42a0-b40e-9f9b4516eaf3,2060,operam,1.25.2,0,1,153,8,,
b413307f-d5c0-42a0-b40e-9f9b4516eaf3,2061,et,1.25.2,0,1,153,9,,
b413307f-d5c0-42a0-b40e-9f9b4516eaf3,2062,deridentur,1.25.2,0,1,153,10,,
b413307f-d5c0-42a0-b40e-9f9b4516eaf3,2063,turpiter,1.25.2,0,1,153,11,,
b413307f-d5c0-42a0-b40e-9f9b4516eaf3,2064,.,1.25.2,,4,153,,,
b413307f-d5c0-42a0-b40e-9f9b4516eaf3,2065,Canes,1.25.3,2,1,154,0,,
b413307f-d5c0-42a0-b40e-9f9b4516eaf3,2066,currentes,1.25.3,0,1,154,1,,
b413307f-d5c0-42a0-b40e-9f9b4516eaf3,2067,bibere,1.25.3,0,1,154,2,,
b413307f-d5c0-42a0-b40e-9f9b4516eaf3,2068,in,1.25.3,0,1,154,3,,
b413307f-d5c0-42a0-b40e-9f9b4516eaf3,2069,Nilo,1.25.3,1,1,154,4,,
b413307f-d5c0-42a0-b40e-9f9b4516eaf3,2070,flumine,1.25.3,0,1,154,5,,
b413307f-d5c0-42a0-b40e-9f9b4516eaf3,2071,",",1.25.3,,4,154,,,
b413307f-d5c0-42a0-b40e-9f9b4516eaf3,2072,A,1.25.4,0,1,154,6,,
b413307f-d5c0-42a0-b40e-9f9b4516eaf3,2073,corcodilis,1.25.4,0,1,154,7,,
b413307f-d5c0-42a0-b40e-9f9b4516eaf3,2074,ne,1.25.4,0,1,154,8,,
b413307f-d5c0-42a0-b40e-9f9b4516eaf3,2075,rapiantur,1.25.4,0,1,154,9,,
b413307f-d5c0-42a0-b40e-9f9b4516eaf3,2076,",",1.25.4,,4,154,,,
b413307f-d5c0-42a0-b40e-9f9b4516eaf3,2077,traditum,1.25.4,0,1,154,10,,
b413307f-d5c0-42a0-b40e-9f9b4516eaf3,2078,est,1.25.4,0,1,154,11,,
b413307f-d5c0-42a0-b40e-9f9b4516eaf3,2079,.,1.25.4,,4,154,,,
b413307f-d5c0-42a0-b40e-9f9b4516eaf3,2080,Igitur,1.25.5,0,1,155,0,,
b413307f-d5c0-42a0-b40e-9f9b4516eaf3,2081,cum,1.25.5,0,1,155,1,,
b413307f-d5c0-42a0-b40e-9f9b4516eaf3,2082,currens,1.25.5,0,1,155,2,,
b413307f-d5c0-42a0-b40e-9f9b4516eaf3,2083,bibere,1.25.5,0,1,155,3,,
b413307f-d5c0-42a0-b40e-9f9b4516eaf3,2084,coepisset,1.25.5,0,1,155,4,,
b413307f-d5c0-42a0-b40e-9f9b4516eaf3,2085,canis,1.25.5,0,1,155,5,,
b413307f-d5c0-42a0-b40e-9f9b4516eaf3,2086,",",1.25.5,,4,155,,,
b413307f-d5c0-42a0-b40e-9f9b4516eaf3,2087,Sic,1.25.6,0,1,155,6,,
b413307f-d5c0-42a0-b40e-9f9b4516eaf3,2088,corcodilus,1.25.6,0,1,155,7,,
b413307f-d5c0-42a0-b40e-9f9b4516eaf3,2089,:,1.25.6,,4,155,,,
b413307f-d5c0-42a0-b40e-9f9b4516eaf3,2090,Quamlibet,1.25.6,0,1,155,8,,
b413307f-d5c0-42a0-b40e-9f9b4516eaf3,2091,lambe,1.25.6,0,1,155,9,,
b413307f-d5c0-42a0-b40e-9f9b4516eaf3,2092,otio,1.25.6,0,1,155,10,,
b413307f-d5c0-42a0-b40e-9f9b4516eaf3,2093,;,1.25.6,,4,155,,,
b413307f-d5c0-42a0-b40e-9f9b4516eaf3,2094,Noli,1.25.7,0,1,155,11,,
b413307f-d5c0-42a0-b40e-9f9b4516eaf3,2095,vereri,1.25.7,0,1,155,12,,
b413307f-d5c0-42a0-b40e-9f9b4516eaf3,2096,.,1.25.7,,4,155,,,
b413307f-d5c0-42a0-b40e-9f9b4516eaf3,2097,At,1.25.7,0,1,156,0,,
b413307f-d5c0-42a0-b40e-9f9b4516eaf3,2098,ille,1.25.7,0,1,156,1,,
b413307f-d5c0-42a0-b40e-9f9b4516eaf3,2099,:,1.25.7,,4,156,,,
b413307f-d5c0-42a0-b40e-9f9b4516eaf3,2100,Facerem,1.25.7,0,1,156,2,,
b413307f-d5c0-42a0-b40e-9f9b4516eaf3,2101,mehercule,1.25.7,0,1,156,3,,
b413307f-d5c0-42a0-b40e-9f9b4516eaf3,2102,",",1.25.7,,4,156,,,
b413307f-d5c0-42a0-b40e-9f9b4516eaf3,2103,Nisi,1.25.8,2,1,156,4,,
b413307f-d5c0-42a0-b40e-9f9b4516eaf3,2104,esse,1.25.8,0,1,156,5,,
b413307f-d5c0-42a0-b40e-9f9b4516eaf3,2105,scirem,1.25.8,0,1,156,6,,
b413307f-d5c0-42a0-b40e-9f9b4516eaf3,2106,carnis,1.25.8,0,1,156,7,,
b413307f-d5c0-42a0-b40e-9f9b4516eaf3,2107,te,1.25.8,0,1,156,8,,
b413307f-d5c0-42a0-b40e-9f9b4516eaf3,2108,cupidum,1.25.8,0,1,156,9,,
b413307f-d5c0-42a0-b40e-9f9b4516eaf3,2109,meae,1.25.8,0,1,156,10,,
b413307f-d5c0-42a0-b40e-9f9b4516eaf3,2110,.,1.25.8,,4,156,,,
b413307f-d5c0-42a0-b40e-9f9b4516eaf3,2111,Vulpes,1.26,0,1,157,0,,
b413307f-d5c0-42a0-b40e-9f9b4516eaf3,2112,et,1.26,0,1,157,1,,
b413307f-d5c0-42a0-b40e-9f9b4516eaf3,2113,ciconia,1.26,0,1,157,2,,
b413307f-d5c0-42a0-b40e-9f9b4516eaf3,2114,.,1.26,,4,157,,,
b413307f-d5c0-42a0-b40e-9f9b4516eaf3,2115,Nulli,1.26.1,0,1,158,0,,
b413307f-d5c0-42a0-b40e-9f9b4516eaf3,2116,nocendum,1.26.1,0,1,158,1,,
b413307f-d5c0-42a0-b40e-9f9b4516eaf3,2117,:,1.26.1,,4,158,,,
b413307f-d5c0-42a0-b40e-9f9b4516eaf3,2118,si,1.26.1,0,1,158,2,,
b413307f-d5c0-42a0-b40e-9f9b4516eaf3,2119,quis,1.26.1,0,1,158,3,,
b413307f-d5c0-42a0-b40e-9f9b4516eaf3,2120,vero,1.26.1,0,1,158,4,,
b413307f-d5c0-42a0-b40e-9f9b4516eaf3,2121,laeserit,1.26.1,0,1,158,5,,
b413307f-d5c0-42a0-b40e-9f9b4516eaf3,2122,",",1.26.1,,4,158,,,
b413307f-d5c0-42a0-b40e-9f9b4516eaf3,2123,Multandum,1.26.2,0,1,158,6,,
b413307f-d5c0-42a0-b40e-9f9b4516eaf3,2124,simili,1.26.2,0,1,158,7,,
b413307f-d5c0-42a0-b40e-9f9b4516eaf3,2125,iure,1.26.2,0,1,158,8,,
b413307f-d5c0-42a0-b40e-9f9b4516eaf3,2126,fabella,1.26.2,0,1,158,9,,
b413307f-d5c0-42a0-b40e-9f9b4516eaf3,2127,admonet,1.26.2,0,1,158,10,,
b413307f-d5c0-42a0-b40e-9f9b4516eaf3,2128,.,1.26.2,,4,158,,,
b413307f-d5c0-42a0-b40e-9f9b4516eaf3,2129,Vulpes,1.26.3,0,1,159,0,,
b413307f-d5c0-42a0-b40e-9f9b4516eaf3,2130,ad,1.26.3,0,1,159,1,,
b413307f-d5c0-42a0-b40e-9f9b4516eaf3,2131,cenam,1.26.3,0,1,159,2,,
b413307f-d5c0-42a0-b40e-9f9b4516eaf3,2132,dicitur,1.26.3,0,1,159,3,,
b413307f-d5c0-42a0-b40e-9f9b4516eaf3,2133,ciconiam,1.26.3,0,1,159,4,,
b413307f-d5c0-42a0-b40e-9f9b4516eaf3,2134,Prior,1.26.4,0,1,159,5,,
b413307f-d5c0-42a0-b40e-9f9b4516eaf3,2135,invitasse,1.26.4,0,1,159,6,,
b413307f-d5c0-42a0-b40e-9f9b4516eaf3,2136,et,1.26.4,0,1,159,7,,
b413307f-d5c0-42a0-b40e-9f9b4516eaf3,2137,illi,1.26.4,0,1,159,8,,
b413307f-d5c0-42a0-b40e-9f9b4516eaf3,2138,in,1.26.4,0,1,159,9,,
b413307f-d5c0-42a0-b40e-9f9b4516eaf3,2139,patina,1.26.4,0,1,159,10,,
b413307f-d5c0-42a0-b40e-9f9b4516eaf3,2140,liquidam,1.26.4,0,1,159,11,,
b413307f-d5c0-42a0-b40e-9f9b4516eaf3,2141,Posuisse,1.26.5,0,1,159,12,,
b413307f-d5c0-42a0-b40e-9f9b4516eaf3,2142,sorbitionem,1.26.5,0,1,159,13,,
b413307f-d5c0-42a0-b40e-9f9b4516eaf3,2143,",",1.26.5,,4,159,,,
b413307f-d5c0-42a0-b40e-9f9b4516eaf3,2144,quam,1.26.5,0,1,159,14,,
b413307f-d5c0-42a0-b40e-9f9b4516eaf3,2145,nullo,1.26.5,0,1,159,15,,
b413307f-d5c0-42a0-b40e-9f9b4516eaf3,2146,modo,1.26.5,0,1,159,16,,
b413307f-d5c0-42a0-b40e-9f9b4516eaf3,2147,Gustare,1.26.6,0,1,159,17,,
b413307f-d5c0-42a0-b40e-9f9b4516eaf3,2148,esuriens,1.26.6,0,1,159,18,,
b413307f-d5c0-42a0-b40e-9f9b4516eaf3,2149,potuerit,1.26.6,0,1,159,19,,
b413307f-d5c0-42a0-b40e-9f9b4516eaf3,2150,ciconia,1.26.6,0,1,159,20,,
b413307f-d5c0-42a0-b40e-9f9b4516eaf3,2151,.,1.26.6,,4,159,,,
b413307f-d5c0-42a0-b40e-9f9b4516eaf3,2152,Quae,1.26.7,0,1,160,0,,
b413307f-d5c0-42a0-b40e-9f9b4516eaf3,2153,vulpem,1.26.7,0,1,160,1,,
b413307f-d5c0-42a0-b40e-9f9b4516eaf3,2154,cum,1.26.7,0,1,160,2,,
b413307f-d5c0-42a0-b40e-9f9b4516eaf3,2155,revocasset,1.26.7,0,1,160,3,,
b413307f-d5c0-42a0-b40e-9f9b4516eaf3,2156,",",1.26.7,,4,160,,,
b413307f-d5c0-42a0-b40e-9f9b4516eaf3,2157,intrito,1.26.7,0,1,160,4,,
b413307f-d5c0-42a0-b40e-9f9b4516eaf3,2158,cibo,1.26.7,0,1,160,5,,
b413307f-d5c0-42a0-b40e-9f9b4516eaf3,2159,Plenam,1.26.8,0,1,160,6,,
b413307f-d5c0-42a0-b40e-9f9b4516eaf3,2160,lagonam,1.26.8,0,1,160,7,,
b413307f-d5c0-42a0-b40e-9f9b4516eaf3,2161,posuit,1.26.8,0,1,160,8,,
b413307f-d5c0-42a0-b40e-9f9b4516eaf3,2162,:,1.26.8,,4,160,,,
b413307f-d5c0-42a0-b40e-9f9b4516eaf3,2163,huic,1.26.8,0,1,160,9,,
b413307f-d5c0-42a0-b40e-9f9b4516eaf3,2164,rostrum,1.26.8,0,1,160,10,,
b413307f-d5c0-42a0-b40e-9f9b4516eaf3,2165,inserens,1.26.8,0,1,160,11,,
b413307f-d5c0-42a0-b40e-9f9b4516eaf3,2166,Satiatur,1.26.9,0,1,160,12,,
b413307f-d5c0-42a0-b40e-9f9b4516eaf3,2167,ipsa,1.26.9,0,1,160,13,,
b413307f-d5c0-42a0-b40e-9f9b4516eaf3,2168,et,1.26.9,0,1,160,14,,
b413307f-d5c0-42a0-b40e-9f9b4516eaf3,2169,torquet,1.26.9,0,1,160,15,,
b413307f-d5c0-42a0-b40e-9f9b4516eaf3,2170,convivam,1.26.9,0,1,160,16,,
b413307f-d5c0-42a0-b40e-9f9b4516eaf3,2171,fame,1.26.9,0,1,160,17,,
b413307f-d5c0-42a0-b40e-9f9b4516eaf3,2172,.,1.26.9,,4,160,,,
b413307f-d5c0-42a0-b40e-9f9b4516eaf3,2173,Quae,1.26.10,0,1,161,0,,
b413307f-d5c0-42a0-b40e-9f9b4516eaf3,2174,cum,1.26.10,0,1,161,1,,
b413307f-d5c0-42a0-b40e-9f9b4516eaf3,2175,lagonae,1.26.10,0,1,161,2,,
b413307f-d5c0-42a0-b40e-9f9b4516eaf3,2176,collum,1.26.10,0,1,161,3,,
b413307f-d5c0-42a0-b40e-9f9b4516eaf3,2177,frustra,1.26.10,0,1,161,4,,
b413307f-d5c0-42a0-b40e-9f9b4516eaf3,2178,lamberet,1.26.10,0,1,161,5,,
b413307f-d5c0-42a0-b40e-9f9b4516eaf3,2179,",",1.26.10,,4,161,,,
b413307f-d5c0-42a0-b40e-9f9b4516eaf3,2180,Peregrinam,1.26.11,0,1,161,6,,
b413307f-d5c0-42a0-b40e-9f9b4516eaf3,2181,sic,1.26.11,0,1,161,7,,
b413307f-d5c0-42a0-b40e-9f9b4516eaf3,2182,locutam,1.26.11,0,1,161,8,,
b413307f-d5c0-42a0-b40e-9f9b4516eaf3,2183,volucrem,1.26.11,0,1,161,9,,
b413307f-d5c0-42a0-b40e-9f9b4516eaf3,2184,accepimus,1.26.11,0,1,161,10,,
b413307f-d5c0-42a0-b40e-9f9b4516eaf3,2185,:,1.26.11,,4,161,,,
b413307f-d5c0-42a0-b40e-9f9b4516eaf3,2186,Sua,1.26.12,2,1,161,11,,
b413307f-d5c0-42a0-b40e-9f9b4516eaf3,2187,quisque,1.26.12,0,1,161,12,,
b413307f-d5c0-42a0-b40e-9f9b4516eaf3,2188,exempla,1.26.12,0,1,161,13,,
b413307f-d5c0-42a0-b40e-9f9b4516eaf3,2189,debet,1.26.12,0,1,161,14,,
b413307f-d5c0-42a0-b40e-9f9b4516eaf3,2190,aequo,1.26.12,0,1,161,15,,
b413307f-d5c0-42a0-b40e-9f9b4516eaf3,2191,animo,1.26.12,0,1,161,16,,
b413307f-d5c0-42a0-b40e-9f9b4516eaf3,2192,pati,1.26.12,0,1,161,17,,
b413307f-d5c0-42a0-b40e-9f9b4516eaf3,2193,.,1.26.12,,4,161,,,
b413307f-d5c0-42a0-b40e-9f9b4516eaf3,2194,Canis,1.27,2,1,162,0,,
b413307f-d5c0-42a0-b40e-9f9b4516eaf3,2195,et,1.27,0,1,162,1,,
b413307f-d5c0-42a0-b40e-9f9b4516eaf3,2196,thesaurus,1.27,0,1,162,2,,
b413307f-d5c0-42a0-b40e-9f9b4516eaf3,2197,et,1.27,0,1,162,3,,
b413307f-d5c0-42a0-b40e-9f9b4516eaf3,2198,vulturius,1.27,0,1,162,4,,
b413307f-d5c0-42a0-b40e-9f9b4516eaf3,2199,.,1.27,,4,162,,,
b413307f-d5c0-42a0-b40e-9f9b4516eaf3,2200,Haec,1.27.1,0,1,163,0,,
b413307f-d5c0-42a0-b40e-9f9b4516eaf3,2201,res,1.27.1,0,1,163,1,,
b413307f-d5c0-42a0-b40e-9f9b4516eaf3,2202,avaris,1.27.1,0,1,163,2,,
b413307f-d5c0-42a0-b40e-9f9b4516eaf3,2203,esse,1.27.1,0,1,163,3,,
b413307f-d5c0-42a0-b40e-9f9b4516eaf3,2204,conveniens,1.27.1,0,1,163,4,,
b413307f-d5c0-42a0-b40e-9f9b4516eaf3,2205,potest,1.27.1,0,1,163,5,,
b413307f-d5c0-42a0-b40e-9f9b4516eaf3,2206,Et,1.27.2,0,1,163,6,,
b413307f-d5c0-42a0-b40e-9f9b4516eaf3,2207,qui,1.27.2,0,1,163,7,,
b413307f-d5c0-42a0-b40e-9f9b4516eaf3,2208,humiles,1.27.2,0,1,163,8,,
b413307f-d5c0-42a0-b40e-9f9b4516eaf3,2209,nati,1.27.2,0,1,163,9,,
b413307f-d5c0-42a0-b40e-9f9b4516eaf3,2210,dici,1.27.2,0,1,163,10,,
b413307f-d5c0-42a0-b40e-9f9b4516eaf3,2211,locupletes,1.27.2,0,1,163,11,,
b413307f-d5c0-42a0-b40e-9f9b4516eaf3,2212,student,1.27.2,0,1,163,12,,
b413307f-d5c0-42a0-b40e-9f9b4516eaf3,2213,.,1.27.2,,4,163,,,
b413307f-d5c0-42a0-b40e-9f9b4516eaf3,2214,Humana,1.27.3,0,1,164,0,,
b413307f-d5c0-42a0-b40e-9f9b4516eaf3,2215,effodiens,1.27.3,0,1,164,1,,
b413307f-d5c0-42a0-b40e-9f9b4516eaf3,2216,ossa,1.27.3,0,1,164,2,,
b413307f-d5c0-42a0-b40e-9f9b4516eaf3,2217,thesaurum,1.27.3,0,1,164,3,,
b413307f-d5c0-42a0-b40e-9f9b4516eaf3,2218,canis,1.27.3,0,1,164,4,,
b413307f-d5c0-42a0-b40e-9f9b4516eaf3,2219,Invenit,1.27.4,0,1,164,5,,
b413307f-d5c0-42a0-b40e-9f9b4516eaf3,2220,",",1.27.4,,4,164,,,
b413307f-d5c0-42a0-b40e-9f9b4516eaf3,2221,et,1.27.4,0,1,164,6,,
b413307f-d5c0-42a0-b40e-9f9b4516eaf3,2222,violarat,1.27.4,0,1,164,7,,
b413307f-d5c0-42a0-b40e-9f9b4516eaf3,2223,quia,1.27.4,0,1,164,8,,
b413307f-d5c0-42a0-b40e-9f9b4516eaf3,2224,Manes,1.27.4,1,1,164,9,,
b413307f-d5c0-42a0-b40e-9f9b4516eaf3,2225,deos,1.27.4,0,1,164,10,,
b413307f-d5c0-42a0-b40e-9f9b4516eaf3,2226,",",1.27.4,,4,164,,,
b413307f-d5c0-42a0-b40e-9f9b4516eaf3,2227,Iniecta,1.27.5,0,1,164,11,,
b413307f-d5c0-42a0-b40e-9f9b4516eaf3,2228,est,1.27.5,0,1,164,12,,
b413307f-d5c0-42a0-b40e-9f9b4516eaf3,2229,illi,1.27.5,0,1,164,13,,
b413307f-d5c0-42a0-b40e-9f9b4516eaf3,2230,divitiarum,1.27.5,0,1,164,14,,
b413307f-d5c0-42a0-b40e-9f9b4516eaf3,2231,cupiditas,1.27.5,0,1,164,15,,
b413307f-d5c0-42a0-b40e-9f9b4516eaf3,2232,",",1.27.5,,4,164,,,
b413307f-d5c0-42a0-b40e-9f9b4516eaf3,2233,Poenas,1.27.6,2,1,164,16,,
b413307f-d5c0-42a0-b40e-9f9b4516eaf3,2234,ut,1.27.6,0,1,164,17,,
b413307f-d5c0-42a0-b40e-9f9b4516eaf3,2235,sanctae,1.27.6,0,1,164,18,,
b413307f-d5c0-42a0-b40e-9f9b4516eaf3,2236,Religioni,1.27.6,0,1,164,19,,
b413307f-d5c0-42a0-b40e-9f9b4516eaf3,2237,penderet,1.27.6,0,1,164,20,,
b413307f-d5c0-42a0-b40e-9f9b4516eaf3,2238,.,1.27.6,,4,164,,,
b413307f-d5c0-42a0-b40e-9f9b4516eaf3,2239,Itaque,1.27.7,0,1,165,0,,
b413307f-d5c0-42a0-b40e-9f9b4516eaf3,2240,",",1.27.7,,4,165,,,
b413307f-d5c0-42a0-b40e-9f9b4516eaf3,2241,aurum,1.27.7,0,1,165,1,,
b413307f-d5c0-42a0-b40e-9f9b4516eaf3,2242,dum,1.27.7,0,1,165,2,,
b413307f-d5c0-42a0-b40e-9f9b4516eaf3,2243,custodit,1.27.7,0,1,165,3,,
b413307f-d5c0-42a0-b40e-9f9b4516eaf3,2244,oblitus,1.27.7,0,1,165,4,,
b413307f-d5c0-42a0-b40e-9f9b4516eaf3,2245,cibi,1.27.7,0,1,165,5,,
b413307f-d5c0-42a0-b40e-9f9b4516eaf3,2246,",",1.27.7,,4,165,,,
b413307f-d5c0-42a0-b40e-9f9b4516eaf3,2247,Fame,1.27.8,0,1,165,6,,
b413307f-d5c0-42a0-b40e-9f9b4516eaf3,2248,est,1.27.8,0,1,165,7,,
b413307f-d5c0-42a0-b40e-9f9b4516eaf3,2249,consumptus,1.27.8,0,1,165,8,,
b413307f-d5c0-42a0-b40e-9f9b4516eaf3,2250,;,1.27.8,,4,165,,,
b413307f-d5c0-42a0-b40e-9f9b4516eaf3,2251,quem,1.27.8,0,1,165,9,,
b413307f-d5c0-42a0-b40e-9f9b4516eaf3,2252,stans,1.27.8,0,1,165,10,,
b413307f-d5c0-42a0-b40e-9f9b4516eaf3,2253,vulturius,1.27.8,0,1,165,11,,
b413307f-d5c0-42a0-b40e-9f9b4516eaf3,2254,super,1.27.8,0,1,165,12,,
b413307f-d5c0-42a0-b40e-9f9b4516eaf3,2255,Fertur,1.27.9,0,1,165,13,,
b413307f-d5c0-42a0-b40e-9f9b4516eaf3,2256,locutus,1.27.9,0,1,165,14,,
b413307f-d5c0-42a0-b40e-9f9b4516eaf3,2257,:,1.27.9,,4,165,,,
b413307f-d5c0-42a0-b40e-9f9b4516eaf3,2258,O,1.27.9,0,1,165,15,,
b413307f-d5c0-42a0-b40e-9f9b4516eaf3,2259,canis,1.27.9,0,1,165,16,,
b413307f-d5c0-42a0-b40e-9f9b4516eaf3,2260,",",1.27.9,,4,165,,,
b413307f-d5c0-42a0-b40e-9f9b4516eaf3,2261,merito,1.27.9,0,1,165,17,,
b413307f-d5c0-42a0-b40e-9f9b4516eaf3,2262,iaces,1.27.9,0,1,165,18,,
b413307f-d5c0-42a0-b40e-9f9b4516eaf3,2263,",",1.27.9,,4,165,,,
b413307f-d5c0-42a0-b40e-9f9b4516eaf3,2264,Qui,1.27.10,0,1,165,19,,
b413307f-d5c0-42a0-b40e-9f9b4516eaf3,2265,concupisti,1.27.10,0,1,165,20,,
b413307f-d5c0-42a0-b40e-9f9b4516eaf3,2266,subito,1.27.10,0,1,165,21,,
b413307f-d5c0-42a0-b40e-9f9b4516eaf3,2267,regales,1.27.10,0,1,165,22,,
b413307f-d5c0-42a0-b40e-9f9b4516eaf3,2268,opes,1.27.10,0,1,165,23,,
b413307f-d5c0-42a0-b40e-9f9b4516eaf3,2269,",",1.27.10,,4,165,,,
b413307f-d5c0-42a0-b40e-9f9b4516eaf3,2270,Trivio,1.27.11,0,1,165,24,,
b413307f-d5c0-42a0-b40e-9f9b4516eaf3,2271,conceptus,1.27.11,0,1,165,25,,
b413307f-d5c0-42a0-b40e-9f9b4516eaf3,2272,",",1.27.11,,4,165,,,
b413307f-d5c0-42a0-b40e-9f9b4516eaf3,2273,educatus,1.27.11,0,1,165,26,,
b413307f-d5c0-42a0-b40e-9f9b4516eaf3,2274,stercore,1.27.11,0,1,165,27,,
b413307f-d5c0-42a0-b40e-9f9b4516eaf3,2275,.,1.27.11,,4,165,,,
b413307f-d5c0-42a0-b40e-9f9b4516eaf3,2276,Vulpes,1.28,0,1,166,0,,
b413307f-d5c0-42a0-b40e-9f9b4516eaf3,2277,et,1.28,0,1,166,1,,
b413307f-d5c0-42a0-b40e-9f9b4516eaf3,2278,aquila,1.28,0,1,166,2,,
b413307f-d5c0-42a0-b40e-9f9b4516eaf3,2279,.,1.28,,4,166,,,
b413307f-d5c0-42a0-b40e-9f9b4516eaf3,2280,Quamvis,1.28.1,0,1,167,0,,
b413307f-d5c0-42a0-b40e-9f9b4516eaf3,2281,sublimes,1.28.1,0,1,167,1,,
b413307f-d5c0-42a0-b40e-9f9b4516eaf3,2282,debent,1.28.1,0,1,167,2,,
b413307f-d5c0-42a0-b40e-9f9b4516eaf3,2283,humiles,1.28.1,0,1,167,3,,
b413307f-d5c0-42a0-b40e-9f9b4516eaf3,2284,metuere,1.28.1,0,1,167,4,,
b413307f-d5c0-42a0-b40e-9f9b4516eaf3,2285,",",1.28.1,,4,167,,,
b413307f-d5c0-42a0-b40e-9f9b4516eaf3,2286,Vindicta,1.28.2,0,1,167,5,,
b413307f-d5c0-42a0-b40e-9f9b4516eaf3,2287,docili,1.28.2,0,1,167,6,,
b413307f-d5c0-42a0-b40e-9f9b4516eaf3,2288,quia,1.28.2,0,1,167,7,,
b413307f-d5c0-42a0-b40e-9f9b4516eaf3,2289,patet,1.28.2,0,1,167,8,,
b413307f-d5c0-42a0-b40e-9f9b4516eaf3,2290,sollertiae,1.28.2,0,1,167,9,,
b413307f-d5c0-42a0-b40e-9f9b4516eaf3,2291,.,1.28.2,,4,167,,,
b413307f-d5c0-42a0-b40e-9f9b4516eaf3,2292,Vulpinos,1.28.3,0,1,168,0,,
b413307f-d5c0-42a0-b40e-9f9b4516eaf3,2293,catulos,1.28.3,0,1,168,1,,
b413307f-d5c0-42a0-b40e-9f9b4516eaf3,2294,aquila,1.28.3,0,1,168,2,,
b413307f-d5c0-42a0-b40e-9f9b4516eaf3,2295,quondam,1.28.3,0,1,168,3,,
b413307f-d5c0-42a0-b40e-9f9b4516eaf3,2296,sustulit,1.28.3,0,1,168,4,,
b413307f-d5c0-42a0-b40e-9f9b4516eaf3,2297,Nidoque,1.28.4,0,1,168,5,,
b413307f-d5c0-42a0-b40e-9f9b4516eaf3,2298,posuit,1.28.4,0,1,168,6,,
b413307f-d5c0-42a0-b40e-9f9b4516eaf3,2299,pullis,1.28.4,0,1,168,7,,
b413307f-d5c0-42a0-b40e-9f9b4516eaf3,2300,",",1.28.4,,4,168,,,
b413307f-d5c0-42a0-b40e-9f9b4516eaf3,2301,escam,1.28.4,0,1,168,8,,
b413307f-d5c0-42a0-b40e-9f9b4516eaf3,2302,ut,1.28.4,0,1,168,9,,
b413307f-d5c0-42a0-b40e-9f9b4516eaf3,2303,carperent,1.28.4,0,1,168,10,,
b413307f-d5c0-42a0-b40e-9f9b4516eaf3,2304,.,1.28.4,,4,168,,,
b413307f-d5c0-42a0-b40e-9f9b4516eaf3,2305,Hanc,1.28.5,0,1,169,0,,
b413307f-d5c0-42a0-b40e-9f9b4516eaf3,2306,persecuta,1.28.5,0,1,169,1,,
b413307f-d5c0-42a0-b40e-9f9b4516eaf3,2307,mater,1.28.5,0,1,169,2,,
b413307f-d5c0-42a0-b40e-9f9b4516eaf3,2308,orare,1.28.5,0,1,169,3,,
b413307f-d5c0-42a0-b40e-9f9b4516eaf3,2309,incipit,1.28.5,0,1,169,4,,
b413307f-d5c0-42a0-b40e-9f9b4516eaf3,2310,",",1.28.5,,4,169,,,
b413307f-d5c0-42a0-b40e-9f9b4516eaf3,2311,Ne,1.28.6,0,1,169,5,,
b413307f-d5c0-42a0-b40e-9f9b4516eaf3,2312,tantum,1.28.6,0,1,169,6,,
b413307f-d5c0-42a0-b40e-9f9b4516eaf3,2313,miserae,1.28.6,0,1,169,7,,
b413307f-d5c0-42a0-b40e-9f9b4516eaf3,2314,luctum,1.28.6,0,1,169,8,,
b413307f-d5c0-42a0-b40e-9f9b4516eaf3,2315,importaret,1.28.6,0,1,169,9,,
b413307f-d5c0-42a0-b40e-9f9b4516eaf3,2316,sibi,1.28.6,0,1,169,10,,
b413307f-d5c0-42a0-b40e-9f9b4516eaf3,2317,.,1.28.6,,4,169,,,
b413307f-d5c0-42a0-b40e-9f9b4516eaf3,2318,Contempsit,1.28.7,0,1,170,0,,
b413307f-d5c0-42a0-b40e-9f9b4516eaf3,2319,illa,1.28.7,0,1,170,1,,
b413307f-d5c0-42a0-b40e-9f9b4516eaf3,2320,",",1.28.7,,4,170,,,
b413307f-d5c0-42a0-b40e-9f9b4516eaf3,2321,tuta,1.28.7,0,1,170,2,,
b413307f-d5c0-42a0-b40e-9f9b4516eaf3,2322,quippe,1.28.7,0,1,170,3,,
b413307f-d5c0-42a0-b40e-9f9b4516eaf3,2323,ipso,1.28.7,0,1,170,4,,
b413307f-d5c0-42a0-b40e-9f9b4516eaf3,2324,loco,1.28.7,0,1,170,5,,
b413307f-d5c0-42a0-b40e-9f9b4516eaf3,2325,.,1.28.7,,4,170,,,
b413307f-d5c0-42a0-b40e-9f9b4516eaf3,2326,Vulpes,1.28.8,0,1,171,0,,
b413307f-d5c0-42a0-b40e-9f9b4516eaf3,2327,ab,1.28.8,0,1,171,1,,
b413307f-d5c0-42a0-b40e-9f9b4516eaf3,2328,ara,1.28.8,0,1,171,2,,
b413307f-d5c0-42a0-b40e-9f9b4516eaf3,2329,rapuit,1.28.8,0,1,171,3,,
b413307f-d5c0-42a0-b40e-9f9b4516eaf3,2330,ardentem,1.28.8,0,1,171,4,,
b413307f-d5c0-42a0-b40e-9f9b4516eaf3,2331,facem,1.28.8,0,1,171,5,,
b413307f-d5c0-42a0-b40e-9f9b4516eaf3,2332,Totamque,1.28.9,0,1,171,6,,
b413307f-d5c0-42a0-b40e-9f9b4516eaf3,2333,flammis,1.28.9,0,1,171,7,,
b413307f-d5c0-42a0-b40e-9f9b4516eaf3,2334,arborem,1.28.9,0,1,171,8,,
b413307f-d5c0-42a0-b40e-9f9b4516eaf3,2335,circumdedit,1.28.9,0,1,171,9,,
b413307f-d5c0-42a0-b40e-9f9b4516eaf3,2336,",",1.28.9,,4,171,,,
b413307f-d5c0-42a0-b40e-9f9b4516eaf3,2337,Hosti,1.28.10,2,1,171,10,,
b413307f-d5c0-42a0-b40e-9f9b4516eaf3,2338,dolorem,1.28.10,0,1,171,11,,
b413307f-d5c0-42a0-b40e-9f9b4516eaf3,2339,damno,1.28.10,0,1,171,12,,
b413307f-d5c0-42a0-b40e-9f9b4516eaf3,2340,miscens,1.28.10,0,1,171,13,,
b413307f-d5c0-42a0-b40e-9f9b4516eaf3,2341,sanguinis,1.28.10,0,1,171,14,,
b413307f-d5c0-42a0-b40e-9f9b4516eaf3,2342,.,1.28.10,,4,171,,,
b413307f-d5c0-42a0-b40e-9f9b4516eaf3,2343,Aquila,1.28.11,2,1,172,0,,
b413307f-d5c0-42a0-b40e-9f9b4516eaf3,2344,ut,1.28.11,0,1,172,1,,
b413307f-d5c0-42a0-b40e-9f9b4516eaf3,2345,periclo,1.28.11,0,1,172,2,,
b413307f-d5c0-42a0-b40e-9f9b4516eaf3,2346,mortis,1.28.11,0,1,172,3,,
b413307f-d5c0-42a0-b40e-9f9b4516eaf3,2347,eriperet,1.28.11,0,1,172,4,,
b413307f-d5c0-42a0-b40e-9f9b4516eaf3,2348,suos,1.28.11,0,1,172,5,,
b413307f-d5c0-42a0-b40e-9f9b4516eaf3,2349,Incolumes,1.28.12,0,1,172,6,,
b413307f-d5c0-42a0-b40e-9f9b4516eaf3,2350,natos,1.28.12,0,1,172,7,,
b413307f-d5c0-42a0-b40e-9f9b4516eaf3,2351,supplex,1.28.12,0,1,172,8,,
b413307f-d5c0-42a0-b40e-9f9b4516eaf3,2352,vulpi,1.28.12,0,1,172,9,,
b413307f-d5c0-42a0-b40e-9f9b4516eaf3,2353,tradidit,1.28.12,0,1,172,10,,
b413307f-d5c0-42a0-b40e-9f9b4516eaf3,2354,.,1.28.12,,4,172,,,
b413307f-d5c0-42a0-b40e-9f9b4516eaf3,2355,Asinus,1.29,0,1,173,0,,
b413307f-d5c0-42a0-b40e-9f9b4516eaf3,2356,inridens,1.29,0,1,173,1,,
b413307f-d5c0-42a0-b40e-9f9b4516eaf3,2357,aprum,1.29,0,1,173,2,,
b413307f-d5c0-42a0-b40e-9f9b4516eaf3,2358,.,1.29,,4,173,,,
b413307f-d5c0-42a0-b40e-9f9b4516eaf3,2359,Plerumque,1.29.1,0,1,174,0,,
b413307f-d5c0-42a0-b40e-9f9b4516eaf3,2360,stulti,1.29.1,0,1,174,1,,
b413307f-d5c0-42a0-b40e-9f9b4516eaf3,2361,risum,1.29.1,0,1,174,2,,
b413307f-d5c0-42a0-b40e-9f9b4516eaf3,2362,dum,1.29.1,0,1,174,3,,
b413307f-d5c0-42a0-b40e-9f9b4516eaf3,2363,captant,1.29.1,0,1,174,4,,
b413307f-d5c0-42a0-b40e-9f9b4516eaf3,2364,levem,1.29.1,0,1,174,5,,
b413307f-d5c0-42a0-b40e-9f9b4516eaf3,2365,",",1.29.1,,4,174,,,
b413307f-d5c0-42a0-b40e-9f9b4516eaf3,2366,Gravi,1.29.2,0,1,174,6,,
b413307f-d5c0-42a0-b40e-9f9b4516eaf3,2367,destringunt,1.29.2,0,1,174,7,,
b413307f-d5c0-42a0-b40e-9f9b4516eaf3,2368,alios,1.29.2,0,1,174,8,,
b413307f-d5c0-42a0-b40e-9f9b4516eaf3,2369,contumelia,1.29.2,0,1,174,9,,
b413307f-d5c0-42a0-b40e-9f9b4516eaf3,2370,Et,1.29.3,0,1,174,10,,
b413307f-d5c0-42a0-b40e-9f9b4516eaf3,2371,sibi,1.29.3,0,1,174,11,,
b413307f-d5c0-42a0-b40e-9f9b4516eaf3,2372,nocivum,1.29.3,0,1,174,12,,
b413307f-d5c0-42a0-b40e-9f9b4516eaf3,2373,concitant,1.29.3,0,1,174,13,,
b413307f-d5c0-42a0-b40e-9f9b4516eaf3,2374,periculum,1.29.3,0,1,174,14,,
b413307f-d5c0-42a0-b40e-9f9b4516eaf3,2375,.,1.29.3,,4,174,,,
b413307f-d5c0-42a0-b40e-9f9b4516eaf3,2376,Asellus,1.29.4,0,1,175,0,,
b413307f-d5c0-42a0-b40e-9f9b4516eaf3,2377,apro,1.29.4,0,1,175,1,,
b413307f-d5c0-42a0-b40e-9f9b4516eaf3,2378,cum,1.29.4,0,1,175,2,,
b413307f-d5c0-42a0-b40e-9f9b4516eaf3,2379,fuisset,1.29.4,0,1,175,3,,
b413307f-d5c0-42a0-b40e-9f9b4516eaf3,2380,obvius,1.29.4,0,1,175,4,,
b413307f-d5c0-42a0-b40e-9f9b4516eaf3,2381,:,1.29.4,,4,175,,,
b413307f-d5c0-42a0-b40e-9f9b4516eaf3,2382,Salve,1.29.5,0,1,175,5,,
b413307f-d5c0-42a0-b40e-9f9b4516eaf3,2383,inquit,1.29.5,0,1,175,6,,
b413307f-d5c0-42a0-b40e-9f9b4516eaf3,2384,frater,1.29.5,0,1,175,7,,
b413307f-d5c0-42a0-b40e-9f9b4516eaf3,2385,.,1.29.5,,4,175,,,
b413307f-d5c0-42a0-b40e-9f9b4516eaf3,2386,Ille,1.29.5,0,1,176,0,,
b413307f-d5c0-42a0-b40e-9f9b4516eaf3,2387,indignans,1.29.5,0,1,176,1,,
b413307f-d5c0-42a0-b40e-9f9b4516eaf3,2388,repudiat,1.29.5,0,1,176,2,,
b413307f-d5c0-42a0-b40e-9f9b4516eaf3,2389,Officium,1.29.6,0,1,176,3,,
b413307f-d5c0-42a0-b40e-9f9b4516eaf3,2390,et,1.29.6,0,1,176,4,,
b413307f-d5c0-42a0-b40e-9f9b4516eaf3,2391,quaerit,1.29.6,0,1,176,5,,
b413307f-d5c0-42a0-b40e-9f9b4516eaf3,2392,",",1.29.6,,4,176,,,
b413307f-d5c0-42a0-b40e-9f9b4516eaf3,2393,cur,1.29.6,0,1,176,6,,
b413307f-d5c0-42a0-b40e-9f9b4516eaf3,2394,sic,1.29.6,0,1,176,7,,
b413307f-d5c0-42a0-b40e-9f9b4516eaf3,2395,mentiri,1.29.6,0,1,176,8,,
b413307f-d5c0-42a0-b40e-9f9b4516eaf3,2396,velit,1.29.6,0,1,176,9,,
b413307f-d5c0-42a0-b40e-9f9b4516eaf3,2397,.,1.29.6,,4,176,,,
b413307f-d5c0-42a0-b40e-9f9b4516eaf3,2398,Asinus,1.29.7,0,1,177,0,,
b413307f-d5c0-42a0-b40e-9f9b4516eaf3,2399,demisso,1.29.7,0,1,177,1,,
b413307f-d5c0-42a0-b40e-9f9b4516eaf3,2400,pene,1.29.7,0,1,177,2,,
b413307f-d5c0-42a0-b40e-9f9b4516eaf3,2401,:,1.29.7,,4,177,,,
b413307f-d5c0-42a0-b40e-9f9b4516eaf3,2402,Similem,1.29.7,0,1,177,3,,
b413307f-d5c0-42a0-b40e-9f9b4516eaf3,2403,si,1.29.7,0,1,177,4,,
b413307f-d5c0-42a0-b40e-9f9b4516eaf3,2404,negas,1.29.7,0,1,177,5,,
b413307f-d5c0-42a0-b40e-9f9b4516eaf3,2405,Tibi,1.29.8,0,1,177,6,,
b413307f-d5c0-42a0-b40e-9f9b4516eaf3,2406,me,1.29.8,0,1,177,7,,
b413307f-d5c0-42a0-b40e-9f9b4516eaf3,2407,esse,1.29.8,0,1,177,8,,
b413307f-d5c0-42a0-b40e-9f9b4516eaf3,2408,",",1.29.8,,4,177,,,
b413307f-d5c0-42a0-b40e-9f9b4516eaf3,2409,certe,1.29.8,0,1,177,9,,
b413307f-d5c0-42a0-b40e-9f9b4516eaf3,2410,simile,1.29.8,0,1,177,10,,
b413307f-d5c0-42a0-b40e-9f9b4516eaf3,2411,est,1.29.8,0,1,177,11,,
b413307f-d5c0-42a0-b40e-9f9b4516eaf3,2412,hoc,1.29.8,0,1,177,12,,
b413307f-d5c0-42a0-b40e-9f9b4516eaf3,2413,rostro,1.29.8,0,1,177,13,,
b413307f-d5c0-42a0-b40e-9f9b4516eaf3,2414,tuo,1.29.8,0,1,177,14,,
b413307f-d5c0-42a0-b40e-9f9b4516eaf3,2415,.,1.29.8,,4,177,,,
b413307f-d5c0-42a0-b40e-9f9b4516eaf3,2416,Aper,1.29.9,2,1,178,0,,
b413307f-d5c0-42a0-b40e-9f9b4516eaf3,2417,",",1.29.9,,4,178,,,
b413307f-d5c0-42a0-b40e-9f9b4516eaf3,2418,cum,1.29.9,0,1,178,1,,
b413307f-d5c0-42a0-b40e-9f9b4516eaf3,2419,vellet,1.29.9,0,1,178,2,,
b413307f-d5c0-42a0-b40e-9f9b4516eaf3,2420,facere,1.29.9,0,1,178,3,,
b413307f-d5c0-42a0-b40e-9f9b4516eaf3,2421,generosum,1.29.9,0,1,178,4,,
b413307f-d5c0-42a0-b40e-9f9b4516eaf3,2422,impetum,1.29.9,0,1,178,5,,
b413307f-d5c0-42a0-b40e-9f9b4516eaf3,2423,",",1.29.9,,4,178,,,
b413307f-d5c0-42a0-b40e-9f9b4516eaf3,2424,Repressit,1.29.10,0,1,178,6,,
b413307f-d5c0-42a0-b40e-9f9b4516eaf3,2425,iram,1.29.10,0,1,178,7,,
b413307f-d5c0-42a0-b40e-9f9b4516eaf3,2426,et,1.29.10,0,1,178,8,,
b413307f-d5c0-42a0-b40e-9f9b4516eaf3,2427,:,1.29.10,,4,178,,,
b413307f-d5c0-42a0-b40e-9f9b4516eaf3,2428,Facilis,1.29.10,0,1,178,9,,
b413307f-d5c0-42a0-b40e-9f9b4516eaf3,2429,vindicta,1.29.10,0,1,178,10,,
b413307f-d5c0-42a0-b40e-9f9b4516eaf3,2430,est,1.29.10,0,1,178,11,,
b413307f-d5c0-42a0-b40e-9f9b4516eaf3,2431,mihi,1.29.10,0,1,178,12,,
b413307f-d5c0-42a0-b40e-9f9b4516eaf3,2432,",",1.29.10,,4,178,,,
b413307f-d5c0-42a0-b40e-9f9b4516eaf3,2433,Sed,1.29.11,0,1,178,13,,
b413307f-d5c0-42a0-b40e-9f9b4516eaf3,2434,inquinari,1.29.11,0,1,178,14,,
b413307f-d5c0-42a0-b40e-9f9b4516eaf3,2435,nolo,1.29.11,0,1,178,15,,
b413307f-d5c0-42a0-b40e-9f9b4516eaf3,2436,ignavo,1.29.11,0,1,178,16,,
b413307f-d5c0-42a0-b40e-9f9b4516eaf3,2437,sanguine,1.29.11,0,1,178,17,,
b413307f-d5c0-42a0-b40e-9f9b4516eaf3,2438,.,1.29.11,,4,178,,,
b413307f-d5c0-42a0-b40e-9f9b4516eaf3,2439,Ranae,1.30,0,1,179,0,,
b413307f-d5c0-42a0-b40e-9f9b4516eaf3,2440,metuentes,1.30,0,1,179,1,,
b413307f-d5c0-42a0-b40e-9f9b4516eaf3,2441,taurorum,1.30,0,1,179,2,,
b413307f-d5c0-42a0-b40e-9f9b4516eaf3,2442,proelia,1.30,0,1,179,3,,
b413307f-d5c0-42a0-b40e-9f9b4516eaf3,2443,.,1.30,,4,179,,,
b413307f-d5c0-42a0-b40e-9f9b4516eaf3,2444,Humiles,1.30.1,0,1,180,0,,
b413307f-d5c0-42a0-b40e-9f9b4516eaf3,2445,laborant,1.30.1,0,1,180,1,,
b413307f-d5c0-42a0-b40e-9f9b4516eaf3,2446,ubi,1.30.1,0,1,180,2,,
b413307f-d5c0-42a0-b40e-9f9b4516eaf3,2447,potentes,1.30.1,0,1,180,3,,
b413307f-d5c0-42a0-b40e-9f9b4516eaf3,2448,dissident,1.30.1,0,1,180,4,,
b413307f-d5c0-42a0-b40e-9f9b4516eaf3,2449,.,1.30.1,,4,180,,,
b413307f-d5c0-42a0-b40e-9f9b4516eaf3,2450,Rana,1.30.2,0,1,181,0,,
b413307f-d5c0-42a0-b40e-9f9b4516eaf3,2451,in,1.30.2,0,1,181,1,,
b413307f-d5c0-42a0-b40e-9f9b4516eaf3,2452,palude,1.30.2,0,1,181,2,,
b413307f-d5c0-42a0-b40e-9f9b4516eaf3,2453,pugnam,1.30.2,0,1,181,3,,
b413307f-d5c0-42a0-b40e-9f9b4516eaf3,2454,taurorum,1.30.2,0,1,181,4,,
b413307f-d5c0-42a0-b40e-9f9b4516eaf3,2455,intuens,1.30.2,0,1,181,5,,
b413307f-d5c0-42a0-b40e-9f9b4516eaf3,2456,:,1.30.2,,4,181,,,
b413307f-d5c0-42a0-b40e-9f9b4516eaf3,2457,Heu,1.30.3,0,1,181,6,,
b413307f-d5c0-42a0-b40e-9f9b4516eaf3,2458,quanta,1.30.3,0,1,181,7,,
b413307f-d5c0-42a0-b40e-9f9b4516eaf3,2459,nobis,1.30.3,0,1,181,8,,
b413307f-d5c0-42a0-b40e-9f9b4516eaf3,2460,instat,1.30.3,0,1,181,9,,
b413307f-d5c0-42a0-b40e-9f9b4516eaf3,2461,pernicies,1.30.3,0,1,181,10,,
b413307f-d5c0-42a0-b40e-9f9b4516eaf3,2462,!,1.30.3,,4,181,,,
b413307f-d5c0-42a0-b40e-9f9b4516eaf3,2463,ait,1.30.3,0,1,182,0,,
b413307f-d5c0-42a0-b40e-9f9b4516eaf3,2464,.,1.30.3,,4,182,,,
b413307f-d5c0-42a0-b40e-9f9b4516eaf3,2465,Interrogata,1.30.4,0,1,183,0,,
b413307f-d5c0-42a0-b40e-9f9b4516eaf3,2466,ab,1.30.4,0,1,183,1,,
b413307f-d5c0-42a0-b40e-9f9b4516eaf3,2467,alia,1.30.4,0,1,183,2,,
b413307f-d5c0-42a0-b40e-9f9b4516eaf3,2468,cur,1.30.4,0,1,183,3,,
b413307f-d5c0-42a0-b40e-9f9b4516eaf3,2469,hoc,1.30.4,0,1,183,4,,
b413307f-d5c0-42a0-b40e-9f9b4516eaf3,2470,diceret,1.30.4,0,1,183,5,,
b413307f-d5c0-42a0-b40e-9f9b4516eaf3,2471,",",1.30.4,,4,183,,,
b413307f-d5c0-42a0-b40e-9f9b4516eaf3,2472,De,1.30.5,0,1,183,6,,
b413307f-d5c0-42a0-b40e-9f9b4516eaf3,2473,principatu,1.30.5,0,1,183,7,,
b413307f-d5c0-42a0-b40e-9f9b4516eaf3,2474,cum,1.30.5,0,1,183,8,,
b413307f-d5c0-42a0-b40e-9f9b4516eaf3,2475,illi,1.30.5,0,1,183,9,,
b413307f-d5c0-42a0-b40e-9f9b4516eaf3,2476,certarent,1.30.5,0,1,183,10,,
b413307f-d5c0-42a0-b40e-9f9b4516eaf3,2477,gregis,1.30.5,0,1,183,11,,
b413307f-d5c0-42a0-b40e-9f9b4516eaf3,2478,Longeque,1.30.6,0,1,183,12,,
b413307f-d5c0-42a0-b40e-9f9b4516eaf3,2479,ab,1.30.6,0,1,183,13,,
b413307f-d5c0-42a0-b40e-9f9b4516eaf3,2480,ipsis,1.30.6,0,1,183,14,,
b413307f-d5c0-42a0-b40e-9f9b4516eaf3,2481,degerent,1.30.6,0,1,183,15,,
b413307f-d5c0-42a0-b40e-9f9b4516eaf3,2482,vitam,1.30.6,0,1,183,16,,
b413307f-d5c0-42a0-b40e-9f9b4516eaf3,2483,boves,1.30.6,0,1,183,17,,
b413307f-d5c0-42a0-b40e-9f9b4516eaf3,2484,:,1.30.6,,4,183,,,
b413307f-d5c0-42a0-b40e-9f9b4516eaf3,2485,Est,1.30.7,0,1,183,18,,
b413307f-d5c0-42a0-b40e-9f9b4516eaf3,2486,statio,1.30.7,0,1,183,19,,
b413307f-d5c0-42a0-b40e-9f9b4516eaf3,2487,separata,1.30.7,0,1,183,20,,
b413307f-d5c0-42a0-b40e-9f9b4516eaf3,2488,ac,1.30.7,0,1,183,21,,
b413307f-d5c0-42a0-b40e-9f9b4516eaf3,2489,diversum,1.30.7,0,1,183,22,,
b413307f-d5c0-42a0-b40e-9f9b4516eaf3,2490,genus,1.30.7,0,1,183,23,,
b413307f-d5c0-42a0-b40e-9f9b4516eaf3,2491,;,1.30.7,,4,183,,,
b413307f-d5c0-42a0-b40e-9f9b4516eaf3,2492,Expulsus,1.30.8,0,1,183,24,,
b413307f-d5c0-42a0-b40e-9f9b4516eaf3,2493,regno,1.30.8,0,1,183,25,,
b413307f-d5c0-42a0-b40e-9f9b4516eaf3,2494,nemoris,1.30.8,0,1,183,26,,
b413307f-d5c0-42a0-b40e-9f9b4516eaf3,2495,qui,1.30.8,0,1,183,27,,
b413307f-d5c0-42a0-b40e-9f9b4516eaf3,2496,profugerit,1.30.8,0,1,183,28,,
b413307f-d5c0-42a0-b40e-9f9b4516eaf3,2497,",",1.30.8,,4,183,,,
b413307f-d5c0-42a0-b40e-9f9b4516eaf3,2498,Paludis,1.30.9,2,1,183,29,,
b413307f-d5c0-42a0-b40e-9f9b4516eaf3,2499,in,1.30.9,0,1,183,30,,
b413307f-d5c0-42a0-b40e-9f9b4516eaf3,2500,secreta,1.30.9,0,1,183,31,,
b413307f-d5c0-42a0-b40e-9f9b4516eaf3,2501,veniet,1.30.9,0,1,183,32,,
b413307f-d5c0-42a0-b40e-9f9b4516eaf3,2502,latibula,1.30.9,0,1,183,33,,
b413307f-d5c0-42a0-b40e-9f9b4516eaf3,2503,Et,1.30.10,0,1,183,34,,
b413307f-d5c0-42a0-b40e-9f9b4516eaf3,2504,proculcatas,1.30.10,0,1,183,35,,
b413307f-d5c0-42a0-b40e-9f9b4516eaf3,2505,obteret,1.30.10,0,1,183,36,,
b413307f-d5c0-42a0-b40e-9f9b4516eaf3,2506,duro,1.30.10,0,1,183,37,,
b413307f-d5c0-42a0-b40e-9f9b4516eaf3,2507,pede,1.30.10,0,1,183,38,,
b413307f-d5c0-42a0-b40e-9f9b4516eaf3,2508,.,1.30.10,,4,183,,,
b413307f-d5c0-42a0-b40e-9f9b4516eaf3,2509,Ita,1.30.11,0,1,184,0,,
b413307f-d5c0-42a0-b40e-9f9b4516eaf3,2510,caput,1.30.11,0,1,184,1,,
b413307f-d5c0-42a0-b40e-9f9b4516eaf3,2511,ad,1.30.11,0,1,184,2,,
b413307f-d5c0-42a0-b40e-9f9b4516eaf3,2512,nostrum,1.30.11,0,1,184,3,,
b413307f-d5c0-42a0-b40e-9f9b4516eaf3,2513,furor,1.30.11,0,1,184,4,,
b413307f-d5c0-42a0-b40e-9f9b4516eaf3,2514,illorum,1.30.11,0,1,184,5,,
b413307f-d5c0-42a0-b40e-9f9b4516eaf3,2515,pertinet,1.30.11,0,1,184,6,,
b413307f-d5c0-42a0-b40e-9f9b4516eaf3,2516,.,1.30.11,,4,184,,,
b413307f-d5c0-42a0-b40e-9f9b4516eaf3,2517,Milvus,1.31,0,1,185,0,,
b413307f-d5c0-42a0-b40e-9f9b4516eaf3,2518,et,1.31,0,1,185,1,,
b413307f-d5c0-42a0-b40e-9f9b4516eaf3,2519,columbae,1.31,0,1,185,2,,
b413307f-d5c0-42a0-b40e-9f9b4516eaf3,2520,.,1.31,,4,185,,,
b413307f-d5c0-42a0-b40e-9f9b4516eaf3,2521,Qui,1.31.1,0,1,186,0,,
b413307f-d5c0-42a0-b40e-9f9b4516eaf3,2522,se,1.31.1,0,1,186,1,,
b413307f-d5c0-42a0-b40e-9f9b4516eaf3,2523,committit,1.31.1,0,1,186,2,,
b413307f-d5c0-42a0-b40e-9f9b4516eaf3,2524,homini,1.31.1,0,1,186,3,,
b413307f-d5c0-42a0-b40e-9f9b4516eaf3,2525,tutandum,1.31.1,0,1,186,4,,
b413307f-d5c0-42a0-b40e-9f9b4516eaf3,2526,improbo,1.31.1,0,1,186,5,,
b413307f-d5c0-42a0-b40e-9f9b4516eaf3,2527,",",1.31.1,,4,186,,,
b413307f-d5c0-42a0-b40e-9f9b4516eaf3,2528,Auxilia,1.31.2,0,1,186,6,,
b413307f-d5c0-42a0-b40e-9f9b4516eaf3,2529,dum,1.31.2,0,1,186,7,,
b413307f-d5c0-42a0-b40e-9f9b4516eaf3,2530,requirit,1.31.2,0,1,186,8,,
b413307f-d5c0-42a0-b40e-9f9b4516eaf3,2531,",",1.31.2,,4,186,,,
b413307f-d5c0-42a0-b40e-9f9b4516eaf3,2532,exitium,1.31.2,0,1,186,9,,
b413307f-d5c0-42a0-b40e-9f9b4516eaf3,2533,invenit,1.31.2,0,1,186,10,,
b413307f-d5c0-42a0-b40e-9f9b4516eaf3,2534,.,1.31.2,,4,186,,,
b413307f-d5c0-42a0-b40e-9f9b4516eaf3,2535,Columbae,1.31.3,0,1,187,0,,
b413307f-d5c0-42a0-b40e-9f9b4516eaf3,2536,saepe,1.31.3,0,1,187,1,,
b413307f-d5c0-42a0-b40e-9f9b4516eaf3,2537,cum,1.31.3,0,1,187,2,,
b413307f-d5c0-42a0-b40e-9f9b4516eaf3,2538,fugissent,1.31.3,0,1,187,3,,
b413307f-d5c0-42a0-b40e-9f9b4516eaf3,2539,miluum,1.31.3,0,1,187,4,,
b413307f-d5c0-42a0-b40e-9f9b4516eaf3,2540,Et,1.31.4,0,1,187,5,,
b413307f-d5c0-42a0-b40e-9f9b4516eaf3,2541,celeritate,1.31.4,0,1,187,6,,
b413307f-d5c0-42a0-b40e-9f9b4516eaf3,2542,pennae,1.31.4,0,1,187,7,,
b413307f-d5c0-42a0-b40e-9f9b4516eaf3,2543,vitassent,1.31.4,0,1,187,8,,
b413307f-d5c0-42a0-b40e-9f9b4516eaf3,2544,necem,1.31.4,0,1,187,9,,
b413307f-d5c0-42a0-b40e-9f9b4516eaf3,2545,",",1.31.4,,4,187,,,
b413307f-d5c0-42a0-b40e-9f9b4516eaf3,2546,Consilium,1.31.5,0,1,187,10,,
b413307f-d5c0-42a0-b40e-9f9b4516eaf3,2547,raptor,1.31.5,0,1,187,11,,
b413307f-d5c0-42a0-b40e-9f9b4516eaf3,2548,vertit,1.31.5,0,1,187,12,,
b413307f-d5c0-42a0-b40e-9f9b4516eaf3,2549,ad,1.31.5,0,1,187,13,,
b413307f-d5c0-42a0-b40e-9f9b4516eaf3,2550,fallaciam,1.31.5,0,1,187,14,,
b413307f-d5c0-42a0-b40e-9f9b4516eaf3,2551,Et,1.31.6,0,1,187,15,,
b413307f-d5c0-42a0-b40e-9f9b4516eaf3,2552,genus,1.31.6,0,1,187,16,,
b413307f-d5c0-42a0-b40e-9f9b4516eaf3,2553,inerme,1.31.6,0,1,187,17,,
b413307f-d5c0-42a0-b40e-9f9b4516eaf3,2554,tali,1.31.6,0,1,187,18,,
b413307f-d5c0-42a0-b40e-9f9b4516eaf3,2555,decepit,1.31.6,0,1,187,19,,
b413307f-d5c0-42a0-b40e-9f9b4516eaf3,2556,dolo,1.31.6,0,1,187,20,,
b413307f-d5c0-42a0-b40e-9f9b4516eaf3,2557,:,1.31.6,,4,187,,,
b413307f-d5c0-42a0-b40e-9f9b4516eaf3,2558,Quare,1.31.7,0,1,187,21,,
b413307f-d5c0-42a0-b40e-9f9b4516eaf3,2559,sollicitum,1.31.7,0,1,187,22,,
b413307f-d5c0-42a0-b40e-9f9b4516eaf3,2560,potius,1.31.7,0,1,187,23,,
b413307f-d5c0-42a0-b40e-9f9b4516eaf3,2561,aevum,1.31.7,0,1,187,24,,
b413307f-d5c0-42a0-b40e-9f9b4516eaf3,2562,ducitis,1.31.7,0,1,187,25,,
b413307f-d5c0-42a0-b40e-9f9b4516eaf3,2563,",",1.31.7,,4,187,,,
b413307f-d5c0-42a0-b40e-9f9b4516eaf3,2564,Quam,1.31.8,0,1,187,26,,
b413307f-d5c0-42a0-b40e-9f9b4516eaf3,2565,regem,1.31.8,0,1,187,27,,
b413307f-d5c0-42a0-b40e-9f9b4516eaf3,2566,me,1.31.8,0,1,187,28,,
b413307f-d5c0-42a0-b40e-9f9b4516eaf3,2567,creatis,1.31.8,0,1,187,29,,
b413307f-d5c0-42a0-b40e-9f9b4516eaf3,2568,icto,1.31.8,0,1,187,30,,
b413307f-d5c0-42a0-b40e-9f9b4516eaf3,2569,foedere,1.31.8,0,1,187,31,,
b413307f-d5c0-42a0-b40e-9f9b4516eaf3,2570,",",1.31.8,,4,187,,,
b413307f-d5c0-42a0-b40e-9f9b4516eaf3,2571,Qui,1.31.9,0,1,187,32,,
b413307f-d5c0-42a0-b40e-9f9b4516eaf3,2572,vos,1.31.9,0,1,187,33,,
b413307f-d5c0-42a0-b40e-9f9b4516eaf3,2573,ab,1.31.9,0,1,187,34,,
b413307f-d5c0-42a0-b40e-9f9b4516eaf3,2574,omni,1.31.9,0,1,187,35,,
b413307f-d5c0-42a0-b40e-9f9b4516eaf3,2575,tutas,1.31.9,0,1,187,36,,
b413307f-d5c0-42a0-b40e-9f9b4516eaf3,2576,praestem,1.31.9,0,1,187,37,,
b413307f-d5c0-42a0-b40e-9f9b4516eaf3,2577,iniuria,1.31.9,0,1,187,38,,
b413307f-d5c0-42a0-b40e-9f9b4516eaf3,2578,?,1.31.9,,4,187,,,
b413307f-d5c0-42a0-b40e-9f9b4516eaf3,2579,Illae,1.31.10,0,1,188,0,,
b413307f-d5c0-42a0-b40e-9f9b4516eaf3,2580,credentes,1.31.10,0,1,188,1,,
b413307f-d5c0-42a0-b40e-9f9b4516eaf3,2581,tradunt,1.31.10,0,1,188,2,,
b413307f-d5c0-42a0-b40e-9f9b4516eaf3,2582,sese,1.31.10,0,1,188,3,,
b413307f-d5c0-42a0-b40e-9f9b4516eaf3,2583,miluo,1.31.10,0,1,188,4,,
b413307f-d5c0-42a0-b40e-9f9b4516eaf3,2584,;,1.31.10,,4,188,,,
b413307f-d5c0-42a0-b40e-9f9b4516eaf3,2585,Qui,1.31.11,0,1,188,5,,
b413307f-d5c0-42a0-b40e-9f9b4516eaf3,2586,regnum,1.31.11,0,1,188,6,,
b413307f-d5c0-42a0-b40e-9f9b4516eaf3,2587,adeptus,1.31.11,0,1,188,7,,
b413307f-d5c0-42a0-b40e-9f9b4516eaf3,2588,coepit,1.31.11,0,1,188,8,,
b413307f-d5c0-42a0-b40e-9f9b4516eaf3,2589,vesci,1.31.11,0,1,188,9,,
b413307f-d5c0-42a0-b40e-9f9b4516eaf3,2590,singulas,1.31.11,0,1,188,10,,
b413307f-d5c0-42a0-b40e-9f9b4516eaf3,2591,Et,1.31.12,0,1,188,11,,
b413307f-d5c0-42a0-b40e-9f9b4516eaf3,2592,exercere,1.31.12,0,1,188,12,,
b413307f-d5c0-42a0-b40e-9f9b4516eaf3,2593,imperium,1.31.12,0,1,188,13,,
b413307f-d5c0-42a0-b40e-9f9b4516eaf3,2594,saevis,1.31.12,0,1,188,14,,
b413307f-d5c0-42a0-b40e-9f9b4516eaf3,2595,unguibus,1.31.12,0,1,188,15,,
b413307f-d5c0-42a0-b40e-9f9b4516eaf3,2596,.,1.31.12,,4,188,,,
b413307f-d5c0-42a0-b40e-9f9b4516eaf3,2597,Tunc,1.31.13,0,1,189,0,,
b413307f-d5c0-42a0-b40e-9f9b4516eaf3,2598,de,1.31.13,0,1,189,1,,
b413307f-d5c0-42a0-b40e-9f9b4516eaf3,2599,reliquis,1.31.13,0,1,189,2,,
b413307f-d5c0-42a0-b40e-9f9b4516eaf3,2600,una,1.31.13,0,1,189,3,,
b413307f-d5c0-42a0-b40e-9f9b4516eaf3,2601,:,1.31.13,,4,189,,,
b413307f-d5c0-42a0-b40e-9f9b4516eaf3,2602,Merito,1.31.13,0,1,189,4,,
b413307f-d5c0-42a0-b40e-9f9b4516eaf3,2603,plectimur,1.31.13,0,1,189,5,,
b413307f-d5c0-42a0-b40e-9f9b4516eaf3,2604,.,1.31.13,,4,189,,,
b413307f-d5c0-42a0-b40e-9f9b4516eaf3,2605,Liber,2,2,1,190,0,,
b413307f-d5c0-42a0-b40e-9f9b4516eaf3,2606,Secundus,2,2,1,190,1,,
b413307f-d5c0-42a0-b40e-9f9b4516eaf3,2607,Auctor,2.prologus,0,1,191,0,,
b413307f-d5c0-42a0-b40e-9f9b4516eaf3,2608,.,2.prologus,,4,191,,,
b413307f-d5c0-42a0-b40e-9f9b4516eaf3,2609,Exemplis,2.prologus.1,0,1,192,0,,
b413307f-d5c0-42a0-b40e-9f9b4516eaf3,2610,continetur,2.prologus.1,0,1,192,1,,
b413307f-d5c0-42a0-b40e-9f9b4516eaf3,2611,Aesopi,2.prologus.1,1,1,192,2,,
b413307f-d5c0-42a0-b40e-9f9b4516eaf3,2612,genus,2.prologus.1,0,1,192,3,,
b413307f-d5c0-42a0-b40e-9f9b4516eaf3,2613,;,2.prologus.1,,4,192,,,
b413307f-d5c0-42a0-b40e-9f9b4516eaf3,2614,Nec,2.prologus.2,0,1,192,4,,
b413307f-d5c0-42a0-b40e-9f9b4516eaf3,2615,aliud,2.prologus.2,0,1,192,5,,
b413307f-d5c0-42a0-b40e-9f9b4516eaf3,2616,quicquam,2.prologus.2,0,1,192,6,,
b413307f-d5c0-42a0-b40e-9f9b4516eaf3,2617,per,2.prologus.2,0,1,192,7,,
b413307f-d5c0-42a0-b40e-9f9b4516eaf3,2618,fabellas,2.prologus.2,0,1,192,8,,
b413307f-d5c0-42a0-b40e-9f9b4516eaf3,2619,quaeritur,2.prologus.2,0,1,192,9,,
b413307f-d5c0-42a0-b40e-9f9b4516eaf3,2620,Quam,2.prologus.3,0,1,192,10,,
b413307f-d5c0-42a0-b40e-9f9b4516eaf3,2621,corrigatur,2.prologus.3,0,1,192,11,,
b413307f-d5c0-42a0-b40e-9f9b4516eaf3,2622,error,2.prologus.3,0,1,192,12,,
b413307f-d5c0-42a0-b40e-9f9b4516eaf3,2623,ut,2.prologus.3,0,1,192,13,,
b413307f-d5c0-42a0-b40e-9f9b4516eaf3,2624,mortalium,2.prologus.3,0,1,192,14,,
b413307f-d5c0-42a0-b40e-9f9b4516eaf3,2625,Acuatque,2.prologus.4,0,1,192,15,,
b413307f-d5c0-42a0-b40e-9f9b4516eaf3,2626,sese,2.prologus.4,0,1,192,16,,
b413307f-d5c0-42a0-b40e-9f9b4516eaf3,2627,diligens,2.prologus.4,0,1,192,17,,
b413307f-d5c0-42a0-b40e-9f9b4516eaf3,2628,industria,2.prologus.4,0,1,192,18,,
b413307f-d5c0-42a0-b40e-9f9b4516eaf3,2629,.,2.prologus.4,,4,192,,,
b413307f-d5c0-42a0-b40e-9f9b4516eaf3,2630,Quicumque,2.prologus.5,0,1,193,0,,
b413307f-d5c0-42a0-b40e-9f9b4516eaf3,2631,fuerit,2.prologus.5,0,1,193,1,,
b413307f-d5c0-42a0-b40e-9f9b4516eaf3,2632,ergo,2.prologus.5,0,1,193,2,,
b413307f-d5c0-42a0-b40e-9f9b4516eaf3,2633,narrandi,2.prologus.5,0,1,193,3,,
b413307f-d5c0-42a0-b40e-9f9b4516eaf3,2634,iocus,2.prologus.5,0,1,193,4,,
b413307f-d5c0-42a0-b40e-9f9b4516eaf3,2635,",",2.prologus.5,,4,193,,,
b413307f-d5c0-42a0-b40e-9f9b4516eaf3,2636,Dum,2.prologus.6,0,1,193,5,,
b413307f-d5c0-42a0-b40e-9f9b4516eaf3,2637,capiat,2.prologus.6,0,1,193,6,,
b413307f-d5c0-42a0-b40e-9f9b4516eaf3,2638,aurem,2.prologus.6,0,1,193,7,,
b413307f-d5c0-42a0-b40e-9f9b4516eaf3,2639,et,2.prologus.6,0,1,193,8,,
b413307f-d5c0-42a0-b40e-9f9b4516eaf3,2640,servet,2.prologus.6,0,1,193,9,,
b413307f-d5c0-42a0-b40e-9f9b4516eaf3,2641,propositum,2.prologus.6,0,1,193,10,,
b413307f-d5c0-42a0-b40e-9f9b4516eaf3,2642,suum,2.prologus.6,0,1,193,11,,
b413307f-d5c0-42a0-b40e-9f9b4516eaf3,2643,",",2.prologus.6,,4,193,,,
b413307f-d5c0-42a0-b40e-9f9b4516eaf3,2644,Re,2.prologus.7,0,1,193,12,,
b413307f-d5c0-42a0-b40e-9f9b4516eaf3,2645,commendatur,2.prologus.7,0,1,193,13,,
b413307f-d5c0-42a0-b40e-9f9b4516eaf3,2646,",",2.prologus.7,,4,193,,,
b413307f-d5c0-42a0-b40e-9f9b4516eaf3,2647,non,2.prologus.7,0,1,193,14,,
b413307f-d5c0-42a0-b40e-9f9b4516eaf3,2648,auctoris,2.prologus.7,0,1,193,15,,
b413307f-d5c0-42a0-b40e-9f9b4516eaf3,2649,nomine,2.prologus.7,0,1,193,16,,
b413307f-d5c0-42a0-b40e-9f9b4516eaf3,2650,.,2.prologus.7,,4,193,,,
b413307f-d5c0-42a0-b40e-9f9b4516eaf3,2651,Equidem,2.prologus.8,0,1,194,0,,
b413307f-d5c0-42a0-b40e-9f9b4516eaf3,2652,omni,2.prologus.8,0,1,194,1,,
b413307f-d5c0-42a0-b40e-9f9b4516eaf3,2653,cura,2.prologus.8,0,1,194,2,,
b413307f-d5c0-42a0-b40e-9f9b4516eaf3,2654,morem,2.prologus.8,0,1,194,3,,
b413307f-d5c0-42a0-b40e-9f9b4516eaf3,2655,servabo,2.prologus.8,0,1,194,4,,
b413307f-d5c0-42a0-b40e-9f9b4516eaf3,2656,senis,2.prologus.8,0,1,194,5,,
b413307f-d5c0-42a0-b40e-9f9b4516eaf3,2657,;,2.prologus.8,,4,194,,,
b413307f-d5c0-42a0-b40e-9f9b4516eaf3,2658,Sed,2.prologus.9,0,1,194,6,,
b413307f-d5c0-42a0-b40e-9f9b4516eaf3,2659,si,2.prologus.9,0,1,194,7,,
b413307f-d5c0-42a0-b40e-9f9b4516eaf3,2660,libuerit,2.prologus.9,0,1,194,8,,
b413307f-d5c0-42a0-b40e-9f9b4516eaf3,2661,aliquid,2.prologus.9,0,1,194,9,,
b413307f-d5c0-42a0-b40e-9f9b4516eaf3,2662,interponere,2.prologus.9,0,1,194,10,,
b413307f-d5c0-42a0-b40e-9f9b4516eaf3,2663,",",2.prologus.9,,4,194,,,
b413307f-d5c0-42a0-b40e-9f9b4516eaf3,2664,Dictorum,2.prologus.10,0,1,194,11,,
b413307f-d5c0-42a0-b40e-9f9b4516eaf3,2665,sensus,2.prologus.10,0,1,194,12,,
b413307f-d5c0-42a0-b40e-9f9b4516eaf3,2666,ut,2.prologus.10,0,1,194,13,,
b413307f-d5c0-42a0-b40e-9f9b4516eaf3,2667,delectet,2.prologus.10,0,1,194,14,,
b413307f-d5c0-42a0-b40e-9f9b4516eaf3,2668,varietas,2.prologus.10,0,1,194,15,,
b413307f-d5c0-42a0-b40e-9f9b4516eaf3,2669,",",2.prologus.10,,4,194,,,
b413307f-d5c0-42a0-b40e-9f9b4516eaf3,2670,Bonas,2.prologus.11,0,1,194,16,,
b413307f-d5c0-42a0-b40e-9f9b4516eaf3,2671,in,2.prologus.11,0,1,194,17,,
b413307f-d5c0-42a0-b40e-9f9b4516eaf3,2672,partes,2.prologus.11,0,1,194,18,,
b413307f-d5c0-42a0-b40e-9f9b4516eaf3,2673,",",2.prologus.11,,4,194,,,
b413307f-d5c0-42a0-b40e-9f9b4516eaf3,2674,lector,2.prologus.11,0,1,194,19,,
b413307f-d5c0-42a0-b40e-9f9b4516eaf3,2675,",",2.prologus.11,,4,194,,,
b413307f-d5c0-42a0-b40e-9f9b4516eaf3,2676,accipias,2.prologus.11,0,1,194,20,,
b413307f-d5c0-42a0-b40e-9f9b4516eaf3,2677,velim,2.prologus.11,0,1,194,21,,
b413307f-d5c0-42a0-b40e-9f9b4516eaf3,2678,",",2.prologus.11,,4,194,,,
b413307f-d5c0-42a0-b40e-9f9b4516eaf3,2679,Ita,2.prologus.12,0,1,194,22,,
b413307f-d5c0-42a0-b40e-9f9b4516eaf3,2680,si,2.prologus.12,0,1,194,23,,
b413307f-d5c0-42a0-b40e-9f9b4516eaf3,2681,rependet,2.prologus.12,0,1,194,24,,
b413307f-d5c0-42a0-b40e-9f9b4516eaf3,2682,illi,2.prologus.12,0,1,194,25,,
b413307f-d5c0-42a0-b40e-9f9b4516eaf3,2683,brevitas,2.prologus.12,0,1,194,26,,
b413307f-d5c0-42a0-b40e-9f9b4516eaf3,2684,gratiam,2.prologus.12,0,1,194,27,,
b413307f-d5c0-42a0-b40e-9f9b4516eaf3,2685,.,2.prologus.12,,4,194,,,
b413307f-d5c0-42a0-b40e-9f9b4516eaf3,2686,Cuius,2.prologus.13,0,1,195,0,,
b413307f-d5c0-42a0-b40e-9f9b4516eaf3,2687,verbosa,2.prologus.13,0,1,195,1,,
b413307f-d5c0-42a0-b40e-9f9b4516eaf3,2688,ne,2.prologus.13,0,1,195,2,,
b413307f-d5c0-42a0-b40e-9f9b4516eaf3,2689,sit,2.prologus.13,0,1,195,3,,
b413307f-d5c0-42a0-b40e-9f9b4516eaf3,2690,commendatio,2.prologus.13,0,1,195,4,,
b413307f-d5c0-42a0-b40e-9f9b4516eaf3,2691,",",2.prologus.13,,4,195,,,
b413307f-d5c0-42a0-b40e-9f9b4516eaf3,2692,Attende,2.prologus.14,0,1,195,5,,
b413307f-d5c0-42a0-b40e-9f9b4516eaf3,2693,",",2.prologus.14,,4,195,,,
b413307f-d5c0-42a0-b40e-9f9b4516eaf3,2694,cur,2.prologus.14,0,1,195,6,,
b413307f-d5c0-42a0-b40e-9f9b4516eaf3,2695,negare,2.prologus.14,0,1,195,7,,
b413307f-d5c0-42a0-b40e-9f9b4516eaf3,2696,cupidis,2.prologus.14,0,1,195,8,,
b413307f-d5c0-42a0-b40e-9f9b4516eaf3,2697,debeas,2.prologus.14,0,1,195,9,,
b413307f-d5c0-42a0-b40e-9f9b4516eaf3,2698,",",2.prologus.14,,4,195,,,
b413307f-d5c0-42a0-b40e-9f9b4516eaf3,2699,Modestis,2.prologus.15,0,1,195,10,,
b413307f-d5c0-42a0-b40e-9f9b4516eaf3,2700,etiam,2.prologus.15,0,1,195,11,,
b413307f-d5c0-42a0-b40e-9f9b4516eaf3,2701,offerre,2.prologus.15,0,1,195,12,,
b413307f-d5c0-42a0-b40e-9f9b4516eaf3,2702,quod,2.prologus.15,0,1,195,13,,
b413307f-d5c0-42a0-b40e-9f9b4516eaf3,2703,non,2.prologus.15,0,1,195,14,,
b413307f-d5c0-42a0-b40e-9f9b4516eaf3,2704,petierint,2.prologus.15,0,1,195,15,,
b413307f-d5c0-42a0-b40e-9f9b4516eaf3,2705,.,2.prologus.15,,4,195,,,
b413307f-d5c0-42a0-b40e-9f9b4516eaf3,2706,Iuvencus,2.1,2,1,196,0,,
b413307f-d5c0-42a0-b40e-9f9b4516eaf3,2707,",",2.1,,4,196,,,
b413307f-d5c0-42a0-b40e-9f9b4516eaf3,2708,leo,2.1,0,1,196,1,,
b413307f-d5c0-42a0-b40e-9f9b4516eaf3,2709,",",2.1,,4,196,,,
b413307f-d5c0-42a0-b40e-9f9b4516eaf3,2710,et,2.1,0,1,196,2,,
b413307f-d5c0-42a0-b40e-9f9b4516eaf3,2711,praedator,2.1,0,1,196,3,,
b413307f-d5c0-42a0-b40e-9f9b4516eaf3,2712,.,2.1,,4,196,,,
b413307f-d5c0-42a0-b40e-9f9b4516eaf3,2713,Super,2.1.1,0,1,197,0,,
b413307f-d5c0-42a0-b40e-9f9b4516eaf3,2714,iuvencum,2.1.1,0,1,197,1,,
b413307f-d5c0-42a0-b40e-9f9b4516eaf3,2715,stabat,2.1.1,0,1,197,2,,
b413307f-d5c0-42a0-b40e-9f9b4516eaf3,2716,deiectum,2.1.1,0,1,197,3,,
b413307f-d5c0-42a0-b40e-9f9b4516eaf3,2717,leo,2.1.1,0,1,197,4,,
b413307f-d5c0-42a0-b40e-9f9b4516eaf3,2718,.,2.1.1,,4,197,,,
b413307f-d5c0-42a0-b40e-9f9b4516eaf3,2719,Praedator,2.1.2,0,1,198,0,,
b413307f-d5c0-42a0-b40e-9f9b4516eaf3,2720,intervenit,2.1.2,0,1,198,1,,
b413307f-d5c0-42a0-b40e-9f9b4516eaf3,2721,partem,2.1.2,0,1,198,2,,
b413307f-d5c0-42a0-b40e-9f9b4516eaf3,2722,postulans,2.1.2,0,1,198,3,,
b413307f-d5c0-42a0-b40e-9f9b4516eaf3,2723,.,2.1.2,,4,198,,,
b413307f-d5c0-42a0-b40e-9f9b4516eaf3,2724,Darem,2.1.3,0,1,199,0,,
b413307f-d5c0-42a0-b40e-9f9b4516eaf3,2725,inquit,2.1.3,0,1,199,1,,
b413307f-d5c0-42a0-b40e-9f9b4516eaf3,2726,nisi,2.1.3,0,1,199,2,,
b413307f-d5c0-42a0-b40e-9f9b4516eaf3,2727,soleres,2.1.3,0,1,199,3,,
b413307f-d5c0-42a0-b40e-9f9b4516eaf3,2728,per,2.1.3,0,1,199,4,,
b413307f-d5c0-42a0-b40e-9f9b4516eaf3,2729,te,2.1.3,0,1,199,5,,
b413307f-d5c0-42a0-b40e-9f9b4516eaf3,2730,sumere,2.1.3,0,1,199,6,,
b413307f-d5c0-42a0-b40e-9f9b4516eaf3,2731,:,2.1.3,,4,199,,,
b413307f-d5c0-42a0-b40e-9f9b4516eaf3,2732,Et,2.1.4,0,1,199,7,,
b413307f-d5c0-42a0-b40e-9f9b4516eaf3,2733,improbum,2.1.4,0,1,199,8,,
b413307f-d5c0-42a0-b40e-9f9b4516eaf3,2734,reiecit,2.1.4,0,1,199,9,,
b413307f-d5c0-42a0-b40e-9f9b4516eaf3,2735,.,2.1.4,,4,199,,,
b413307f-d5c0-42a0-b40e-9f9b4516eaf3,2736,Forte,2.1.4,0,1,200,0,,
b413307f-d5c0-42a0-b40e-9f9b4516eaf3,2737,innoxius,2.1.4,0,1,200,1,,
b413307f-d5c0-42a0-b40e-9f9b4516eaf3,2738,Viator,2.1.5,0,1,200,2,,
b413307f-d5c0-42a0-b40e-9f9b4516eaf3,2739,est,2.1.5,0,1,200,3,,
b413307f-d5c0-42a0-b40e-9f9b4516eaf3,2740,deductus,2.1.5,0,1,200,4,,
b413307f-d5c0-42a0-b40e-9f9b4516eaf3,2741,in,2.1.5,0,1,200,5,,
b413307f-d5c0-42a0-b40e-9f9b4516eaf3,2742,eundem,2.1.5,0,1,200,6,,
b413307f-d5c0-42a0-b40e-9f9b4516eaf3,2743,locum,2.1.5,0,1,200,7,,
b413307f-d5c0-42a0-b40e-9f9b4516eaf3,2744,Feroque,2.1.6,0,1,200,8,,
b413307f-d5c0-42a0-b40e-9f9b4516eaf3,2745,viso,2.1.6,0,1,200,9,,
b413307f-d5c0-42a0-b40e-9f9b4516eaf3,2746,rettulit,2.1.6,0,1,200,10,,
b413307f-d5c0-42a0-b40e-9f9b4516eaf3,2747,retro,2.1.6,0,1,200,11,,
b413307f-d5c0-42a0-b40e-9f9b4516eaf3,2748,pedem,2.1.6,0,1,200,12,,
b413307f-d5c0-42a0-b40e-9f9b4516eaf3,2749,.,2.1.6,,4,200,,,
b413307f-d5c0-42a0-b40e-9f9b4516eaf3,2750,Cui,2.1.7,0,1,201,0,,
b413307f-d5c0-42a0-b40e-9f9b4516eaf3,2751,placidus,2.1.7,0,1,201,1,,
b413307f-d5c0-42a0-b40e-9f9b4516eaf3,2752,ille,2.1.7,0,1,201,2,,
b413307f-d5c0-42a0-b40e-9f9b4516eaf3,2753,:,2.1.7,,4,201,,,
b413307f-d5c0-42a0-b40e-9f9b4516eaf3,2754,Non,2.1.7,0,1,201,3,,
b413307f-d5c0-42a0-b40e-9f9b4516eaf3,2755,est,2.1.7,0,1,201,4,,
b413307f-d5c0-42a0-b40e-9f9b4516eaf3,2756,quod,2.1.7,0,1,201,5,,
b413307f-d5c0-42a0-b40e-9f9b4516eaf3,2757,timeas,2.1.7,0,1,201,6,,
b413307f-d5c0-42a0-b40e-9f9b4516eaf3,2758,ait,2.1.7,0,1,201,7,,
b413307f-d5c0-42a0-b40e-9f9b4516eaf3,2759,;,2.1.7,,4,201,,,
b413307f-d5c0-42a0-b40e-9f9b4516eaf3,2760,Et,2.1.8,0,1,201,8,,
b413307f-d5c0-42a0-b40e-9f9b4516eaf3,2761,",",2.1.8,,4,201,,,
b413307f-d5c0-42a0-b40e-9f9b4516eaf3,2762,quae,2.1.8,0,1,201,9,,
b413307f-d5c0-42a0-b40e-9f9b4516eaf3,2763,debetur,2.1.8,0,1,201,10,,
b413307f-d5c0-42a0-b40e-9f9b4516eaf3,2764,pars,2.1.8,0,1,201,11,,
b413307f-d5c0-42a0-b40e-9f9b4516eaf3,2765,tuae,2.1.8,0,1,201,12,,
b413307f-d5c0-42a0-b40e-9f9b4516eaf3,2766,modestiae,2.1.8,0,1,201,13,,
b413307f-d5c0-42a0-b40e-9f9b4516eaf3,2767,",",2.1.8,,4,201,,,
b413307f-d5c0-42a0-b40e-9f9b4516eaf3,2768,Audacter,2.1.9,0,1,201,14,,
b413307f-d5c0-42a0-b40e-9f9b4516eaf3,2769,tolle,2.1.9,0,1,201,15,,
b413307f-d5c0-42a0-b40e-9f9b4516eaf3,2770,.,2.1.9,,4,201,,,
b413307f-d5c0-42a0-b40e-9f9b4516eaf3,2771,Tunc,2.1.9,0,1,202,0,,
b413307f-d5c0-42a0-b40e-9f9b4516eaf3,2772,diviso,2.1.9,0,1,202,1,,
b413307f-d5c0-42a0-b40e-9f9b4516eaf3,2773,tergore,2.1.9,0,1,202,2,,
b413307f-d5c0-42a0-b40e-9f9b4516eaf3,2774,Silvas,2.1.10,0,1,202,3,,
b413307f-d5c0-42a0-b40e-9f9b4516eaf3,2775,petivit,2.1.10,0,1,202,4,,
b413307f-d5c0-42a0-b40e-9f9b4516eaf3,2776,",",2.1.10,,4,202,,,
b413307f-d5c0-42a0-b40e-9f9b4516eaf3,2777,homini,2.1.10,0,1,202,5,,
b413307f-d5c0-42a0-b40e-9f9b4516eaf3,2778,ut,2.1.10,0,1,202,6,,
b413307f-d5c0-42a0-b40e-9f9b4516eaf3,2779,accessum,2.1.10,0,1,202,7,,
b413307f-d5c0-42a0-b40e-9f9b4516eaf3,2780,daret,2.1.10,0,1,202,8,,
b413307f-d5c0-42a0-b40e-9f9b4516eaf3,2781,.,2.1.10,,4,202,,,
b413307f-d5c0-42a0-b40e-9f9b4516eaf3,2782,Exemplum,2.1.11,0,1,203,0,,
b413307f-d5c0-42a0-b40e-9f9b4516eaf3,2783,egregium,2.1.11,0,1,203,1,,
b413307f-d5c0-42a0-b40e-9f9b4516eaf3,2784,prorsus,2.1.11,0,1,203,2,,
b413307f-d5c0-42a0-b40e-9f9b4516eaf3,2785,et,2.1.11,0,1,203,3,,
b413307f-d5c0-42a0-b40e-9f9b4516eaf3,2786,laudabile,2.1.11,0,1,203,4,,
b413307f-d5c0-42a0-b40e-9f9b4516eaf3,2787,;,2.1.11,,4,203,,,
b413307f-d5c0-42a0-b40e-9f9b4516eaf3,2788,Verum,2.1.12,0,1,203,5,,
b413307f-d5c0-42a0-b40e-9f9b4516eaf3,2789,est,2.1.12,0,1,203,6,,
b413307f-d5c0-42a0-b40e-9f9b4516eaf3,2790,aviditas,2.1.12,0,1,203,7,,
b413307f-d5c0-42a0-b40e-9f9b4516eaf3,2791,dives,2.1.12,0,1,203,8,,
b413307f-d5c0-42a0-b40e-9f9b4516eaf3,2792,et,2.1.12,0,1,203,9,,
b413307f-d5c0-42a0-b40e-9f9b4516eaf3,2793,pauper,2.1.12,0,1,203,10,,
b413307f-d5c0-42a0-b40e-9f9b4516eaf3,2794,pudor,2.1.12,0,1,203,11,,
b413307f-d5c0-42a0-b40e-9f9b4516eaf3,2795,.,2.1.12,,4,203,,,
b413307f-d5c0-42a0-b40e-9f9b4516eaf3,2796,Anus,2.2,0,1,204,0,,
b413307f-d5c0-42a0-b40e-9f9b4516eaf3,2797,diligens,2.2,0,1,204,1,,
b413307f-d5c0-42a0-b40e-9f9b4516eaf3,2798,iuvenem,2.2,0,1,204,2,,
b413307f-d5c0-42a0-b40e-9f9b4516eaf3,2799,",",2.2,,4,204,,,
b413307f-d5c0-42a0-b40e-9f9b4516eaf3,2800,item,2.2,0,1,204,3,,
b413307f-d5c0-42a0-b40e-9f9b4516eaf3,2801,puella,2.2,0,1,204,4,,
b413307f-d5c0-42a0-b40e-9f9b4516eaf3,2802,.,2.2,,4,204,,,
b413307f-d5c0-42a0-b40e-9f9b4516eaf3,2803,A,2.2.1,0,1,205,0,,
b413307f-d5c0-42a0-b40e-9f9b4516eaf3,2804,feminis,2.2.1,0,1,205,1,,
b413307f-d5c0-42a0-b40e-9f9b4516eaf3,2805,utcumque,2.2.1,0,1,205,2,,
b413307f-d5c0-42a0-b40e-9f9b4516eaf3,2806,spoliari,2.2.1,0,1,205,3,,
b413307f-d5c0-42a0-b40e-9f9b4516eaf3,2807,viros,2.2.1,0,1,205,4,,
b413307f-d5c0-42a0-b40e-9f9b4516eaf3,2808,",",2.2.1,,4,205,,,
b413307f-d5c0-42a0-b40e-9f9b4516eaf3,2809,Ament,2.2.2,0,1,205,5,,
b413307f-d5c0-42a0-b40e-9f9b4516eaf3,2810,",",2.2.2,,4,205,,,
b413307f-d5c0-42a0-b40e-9f9b4516eaf3,2811,amentur,2.2.2,0,1,205,6,,
b413307f-d5c0-42a0-b40e-9f9b4516eaf3,2812,",",2.2.2,,4,205,,,
b413307f-d5c0-42a0-b40e-9f9b4516eaf3,2813,nempe,2.2.2,0,1,205,7,,
b413307f-d5c0-42a0-b40e-9f9b4516eaf3,2814,exemplis,2.2.2,0,1,205,8,,
b413307f-d5c0-42a0-b40e-9f9b4516eaf3,2815,discimus,2.2.2,0,1,205,9,,
b413307f-d5c0-42a0-b40e-9f9b4516eaf3,2816,.,2.2.2,,4,205,,,
b413307f-d5c0-42a0-b40e-9f9b4516eaf3,2817,Aetatis,2.2.3,0,1,206,0,,
b413307f-d5c0-42a0-b40e-9f9b4516eaf3,2818,mediae,2.2.3,0,1,206,1,,
b413307f-d5c0-42a0-b40e-9f9b4516eaf3,2819,quendam,2.2.3,0,1,206,2,,
b413307f-d5c0-42a0-b40e-9f9b4516eaf3,2820,mulier,2.2.3,0,1,206,3,,
b413307f-d5c0-42a0-b40e-9f9b4516eaf3,2821,non,2.2.3,0,1,206,4,,
b413307f-d5c0-42a0-b40e-9f9b4516eaf3,2822,rudis,2.2.3,0,1,206,5,,
b413307f-d5c0-42a0-b40e-9f9b4516eaf3,2823,Tenebat,2.2.4,0,1,206,6,,
b413307f-d5c0-42a0-b40e-9f9b4516eaf3,2824,annos,2.2.4,0,1,206,7,,
b413307f-d5c0-42a0-b40e-9f9b4516eaf3,2825,celans,2.2.4,0,1,206,8,,
b413307f-d5c0-42a0-b40e-9f9b4516eaf3,2826,elegantia,2.2.4,0,1,206,9,,
b413307f-d5c0-42a0-b40e-9f9b4516eaf3,2827,",",2.2.4,,4,206,,,
b413307f-d5c0-42a0-b40e-9f9b4516eaf3,2828,Animosque,2.2.5,0,1,206,10,,
b413307f-d5c0-42a0-b40e-9f9b4516eaf3,2829,eiusdem,2.2.5,0,1,206,11,,
b413307f-d5c0-42a0-b40e-9f9b4516eaf3,2830,pulchra,2.2.5,0,1,206,12,,
b413307f-d5c0-42a0-b40e-9f9b4516eaf3,2831,iuvenis,2.2.5,0,1,206,13,,
b413307f-d5c0-42a0-b40e-9f9b4516eaf3,2832,ceperat,2.2.5,0,1,206,14,,
b413307f-d5c0-42a0-b40e-9f9b4516eaf3,2833,.,2.2.5,,4,206,,,
b413307f-d5c0-42a0-b40e-9f9b4516eaf3,2834,Ambae,2.2.6,0,1,207,0,,
b413307f-d5c0-42a0-b40e-9f9b4516eaf3,2835,",",2.2.6,,4,207,,,
b413307f-d5c0-42a0-b40e-9f9b4516eaf3,2836,videri,2.2.6,0,1,207,1,,
b413307f-d5c0-42a0-b40e-9f9b4516eaf3,2837,dum,2.2.6,0,1,207,2,,
b413307f-d5c0-42a0-b40e-9f9b4516eaf3,2838,volunt,2.2.6,0,1,207,3,,
b413307f-d5c0-42a0-b40e-9f9b4516eaf3,2839,illi,2.2.6,0,1,207,4,,
b413307f-d5c0-42a0-b40e-9f9b4516eaf3,2840,pares,2.2.6,0,1,207,5,,
b413307f-d5c0-42a0-b40e-9f9b4516eaf3,2841,",",2.2.6,,4,207,,,
b413307f-d5c0-42a0-b40e-9f9b4516eaf3,2842,Capillos,2.2.7,0,1,207,6,,
b413307f-d5c0-42a0-b40e-9f9b4516eaf3,2843,homini,2.2.7,0,1,207,7,,
b413307f-d5c0-42a0-b40e-9f9b4516eaf3,2844,legere,2.2.7,0,1,207,8,,
b413307f-d5c0-42a0-b40e-9f9b4516eaf3,2845,coepere,2.2.7,0,1,207,9,,
b413307f-d5c0-42a0-b40e-9f9b4516eaf3,2846,invicem,2.2.7,0,1,207,10,,
b413307f-d5c0-42a0-b40e-9f9b4516eaf3,2847,.,2.2.7,,4,207,,,
b413307f-d5c0-42a0-b40e-9f9b4516eaf3,2848,Qui,2.2.8,0,1,208,0,,
b413307f-d5c0-42a0-b40e-9f9b4516eaf3,2849,se,2.2.8,0,1,208,1,,
b413307f-d5c0-42a0-b40e-9f9b4516eaf3,2850,putaret,2.2.8,0,1,208,2,,
b413307f-d5c0-42a0-b40e-9f9b4516eaf3,2851,fingi,2.2.8,0,1,208,3,,
b413307f-d5c0-42a0-b40e-9f9b4516eaf3,2852,cura,2.2.8,0,1,208,4,,
b413307f-d5c0-42a0-b40e-9f9b4516eaf3,2853,mulierum,2.2.8,0,1,208,5,,
b413307f-d5c0-42a0-b40e-9f9b4516eaf3,2854,",",2.2.8,,4,208,,,
b413307f-d5c0-42a0-b40e-9f9b4516eaf3,2855,Calvus,2.2.9,2,1,208,6,,
b413307f-d5c0-42a0-b40e-9f9b4516eaf3,2856,repente,2.2.9,0,1,208,7,,
b413307f-d5c0-42a0-b40e-9f9b4516eaf3,2857,factus,2.2.9,0,1,208,8,,
b413307f-d5c0-42a0-b40e-9f9b4516eaf3,2858,est,2.2.9,0,1,208,9,,
b413307f-d5c0-42a0-b40e-9f9b4516eaf3,2859,;,2.2.9,,4,208,,,
b413307f-d5c0-42a0-b40e-9f9b4516eaf3,2860,nam,2.2.9,0,1,208,10,,
b413307f-d5c0-42a0-b40e-9f9b4516eaf3,2861,funditus,2.2.9,0,1,208,11,,
b413307f-d5c0-42a0-b40e-9f9b4516eaf3,2862,Canos,2.2.10,0,1,208,12,,
b413307f-d5c0-42a0-b40e-9f9b4516eaf3,2863,puella,2.2.10,0,1,208,13,,
b413307f-d5c0-42a0-b40e-9f9b4516eaf3,2864,",",2.2.10,,4,208,,,
b413307f-d5c0-42a0-b40e-9f9b4516eaf3,2865,nigros,2.2.10,0,1,208,14,,
b413307f-d5c0-42a0-b40e-9f9b4516eaf3,2866,anus,2.2.10,0,1,208,15,,
b413307f-d5c0-42a0-b40e-9f9b4516eaf3,2867,evellerat,2.2.10,0,1,208,16,,
b413307f-d5c0-42a0-b40e-9f9b4516eaf3,2868,.,2.2.10,,4,208,,,
b413307f-d5c0-42a0-b40e-9f9b4516eaf3,2869,Aesopus,2.3,1,1,209,0,,
b413307f-d5c0-42a0-b40e-9f9b4516eaf3,2870,ad,2.3,0,1,209,1,,
b413307f-d5c0-42a0-b40e-9f9b4516eaf3,2871,quendam,2.3,0,1,209,2,,
b413307f-d5c0-42a0-b40e-9f9b4516eaf3,2872,de,2.3,0,1,209,3,,
b413307f-d5c0-42a0-b40e-9f9b4516eaf3,2873,successu,2.3,0,1,209,4,,
b413307f-d5c0-42a0-b40e-9f9b4516eaf3,2874,improborum,2.3,0,1,209,5,,
b413307f-d5c0-42a0-b40e-9f9b4516eaf3,2875,.,2.3,,4,209,,,
b413307f-d5c0-42a0-b40e-9f9b4516eaf3,2876,Laceratus,2.3.1,0,1,210,0,,
b413307f-d5c0-42a0-b40e-9f9b4516eaf3,2877,quidam,2.3.1,0,1,210,1,,
b413307f-d5c0-42a0-b40e-9f9b4516eaf3,2878,morsu,2.3.1,0,1,210,2,,
b413307f-d5c0-42a0-b40e-9f9b4516eaf3,2879,vehementis,2.3.1,0,1,210,3,,
b413307f-d5c0-42a0-b40e-9f9b4516eaf3,2880,canis,2.3.1,0,1,210,4,,
b413307f-d5c0-42a0-b40e-9f9b4516eaf3,2881,Tinctum,2.3.2,0,1,210,5,,
b413307f-d5c0-42a0-b40e-9f9b4516eaf3,2882,cruore,2.3.2,0,1,210,6,,
b413307f-d5c0-42a0-b40e-9f9b4516eaf3,2883,panem,2.3.2,0,1,210,7,,
b413307f-d5c0-42a0-b40e-9f9b4516eaf3,2884,misit,2.3.2,0,1,210,8,,
b413307f-d5c0-42a0-b40e-9f9b4516eaf3,2885,malefico,2.3.2,0,1,210,9,,
b413307f-d5c0-42a0-b40e-9f9b4516eaf3,2886,",",2.3.2,,4,210,,,
b413307f-d5c0-42a0-b40e-9f9b4516eaf3,2887,Audierat,2.3.3,0,1,210,10,,
b413307f-d5c0-42a0-b40e-9f9b4516eaf3,2888,esse,2.3.3,0,1,210,11,,
b413307f-d5c0-42a0-b40e-9f9b4516eaf3,2889,quod,2.3.3,0,1,210,12,,
b413307f-d5c0-42a0-b40e-9f9b4516eaf3,2890,remedium,2.3.3,0,1,210,13,,
b413307f-d5c0-42a0-b40e-9f9b4516eaf3,2891,vulneris,2.3.3,0,1,210,14,,
b413307f-d5c0-42a0-b40e-9f9b4516eaf3,2892,.,2.3.3,,4,210,,,
b413307f-d5c0-42a0-b40e-9f9b4516eaf3,2893,Tunc,2.3.4,0,1,211,0,,
b413307f-d5c0-42a0-b40e-9f9b4516eaf3,2894,sic,2.3.4,0,1,211,1,,
b413307f-d5c0-42a0-b40e-9f9b4516eaf3,2895,Aesopus,2.3.4,1,1,211,2,,
b413307f-d5c0-42a0-b40e-9f9b4516eaf3,2896,:,2.3.4,,4,211,,,
b413307f-d5c0-42a0-b40e-9f9b4516eaf3,2897,Noli,2.3.4,0,1,211,3,,
b413307f-d5c0-42a0-b40e-9f9b4516eaf3,2898,coram,2.3.4,0,1,211,4,,
b413307f-d5c0-42a0-b40e-9f9b4516eaf3,2899,pluribus,2.3.4,0,1,211,5,,
b413307f-d5c0-42a0-b40e-9f9b4516eaf3,2900,Hoc,2.3.5,0,1,211,6,,
b413307f-d5c0-42a0-b40e-9f9b4516eaf3,2901,facere,2.3.5,0,1,211,7,,
b413307f-d5c0-42a0-b40e-9f9b4516eaf3,2902,canibus,2.3.5,0,1,211,8,,
b413307f-d5c0-42a0-b40e-9f9b4516eaf3,2903,",",2.3.5,,4,211,,,
b413307f-d5c0-42a0-b40e-9f9b4516eaf3,2904,ne,2.3.5,0,1,211,9,,
b413307f-d5c0-42a0-b40e-9f9b4516eaf3,2905,nos,2.3.5,0,1,211,10,,
b413307f-d5c0-42a0-b40e-9f9b4516eaf3,2906,vivos,2.3.5,0,1,211,11,,
b413307f-d5c0-42a0-b40e-9f9b4516eaf3,2907,devorent,2.3.5,0,1,211,12,,
b413307f-d5c0-42a0-b40e-9f9b4516eaf3,2908,",",2.3.5,,4,211,,,
b413307f-d5c0-42a0-b40e-9f9b4516eaf3,2909,Cum,2.3.6,2,1,211,13,,
b413307f-d5c0-42a0-b40e-9f9b4516eaf3,2910,scierint,2.3.6,0,1,211,14,,
b413307f-d5c0-42a0-b40e-9f9b4516eaf3,2911,esse,2.3.6,0,1,211,15,,
b413307f-d5c0-42a0-b40e-9f9b4516eaf3,2912,tale,2.3.6,0,1,211,16,,
b413307f-d5c0-42a0-b40e-9f9b4516eaf3,2913,culpae,2.3.6,0,1,211,17,,
b413307f-d5c0-42a0-b40e-9f9b4516eaf3,2914,praemium,2.3.6,0,1,211,18,,
b413307f-d5c0-42a0-b40e-9f9b4516eaf3,2915,.,2.3.6,,4,211,,,
b413307f-d5c0-42a0-b40e-9f9b4516eaf3,2916,Successus,2.3.7,0,1,212,0,,
b413307f-d5c0-42a0-b40e-9f9b4516eaf3,2917,improborum,2.3.7,0,1,212,1,,
b413307f-d5c0-42a0-b40e-9f9b4516eaf3,2918,plures,2.3.7,0,1,212,2,,
b413307f-d5c0-42a0-b40e-9f9b4516eaf3,2919,allicit,2.3.7,0,1,212,3,,
b413307f-d5c0-42a0-b40e-9f9b4516eaf3,2920,.,2.3.7,,4,212,,,
b413307f-d5c0-42a0-b40e-9f9b4516eaf3,2921,Aquila,2.4,2,1,213,0,,
b413307f-d5c0-42a0-b40e-9f9b4516eaf3,2922,",",2.4,,4,213,,,
b413307f-d5c0-42a0-b40e-9f9b4516eaf3,2923,feles,2.4,0,1,213,1,,
b413307f-d5c0-42a0-b40e-9f9b4516eaf3,2924,",",2.4,,4,213,,,
b413307f-d5c0-42a0-b40e-9f9b4516eaf3,2925,et,2.4,0,1,213,2,,
b413307f-d5c0-42a0-b40e-9f9b4516eaf3,2926,aper,2.4,0,1,213,3,,
b413307f-d5c0-42a0-b40e-9f9b4516eaf3,2927,.,2.4,,4,213,,,
b413307f-d5c0-42a0-b40e-9f9b4516eaf3,2928,Aquila,2.4.1,2,1,214,0,,
b413307f-d5c0-42a0-b40e-9f9b4516eaf3,2929,in,2.4.1,0,1,214,1,,
b413307f-d5c0-42a0-b40e-9f9b4516eaf3,2930,sublimi,2.4.1,0,1,214,2,,
b413307f-d5c0-42a0-b40e-9f9b4516eaf3,2931,quercu,2.4.1,0,1,214,3,,
b413307f-d5c0-42a0-b40e-9f9b4516eaf3,2932,nidum,2.4.1,0,1,214,4,,
b413307f-d5c0-42a0-b40e-9f9b4516eaf3,2933,fecerat,2.4.1,0,1,214,5,,
b413307f-d5c0-42a0-b40e-9f9b4516eaf3,2934,;,2.4.1,,4,214,,,
b413307f-d5c0-42a0-b40e-9f9b4516eaf3,2935,Feles,2.4.2,0,1,214,6,,
b413307f-d5c0-42a0-b40e-9f9b4516eaf3,2936,cavernam,2.4.2,0,1,214,7,,
b413307f-d5c0-42a0-b40e-9f9b4516eaf3,2937,nancta,2.4.2,0,1,214,8,,
b413307f-d5c0-42a0-b40e-9f9b4516eaf3,2938,in,2.4.2,0,1,214,9,,
b413307f-d5c0-42a0-b40e-9f9b4516eaf3,2939,media,2.4.2,0,1,214,10,,
b413307f-d5c0-42a0-b40e-9f9b4516eaf3,2940,pepererat,2.4.2,0,1,214,11,,
b413307f-d5c0-42a0-b40e-9f9b4516eaf3,2941,;,2.4.2,,4,214,,,
b413307f-d5c0-42a0-b40e-9f9b4516eaf3,2942,Sus,2.4.3,0,1,214,12,,
b413307f-d5c0-42a0-b40e-9f9b4516eaf3,2943,nemoris,2.4.3,0,1,214,13,,
b413307f-d5c0-42a0-b40e-9f9b4516eaf3,2944,cultrix,2.4.3,0,1,214,14,,
b413307f-d5c0-42a0-b40e-9f9b4516eaf3,2945,fetum,2.4.3,0,1,214,15,,
b413307f-d5c0-42a0-b40e-9f9b4516eaf3,2946,ad,2.4.3,0,1,214,16,,
b413307f-d5c0-42a0-b40e-9f9b4516eaf3,2947,imam,2.4.3,0,1,214,17,,
b413307f-d5c0-42a0-b40e-9f9b4516eaf3,2948,posuerat,2.4.3,0,1,214,18,,
b413307f-d5c0-42a0-b40e-9f9b4516eaf3,2949,.,2.4.3,,4,214,,,
b413307f-d5c0-42a0-b40e-9f9b4516eaf3,2950,Tum,2.4.4,0,1,215,0,,
b413307f-d5c0-42a0-b40e-9f9b4516eaf3,2951,fortuitum,2.4.4,0,1,215,1,,
b413307f-d5c0-42a0-b40e-9f9b4516eaf3,2952,feles,2.4.4,0,1,215,2,,
b413307f-d5c0-42a0-b40e-9f9b4516eaf3,2953,contubernium,2.4.4,0,1,215,3,,
b413307f-d5c0-42a0-b40e-9f9b4516eaf3,2954,Fraude,2.4.5,2,1,215,4,,
b413307f-d5c0-42a0-b40e-9f9b4516eaf3,2955,et,2.4.5,0,1,215,5,,
b413307f-d5c0-42a0-b40e-9f9b4516eaf3,2956,scelesta,2.4.5,0,1,215,6,,
b413307f-d5c0-42a0-b40e-9f9b4516eaf3,2957,sic,2.4.5,0,1,215,7,,
b413307f-d5c0-42a0-b40e-9f9b4516eaf3,2958,evertit,2.4.5,0,1,215,8,,
b413307f-d5c0-42a0-b40e-9f9b4516eaf3,2959,malitia,2.4.5,0,1,215,9,,
b413307f-d5c0-42a0-b40e-9f9b4516eaf3,2960,.,2.4.5,,4,215,,,
b413307f-d5c0-42a0-b40e-9f9b4516eaf3,2961,Ad,2.4.6,0,1,216,0,,
b413307f-d5c0-42a0-b40e-9f9b4516eaf3,2962,nidum,2.4.6,0,1,216,1,,
b413307f-d5c0-42a0-b40e-9f9b4516eaf3,2963,scandit,2.4.6,0,1,216,2,,
b413307f-d5c0-42a0-b40e-9f9b4516eaf3,2964,volucris,2.4.6,0,1,216,3,,
b413307f-d5c0-42a0-b40e-9f9b4516eaf3,2965,:,2.4.6,,4,216,,,
b413307f-d5c0-42a0-b40e-9f9b4516eaf3,2966,Pernicies,2.4.6,0,1,216,4,,
b413307f-d5c0-42a0-b40e-9f9b4516eaf3,2967,ait,2.4.6,0,1,216,5,,
b413307f-d5c0-42a0-b40e-9f9b4516eaf3,2968,Tibi,2.4.7,0,1,216,6,,
b413307f-d5c0-42a0-b40e-9f9b4516eaf3,2969,paratur,2.4.7,0,1,216,7,,
b413307f-d5c0-42a0-b40e-9f9b4516eaf3,2970,",",2.4.7,,4,216,,,
b413307f-d5c0-42a0-b40e-9f9b4516eaf3,2971,forsan,2.4.7,0,1,216,8,,
b413307f-d5c0-42a0-b40e-9f9b4516eaf3,2972,et,2.4.7,0,1,216,9,,
b413307f-d5c0-42a0-b40e-9f9b4516eaf3,2973,miserae,2.4.7,0,1,216,10,,
b413307f-d5c0-42a0-b40e-9f9b4516eaf3,2974,mihi,2.4.7,0,1,216,11,,
b413307f-d5c0-42a0-b40e-9f9b4516eaf3,2975,;,2.4.7,,4,216,,,
b413307f-d5c0-42a0-b40e-9f9b4516eaf3,2976,Nam,2.4.8,0,1,216,12,,
b413307f-d5c0-42a0-b40e-9f9b4516eaf3,2977,fodere,2.4.8,0,1,216,13,,
b413307f-d5c0-42a0-b40e-9f9b4516eaf3,2978,terram,2.4.8,0,1,216,14,,
b413307f-d5c0-42a0-b40e-9f9b4516eaf3,2979,quod,2.4.8,0,1,216,15,,
b413307f-d5c0-42a0-b40e-9f9b4516eaf3,2980,vides,2.4.8,0,1,216,16,,
b413307f-d5c0-42a0-b40e-9f9b4516eaf3,2981,cotidie,2.4.8,0,1,216,17,,
b413307f-d5c0-42a0-b40e-9f9b4516eaf3,2982,Aprum,2.4.9,2,1,216,18,,
b413307f-d5c0-42a0-b40e-9f9b4516eaf3,2983,insidiosum,2.4.9,0,1,216,19,,
b413307f-d5c0-42a0-b40e-9f9b4516eaf3,2984,",",2.4.9,,4,216,,,
b413307f-d5c0-42a0-b40e-9f9b4516eaf3,2985,quercum,2.4.9,0,1,216,20,,
b413307f-d5c0-42a0-b40e-9f9b4516eaf3,2986,vult,2.4.9,0,1,216,21,,
b413307f-d5c0-42a0-b40e-9f9b4516eaf3,2987,evertere,2.4.9,0,1,216,22,,
b413307f-d5c0-42a0-b40e-9f9b4516eaf3,2988,",",2.4.9,,4,216,,,
b413307f-d5c0-42a0-b40e-9f9b4516eaf3,2989,Ut,2.4.10,0,1,216,23,,
b413307f-d5c0-42a0-b40e-9f9b4516eaf3,2990,nostram,2.4.10,0,1,216,24,,
b413307f-d5c0-42a0-b40e-9f9b4516eaf3,2991,in,2.4.10,0,1,216,25,,
b413307f-d5c0-42a0-b40e-9f9b4516eaf3,2992,plano,2.4.10,0,1,216,26,,
b413307f-d5c0-42a0-b40e-9f9b4516eaf3,2993,facile,2.4.10,0,1,216,27,,
b413307f-d5c0-42a0-b40e-9f9b4516eaf3,2994,progeniem,2.4.10,0,1,216,28,,
b413307f-d5c0-42a0-b40e-9f9b4516eaf3,2995,opprimat,2.4.10,0,1,216,29,,
b413307f-d5c0-42a0-b40e-9f9b4516eaf3,2996,.,2.4.10,,4,216,,,
b413307f-d5c0-42a0-b40e-9f9b4516eaf3,2997,Terrore,2.4.11,0,1,217,0,,
b413307f-d5c0-42a0-b40e-9f9b4516eaf3,2998,offuso,2.4.11,0,1,217,1,,
b413307f-d5c0-42a0-b40e-9f9b4516eaf3,2999,et,2.4.11,0,1,217,2,,
b413307f-d5c0-42a0-b40e-9f9b4516eaf3,3000,perturbatis,2.4.11,0,1,217,3,,
b413307f-d5c0-42a0-b40e-9f9b4516eaf3,3001,sensibus,2.4.11,0,1,217,4,,
b413307f-d5c0-42a0-b40e-9f9b4516eaf3,3002,Derepit,2.4.12,0,1,217,5,,
b413307f-d5c0-42a0-b40e-9f9b4516eaf3,3003,ad,2.4.12,0,1,217,6,,
b413307f-d5c0-42a0-b40e-9f9b4516eaf3,3004,cubile,2.4.12,0,1,217,7,,
b413307f-d5c0-42a0-b40e-9f9b4516eaf3,3005,setosae,2.4.12,0,1,217,8,,
b413307f-d5c0-42a0-b40e-9f9b4516eaf3,3006,suis,2.4.12,0,1,217,9,,
b413307f-d5c0-42a0-b40e-9f9b4516eaf3,3007,:,2.4.12,,4,217,,,
b413307f-d5c0-42a0-b40e-9f9b4516eaf3,3008,Magno,2.4.13,2,1,217,10,,
b413307f-d5c0-42a0-b40e-9f9b4516eaf3,3009,inquit,2.4.13,0,1,217,11,,
b413307f-d5c0-42a0-b40e-9f9b4516eaf3,3010,in,2.4.13,0,1,217,12,,
b413307f-d5c0-42a0-b40e-9f9b4516eaf3,3011,periclo,2.4.13,0,1,217,13,,
b413307f-d5c0-42a0-b40e-9f9b4516eaf3,3012,sunt,2.4.13,0,1,217,14,,
b413307f-d5c0-42a0-b40e-9f9b4516eaf3,3013,nati,2.4.13,0,1,217,15,,
b413307f-d5c0-42a0-b40e-9f9b4516eaf3,3014,tui,2.4.13,0,1,217,16,,
b413307f-d5c0-42a0-b40e-9f9b4516eaf3,3015,;,2.4.13,,4,217,,,
b413307f-d5c0-42a0-b40e-9f9b4516eaf3,3016,Nam,2.4.14,0,1,217,17,,
b413307f-d5c0-42a0-b40e-9f9b4516eaf3,3017,",",2.4.14,,4,217,,,
b413307f-d5c0-42a0-b40e-9f9b4516eaf3,3018,simul,2.4.14,0,1,217,18,,
b413307f-d5c0-42a0-b40e-9f9b4516eaf3,3019,exieris,2.4.14,0,1,217,19,,
b413307f-d5c0-42a0-b40e-9f9b4516eaf3,3020,pastum,2.4.14,0,1,217,20,,
b413307f-d5c0-42a0-b40e-9f9b4516eaf3,3021,cum,2.4.14,0,1,217,21,,
b413307f-d5c0-42a0-b40e-9f9b4516eaf3,3022,tenero,2.4.14,0,1,217,22,,
b413307f-d5c0-42a0-b40e-9f9b4516eaf3,3023,grege,2.4.14,0,1,217,23,,
b413307f-d5c0-42a0-b40e-9f9b4516eaf3,3024,",",2.4.14,,4,217,,,
b413307f-d5c0-42a0-b40e-9f9b4516eaf3,3025,Aquila,2.4.15,2,1,217,24,,
b413307f-d5c0-42a0-b40e-9f9b4516eaf3,3026,est,2.4.15,0,1,217,25,,
b413307f-d5c0-42a0-b40e-9f9b4516eaf3,3027,parata,2.4.15,0,1,217,26,,
b413307f-d5c0-42a0-b40e-9f9b4516eaf3,3028,rapere,2.4.15,0,1,217,27,,
b413307f-d5c0-42a0-b40e-9f9b4516eaf3,3029,porcellos,2.4.15,0,1,217,28,,
b413307f-d5c0-42a0-b40e-9f9b4516eaf3,3030,tibi,2.4.15,0,1,217,29,,
b413307f-d5c0-42a0-b40e-9f9b4516eaf3,3031,.,2.4.15,,4,217,,,
b413307f-d5c0-42a0-b40e-9f9b4516eaf3,3032,Hunc,2.4.16,0,1,218,0,,
b413307f-d5c0-42a0-b40e-9f9b4516eaf3,3033,quoque,2.4.16,0,1,218,1,,
b413307f-d5c0-42a0-b40e-9f9b4516eaf3,3034,timore,2.4.16,0,1,218,2,,
b413307f-d5c0-42a0-b40e-9f9b4516eaf3,3035,postquam,2.4.16,0,1,218,3,,
b413307f-d5c0-42a0-b40e-9f9b4516eaf3,3036,complevit,2.4.16,0,1,218,4,,
b413307f-d5c0-42a0-b40e-9f9b4516eaf3,3037,locum,2.4.16,0,1,218,5,,
b413307f-d5c0-42a0-b40e-9f9b4516eaf3,3038,",",2.4.16,,4,218,,,
b413307f-d5c0-42a0-b40e-9f9b4516eaf3,3039,Dolosa,2.4.17,0,1,218,6,,
b413307f-d5c0-42a0-b40e-9f9b4516eaf3,3040,tuto,2.4.17,0,1,218,7,,
b413307f-d5c0-42a0-b40e-9f9b4516eaf3,3041,condidit,2.4.17,0,1,218,8,,
b413307f-d5c0-42a0-b40e-9f9b4516eaf3,3042,sese,2.4.17,0,1,218,9,,
b413307f-d5c0-42a0-b40e-9f9b4516eaf3,3043,cavo,2.4.17,0,1,218,10,,
b413307f-d5c0-42a0-b40e-9f9b4516eaf3,3044,.,2.4.17,,4,218,,,
b413307f-d5c0-42a0-b40e-9f9b4516eaf3,3045,Inde,2.4.18,2,1,219,0,,
b413307f-d5c0-42a0-b40e-9f9b4516eaf3,3046,evagata,2.4.18,0,1,219,1,,
b413307f-d5c0-42a0-b40e-9f9b4516eaf3,3047,noctu,2.4.18,0,1,219,2,,
b413307f-d5c0-42a0-b40e-9f9b4516eaf3,3048,suspenso,2.4.18,0,1,219,3,,
b413307f-d5c0-42a0-b40e-9f9b4516eaf3,3049,pede,2.4.18,0,1,219,4,,
b413307f-d5c0-42a0-b40e-9f9b4516eaf3,3050,",",2.4.18,,4,219,,,
b413307f-d5c0-42a0-b40e-9f9b4516eaf3,3051,Ubi,2.4.19,2,1,219,5,,
b413307f-d5c0-42a0-b40e-9f9b4516eaf3,3052,esca,2.4.19,0,1,219,6,,
b413307f-d5c0-42a0-b40e-9f9b4516eaf3,3053,se,2.4.19,0,1,219,7,,
b413307f-d5c0-42a0-b40e-9f9b4516eaf3,3054,replevit,2.4.19,0,1,219,8,,
b413307f-d5c0-42a0-b40e-9f9b4516eaf3,3055,et,2.4.19,0,1,219,9,,
b413307f-d5c0-42a0-b40e-9f9b4516eaf3,3056,prolem,2.4.19,0,1,219,10,,
b413307f-d5c0-42a0-b40e-9f9b4516eaf3,3057,suam,2.4.19,0,1,219,11,,
b413307f-d5c0-42a0-b40e-9f9b4516eaf3,3058,",",2.4.19,,4,219,,,
b413307f-d5c0-42a0-b40e-9f9b4516eaf3,3059,Pavorem,2.4.20,0,1,219,12,,
b413307f-d5c0-42a0-b40e-9f9b4516eaf3,3060,simulans,2.4.20,0,1,219,13,,
b413307f-d5c0-42a0-b40e-9f9b4516eaf3,3061,prospicit,2.4.20,0,1,219,14,,
b413307f-d5c0-42a0-b40e-9f9b4516eaf3,3062,toto,2.4.20,0,1,219,15,,
b413307f-d5c0-42a0-b40e-9f9b4516eaf3,3063,die,2.4.20,0,1,219,16,,
b413307f-d5c0-42a0-b40e-9f9b4516eaf3,3064,.,2.4.20,,4,219,,,
b413307f-d5c0-42a0-b40e-9f9b4516eaf3,3065,Ruinam,2.4.21,0,1,220,0,,
b413307f-d5c0-42a0-b40e-9f9b4516eaf3,3066,metuens,2.4.21,0,1,220,1,,
b413307f-d5c0-42a0-b40e-9f9b4516eaf3,3067,aquila,2.4.21,0,1,220,2,,
b413307f-d5c0-42a0-b40e-9f9b4516eaf3,3068,ramis,2.4.21,0,1,220,3,,
b413307f-d5c0-42a0-b40e-9f9b4516eaf3,3069,desidet,2.4.21,0,1,220,4,,
b413307f-d5c0-42a0-b40e-9f9b4516eaf3,3070,;,2.4.21,,4,220,,,
b413307f-d5c0-42a0-b40e-9f9b4516eaf3,3071,Aper,2.4.22,2,1,220,5,,
b413307f-d5c0-42a0-b40e-9f9b4516eaf3,3072,rapinam,2.4.22,0,1,220,6,,
b413307f-d5c0-42a0-b40e-9f9b4516eaf3,3073,vitans,2.4.22,0,1,220,7,,
b413307f-d5c0-42a0-b40e-9f9b4516eaf3,3074,non,2.4.22,0,1,220,8,,
b413307f-d5c0-42a0-b40e-9f9b4516eaf3,3075,prodit,2.4.22,0,1,220,9,,
b413307f-d5c0-42a0-b40e-9f9b4516eaf3,3076,foras,2.4.22,0,1,220,10,,
b413307f-d5c0-42a0-b40e-9f9b4516eaf3,3077,.,2.4.22,,4,220,,,
b413307f-d5c0-42a0-b40e-9f9b4516eaf3,3078,Quid,2.4.23,0,1,221,0,,
b413307f-d5c0-42a0-b40e-9f9b4516eaf3,3079,multa,2.4.23,0,1,221,1,,
b413307f-d5c0-42a0-b40e-9f9b4516eaf3,3080,?,2.4.23,,4,221,,,
b413307f-d5c0-42a0-b40e-9f9b4516eaf3,3081,Inedia,2.4.23,0,1,222,0,,
b413307f-d5c0-42a0-b40e-9f9b4516eaf3,3082,sunt,2.4.23,0,1,222,1,,
b413307f-d5c0-42a0-b40e-9f9b4516eaf3,3083,consumpti,2.4.23,0,1,222,2,,
b413307f-d5c0-42a0-b40e-9f9b4516eaf3,3084,cum,2.4.23,0,1,222,3,,
b413307f-d5c0-42a0-b40e-9f9b4516eaf3,3085,suis,2.4.23,0,1,222,4,,
b413307f-d5c0-42a0-b40e-9f9b4516eaf3,3086,Felisque,2.4.24,0,1,222,5,,
b413307f-d5c0-42a0-b40e-9f9b4516eaf3,3087,catulis,2.4.24,0,1,222,6,,
b413307f-d5c0-42a0-b40e-9f9b4516eaf3,3088,largam,2.4.24,0,1,222,7,,
b413307f-d5c0-42a0-b40e-9f9b4516eaf3,3089,praebuerunt,2.4.24,0,1,222,8,,
b413307f-d5c0-42a0-b40e-9f9b4516eaf3,3090,dapem,2.4.24,0,1,222,9,,
b413307f-d5c0-42a0-b40e-9f9b4516eaf3,3091,.,2.4.24,,4,222,,,
b413307f-d5c0-42a0-b40e-9f9b4516eaf3,3092,Quantum,2.4.25,0,1,223,0,,
b413307f-d5c0-42a0-b40e-9f9b4516eaf3,3093,homo,2.4.25,0,1,223,1,,
b413307f-d5c0-42a0-b40e-9f9b4516eaf3,3094,bilinguis,2.4.25,0,1,223,2,,
b413307f-d5c0-42a0-b40e-9f9b4516eaf3,3095,saepe,2.4.25,0,1,223,3,,
b413307f-d5c0-42a0-b40e-9f9b4516eaf3,3096,concinnet,2.4.25,0,1,223,4,,
b413307f-d5c0-42a0-b40e-9f9b4516eaf3,3097,mali,2.4.25,0,1,223,5,,
b413307f-d5c0-42a0-b40e-9f9b4516eaf3,3098,",",2.4.25,,4,223,,,
b413307f-d5c0-42a0-b40e-9f9b4516eaf3,3099,Documentum,2.4.26,0,1,223,6,,
b413307f-d5c0-42a0-b40e-9f9b4516eaf3,3100,habere,2.4.26,0,1,223,7,,
b413307f-d5c0-42a0-b40e-9f9b4516eaf3,3101,stulta,2.4.26,0,1,223,8,,
b413307f-d5c0-42a0-b40e-9f9b4516eaf3,3102,credulitas,2.4.26,0,1,223,9,,
b413307f-d5c0-42a0-b40e-9f9b4516eaf3,3103,potest,2.4.26,0,1,223,10,,
b413307f-d5c0-42a0-b40e-9f9b4516eaf3,3104,.,2.4.26,,4,223,,,
b413307f-d5c0-42a0-b40e-9f9b4516eaf3,3105,Caesar,2.5,1,1,224,0,,
b413307f-d5c0-42a0-b40e-9f9b4516eaf3,3106,ad,2.5,0,1,224,1,,
b413307f-d5c0-42a0-b40e-9f9b4516eaf3,3107,atriensem,2.5,0,1,224,2,,
b413307f-d5c0-42a0-b40e-9f9b4516eaf3,3108,.,2.5,,4,224,,,
b413307f-d5c0-42a0-b40e-9f9b4516eaf3,3109,Est,2.5.1,0,1,225,0,,
b413307f-d5c0-42a0-b40e-9f9b4516eaf3,3110,ardalionum,2.5.1,,1,225,1,,
b413307f-d5c0-42a0-b40e-9f9b4516eaf3,3111,quaedam,2.5.1,0,1,225,2,,
b413307f-d5c0-42a0-b40e-9f9b4516eaf3,3112,Romae,2.5.1,1,1,225,3,,
b413307f-d5c0-42a0-b40e-9f9b4516eaf3,3113,natio,2.5.1,0,1,225,4,,
b413307f-d5c0-42a0-b40e-9f9b4516eaf3,3114,",",2.5.1,,4,225,,,
b413307f-d5c0-42a0-b40e-9f9b4516eaf3,3115,Trepide,2.5.2,0,1,225,5,,
b413307f-d5c0-42a0-b40e-9f9b4516eaf3,3116,concursans,2.5.2,0,1,225,6,,
b413307f-d5c0-42a0-b40e-9f9b4516eaf3,3117,",",2.5.2,,4,225,,,
b413307f-d5c0-42a0-b40e-9f9b4516eaf3,3118,occupata,2.5.2,0,1,225,7,,
b413307f-d5c0-42a0-b40e-9f9b4516eaf3,3119,in,2.5.2,0,1,225,8,,
b413307f-d5c0-42a0-b40e-9f9b4516eaf3,3120,otio,2.5.2,0,1,225,9,,
b413307f-d5c0-42a0-b40e-9f9b4516eaf3,3121,",",2.5.2,,4,225,,,
b413307f-d5c0-42a0-b40e-9f9b4516eaf3,3122,Gratis,2.5.3,0,1,225,10,,
b413307f-d5c0-42a0-b40e-9f9b4516eaf3,3123,anhelans,2.5.3,0,1,225,11,,
b413307f-d5c0-42a0-b40e-9f9b4516eaf3,3124,",",2.5.3,,4,225,,,
b413307f-d5c0-42a0-b40e-9f9b4516eaf3,3125,multa,2.5.3,0,1,225,12,,
b413307f-d5c0-42a0-b40e-9f9b4516eaf3,3126,agendo,2.5.3,0,1,225,13,,
b413307f-d5c0-42a0-b40e-9f9b4516eaf3,3127,nihil,2.5.3,0,1,225,14,,
b413307f-d5c0-42a0-b40e-9f9b4516eaf3,3128,agens,2.5.3,0,1,225,15,,
b413307f-d5c0-42a0-b40e-9f9b4516eaf3,3129,",",2.5.3,,4,225,,,
b413307f-d5c0-42a0-b40e-9f9b4516eaf3,3130,Sibi,2.5.4,0,1,225,16,,
b413307f-d5c0-42a0-b40e-9f9b4516eaf3,3131,molesta,2.5.4,0,1,225,17,,
b413307f-d5c0-42a0-b40e-9f9b4516eaf3,3132,et,2.5.4,0,1,225,18,,
b413307f-d5c0-42a0-b40e-9f9b4516eaf3,3133,aliis,2.5.4,0,1,225,19,,
b413307f-d5c0-42a0-b40e-9f9b4516eaf3,3134,odiosissima,2.5.4,0,1,225,20,,
b413307f-d5c0-42a0-b40e-9f9b4516eaf3,3135,.,2.5.4,,4,225,,,
b413307f-d5c0-42a0-b40e-9f9b4516eaf3,3136,Hanc,2.5.5,0,1,226,0,,
b413307f-d5c0-42a0-b40e-9f9b4516eaf3,3137,emendare,2.5.5,0,1,226,1,,
b413307f-d5c0-42a0-b40e-9f9b4516eaf3,3138,",",2.5.5,,4,226,,,
b413307f-d5c0-42a0-b40e-9f9b4516eaf3,3139,si,2.5.5,0,1,226,2,,
b413307f-d5c0-42a0-b40e-9f9b4516eaf3,3140,tamen,2.5.5,0,1,226,3,,
b413307f-d5c0-42a0-b40e-9f9b4516eaf3,3141,possum,2.5.5,0,1,226,4,,
b413307f-d5c0-42a0-b40e-9f9b4516eaf3,3142,",",2.5.5,,4,226,,,
b413307f-d5c0-42a0-b40e-9f9b4516eaf3,3143,volo,2.5.5,0,1,226,5,,
b413307f-d5c0-42a0-b40e-9f9b4516eaf3,3144,Vera,2.5.6,0,1,226,6,,
b413307f-d5c0-42a0-b40e-9f9b4516eaf3,3145,fabella,2.5.6,0,1,226,7,,
b413307f-d5c0-42a0-b40e-9f9b4516eaf3,3146,:,2.5.6,,4,226,,,
b413307f-d5c0-42a0-b40e-9f9b4516eaf3,3147,pretium,2.5.6,0,1,226,8,,
b413307f-d5c0-42a0-b40e-9f9b4516eaf3,3148,est,2.5.6,0,1,226,9,,
b413307f-d5c0-42a0-b40e-9f9b4516eaf3,3149,operae,2.5.6,0,1,226,10,,
b413307f-d5c0-42a0-b40e-9f9b4516eaf3,3150,attendere,2.5.6,0,1,226,11,,
b413307f-d5c0-42a0-b40e-9f9b4516eaf3,3151,.,2.5.6,,4,226,,,
b413307f-d5c0-42a0-b40e-9f9b4516eaf3,3152,Caesar,2.5.7,1,1,227,0,,
b413307f-d5c0-42a0-b40e-9f9b4516eaf3,3153,Tiberius,2.5.7,1,1,227,1,,
b413307f-d5c0-42a0-b40e-9f9b4516eaf3,3154,cum,2.5.7,0,1,227,2,,
b413307f-d5c0-42a0-b40e-9f9b4516eaf3,3155,petens,2.5.7,0,1,227,3,,
b413307f-d5c0-42a0-b40e-9f9b4516eaf3,3156,Neapolim,2.5.7,1,1,227,4,,
b413307f-d5c0-42a0-b40e-9f9b4516eaf3,3157,In,2.5.8,0,1,227,5,,
b413307f-d5c0-42a0-b40e-9f9b4516eaf3,3158,Misenensem,2.5.8,1,1,227,6,,
b413307f-d5c0-42a0-b40e-9f9b4516eaf3,3159,villam,2.5.8,0,1,227,7,,
b413307f-d5c0-42a0-b40e-9f9b4516eaf3,3160,venisset,2.5.8,0,1,227,8,,
b413307f-d5c0-42a0-b40e-9f9b4516eaf3,3161,suam,2.5.8,0,1,227,9,,
b413307f-d5c0-42a0-b40e-9f9b4516eaf3,3162,",",2.5.8,,4,227,,,
b413307f-d5c0-42a0-b40e-9f9b4516eaf3,3163,Quae,2.5.9,0,1,227,10,,
b413307f-d5c0-42a0-b40e-9f9b4516eaf3,3164,monte,2.5.9,0,1,227,11,,
b413307f-d5c0-42a0-b40e-9f9b4516eaf3,3165,summo,2.5.9,0,1,227,12,,
b413307f-d5c0-42a0-b40e-9f9b4516eaf3,3166,posita,2.5.9,0,1,227,13,,
b413307f-d5c0-42a0-b40e-9f9b4516eaf3,3167,Luculli,2.5.9,1,1,227,14,,
b413307f-d5c0-42a0-b40e-9f9b4516eaf3,3168,manu,2.5.9,0,1,227,15,,
b413307f-d5c0-42a0-b40e-9f9b4516eaf3,3169,Prospectat,2.5.10,0,1,227,16,,
b413307f-d5c0-42a0-b40e-9f9b4516eaf3,3170,Siculum,2.5.10,1,1,227,17,,
b413307f-d5c0-42a0-b40e-9f9b4516eaf3,3171,et,2.5.10,0,1,227,18,,
b413307f-d5c0-42a0-b40e-9f9b4516eaf3,3172,perspicit,2.5.10,0,1,227,19,,
b413307f-d5c0-42a0-b40e-9f9b4516eaf3,3173,Tuscum,2.5.10,1,1,227,20,,
b413307f-d5c0-42a0-b40e-9f9b4516eaf3,3174,mare,2.5.10,0,1,227,21,,
b413307f-d5c0-42a0-b40e-9f9b4516eaf3,3175,:,2.5.10,,4,227,,,
b413307f-d5c0-42a0-b40e-9f9b4516eaf3,3176,Ex,2.5.11,0,1,227,22,,
b413307f-d5c0-42a0-b40e-9f9b4516eaf3,3177,alticinctis,2.5.11,0,1,227,23,,
b413307f-d5c0-42a0-b40e-9f9b4516eaf3,3178,unus,2.5.11,0,1,227,24,,
b413307f-d5c0-42a0-b40e-9f9b4516eaf3,3179,atriensibus,2.5.11,0,1,227,25,,
b413307f-d5c0-42a0-b40e-9f9b4516eaf3,3180,",",2.5.11,,4,227,,,
b413307f-d5c0-42a0-b40e-9f9b4516eaf3,3181,Cui,2.5.12,0,1,227,26,,
b413307f-d5c0-42a0-b40e-9f9b4516eaf3,3182,tunica,2.5.12,0,1,227,27,,
b413307f-d5c0-42a0-b40e-9f9b4516eaf3,3183,ab,2.5.12,0,1,227,28,,
b413307f-d5c0-42a0-b40e-9f9b4516eaf3,3184,umeris,2.5.12,0,1,227,29,,
b413307f-d5c0-42a0-b40e-9f9b4516eaf3,3185,linteo,2.5.12,0,1,227,30,,
b413307f-d5c0-42a0-b40e-9f9b4516eaf3,3186,Pelusio,2.5.12,1,1,227,31,,
b413307f-d5c0-42a0-b40e-9f9b4516eaf3,3187,Erat,2.5.13,0,1,227,32,,
b413307f-d5c0-42a0-b40e-9f9b4516eaf3,3188,destricta,2.5.13,0,1,227,33,,
b413307f-d5c0-42a0-b40e-9f9b4516eaf3,3189,",",2.5.13,,4,227,,,
b413307f-d5c0-42a0-b40e-9f9b4516eaf3,3190,cirris,2.5.13,0,1,227,34,,
b413307f-d5c0-42a0-b40e-9f9b4516eaf3,3191,dependentibus,2.5.13,0,1,227,35,,
b413307f-d5c0-42a0-b40e-9f9b4516eaf3,3192,",",2.5.13,,4,227,,,
b413307f-d5c0-42a0-b40e-9f9b4516eaf3,3193,Perambulante,2.5.14,0,1,227,36,,
b413307f-d5c0-42a0-b40e-9f9b4516eaf3,3194,laeta,2.5.14,0,1,227,37,,
b413307f-d5c0-42a0-b40e-9f9b4516eaf3,3195,domino,2.5.14,0,1,227,38,,
b413307f-d5c0-42a0-b40e-9f9b4516eaf3,3196,viridia,2.5.14,0,1,227,39,,
b413307f-d5c0-42a0-b40e-9f9b4516eaf3,3197,",",2.5.14,,4,227,,,
b413307f-d5c0-42a0-b40e-9f9b4516eaf3,3198,Alveolo,2.5.15,0,1,227,40,,
b413307f-d5c0-42a0-b40e-9f9b4516eaf3,3199,coepit,2.5.15,0,1,227,41,,
b413307f-d5c0-42a0-b40e-9f9b4516eaf3,3200,ligneo,2.5.15,0,1,227,42,,
b413307f-d5c0-42a0-b40e-9f9b4516eaf3,3201,conspargere,2.5.15,0,1,227,43,,
b413307f-d5c0-42a0-b40e-9f9b4516eaf3,3202,Humum,2.5.16,0,1,227,44,,
b413307f-d5c0-42a0-b40e-9f9b4516eaf3,3203,aestuantem,2.5.16,0,1,227,45,,
b413307f-d5c0-42a0-b40e-9f9b4516eaf3,3204,",",2.5.16,,4,227,,,
b413307f-d5c0-42a0-b40e-9f9b4516eaf3,3205,come,2.5.16,0,1,227,46,,
b413307f-d5c0-42a0-b40e-9f9b4516eaf3,3206,officium,2.5.16,0,1,227,47,,
b413307f-d5c0-42a0-b40e-9f9b4516eaf3,3207,iactitans,2.5.16,0,1,227,48,,
b413307f-d5c0-42a0-b40e-9f9b4516eaf3,3208,",",2.5.16,,4,227,,,
b413307f-d5c0-42a0-b40e-9f9b4516eaf3,3209,Sed,2.5.17,0,1,227,49,,
b413307f-d5c0-42a0-b40e-9f9b4516eaf3,3210,deridetur,2.5.17,0,1,227,50,,
b413307f-d5c0-42a0-b40e-9f9b4516eaf3,3211,.,2.5.17,,4,227,,,
b413307f-d5c0-42a0-b40e-9f9b4516eaf3,3212,Inde,2.5.17,2,1,228,0,,
b413307f-d5c0-42a0-b40e-9f9b4516eaf3,3213,notis,2.5.17,0,1,228,1,,
b413307f-d5c0-42a0-b40e-9f9b4516eaf3,3214,flexibus,2.5.17,0,1,228,2,,
b413307f-d5c0-42a0-b40e-9f9b4516eaf3,3215,Praecurrit,2.5.18,0,1,228,3,,
b413307f-d5c0-42a0-b40e-9f9b4516eaf3,3216,alium,2.5.18,0,1,228,4,,
b413307f-d5c0-42a0-b40e-9f9b4516eaf3,3217,in,2.5.18,0,1,228,5,,
b413307f-d5c0-42a0-b40e-9f9b4516eaf3,3218,xystum,2.5.18,0,1,228,6,,
b413307f-d5c0-42a0-b40e-9f9b4516eaf3,3219,",",2.5.18,,4,228,,,
b413307f-d5c0-42a0-b40e-9f9b4516eaf3,3220,sedans,2.5.18,0,1,228,7,,
b413307f-d5c0-42a0-b40e-9f9b4516eaf3,3221,pulverem,2.5.18,0,1,228,8,,
b413307f-d5c0-42a0-b40e-9f9b4516eaf3,3222,.,2.5.18,,4,228,,,
b413307f-d5c0-42a0-b40e-9f9b4516eaf3,3223,Agnoscit,2.5.19,0,1,229,0,,
b413307f-d5c0-42a0-b40e-9f9b4516eaf3,3224,hominem,2.5.19,0,1,229,1,,
b413307f-d5c0-42a0-b40e-9f9b4516eaf3,3225,Caesar,2.5.19,1,1,229,2,,
b413307f-d5c0-42a0-b40e-9f9b4516eaf3,3226,remque,2.5.19,0,1,229,3,que,
b413307f-d5c0-42a0-b40e-9f9b4516eaf3,3227,intellegit,2.5.19,0,1,229,4,,
b413307f-d5c0-42a0-b40e-9f9b4516eaf3,3228,.,2.5.19,,4,229,,,
b413307f-d5c0-42a0-b40e-9f9b4516eaf3,3229,Id,2.5.20,0,1,230,0,,
b413307f-d5c0-42a0-b40e-9f9b4516eaf3,3230,ut,2.5.20,0,1,230,1,,
b413307f-d5c0-42a0-b40e-9f9b4516eaf3,3231,putavit,2.5.20,0,1,230,2,,
b413307f-d5c0-42a0-b40e-9f9b4516eaf3,3232,esse,2.5.20,0,1,230,3,,
b413307f-d5c0-42a0-b40e-9f9b4516eaf3,3233,nescio,2.5.20,0,1,230,4,,
b413307f-d5c0-42a0-b40e-9f9b4516eaf3,3234,quid,2.5.20,0,1,230,5,,
b413307f-d5c0-42a0-b40e-9f9b4516eaf3,3235,boni,2.5.20,0,1,230,6,,
b413307f-d5c0-42a0-b40e-9f9b4516eaf3,3236,:,2.5.20,,4,230,,,
b413307f-d5c0-42a0-b40e-9f9b4516eaf3,3237,Heus,2.5.21,0,1,230,7,,
b413307f-d5c0-42a0-b40e-9f9b4516eaf3,3238,!,2.5.21,,4,230,,,
b413307f-d5c0-42a0-b40e-9f9b4516eaf3,3239,inquit,2.5.21,0,1,231,0,,
b413307f-d5c0-42a0-b40e-9f9b4516eaf3,3240,dominus,2.5.21,0,1,231,1,,
b413307f-d5c0-42a0-b40e-9f9b4516eaf3,3241,.,2.5.21,,4,231,,,
b413307f-d5c0-42a0-b40e-9f9b4516eaf3,3242,Ille,2.5.21,0,1,232,0,,
b413307f-d5c0-42a0-b40e-9f9b4516eaf3,3243,enimvero,2.5.21,0,1,232,1,,
b413307f-d5c0-42a0-b40e-9f9b4516eaf3,3244,assilit,2.5.21,0,1,232,2,,
b413307f-d5c0-42a0-b40e-9f9b4516eaf3,3245,",",2.5.21,,4,232,,,
b413307f-d5c0-42a0-b40e-9f9b4516eaf3,3246,Donationis,2.5.22,0,1,232,3,,
b413307f-d5c0-42a0-b40e-9f9b4516eaf3,3247,alacer,2.5.22,0,1,232,4,,
b413307f-d5c0-42a0-b40e-9f9b4516eaf3,3248,certae,2.5.22,0,1,232,5,,
b413307f-d5c0-42a0-b40e-9f9b4516eaf3,3249,gaudio,2.5.22,0,1,232,6,,
b413307f-d5c0-42a0-b40e-9f9b4516eaf3,3250,.,2.5.22,,4,232,,,
b413307f-d5c0-42a0-b40e-9f9b4516eaf3,3251,Tum,2.5.23,0,1,233,0,,
b413307f-d5c0-42a0-b40e-9f9b4516eaf3,3252,sic,2.5.23,0,1,233,1,,
b413307f-d5c0-42a0-b40e-9f9b4516eaf3,3253,iocata,2.5.23,0,1,233,2,,
b413307f-d5c0-42a0-b40e-9f9b4516eaf3,3254,est,2.5.23,0,1,233,3,,
b413307f-d5c0-42a0-b40e-9f9b4516eaf3,3255,tanta,2.5.23,0,1,233,4,,
b413307f-d5c0-42a0-b40e-9f9b4516eaf3,3256,maiestas,2.5.23,0,1,233,5,,
b413307f-d5c0-42a0-b40e-9f9b4516eaf3,3257,ducis,2.5.23,0,1,233,6,,
b413307f-d5c0-42a0-b40e-9f9b4516eaf3,3258,:,2.5.23,,4,233,,,
b413307f-d5c0-42a0-b40e-9f9b4516eaf3,3259,Non,2.5.24,0,1,233,7,,
b413307f-d5c0-42a0-b40e-9f9b4516eaf3,3260,multum,2.5.24,0,1,233,8,,
b413307f-d5c0-42a0-b40e-9f9b4516eaf3,3261,egisti,2.5.24,0,1,233,9,,
b413307f-d5c0-42a0-b40e-9f9b4516eaf3,3262,et,2.5.24,0,1,233,10,,
b413307f-d5c0-42a0-b40e-9f9b4516eaf3,3263,opera,2.5.24,0,1,233,11,,
b413307f-d5c0-42a0-b40e-9f9b4516eaf3,3264,nequiquam,2.5.24,0,1,233,12,,
b413307f-d5c0-42a0-b40e-9f9b4516eaf3,3265,perit,2.5.24,0,1,233,13,,
b413307f-d5c0-42a0-b40e-9f9b4516eaf3,3266,:,2.5.24,,4,233,,,
b413307f-d5c0-42a0-b40e-9f9b4516eaf3,3267,Multo,2.5.25,0,1,233,14,,
b413307f-d5c0-42a0-b40e-9f9b4516eaf3,3268,maioris,2.5.25,0,1,233,15,,
b413307f-d5c0-42a0-b40e-9f9b4516eaf3,3269,alapae,2.5.25,0,1,233,16,,
b413307f-d5c0-42a0-b40e-9f9b4516eaf3,3270,mecum,2.5.25,0,1,233,17,,
b413307f-d5c0-42a0-b40e-9f9b4516eaf3,3271,veneunt,2.5.25,0,1,233,18,,
b413307f-d5c0-42a0-b40e-9f9b4516eaf3,3272,.,2.5.25,,4,233,,,
b413307f-d5c0-42a0-b40e-9f9b4516eaf3,3273,Aquila,2.6,2,1,234,0,,
b413307f-d5c0-42a0-b40e-9f9b4516eaf3,3274,et,2.6,0,1,234,1,,
b413307f-d5c0-42a0-b40e-9f9b4516eaf3,3275,cornix,2.6,0,1,234,2,,
b413307f-d5c0-42a0-b40e-9f9b4516eaf3,3276,.,2.6,,4,234,,,
b413307f-d5c0-42a0-b40e-9f9b4516eaf3,3277,Contra,2.6.1,0,1,235,0,,
b413307f-d5c0-42a0-b40e-9f9b4516eaf3,3278,potentes,2.6.1,0,1,235,1,,
b413307f-d5c0-42a0-b40e-9f9b4516eaf3,3279,nemo,2.6.1,0,1,235,2,,
b413307f-d5c0-42a0-b40e-9f9b4516eaf3,3280,est,2.6.1,0,1,235,3,,
b413307f-d5c0-42a0-b40e-9f9b4516eaf3,3281,munitus,2.6.1,0,1,235,4,,
b413307f-d5c0-42a0-b40e-9f9b4516eaf3,3282,satis,2.6.1,0,1,235,5,,
b413307f-d5c0-42a0-b40e-9f9b4516eaf3,3283,;,2.6.1,,4,235,,,
b413307f-d5c0-42a0-b40e-9f9b4516eaf3,3284,Si,2.6.2,0,1,235,6,,
b413307f-d5c0-42a0-b40e-9f9b4516eaf3,3285,vero,2.6.2,0,1,235,7,,
b413307f-d5c0-42a0-b40e-9f9b4516eaf3,3286,accessit,2.6.2,0,1,235,8,,
b413307f-d5c0-42a0-b40e-9f9b4516eaf3,3287,consiliator,2.6.2,0,1,235,9,,
b413307f-d5c0-42a0-b40e-9f9b4516eaf3,3288,maleficus,2.6.2,0,1,235,10,,
b413307f-d5c0-42a0-b40e-9f9b4516eaf3,3289,",",2.6.2,,4,235,,,
b413307f-d5c0-42a0-b40e-9f9b4516eaf3,3290,Vis,2.6.3,0,1,235,11,,
b413307f-d5c0-42a0-b40e-9f9b4516eaf3,3291,et,2.6.3,0,1,235,12,,
b413307f-d5c0-42a0-b40e-9f9b4516eaf3,3292,nequitia,2.6.3,0,1,235,13,,
b413307f-d5c0-42a0-b40e-9f9b4516eaf3,3293,quicquid,2.6.3,0,1,235,14,,
b413307f-d5c0-42a0-b40e-9f9b4516eaf3,3294,oppugnant,2.6.3,0,1,235,15,,
b413307f-d5c0-42a0-b40e-9f9b4516eaf3,3295,",",2.6.3,,4,235,,,
b413307f-d5c0-42a0-b40e-9f9b4516eaf3,3296,ruit,2.6.3,0,1,235,16,,
b413307f-d5c0-42a0-b40e-9f9b4516eaf3,3297,.,2.6.3,,4,235,,,
b413307f-d5c0-42a0-b40e-9f9b4516eaf3,3298,Aquila,2.6.4,2,1,236,0,,
b413307f-d5c0-42a0-b40e-9f9b4516eaf3,3299,in,2.6.4,0,1,236,1,,
b413307f-d5c0-42a0-b40e-9f9b4516eaf3,3300,sublime,2.6.4,0,1,236,2,,
b413307f-d5c0-42a0-b40e-9f9b4516eaf3,3301,sustulit,2.6.4,0,1,236,3,,
b413307f-d5c0-42a0-b40e-9f9b4516eaf3,3302,testudinem,2.6.4,0,1,236,4,,
b413307f-d5c0-42a0-b40e-9f9b4516eaf3,3303,.,2.6.4,,4,236,,,
b413307f-d5c0-42a0-b40e-9f9b4516eaf3,3304,Quae,2.6.5,0,1,237,0,,
b413307f-d5c0-42a0-b40e-9f9b4516eaf3,3305,cum,2.6.5,0,1,237,1,,
b413307f-d5c0-42a0-b40e-9f9b4516eaf3,3306,abdidisset,2.6.5,0,1,237,2,,
b413307f-d5c0-42a0-b40e-9f9b4516eaf3,3307,cornea,2.6.5,0,1,237,3,,
b413307f-d5c0-42a0-b40e-9f9b4516eaf3,3308,corpus,2.6.5,0,1,237,4,,
b413307f-d5c0-42a0-b40e-9f9b4516eaf3,3309,domo,2.6.5,0,1,237,5,,
b413307f-d5c0-42a0-b40e-9f9b4516eaf3,3310,Nec,2.6.6,0,1,237,6,,
b413307f-d5c0-42a0-b40e-9f9b4516eaf3,3311,ullo,2.6.6,0,1,237,7,,
b413307f-d5c0-42a0-b40e-9f9b4516eaf3,3312,pacto,2.6.6,0,1,237,8,,
b413307f-d5c0-42a0-b40e-9f9b4516eaf3,3313,laedi,2.6.6,0,1,237,9,,
b413307f-d5c0-42a0-b40e-9f9b4516eaf3,3314,posset,2.6.6,0,1,237,10,,
b413307f-d5c0-42a0-b40e-9f9b4516eaf3,3315,condita,2.6.6,0,1,237,11,,
b413307f-d5c0-42a0-b40e-9f9b4516eaf3,3316,",",2.6.6,,4,237,,,
b413307f-d5c0-42a0-b40e-9f9b4516eaf3,3317,Venit,2.6.7,0,1,237,12,,
b413307f-d5c0-42a0-b40e-9f9b4516eaf3,3318,per,2.6.7,0,1,237,13,,
b413307f-d5c0-42a0-b40e-9f9b4516eaf3,3319,auras,2.6.7,0,1,237,14,,
b413307f-d5c0-42a0-b40e-9f9b4516eaf3,3320,cornix,2.6.7,0,1,237,15,,
b413307f-d5c0-42a0-b40e-9f9b4516eaf3,3321,et,2.6.7,0,1,237,16,,
b413307f-d5c0-42a0-b40e-9f9b4516eaf3,3322,propter,2.6.7,0,1,237,17,,
b413307f-d5c0-42a0-b40e-9f9b4516eaf3,3323,volans,2.6.7,0,1,237,18,,
b413307f-d5c0-42a0-b40e-9f9b4516eaf3,3324,:,2.6.7,,4,237,,,
b413307f-d5c0-42a0-b40e-9f9b4516eaf3,3325,Opimam,2.6.8,0,1,237,19,,
b413307f-d5c0-42a0-b40e-9f9b4516eaf3,3326,sane,2.6.8,0,1,237,20,,
b413307f-d5c0-42a0-b40e-9f9b4516eaf3,3327,praedam,2.6.8,0,1,237,21,,
b413307f-d5c0-42a0-b40e-9f9b4516eaf3,3328,rapuisti,2.6.8,0,1,237,22,,
b413307f-d5c0-42a0-b40e-9f9b4516eaf3,3329,unguibus,2.6.8,0,1,237,23,,
b413307f-d5c0-42a0-b40e-9f9b4516eaf3,3330,;,2.6.8,,4,237,,,
b413307f-d5c0-42a0-b40e-9f9b4516eaf3,3331,Sed,2.6.9,0,1,237,24,,
b413307f-d5c0-42a0-b40e-9f9b4516eaf3,3332,nisi,2.6.9,0,1,237,25,,
b413307f-d5c0-42a0-b40e-9f9b4516eaf3,3333,monstraro,2.6.9,0,1,237,26,,
b413307f-d5c0-42a0-b40e-9f9b4516eaf3,3334,quid,2.6.9,0,1,237,27,,
b413307f-d5c0-42a0-b40e-9f9b4516eaf3,3335,sit,2.6.9,0,1,237,28,,
b413307f-d5c0-42a0-b40e-9f9b4516eaf3,3336,faciendum,2.6.9,0,1,237,29,,
b413307f-d5c0-42a0-b40e-9f9b4516eaf3,3337,tibi,2.6.9,0,1,237,30,,
b413307f-d5c0-42a0-b40e-9f9b4516eaf3,3338,",",2.6.9,,4,237,,,
b413307f-d5c0-42a0-b40e-9f9b4516eaf3,3339,Gravi,2.6.10,0,1,237,31,,
b413307f-d5c0-42a0-b40e-9f9b4516eaf3,3340,nequiquam,2.6.10,0,1,237,32,,
b413307f-d5c0-42a0-b40e-9f9b4516eaf3,3341,te,2.6.10,0,1,237,33,,
b413307f-d5c0-42a0-b40e-9f9b4516eaf3,3342,lassabit,2.6.10,0,1,237,34,,
b413307f-d5c0-42a0-b40e-9f9b4516eaf3,3343,pondere,2.6.10,0,1,237,35,,
b413307f-d5c0-42a0-b40e-9f9b4516eaf3,3344,.,2.6.10,,4,237,,,
b413307f-d5c0-42a0-b40e-9f9b4516eaf3,3345,Promissa,2.6.11,0,1,238,0,,
b413307f-d5c0-42a0-b40e-9f9b4516eaf3,3346,parte,2.6.11,0,1,238,1,,
b413307f-d5c0-42a0-b40e-9f9b4516eaf3,3347,suadet,2.6.11,0,1,238,2,,
b413307f-d5c0-42a0-b40e-9f9b4516eaf3,3348,",",2.6.11,,4,238,,,
b413307f-d5c0-42a0-b40e-9f9b4516eaf3,3349,ut,2.6.11,0,1,238,3,,
b413307f-d5c0-42a0-b40e-9f9b4516eaf3,3350,scopulum,2.6.11,0,1,238,4,,
b413307f-d5c0-42a0-b40e-9f9b4516eaf3,3351,super,2.6.11,0,1,238,5,,
b413307f-d5c0-42a0-b40e-9f9b4516eaf3,3352,Altis,2.6.12,0,1,238,6,,
b413307f-d5c0-42a0-b40e-9f9b4516eaf3,3353,ab,2.6.12,0,1,238,7,,
b413307f-d5c0-42a0-b40e-9f9b4516eaf3,3354,astris,2.6.12,0,1,238,8,,
b413307f-d5c0-42a0-b40e-9f9b4516eaf3,3355,duram,2.6.12,0,1,238,9,,
b413307f-d5c0-42a0-b40e-9f9b4516eaf3,3356,illidat,2.6.12,0,1,238,10,,
b413307f-d5c0-42a0-b40e-9f9b4516eaf3,3357,corticem,2.6.12,0,1,238,11,,
b413307f-d5c0-42a0-b40e-9f9b4516eaf3,3358,",",2.6.12,,4,238,,,
b413307f-d5c0-42a0-b40e-9f9b4516eaf3,3359,Qua,2.6.13,0,1,238,12,,
b413307f-d5c0-42a0-b40e-9f9b4516eaf3,3360,comminuta,2.6.13,0,1,238,13,,
b413307f-d5c0-42a0-b40e-9f9b4516eaf3,3361,facile,2.6.13,0,1,238,14,,
b413307f-d5c0-42a0-b40e-9f9b4516eaf3,3362,vescatur,2.6.13,0,1,238,15,,
b413307f-d5c0-42a0-b40e-9f9b4516eaf3,3363,cibo,2.6.13,0,1,238,16,,
b413307f-d5c0-42a0-b40e-9f9b4516eaf3,3364,.,2.6.13,,4,238,,,
b413307f-d5c0-42a0-b40e-9f9b4516eaf3,3365,Inducta,2.6.14,0,1,239,0,,
b413307f-d5c0-42a0-b40e-9f9b4516eaf3,3366,verbis,2.6.14,0,1,239,1,,
b413307f-d5c0-42a0-b40e-9f9b4516eaf3,3367,aquila,2.6.14,0,1,239,2,,
b413307f-d5c0-42a0-b40e-9f9b4516eaf3,3368,",",2.6.14,,4,239,,,
b413307f-d5c0-42a0-b40e-9f9b4516eaf3,3369,monitis,2.6.14,0,1,239,3,,
b413307f-d5c0-42a0-b40e-9f9b4516eaf3,3370,paruit,2.6.14,0,1,239,4,,
b413307f-d5c0-42a0-b40e-9f9b4516eaf3,3371,",",2.6.14,,4,239,,,
b413307f-d5c0-42a0-b40e-9f9b4516eaf3,3372,Simul,2.6.15,0,1,239,5,,
b413307f-d5c0-42a0-b40e-9f9b4516eaf3,3373,et,2.6.15,0,1,239,6,,
b413307f-d5c0-42a0-b40e-9f9b4516eaf3,3374,magistrae,2.6.15,0,1,239,7,,
b413307f-d5c0-42a0-b40e-9f9b4516eaf3,3375,large,2.6.15,0,1,239,8,,
b413307f-d5c0-42a0-b40e-9f9b4516eaf3,3376,divisit,2.6.15,0,1,239,9,,
b413307f-d5c0-42a0-b40e-9f9b4516eaf3,3377,dapem,2.6.15,0,1,239,10,,
b413307f-d5c0-42a0-b40e-9f9b4516eaf3,3378,.,2.6.15,,4,239,,,
b413307f-d5c0-42a0-b40e-9f9b4516eaf3,3379,Sic,2.6.16,0,1,240,0,,
b413307f-d5c0-42a0-b40e-9f9b4516eaf3,3380,tuta,2.6.16,0,1,240,1,,
b413307f-d5c0-42a0-b40e-9f9b4516eaf3,3381,quae,2.6.16,0,1,240,2,,
b413307f-d5c0-42a0-b40e-9f9b4516eaf3,3382,naturae,2.6.16,0,1,240,3,,
b413307f-d5c0-42a0-b40e-9f9b4516eaf3,3383,fuerat,2.6.16,0,1,240,4,,
b413307f-d5c0-42a0-b40e-9f9b4516eaf3,3384,munere,2.6.16,0,1,240,5,,
b413307f-d5c0-42a0-b40e-9f9b4516eaf3,3385,",",2.6.16,,4,240,,,
b413307f-d5c0-42a0-b40e-9f9b4516eaf3,3386,Impar,2.6.17,0,1,240,6,,
b413307f-d5c0-42a0-b40e-9f9b4516eaf3,3387,duabus,2.6.17,0,1,240,7,,
b413307f-d5c0-42a0-b40e-9f9b4516eaf3,3388,occidit,2.6.17,0,1,240,8,,
b413307f-d5c0-42a0-b40e-9f9b4516eaf3,3389,tristi,2.6.17,0,1,240,9,,
b413307f-d5c0-42a0-b40e-9f9b4516eaf3,3390,nece,2.6.17,0,1,240,10,,
b413307f-d5c0-42a0-b40e-9f9b4516eaf3,3391,.,2.6.17,,4,240,,,
b413307f-d5c0-42a0-b40e-9f9b4516eaf3,3392,Muli,2.7,0,1,241,0,,
b413307f-d5c0-42a0-b40e-9f9b4516eaf3,3393,duo,2.7,0,1,241,1,,
b413307f-d5c0-42a0-b40e-9f9b4516eaf3,3394,et,2.7,0,1,241,2,,
b413307f-d5c0-42a0-b40e-9f9b4516eaf3,3395,vectores,2.7,0,1,241,3,,
b413307f-d5c0-42a0-b40e-9f9b4516eaf3,3396,.,2.7,,4,241,,,
b413307f-d5c0-42a0-b40e-9f9b4516eaf3,3397,Muli,2.7.1,0,1,242,0,,
b413307f-d5c0-42a0-b40e-9f9b4516eaf3,3398,gravati,2.7.1,0,1,242,1,,
b413307f-d5c0-42a0-b40e-9f9b4516eaf3,3399,sarcinis,2.7.1,0,1,242,2,,
b413307f-d5c0-42a0-b40e-9f9b4516eaf3,3400,ibant,2.7.1,0,1,242,3,,
b413307f-d5c0-42a0-b40e-9f9b4516eaf3,3401,duo,2.7.1,0,1,242,4,,
b413307f-d5c0-42a0-b40e-9f9b4516eaf3,3402,:,2.7.1,,4,242,,,
b413307f-d5c0-42a0-b40e-9f9b4516eaf3,3403,Unus,2.7.2,0,1,242,5,,
b413307f-d5c0-42a0-b40e-9f9b4516eaf3,3404,ferebat,2.7.2,0,1,242,6,,
b413307f-d5c0-42a0-b40e-9f9b4516eaf3,3405,fiscos,2.7.2,0,1,242,7,,
b413307f-d5c0-42a0-b40e-9f9b4516eaf3,3406,cum,2.7.2,0,1,242,8,,
b413307f-d5c0-42a0-b40e-9f9b4516eaf3,3407,pecunia,2.7.2,0,1,242,9,,
b413307f-d5c0-42a0-b40e-9f9b4516eaf3,3408,",",2.7.2,,4,242,,,
b413307f-d5c0-42a0-b40e-9f9b4516eaf3,3409,Alter,2.7.3,0,1,242,10,,
b413307f-d5c0-42a0-b40e-9f9b4516eaf3,3410,tumentes,2.7.3,0,1,242,11,,
b413307f-d5c0-42a0-b40e-9f9b4516eaf3,3411,multo,2.7.3,0,1,242,12,,
b413307f-d5c0-42a0-b40e-9f9b4516eaf3,3412,saccos,2.7.3,0,1,242,13,,
b413307f-d5c0-42a0-b40e-9f9b4516eaf3,3413,hordeo,2.7.3,0,1,242,14,,
b413307f-d5c0-42a0-b40e-9f9b4516eaf3,3414,.,2.7.3,,4,242,,,
b413307f-d5c0-42a0-b40e-9f9b4516eaf3,3415,Ille,2.7.4,0,1,243,0,,
b413307f-d5c0-42a0-b40e-9f9b4516eaf3,3416,onere,2.7.4,0,1,243,1,,
b413307f-d5c0-42a0-b40e-9f9b4516eaf3,3417,dives,2.7.4,0,1,243,2,,
b413307f-d5c0-42a0-b40e-9f9b4516eaf3,3418,celsa,2.7.4,0,1,243,3,,
b413307f-d5c0-42a0-b40e-9f9b4516eaf3,3419,cervice,2.7.4,0,1,243,4,,
b413307f-d5c0-42a0-b40e-9f9b4516eaf3,3420,eminens,2.7.4,0,1,243,5,,
b413307f-d5c0-42a0-b40e-9f9b4516eaf3,3421,Clarumque,2.7.5,2,1,243,6,que,
b413307f-d5c0-42a0-b40e-9f9b4516eaf3,3422,collo,2.7.5,0,1,243,7,,
b413307f-d5c0-42a0-b40e-9f9b4516eaf3,3423,iactans,2.7.5,0,1,243,8,,
b413307f-d5c0-42a0-b40e-9f9b4516eaf3,3424,tintinnabulum,2.7.5,0,1,243,9,,
b413307f-d5c0-42a0-b40e-9f9b4516eaf3,3425,",",2.7.5,,4,243,,,
b413307f-d5c0-42a0-b40e-9f9b4516eaf3,3426,Comes,2.7.6,2,1,243,10,,
b413307f-d5c0-42a0-b40e-9f9b4516eaf3,3427,quieto,2.7.6,0,1,243,11,,
b413307f-d5c0-42a0-b40e-9f9b4516eaf3,3428,sequitur,2.7.6,0,1,243,12,,
b413307f-d5c0-42a0-b40e-9f9b4516eaf3,3429,et,2.7.6,0,1,243,13,,
b413307f-d5c0-42a0-b40e-9f9b4516eaf3,3430,placido,2.7.6,0,1,243,14,,
b413307f-d5c0-42a0-b40e-9f9b4516eaf3,3431,gradu,2.7.6,0,1,243,15,,
b413307f-d5c0-42a0-b40e-9f9b4516eaf3,3432,.,2.7.6,,4,243,,,
b413307f-d5c0-42a0-b40e-9f9b4516eaf3,3433,Subito,2.7.7,0,1,244,0,,
b413307f-d5c0-42a0-b40e-9f9b4516eaf3,3434,latrones,2.7.7,0,1,244,1,,
b413307f-d5c0-42a0-b40e-9f9b4516eaf3,3435,ex,2.7.7,0,1,244,2,,
b413307f-d5c0-42a0-b40e-9f9b4516eaf3,3436,insidiis,2.7.7,0,1,244,3,,
b413307f-d5c0-42a0-b40e-9f9b4516eaf3,3437,advolant,2.7.7,0,1,244,4,,
b413307f-d5c0-42a0-b40e-9f9b4516eaf3,3438,Interque,2.7.8,0,1,244,5,,
b413307f-d5c0-42a0-b40e-9f9b4516eaf3,3439,caedem,2.7.8,0,1,244,6,,
b413307f-d5c0-42a0-b40e-9f9b4516eaf3,3440,ferro,2.7.8,0,1,244,7,,
b413307f-d5c0-42a0-b40e-9f9b4516eaf3,3441,mulum,2.7.8,0,1,244,8,,
b413307f-d5c0-42a0-b40e-9f9b4516eaf3,3442,sauciant,2.7.8,0,1,244,9,,
b413307f-d5c0-42a0-b40e-9f9b4516eaf3,3443,",",2.7.8,,4,244,,,
b413307f-d5c0-42a0-b40e-9f9b4516eaf3,3444,Diripiunt,2.7.9,0,1,244,10,,
b413307f-d5c0-42a0-b40e-9f9b4516eaf3,3445,nummos,2.7.9,0,1,244,11,,
b413307f-d5c0-42a0-b40e-9f9b4516eaf3,3446,",",2.7.9,,4,244,,,
b413307f-d5c0-42a0-b40e-9f9b4516eaf3,3447,neglegunt,2.7.9,0,1,244,12,,
b413307f-d5c0-42a0-b40e-9f9b4516eaf3,3448,vile,2.7.9,0,1,244,13,,
b413307f-d5c0-42a0-b40e-9f9b4516eaf3,3449,hordeum,2.7.9,0,1,244,14,,
b413307f-d5c0-42a0-b40e-9f9b4516eaf3,3450,.,2.7.9,,4,244,,,
b413307f-d5c0-42a0-b40e-9f9b4516eaf3,3451,Spoliatus,2.7.10,0,1,245,0,,
b413307f-d5c0-42a0-b40e-9f9b4516eaf3,3452,igitur,2.7.10,0,1,245,1,,
b413307f-d5c0-42a0-b40e-9f9b4516eaf3,3453,casus,2.7.10,0,1,245,2,,
b413307f-d5c0-42a0-b40e-9f9b4516eaf3,3454,cum,2.7.10,0,1,245,3,,
b413307f-d5c0-42a0-b40e-9f9b4516eaf3,3455,fleret,2.7.10,0,1,245,4,,
b413307f-d5c0-42a0-b40e-9f9b4516eaf3,3456,suos,2.7.10,0,1,245,5,,
b413307f-d5c0-42a0-b40e-9f9b4516eaf3,3457,:,2.7.10,,4,245,,,
b413307f-d5c0-42a0-b40e-9f9b4516eaf3,3458,Equidem,2.7.11,0,1,245,6,,
b413307f-d5c0-42a0-b40e-9f9b4516eaf3,3459,inquit,2.7.11,0,1,245,7,,
b413307f-d5c0-42a0-b40e-9f9b4516eaf3,3460,alter,2.7.11,0,1,245,8,,
b413307f-d5c0-42a0-b40e-9f9b4516eaf3,3461,me,2.7.11,0,1,245,9,,
b413307f-d5c0-42a0-b40e-9f9b4516eaf3,3462,contemptum,2.7.11,0,1,245,10,,
b413307f-d5c0-42a0-b40e-9f9b4516eaf3,3463,gaudeo,2.7.11,0,1,245,11,,
b413307f-d5c0-42a0-b40e-9f9b4516eaf3,3464,;,2.7.11,,4,245,,,
b413307f-d5c0-42a0-b40e-9f9b4516eaf3,3465,Nam,2.7.12,0,1,245,12,,
b413307f-d5c0-42a0-b40e-9f9b4516eaf3,3466,nil,2.7.12,0,1,245,13,,
b413307f-d5c0-42a0-b40e-9f9b4516eaf3,3467,amisi,2.7.12,0,1,245,14,,
b413307f-d5c0-42a0-b40e-9f9b4516eaf3,3468,nec,2.7.12,0,1,245,15,,
b413307f-d5c0-42a0-b40e-9f9b4516eaf3,3469,sum,2.7.12,0,1,245,16,,
b413307f-d5c0-42a0-b40e-9f9b4516eaf3,3470,laesus,2.7.12,0,1,245,17,,
b413307f-d5c0-42a0-b40e-9f9b4516eaf3,3471,vulnere,2.7.12,0,1,245,18,,
b413307f-d5c0-42a0-b40e-9f9b4516eaf3,3472,.,2.7.12,,4,245,,,
b413307f-d5c0-42a0-b40e-9f9b4516eaf3,3473,Hoc,2.7.13,0,1,246,0,,
b413307f-d5c0-42a0-b40e-9f9b4516eaf3,3474,argumento,2.7.13,0,1,246,1,,
b413307f-d5c0-42a0-b40e-9f9b4516eaf3,3475,tuta,2.7.13,0,1,246,2,,
b413307f-d5c0-42a0-b40e-9f9b4516eaf3,3476,est,2.7.13,0,1,246,3,,
b413307f-d5c0-42a0-b40e-9f9b4516eaf3,3477,hominum,2.7.13,0,1,246,4,,
b413307f-d5c0-42a0-b40e-9f9b4516eaf3,3478,tenuitas,2.7.13,0,1,246,5,,
b413307f-d5c0-42a0-b40e-9f9b4516eaf3,3479,;,2.7.13,,4,246,,,
b413307f-d5c0-42a0-b40e-9f9b4516eaf3,3480,Magnae,2.7.14,0,1,246,6,,
b413307f-d5c0-42a0-b40e-9f9b4516eaf3,3481,periclo,2.7.14,0,1,246,7,,
b413307f-d5c0-42a0-b40e-9f9b4516eaf3,3482,sunt,2.7.14,0,1,246,8,,
b413307f-d5c0-42a0-b40e-9f9b4516eaf3,3483,opes,2.7.14,0,1,246,9,,
b413307f-d5c0-42a0-b40e-9f9b4516eaf3,3484,obnoxiae,2.7.14,0,1,246,10,,
b413307f-d5c0-42a0-b40e-9f9b4516eaf3,3485,.,2.7.14,,4,246,,,
b413307f-d5c0-42a0-b40e-9f9b4516eaf3,3486,Cervus,2.8,0,1,247,0,,
b413307f-d5c0-42a0-b40e-9f9b4516eaf3,3487,ad,2.8,0,1,247,1,,
b413307f-d5c0-42a0-b40e-9f9b4516eaf3,3488,boves,2.8,0,1,247,2,,
b413307f-d5c0-42a0-b40e-9f9b4516eaf3,3489,.,2.8,,4,247,,,
b413307f-d5c0-42a0-b40e-9f9b4516eaf3,3490,Cervus,2.8.1,0,1,248,0,,
b413307f-d5c0-42a0-b40e-9f9b4516eaf3,3491,nemorosis,2.8.1,0,1,248,1,,
b413307f-d5c0-42a0-b40e-9f9b4516eaf3,3492,excitatus,2.8.1,0,1,248,2,,
b413307f-d5c0-42a0-b40e-9f9b4516eaf3,3493,latibulis,2.8.1,0,1,248,3,,
b413307f-d5c0-42a0-b40e-9f9b4516eaf3,3494,",",2.8.1,,4,248,,,
b413307f-d5c0-42a0-b40e-9f9b4516eaf3,3495,Ut,2.8.2,0,1,248,4,,
b413307f-d5c0-42a0-b40e-9f9b4516eaf3,3496,venatorum,2.8.2,0,1,248,5,,
b413307f-d5c0-42a0-b40e-9f9b4516eaf3,3497,effugeret,2.8.2,0,1,248,6,,
b413307f-d5c0-42a0-b40e-9f9b4516eaf3,3498,instantem,2.8.2,0,1,248,7,,
b413307f-d5c0-42a0-b40e-9f9b4516eaf3,3499,necem,2.8.2,0,1,248,8,,
b413307f-d5c0-42a0-b40e-9f9b4516eaf3,3500,",",2.8.2,,4,248,,,
b413307f-d5c0-42a0-b40e-9f9b4516eaf3,3501,Caeco,2.8.3,2,1,248,9,,
b413307f-d5c0-42a0-b40e-9f9b4516eaf3,3502,timore,2.8.3,0,1,248,10,,
b413307f-d5c0-42a0-b40e-9f9b4516eaf3,3503,proximam,2.8.3,0,1,248,11,,
b413307f-d5c0-42a0-b40e-9f9b4516eaf3,3504,villam,2.8.3,0,1,248,12,,
b413307f-d5c0-42a0-b40e-9f9b4516eaf3,3505,petit,2.8.3,0,1,248,13,,
b413307f-d5c0-42a0-b40e-9f9b4516eaf3,3506,Et,2.8.4,0,1,248,14,,
b413307f-d5c0-42a0-b40e-9f9b4516eaf3,3507,opportuno,2.8.4,0,1,248,15,,
b413307f-d5c0-42a0-b40e-9f9b4516eaf3,3508,se,2.8.4,0,1,248,16,,
b413307f-d5c0-42a0-b40e-9f9b4516eaf3,3509,bovili,2.8.4,0,1,248,17,,
b413307f-d5c0-42a0-b40e-9f9b4516eaf3,3510,condidit,2.8.4,0,1,248,18,,
b413307f-d5c0-42a0-b40e-9f9b4516eaf3,3511,.,2.8.4,,4,248,,,
b413307f-d5c0-42a0-b40e-9f9b4516eaf3,3512,Hic,2.8.5,0,1,249,0,,
b413307f-d5c0-42a0-b40e-9f9b4516eaf3,3513,bos,2.8.5,0,1,249,1,,
b413307f-d5c0-42a0-b40e-9f9b4516eaf3,3514,latenti,2.8.5,0,1,249,2,,
b413307f-d5c0-42a0-b40e-9f9b4516eaf3,3515,:,2.8.5,,4,249,,,
b413307f-d5c0-42a0-b40e-9f9b4516eaf3,3516,Quidnam,2.8.5,0,1,249,3,,
b413307f-d5c0-42a0-b40e-9f9b4516eaf3,3517,voluisti,2.8.5,0,1,249,4,,
b413307f-d5c0-42a0-b40e-9f9b4516eaf3,3518,tibi,2.8.5,0,1,249,5,,
b413307f-d5c0-42a0-b40e-9f9b4516eaf3,3519,",",2.8.5,,4,249,,,
b413307f-d5c0-42a0-b40e-9f9b4516eaf3,3520,Infelix,2.8.6,0,1,249,6,,
b413307f-d5c0-42a0-b40e-9f9b4516eaf3,3521,",",2.8.6,,4,249,,,
b413307f-d5c0-42a0-b40e-9f9b4516eaf3,3522,ultro,2.8.6,0,1,249,7,,
b413307f-d5c0-42a0-b40e-9f9b4516eaf3,3523,qui,2.8.6,0,1,249,8,,
b413307f-d5c0-42a0-b40e-9f9b4516eaf3,3524,ad,2.8.6,0,1,249,9,,
b413307f-d5c0-42a0-b40e-9f9b4516eaf3,3525,necem,2.8.6,0,1,249,10,,
b413307f-d5c0-42a0-b40e-9f9b4516eaf3,3526,cucurreris,2.8.6,0,1,249,11,,
b413307f-d5c0-42a0-b40e-9f9b4516eaf3,3527,Hominumque,2.8.7,0,1,249,12,,
b413307f-d5c0-42a0-b40e-9f9b4516eaf3,3528,tecto,2.8.7,0,1,249,13,,
b413307f-d5c0-42a0-b40e-9f9b4516eaf3,3529,spiritum,2.8.7,0,1,249,14,,
b413307f-d5c0-42a0-b40e-9f9b4516eaf3,3530,commiseris,2.8.7,0,1,249,15,,
b413307f-d5c0-42a0-b40e-9f9b4516eaf3,3531,?,2.8.7,,4,249,,,
b413307f-d5c0-42a0-b40e-9f9b4516eaf3,3532,At,2.8.8,0,1,250,0,,
b413307f-d5c0-42a0-b40e-9f9b4516eaf3,3533,ille,2.8.8,0,1,250,1,,
b413307f-d5c0-42a0-b40e-9f9b4516eaf3,3534,supplex,2.8.8,0,1,250,2,,
b413307f-d5c0-42a0-b40e-9f9b4516eaf3,3535,:,2.8.8,,4,250,,,
b413307f-d5c0-42a0-b40e-9f9b4516eaf3,3536,Vos,2.8.8,0,1,250,3,,
b413307f-d5c0-42a0-b40e-9f9b4516eaf3,3537,modo,2.8.8,0,1,250,4,,
b413307f-d5c0-42a0-b40e-9f9b4516eaf3,3538,inquit,2.8.8,0,1,250,5,,
b413307f-d5c0-42a0-b40e-9f9b4516eaf3,3539,parcite,2.8.8,0,1,250,6,,
b413307f-d5c0-42a0-b40e-9f9b4516eaf3,3540,;,2.8.8,,4,250,,,
b413307f-d5c0-42a0-b40e-9f9b4516eaf3,3541,Occasione,2.8.9,0,1,250,7,,
b413307f-d5c0-42a0-b40e-9f9b4516eaf3,3542,rursus,2.8.9,0,1,250,8,,
b413307f-d5c0-42a0-b40e-9f9b4516eaf3,3543,erumpam,2.8.9,0,1,250,9,,
b413307f-d5c0-42a0-b40e-9f9b4516eaf3,3544,data,2.8.9,0,1,250,10,,
b413307f-d5c0-42a0-b40e-9f9b4516eaf3,3545,.,2.8.9,,4,250,,,
b413307f-d5c0-42a0-b40e-9f9b4516eaf3,3546,Spatium,2.8.10,0,1,251,0,,
b413307f-d5c0-42a0-b40e-9f9b4516eaf3,3547,diei,2.8.10,0,1,251,1,,
b413307f-d5c0-42a0-b40e-9f9b4516eaf3,3548,noctis,2.8.10,0,1,251,2,,
b413307f-d5c0-42a0-b40e-9f9b4516eaf3,3549,excipiunt,2.8.10,0,1,251,3,,
b413307f-d5c0-42a0-b40e-9f9b4516eaf3,3550,vices,2.8.10,0,1,251,4,,
b413307f-d5c0-42a0-b40e-9f9b4516eaf3,3551,.,2.8.10,,4,251,,,
b413307f-d5c0-42a0-b40e-9f9b4516eaf3,3552,Frondem,2.8.11,0,1,252,0,,
b413307f-d5c0-42a0-b40e-9f9b4516eaf3,3553,bubulcus,2.8.11,0,1,252,1,,
b413307f-d5c0-42a0-b40e-9f9b4516eaf3,3554,affert,2.8.11,0,1,252,2,,
b413307f-d5c0-42a0-b40e-9f9b4516eaf3,3555,",",2.8.11,,4,252,,,
b413307f-d5c0-42a0-b40e-9f9b4516eaf3,3556,nil,2.8.11,0,1,252,3,,
b413307f-d5c0-42a0-b40e-9f9b4516eaf3,3557,ideo,2.8.11,0,1,252,4,,
b413307f-d5c0-42a0-b40e-9f9b4516eaf3,3558,videt,2.8.11,0,1,252,5,,
b413307f-d5c0-42a0-b40e-9f9b4516eaf3,3559,.,2.8.11,,4,252,,,
b413307f-d5c0-42a0-b40e-9f9b4516eaf3,3560,Eunt,2.8.12,0,1,253,0,,
b413307f-d5c0-42a0-b40e-9f9b4516eaf3,3561,subinde,2.8.12,0,1,253,1,,
b413307f-d5c0-42a0-b40e-9f9b4516eaf3,3562,et,2.8.12,0,1,253,2,,
b413307f-d5c0-42a0-b40e-9f9b4516eaf3,3563,redeunt,2.8.12,0,1,253,3,,
b413307f-d5c0-42a0-b40e-9f9b4516eaf3,3564,omnes,2.8.12,0,1,253,4,,
b413307f-d5c0-42a0-b40e-9f9b4516eaf3,3565,rustici,2.8.12,0,1,253,5,,
b413307f-d5c0-42a0-b40e-9f9b4516eaf3,3566,",",2.8.12,,4,253,,,
b413307f-d5c0-42a0-b40e-9f9b4516eaf3,3567,Nemo,2.8.13,0,1,253,6,,
b413307f-d5c0-42a0-b40e-9f9b4516eaf3,3568,animadvertit,2.8.13,0,1,253,7,,
b413307f-d5c0-42a0-b40e-9f9b4516eaf3,3569,:,2.8.13,,4,253,,,
b413307f-d5c0-42a0-b40e-9f9b4516eaf3,3570,transit,2.8.13,0,1,253,8,,
b413307f-d5c0-42a0-b40e-9f9b4516eaf3,3571,etiam,2.8.13,0,1,253,9,,
b413307f-d5c0-42a0-b40e-9f9b4516eaf3,3572,vilicus,2.8.13,0,1,253,10,,
b413307f-d5c0-42a0-b40e-9f9b4516eaf3,3573,",",2.8.13,,4,253,,,
b413307f-d5c0-42a0-b40e-9f9b4516eaf3,3574,Nec,2.8.14,0,1,253,11,,
b413307f-d5c0-42a0-b40e-9f9b4516eaf3,3575,ille,2.8.14,0,1,253,12,,
b413307f-d5c0-42a0-b40e-9f9b4516eaf3,3576,quicquam,2.8.14,0,1,253,13,,
b413307f-d5c0-42a0-b40e-9f9b4516eaf3,3577,sentit,2.8.14,0,1,253,14,,
b413307f-d5c0-42a0-b40e-9f9b4516eaf3,3578,.,2.8.14,,4,253,,,
b413307f-d5c0-42a0-b40e-9f9b4516eaf3,3579,Tum,2.8.14,0,1,254,0,,
b413307f-d5c0-42a0-b40e-9f9b4516eaf3,3580,gaudens,2.8.14,0,1,254,1,,
b413307f-d5c0-42a0-b40e-9f9b4516eaf3,3581,ferus,2.8.14,0,1,254,2,,
b413307f-d5c0-42a0-b40e-9f9b4516eaf3,3582,Bubus,2.8.15,0,1,254,3,,
b413307f-d5c0-42a0-b40e-9f9b4516eaf3,3583,quietis,2.8.15,0,1,254,4,,
b413307f-d5c0-42a0-b40e-9f9b4516eaf3,3584,agere,2.8.15,0,1,254,5,,
b413307f-d5c0-42a0-b40e-9f9b4516eaf3,3585,coepit,2.8.15,0,1,254,6,,
b413307f-d5c0-42a0-b40e-9f9b4516eaf3,3586,gratias,2.8.15,0,1,254,7,,
b413307f-d5c0-42a0-b40e-9f9b4516eaf3,3587,",",2.8.15,,4,254,,,
b413307f-d5c0-42a0-b40e-9f9b4516eaf3,3588,Hospitium,2.8.16,0,1,254,8,,
b413307f-d5c0-42a0-b40e-9f9b4516eaf3,3589,adverso,2.8.16,0,1,254,9,,
b413307f-d5c0-42a0-b40e-9f9b4516eaf3,3590,quod,2.8.16,0,1,254,10,,
b413307f-d5c0-42a0-b40e-9f9b4516eaf3,3591,praestiterint,2.8.16,0,1,254,11,,
b413307f-d5c0-42a0-b40e-9f9b4516eaf3,3592,tempore,2.8.16,0,1,254,12,,
b413307f-d5c0-42a0-b40e-9f9b4516eaf3,3593,.,2.8.16,,4,254,,,
b413307f-d5c0-42a0-b40e-9f9b4516eaf3,3594,Respondit,2.8.17,0,1,255,0,,
b413307f-d5c0-42a0-b40e-9f9b4516eaf3,3595,unus,2.8.17,0,1,255,1,,
b413307f-d5c0-42a0-b40e-9f9b4516eaf3,3596,:,2.8.17,,4,255,,,
b413307f-d5c0-42a0-b40e-9f9b4516eaf3,3597,Salvum,2.8.17,0,1,255,2,,
b413307f-d5c0-42a0-b40e-9f9b4516eaf3,3598,te,2.8.17,0,1,255,3,,
b413307f-d5c0-42a0-b40e-9f9b4516eaf3,3599,cupimus,2.8.17,0,1,255,4,,
b413307f-d5c0-42a0-b40e-9f9b4516eaf3,3600,quidem,2.8.17,0,1,255,5,,
b413307f-d5c0-42a0-b40e-9f9b4516eaf3,3601,;,2.8.17,,4,255,,,
b413307f-d5c0-42a0-b40e-9f9b4516eaf3,3602,Sed,2.8.18,0,1,255,6,,
b413307f-d5c0-42a0-b40e-9f9b4516eaf3,3603,ille,2.8.18,0,1,255,7,,
b413307f-d5c0-42a0-b40e-9f9b4516eaf3,3604,",",2.8.18,,4,255,,,
b413307f-d5c0-42a0-b40e-9f9b4516eaf3,3605,qui,2.8.18,0,1,255,8,,
b413307f-d5c0-42a0-b40e-9f9b4516eaf3,3606,oculos,2.8.18,0,1,255,9,,
b413307f-d5c0-42a0-b40e-9f9b4516eaf3,3607,centum,2.8.18,0,1,255,10,,
b413307f-d5c0-42a0-b40e-9f9b4516eaf3,3608,habet,2.8.18,0,1,255,11,,
b413307f-d5c0-42a0-b40e-9f9b4516eaf3,3609,",",2.8.18,,4,255,,,
b413307f-d5c0-42a0-b40e-9f9b4516eaf3,3610,si,2.8.18,0,1,255,12,,
b413307f-d5c0-42a0-b40e-9f9b4516eaf3,3611,venerit,2.8.18,0,1,255,13,,
b413307f-d5c0-42a0-b40e-9f9b4516eaf3,3612,",",2.8.18,,4,255,,,
b413307f-d5c0-42a0-b40e-9f9b4516eaf3,3613,Magno,2.8.19,2,1,255,14,,
b413307f-d5c0-42a0-b40e-9f9b4516eaf3,3614,in,2.8.19,0,1,255,15,,
b413307f-d5c0-42a0-b40e-9f9b4516eaf3,3615,periclo,2.8.19,0,1,255,16,,
b413307f-d5c0-42a0-b40e-9f9b4516eaf3,3616,vita,2.8.19,0,1,255,17,,
b413307f-d5c0-42a0-b40e-9f9b4516eaf3,3617,vertetur,2.8.19,0,1,255,18,,
b413307f-d5c0-42a0-b40e-9f9b4516eaf3,3618,tua,2.8.19,0,1,255,19,,
b413307f-d5c0-42a0-b40e-9f9b4516eaf3,3619,.,2.8.19,,4,255,,,
b413307f-d5c0-42a0-b40e-9f9b4516eaf3,3620,Haec,2.8.20,0,1,256,0,,
b413307f-d5c0-42a0-b40e-9f9b4516eaf3,3621,inter,2.8.20,0,1,256,1,,
b413307f-d5c0-42a0-b40e-9f9b4516eaf3,3622,ipse,2.8.20,0,1,256,2,,
b413307f-d5c0-42a0-b40e-9f9b4516eaf3,3623,dominus,2.8.20,0,1,256,3,,
b413307f-d5c0-42a0-b40e-9f9b4516eaf3,3624,a,2.8.20,0,1,256,4,,
b413307f-d5c0-42a0-b40e-9f9b4516eaf3,3625,cena,2.8.20,0,1,256,5,,
b413307f-d5c0-42a0-b40e-9f9b4516eaf3,3626,redit,2.8.20,0,1,256,6,,
b413307f-d5c0-42a0-b40e-9f9b4516eaf3,3627,Et,2.8.21,0,1,256,7,,
b413307f-d5c0-42a0-b40e-9f9b4516eaf3,3628,quia,2.8.21,0,1,256,8,,
b413307f-d5c0-42a0-b40e-9f9b4516eaf3,3629,corruptos,2.8.21,0,1,256,9,,
b413307f-d5c0-42a0-b40e-9f9b4516eaf3,3630,viderat,2.8.21,0,1,256,10,,
b413307f-d5c0-42a0-b40e-9f9b4516eaf3,3631,nuper,2.8.21,0,1,256,11,,
b413307f-d5c0-42a0-b40e-9f9b4516eaf3,3632,boves,2.8.21,0,1,256,12,,
b413307f-d5c0-42a0-b40e-9f9b4516eaf3,3633,",",2.8.21,,4,256,,,
b413307f-d5c0-42a0-b40e-9f9b4516eaf3,3634,Accedit,2.8.22,0,1,256,13,,
b413307f-d5c0-42a0-b40e-9f9b4516eaf3,3635,ad,2.8.22,0,1,256,14,,
b413307f-d5c0-42a0-b40e-9f9b4516eaf3,3636,praesepe,2.8.22,0,1,256,15,,
b413307f-d5c0-42a0-b40e-9f9b4516eaf3,3637,:,2.8.22,,4,256,,,
b413307f-d5c0-42a0-b40e-9f9b4516eaf3,3638,Cur,2.8.22,0,1,256,16,,
b413307f-d5c0-42a0-b40e-9f9b4516eaf3,3639,frondis,2.8.22,0,1,256,17,,
b413307f-d5c0-42a0-b40e-9f9b4516eaf3,3640,parum,2.8.22,0,1,256,18,,
b413307f-d5c0-42a0-b40e-9f9b4516eaf3,3641,est,2.8.22,0,1,256,19,,
b413307f-d5c0-42a0-b40e-9f9b4516eaf3,3642,",",2.8.22,,4,256,,,
b413307f-d5c0-42a0-b40e-9f9b4516eaf3,3643,Stramenta,2.8.23,0,1,256,20,,
b413307f-d5c0-42a0-b40e-9f9b4516eaf3,3644,desunt,2.8.23,0,1,256,21,,
b413307f-d5c0-42a0-b40e-9f9b4516eaf3,3645,?,2.8.23,,4,256,,,
b413307f-d5c0-42a0-b40e-9f9b4516eaf3,3646,Tollere,2.8.23,0,1,257,0,,
b413307f-d5c0-42a0-b40e-9f9b4516eaf3,3647,haec,2.8.23,0,1,257,1,,
b413307f-d5c0-42a0-b40e-9f9b4516eaf3,3648,aranea,2.8.23,0,1,257,2,,
b413307f-d5c0-42a0-b40e-9f9b4516eaf3,3649,Quantum,2.8.24,0,1,257,3,,
b413307f-d5c0-42a0-b40e-9f9b4516eaf3,3650,est,2.8.24,0,1,257,4,,
b413307f-d5c0-42a0-b40e-9f9b4516eaf3,3651,laboris,2.8.24,0,1,257,5,,
b413307f-d5c0-42a0-b40e-9f9b4516eaf3,3652,?,2.8.24,,4,257,,,
b413307f-d5c0-42a0-b40e-9f9b4516eaf3,3653,Dum,2.8.24,0,1,258,0,,
b413307f-d5c0-42a0-b40e-9f9b4516eaf3,3654,scrutatur,2.8.24,0,1,258,1,,
b413307f-d5c0-42a0-b40e-9f9b4516eaf3,3655,singula,2.8.24,0,1,258,2,,
b413307f-d5c0-42a0-b40e-9f9b4516eaf3,3656,",",2.8.24,,4,258,,,
b413307f-d5c0-42a0-b40e-9f9b4516eaf3,3657,Cervi,2.8.25,0,1,258,3,,
b413307f-d5c0-42a0-b40e-9f9b4516eaf3,3658,quoque,2.8.25,0,1,258,4,,
b413307f-d5c0-42a0-b40e-9f9b4516eaf3,3659,alta,2.8.25,0,1,258,5,,
b413307f-d5c0-42a0-b40e-9f9b4516eaf3,3660,conspicatur,2.8.25,0,1,258,6,,
b413307f-d5c0-42a0-b40e-9f9b4516eaf3,3661,cornua,2.8.25,0,1,258,7,,
b413307f-d5c0-42a0-b40e-9f9b4516eaf3,3662,;,2.8.25,,4,258,,,
b413307f-d5c0-42a0-b40e-9f9b4516eaf3,3663,Quem,2.8.26,0,1,258,8,,
b413307f-d5c0-42a0-b40e-9f9b4516eaf3,3664,convocata,2.8.26,0,1,258,9,,
b413307f-d5c0-42a0-b40e-9f9b4516eaf3,3665,iubet,2.8.26,0,1,258,10,,
b413307f-d5c0-42a0-b40e-9f9b4516eaf3,3666,occidi,2.8.26,0,1,258,11,,
b413307f-d5c0-42a0-b40e-9f9b4516eaf3,3667,familia,2.8.26,0,1,258,12,,
b413307f-d5c0-42a0-b40e-9f9b4516eaf3,3668,Praedamque,2.8.27,0,1,258,13,,
b413307f-d5c0-42a0-b40e-9f9b4516eaf3,3669,tollit,2.8.27,0,1,258,14,,
b413307f-d5c0-42a0-b40e-9f9b4516eaf3,3670,.,2.8.27,,4,258,,,
b413307f-d5c0-42a0-b40e-9f9b4516eaf3,3671,Haec,2.8.27,0,1,259,0,,
b413307f-d5c0-42a0-b40e-9f9b4516eaf3,3672,significat,2.8.27,0,1,259,1,,
b413307f-d5c0-42a0-b40e-9f9b4516eaf3,3673,fabula,2.8.27,0,1,259,2,,
b413307f-d5c0-42a0-b40e-9f9b4516eaf3,3674,Dominum,2.8.28,0,1,259,3,,
b413307f-d5c0-42a0-b40e-9f9b4516eaf3,3675,videre,2.8.28,0,1,259,4,,
b413307f-d5c0-42a0-b40e-9f9b4516eaf3,3676,plurimum,2.8.28,0,1,259,5,,
b413307f-d5c0-42a0-b40e-9f9b4516eaf3,3677,in,2.8.28,0,1,259,6,,
b413307f-d5c0-42a0-b40e-9f9b4516eaf3,3678,rebus,2.8.28,0,1,259,7,,
b413307f-d5c0-42a0-b40e-9f9b4516eaf3,3679,suis,2.8.28,0,1,259,8,,
b413307f-d5c0-42a0-b40e-9f9b4516eaf3,3680,.,2.8.28,,4,259,,,
b413307f-d5c0-42a0-b40e-9f9b4516eaf3,3681,Auctor,2.epilogus,0,1,260,0,,
b413307f-d5c0-42a0-b40e-9f9b4516eaf3,3682,Aesopi,2.epilogus.1,1,1,260,1,,
b413307f-d5c0-42a0-b40e-9f9b4516eaf3,3683,ingenio,2.epilogus.1,0,1,260,2,,
b413307f-d5c0-42a0-b40e-9f9b4516eaf3,3684,statuam,2.epilogus.1,0,1,260,3,,
b413307f-d5c0-42a0-b40e-9f9b4516eaf3,3685,posuere,2.epilogus.1,0,1,260,4,,
b413307f-d5c0-42a0-b40e-9f9b4516eaf3,3686,Attici,2.epilogus.1,1,1,260,5,,
b413307f-d5c0-42a0-b40e-9f9b4516eaf3,3687,Servumque,2.epilogus.2,0,1,260,6,,
b413307f-d5c0-42a0-b40e-9f9b4516eaf3,3688,collocarunt,2.epilogus.2,0,1,260,7,,
b413307f-d5c0-42a0-b40e-9f9b4516eaf3,3689,aeterna,2.epilogus.2,0,1,260,8,,
b413307f-d5c0-42a0-b40e-9f9b4516eaf3,3690,in,2.epilogus.2,0,1,260,9,,
b413307f-d5c0-42a0-b40e-9f9b4516eaf3,3691,basi,2.epilogus.2,0,1,260,10,,
b413307f-d5c0-42a0-b40e-9f9b4516eaf3,3692,",",2.epilogus.2,,4,260,,,
b413307f-d5c0-42a0-b40e-9f9b4516eaf3,3693,Patere,2.epilogus.3,0,1,260,11,,
b413307f-d5c0-42a0-b40e-9f9b4516eaf3,3694,honoris,2.epilogus.3,0,1,260,12,,
b413307f-d5c0-42a0-b40e-9f9b4516eaf3,3695,scirent,2.epilogus.3,0,1,260,13,,
b413307f-d5c0-42a0-b40e-9f9b4516eaf3,3696,ut,2.epilogus.3,0,1,260,14,,
b413307f-d5c0-42a0-b40e-9f9b4516eaf3,3697,cuncti,2.epilogus.3,0,1,260,15,,
b413307f-d5c0-42a0-b40e-9f9b4516eaf3,3698,viam,2.epilogus.3,0,1,260,16,,
b413307f-d5c0-42a0-b40e-9f9b4516eaf3,3699,Nec,2.epilogus.4,0,1,260,17,,
b413307f-d5c0-42a0-b40e-9f9b4516eaf3,3700,generi,2.epilogus.4,0,1,260,18,,
b413307f-d5c0-42a0-b40e-9f9b4516eaf3,3701,tribui,2.epilogus.4,0,1,260,19,,
b413307f-d5c0-42a0-b40e-9f9b4516eaf3,3702,",",2.epilogus.4,,4,260,,,
b413307f-d5c0-42a0-b40e-9f9b4516eaf3,3703,sed,2.epilogus.4,0,1,260,20,,
b413307f-d5c0-42a0-b40e-9f9b4516eaf3,3704,virtuti,2.epilogus.4,0,1,260,21,,
b413307f-d5c0-42a0-b40e-9f9b4516eaf3,3705,gloriam,2.epilogus.4,0,1,260,22,,
b413307f-d5c0-42a0-b40e-9f9b4516eaf3,3706,.,2.epilogus.4,,4,260,,,
b413307f-d5c0-42a0-b40e-9f9b4516eaf3,3707,Quoniam,2.epilogus.5,0,1,261,0,,
b413307f-d5c0-42a0-b40e-9f9b4516eaf3,3708,occuparat,2.epilogus.5,0,1,261,1,,
b413307f-d5c0-42a0-b40e-9f9b4516eaf3,3709,alter,2.epilogus.5,0,1,261,2,,
b413307f-d5c0-42a0-b40e-9f9b4516eaf3,3710,ne,2.epilogus.5,0,1,261,3,,
b413307f-d5c0-42a0-b40e-9f9b4516eaf3,3711,primus,2.epilogus.5,0,1,261,4,,
b413307f-d5c0-42a0-b40e-9f9b4516eaf3,3712,foret,2.epilogus.5,0,1,261,5,,
b413307f-d5c0-42a0-b40e-9f9b4516eaf3,3713,",",2.epilogus.5,,4,261,,,
b413307f-d5c0-42a0-b40e-9f9b4516eaf3,3714,Ne,2.epilogus.6,0,1,261,6,,
b413307f-d5c0-42a0-b40e-9f9b4516eaf3,3715,solus,2.epilogus.6,0,1,261,7,,
b413307f-d5c0-42a0-b40e-9f9b4516eaf3,3716,esset,2.epilogus.6,0,1,261,8,,
b413307f-d5c0-42a0-b40e-9f9b4516eaf3,3717,studui,2.epilogus.6,0,1,261,9,,
b413307f-d5c0-42a0-b40e-9f9b4516eaf3,3718,;,2.epilogus.6,,4,261,,,
b413307f-d5c0-42a0-b40e-9f9b4516eaf3,3719,quod,2.epilogus.6,0,1,261,10,,
b413307f-d5c0-42a0-b40e-9f9b4516eaf3,3720,superfuit,2.epilogus.6,0,1,261,11,,
b413307f-d5c0-42a0-b40e-9f9b4516eaf3,3721,:,2.epilogus.6,,4,261,,,
b413307f-d5c0-42a0-b40e-9f9b4516eaf3,3722,Nec,2.epilogus.7,0,1,261,12,,
b413307f-d5c0-42a0-b40e-9f9b4516eaf3,3723,haec,2.epilogus.7,0,1,261,13,,
b413307f-d5c0-42a0-b40e-9f9b4516eaf3,3724,invidia,2.epilogus.7,0,1,261,14,,
b413307f-d5c0-42a0-b40e-9f9b4516eaf3,3725,",",2.epilogus.7,,4,261,,,
b413307f-d5c0-42a0-b40e-9f9b4516eaf3,3726,verum,2.epilogus.7,0,1,261,15,,
b413307f-d5c0-42a0-b40e-9f9b4516eaf3,3727,est,2.epilogus.7,0,1,261,16,,
b413307f-d5c0-42a0-b40e-9f9b4516eaf3,3728,aemulatio,2.epilogus.7,0,1,261,17,,
b413307f-d5c0-42a0-b40e-9f9b4516eaf3,3729,.,2.epilogus.7,,4,261,,,
b413307f-d5c0-42a0-b40e-9f9b4516eaf3,3730,Quod,2.epilogus.8,0,1,262,0,,
b413307f-d5c0-42a0-b40e-9f9b4516eaf3,3731,si,2.epilogus.8,0,1,262,1,,
b413307f-d5c0-42a0-b40e-9f9b4516eaf3,3732,labori,2.epilogus.8,0,1,262,2,,
b413307f-d5c0-42a0-b40e-9f9b4516eaf3,3733,faverit,2.epilogus.8,0,1,262,3,,
b413307f-d5c0-42a0-b40e-9f9b4516eaf3,3734,Latium,2.epilogus.8,1,1,262,4,,
b413307f-d5c0-42a0-b40e-9f9b4516eaf3,3735,meo,2.epilogus.8,0,1,262,5,,
b413307f-d5c0-42a0-b40e-9f9b4516eaf3,3736,",",2.epilogus.8,,4,262,,,
b413307f-d5c0-42a0-b40e-9f9b4516eaf3,3737,Plures,2.epilogus.9,0,1,262,6,,
b413307f-d5c0-42a0-b40e-9f9b4516eaf3,3738,habebit,2.epilogus.9,0,1,262,7,,
b413307f-d5c0-42a0-b40e-9f9b4516eaf3,3739,",",2.epilogus.9,,4,262,,,
b413307f-d5c0-42a0-b40e-9f9b4516eaf3,3740,quos,2.epilogus.9,0,1,262,8,,
b413307f-d5c0-42a0-b40e-9f9b4516eaf3,3741,opponat,2.epilogus.9,0,1,262,9,,
b413307f-d5c0-42a0-b40e-9f9b4516eaf3,3742,Graeciae,2.epilogus.9,1,1,262,10,,
b413307f-d5c0-42a0-b40e-9f9b4516eaf3,3743,.,2.epilogus.9,,4,262,,,
b413307f-d5c0-42a0-b40e-9f9b4516eaf3,3744,Si,2.epilogus.10,0,1,263,0,,
b413307f-d5c0-42a0-b40e-9f9b4516eaf3,3745,livor,2.epilogus.10,0,1,263,1,,
b413307f-d5c0-42a0-b40e-9f9b4516eaf3,3746,obtrectare,2.epilogus.10,0,1,263,2,,
b413307f-d5c0-42a0-b40e-9f9b4516eaf3,3747,curam,2.epilogus.10,0,1,263,3,,
b413307f-d5c0-42a0-b40e-9f9b4516eaf3,3748,voluerit,2.epilogus.10,0,1,263,4,,
b413307f-d5c0-42a0-b40e-9f9b4516eaf3,3749,",",2.epilogus.10,,4,263,,,
b413307f-d5c0-42a0-b40e-9f9b4516eaf3,3750,Non,2.epilogus.11,0,1,263,5,,
b413307f-d5c0-42a0-b40e-9f9b4516eaf3,3751,tamen,2.epilogus.11,0,1,263,6,,
b413307f-d5c0-42a0-b40e-9f9b4516eaf3,3752,eripiet,2.epilogus.11,0,1,263,7,,
b413307f-d5c0-42a0-b40e-9f9b4516eaf3,3753,laudis,2.epilogus.11,0,1,263,8,,
b413307f-d5c0-42a0-b40e-9f9b4516eaf3,3754,conscientiam,2.epilogus.11,0,1,263,9,,
b413307f-d5c0-42a0-b40e-9f9b4516eaf3,3755,.,2.epilogus.11,,4,263,,,
b413307f-d5c0-42a0-b40e-9f9b4516eaf3,3756,Si,2.epilogus.12,0,1,264,0,,
b413307f-d5c0-42a0-b40e-9f9b4516eaf3,3757,nostrum,2.epilogus.12,0,1,264,1,,
b413307f-d5c0-42a0-b40e-9f9b4516eaf3,3758,studium,2.epilogus.12,0,1,264,2,,
b413307f-d5c0-42a0-b40e-9f9b4516eaf3,3759,ad,2.epilogus.12,0,1,264,3,,
b413307f-d5c0-42a0-b40e-9f9b4516eaf3,3760,aures,2.epilogus.12,0,1,264,4,,
b413307f-d5c0-42a0-b40e-9f9b4516eaf3,3761,pervenit,2.epilogus.12,0,1,264,5,,
b413307f-d5c0-42a0-b40e-9f9b4516eaf3,3762,tuas,2.epilogus.12,0,1,264,6,,
b413307f-d5c0-42a0-b40e-9f9b4516eaf3,3763,Et,2.epilogus.13,0,1,264,7,,
b413307f-d5c0-42a0-b40e-9f9b4516eaf3,3764,arte,2.epilogus.13,0,1,264,8,,
b413307f-d5c0-42a0-b40e-9f9b4516eaf3,3765,fictas,2.epilogus.13,0,1,264,9,,
b413307f-d5c0-42a0-b40e-9f9b4516eaf3,3766,animus,2.epilogus.13,0,1,264,10,,
b413307f-d5c0-42a0-b40e-9f9b4516eaf3,3767,sentit,2.epilogus.13,0,1,264,11,,
b413307f-d5c0-42a0-b40e-9f9b4516eaf3,3768,fabulas,2.epilogus.13,0,1,264,12,,
b413307f-d5c0-42a0-b40e-9f9b4516eaf3,3769,",",2.epilogus.13,,4,264,,,
b413307f-d5c0-42a0-b40e-9f9b4516eaf3,3770,Omnem,2.epilogus.14,0,1,264,13,,
b413307f-d5c0-42a0-b40e-9f9b4516eaf3,3771,querelam,2.epilogus.14,0,1,264,14,,
b413307f-d5c0-42a0-b40e-9f9b4516eaf3,3772,submovet,2.epilogus.14,0,1,264,15,,
b413307f-d5c0-42a0-b40e-9f9b4516eaf3,3773,felicitas,2.epilogus.14,0,1,264,16,,
b413307f-d5c0-42a0-b40e-9f9b4516eaf3,3774,.,2.epilogus.14,,4,264,,,
b413307f-d5c0-42a0-b40e-9f9b4516eaf3,3775,Sin,2.epilogus.15,0,1,265,0,,
b413307f-d5c0-42a0-b40e-9f9b4516eaf3,3776,autem,2.epilogus.15,0,1,265,1,,
b413307f-d5c0-42a0-b40e-9f9b4516eaf3,3777,doctus,2.epilogus.15,0,1,265,2,,
b413307f-d5c0-42a0-b40e-9f9b4516eaf3,3778,illis,2.epilogus.15,0,1,265,3,,
b413307f-d5c0-42a0-b40e-9f9b4516eaf3,3779,occurrit,2.epilogus.15,0,1,265,4,,
b413307f-d5c0-42a0-b40e-9f9b4516eaf3,3780,labor,2.epilogus.15,0,1,265,5,,
b413307f-d5c0-42a0-b40e-9f9b4516eaf3,3781,",",2.epilogus.15,,4,265,,,
b413307f-d5c0-42a0-b40e-9f9b4516eaf3,3782,Sinistra,2.epilogus.16,0,1,265,6,,
b413307f-d5c0-42a0-b40e-9f9b4516eaf3,3783,quos,2.epilogus.16,0,1,265,7,,
b413307f-d5c0-42a0-b40e-9f9b4516eaf3,3784,in,2.epilogus.16,0,1,265,8,,
b413307f-d5c0-42a0-b40e-9f9b4516eaf3,3785,lucem,2.epilogus.16,0,1,265,9,,
b413307f-d5c0-42a0-b40e-9f9b4516eaf3,3786,natura,2.epilogus.16,0,1,265,10,,
b413307f-d5c0-42a0-b40e-9f9b4516eaf3,3787,extulit,2.epilogus.16,0,1,265,11,,
b413307f-d5c0-42a0-b40e-9f9b4516eaf3,3788,Nec,2.epilogus.17,0,1,265,12,,
b413307f-d5c0-42a0-b40e-9f9b4516eaf3,3789,quicquam,2.epilogus.17,0,1,265,13,,
b413307f-d5c0-42a0-b40e-9f9b4516eaf3,3790,possunt,2.epilogus.17,0,1,265,14,,
b413307f-d5c0-42a0-b40e-9f9b4516eaf3,3791,nisi,2.epilogus.17,0,1,265,15,,
b413307f-d5c0-42a0-b40e-9f9b4516eaf3,3792,meliores,2.epilogus.17,0,1,265,16,,
b413307f-d5c0-42a0-b40e-9f9b4516eaf3,3793,carpere,2.epilogus.17,0,1,265,17,,
b413307f-d5c0-42a0-b40e-9f9b4516eaf3,3794,",",2.epilogus.17,,4,265,,,
b413307f-d5c0-42a0-b40e-9f9b4516eaf3,3795,Fatale,2.epilogus.18,0,1,265,18,,
b413307f-d5c0-42a0-b40e-9f9b4516eaf3,3796,exitium,2.epilogus.18,0,1,265,19,,
b413307f-d5c0-42a0-b40e-9f9b4516eaf3,3797,corde,2.epilogus.18,0,1,265,20,,
b413307f-d5c0-42a0-b40e-9f9b4516eaf3,3798,durato,2.epilogus.18,0,1,265,21,,
b413307f-d5c0-42a0-b40e-9f9b4516eaf3,3799,feram,2.epilogus.18,0,1,265,22,,
b413307f-d5c0-42a0-b40e-9f9b4516eaf3,3800,",",2.epilogus.18,,4,265,,,
b413307f-d5c0-42a0-b40e-9f9b4516eaf3,3801,Donec,2.epilogus.19,0,1,265,23,,
b413307f-d5c0-42a0-b40e-9f9b4516eaf3,3802,fortunam,2.epilogus.19,0,1,265,24,,
b413307f-d5c0-42a0-b40e-9f9b4516eaf3,3803,criminis,2.epilogus.19,0,1,265,25,,
b413307f-d5c0-42a0-b40e-9f9b4516eaf3,3804,pudeat,2.epilogus.19,0,1,265,26,,
b413307f-d5c0-42a0-b40e-9f9b4516eaf3,3805,sui,2.epilogus.19,0,1,265,27,,
b413307f-d5c0-42a0-b40e-9f9b4516eaf3,3806,.,2.epilogus.19,,4,265,,,
b413307f-d5c0-42a0-b40e-9f9b4516eaf3,3807,Liber,3,2,1,266,0,,
b413307f-d5c0-42a0-b40e-9f9b4516eaf3,3808,Tertius,3,2,1,266,1,,
b413307f-d5c0-42a0-b40e-9f9b4516eaf3,3809,Phaedrus,3.prologus,1,1,267,0,,
b413307f-d5c0-42a0-b40e-9f9b4516eaf3,3810,ad,3.prologus,0,1,267,1,,
b413307f-d5c0-42a0-b40e-9f9b4516eaf3,3811,Eutychum,3.prologus,,1,267,2,,
b413307f-d5c0-42a0-b40e-9f9b4516eaf3,3812,.,3.prologus,,4,267,,,
b413307f-d5c0-42a0-b40e-9f9b4516eaf3,3813,Phaedri,3.prologus.1,1,1,268,0,,
b413307f-d5c0-42a0-b40e-9f9b4516eaf3,3814,libellos,3.prologus.1,0,1,268,1,,
b413307f-d5c0-42a0-b40e-9f9b4516eaf3,3815,legere,3.prologus.1,0,1,268,2,,
b413307f-d5c0-42a0-b40e-9f9b4516eaf3,3816,si,3.prologus.1,0,1,268,3,,
b413307f-d5c0-42a0-b40e-9f9b4516eaf3,3817,desideras,3.prologus.1,0,1,268,4,,
b413307f-d5c0-42a0-b40e-9f9b4516eaf3,3818,",",3.prologus.1,,4,268,,,
b413307f-d5c0-42a0-b40e-9f9b4516eaf3,3819,Vaces,3.prologus.2,0,1,268,5,,
b413307f-d5c0-42a0-b40e-9f9b4516eaf3,3820,oportet,3.prologus.2,0,1,268,6,,
b413307f-d5c0-42a0-b40e-9f9b4516eaf3,3821,",",3.prologus.2,,4,268,,,
b413307f-d5c0-42a0-b40e-9f9b4516eaf3,3822,Eutyche,3.prologus.2,,1,268,7,,
b413307f-d5c0-42a0-b40e-9f9b4516eaf3,3823,",",3.prologus.2,,4,268,,,
b413307f-d5c0-42a0-b40e-9f9b4516eaf3,3824,a,3.prologus.2,0,1,268,8,,
b413307f-d5c0-42a0-b40e-9f9b4516eaf3,3825,negotiis,3.prologus.2,0,1,268,9,,
b413307f-d5c0-42a0-b40e-9f9b4516eaf3,3826,",",3.prologus.2,,4,268,,,
b413307f-d5c0-42a0-b40e-9f9b4516eaf3,3827,Ut,3.prologus.3,0,1,268,10,,
b413307f-d5c0-42a0-b40e-9f9b4516eaf3,3828,liber,3.prologus.3,0,1,268,11,,
b413307f-d5c0-42a0-b40e-9f9b4516eaf3,3829,animus,3.prologus.3,0,1,268,12,,
b413307f-d5c0-42a0-b40e-9f9b4516eaf3,3830,sentiat,3.prologus.3,0,1,268,13,,
b413307f-d5c0-42a0-b40e-9f9b4516eaf3,3831,vim,3.prologus.3,0,1,268,14,,
b413307f-d5c0-42a0-b40e-9f9b4516eaf3,3832,carminis,3.prologus.3,0,1,268,15,,
b413307f-d5c0-42a0-b40e-9f9b4516eaf3,3833,.,3.prologus.3,,4,268,,,
b413307f-d5c0-42a0-b40e-9f9b4516eaf3,3834,Verum,3.prologus.4,0,1,269,0,,
b413307f-d5c0-42a0-b40e-9f9b4516eaf3,3835,inquis,3.prologus.4,0,1,269,1,,
b413307f-d5c0-42a0-b40e-9f9b4516eaf3,3836,tanti,3.prologus.4,0,1,269,2,,
b413307f-d5c0-42a0-b40e-9f9b4516eaf3,3837,non,3.prologus.4,0,1,269,3,,
b413307f-d5c0-42a0-b40e-9f9b4516eaf3,3838,est,3.prologus.4,0,1,269,4,,
b413307f-d5c0-42a0-b40e-9f9b4516eaf3,3839,ingenium,3.prologus.4,0,1,269,5,,
b413307f-d5c0-42a0-b40e-9f9b4516eaf3,3840,tuum,3.prologus.4,0,1,269,6,,
b413307f-d5c0-42a0-b40e-9f9b4516eaf3,3841,",",3.prologus.4,,4,269,,,
b413307f-d5c0-42a0-b40e-9f9b4516eaf3,3842,Momentum,3.prologus.5,0,1,269,7,,
b413307f-d5c0-42a0-b40e-9f9b4516eaf3,3843,ut,3.prologus.5,0,1,269,8,,
b413307f-d5c0-42a0-b40e-9f9b4516eaf3,3844,horae,3.prologus.5,0,1,269,9,,
b413307f-d5c0-42a0-b40e-9f9b4516eaf3,3845,pereat,3.prologus.5,0,1,269,10,,
b413307f-d5c0-42a0-b40e-9f9b4516eaf3,3846,officiis,3.prologus.5,0,1,269,11,,
b413307f-d5c0-42a0-b40e-9f9b4516eaf3,3847,meis,3.prologus.5,0,1,269,12,,
b413307f-d5c0-42a0-b40e-9f9b4516eaf3,3848,.,3.prologus.5,,4,269,,,
b413307f-d5c0-42a0-b40e-9f9b4516eaf3,3849,Non,3.prologus.6,0,1,270,0,,
b413307f-d5c0-42a0-b40e-9f9b4516eaf3,3850,ergo,3.prologus.6,0,1,270,1,,
b413307f-d5c0-42a0-b40e-9f9b4516eaf3,3851,causa,3.prologus.6,0,1,270,2,,
b413307f-d5c0-42a0-b40e-9f9b4516eaf3,3852,est,3.prologus.6,0,1,270,3,,
b413307f-d5c0-42a0-b40e-9f9b4516eaf3,3853,manibus,3.prologus.6,0,1,270,4,,
b413307f-d5c0-42a0-b40e-9f9b4516eaf3,3854,id,3.prologus.6,0,1,270,5,,
b413307f-d5c0-42a0-b40e-9f9b4516eaf3,3855,tangi,3.prologus.6,0,1,270,6,,
b413307f-d5c0-42a0-b40e-9f9b4516eaf3,3856,tuis,3.prologus.6,0,1,270,7,,
b413307f-d5c0-42a0-b40e-9f9b4516eaf3,3857,",",3.prologus.6,,4,270,,,
b413307f-d5c0-42a0-b40e-9f9b4516eaf3,3858,Quod,3.prologus.7,0,1,270,8,,
b413307f-d5c0-42a0-b40e-9f9b4516eaf3,3859,occupatis,3.prologus.7,0,1,270,9,,
b413307f-d5c0-42a0-b40e-9f9b4516eaf3,3860,auribus,3.prologus.7,0,1,270,10,,
b413307f-d5c0-42a0-b40e-9f9b4516eaf3,3861,non,3.prologus.7,0,1,270,11,,
b413307f-d5c0-42a0-b40e-9f9b4516eaf3,3862,convenit,3.prologus.7,0,1,270,12,,
b413307f-d5c0-42a0-b40e-9f9b4516eaf3,3863,.,3.prologus.7,,4,270,,,
b413307f-d5c0-42a0-b40e-9f9b4516eaf3,3864,Fortasse,3.prologus.8,0,1,271,0,,
b413307f-d5c0-42a0-b40e-9f9b4516eaf3,3865,dices,3.prologus.8,0,1,271,1,,
b413307f-d5c0-42a0-b40e-9f9b4516eaf3,3866,:,3.prologus.8,,4,271,,,
b413307f-d5c0-42a0-b40e-9f9b4516eaf3,3867,Aliquae,3.prologus.8,0,1,271,2,,
b413307f-d5c0-42a0-b40e-9f9b4516eaf3,3868,venient,3.prologus.8,0,1,271,3,,
b413307f-d5c0-42a0-b40e-9f9b4516eaf3,3869,feriae,3.prologus.8,0,1,271,4,,
b413307f-d5c0-42a0-b40e-9f9b4516eaf3,3870,",",3.prologus.8,,4,271,,,
b413307f-d5c0-42a0-b40e-9f9b4516eaf3,3871,Quae,3.prologus.9,0,1,271,5,,
b413307f-d5c0-42a0-b40e-9f9b4516eaf3,3872,me,3.prologus.9,0,1,271,6,,
b413307f-d5c0-42a0-b40e-9f9b4516eaf3,3873,soluto,3.prologus.9,0,1,271,7,,
b413307f-d5c0-42a0-b40e-9f9b4516eaf3,3874,pectore,3.prologus.9,0,1,271,8,,
b413307f-d5c0-42a0-b40e-9f9b4516eaf3,3875,ad,3.prologus.9,0,1,271,9,,
b413307f-d5c0-42a0-b40e-9f9b4516eaf3,3876,studium,3.prologus.9,0,1,271,10,,
b413307f-d5c0-42a0-b40e-9f9b4516eaf3,3877,vocent,3.prologus.9,0,1,271,11,,
b413307f-d5c0-42a0-b40e-9f9b4516eaf3,3878,.,3.prologus.9,,4,271,,,
b413307f-d5c0-42a0-b40e-9f9b4516eaf3,3879,Legesne,3.prologus.10,0,1,272,0,,
b413307f-d5c0-42a0-b40e-9f9b4516eaf3,3880,",",3.prologus.10,,4,272,,,
b413307f-d5c0-42a0-b40e-9f9b4516eaf3,3881,quaeso,3.prologus.10,0,1,272,1,,
b413307f-d5c0-42a0-b40e-9f9b4516eaf3,3882,",",3.prologus.10,,4,272,,,
b413307f-d5c0-42a0-b40e-9f9b4516eaf3,3883,potius,3.prologus.10,0,1,272,2,,
b413307f-d5c0-42a0-b40e-9f9b4516eaf3,3884,viles,3.prologus.10,0,1,272,3,,
b413307f-d5c0-42a0-b40e-9f9b4516eaf3,3885,nenias,3.prologus.10,0,1,272,4,,
b413307f-d5c0-42a0-b40e-9f9b4516eaf3,3886,",",3.prologus.10,,4,272,,,
b413307f-d5c0-42a0-b40e-9f9b4516eaf3,3887,Impendas,3.prologus.11,0,1,272,5,,
b413307f-d5c0-42a0-b40e-9f9b4516eaf3,3888,curam,3.prologus.11,0,1,272,6,,
b413307f-d5c0-42a0-b40e-9f9b4516eaf3,3889,quam,3.prologus.11,0,1,272,7,,
b413307f-d5c0-42a0-b40e-9f9b4516eaf3,3890,rei,3.prologus.11,0,1,272,8,,
b413307f-d5c0-42a0-b40e-9f9b4516eaf3,3891,domesticae,3.prologus.11,0,1,272,9,,
b413307f-d5c0-42a0-b40e-9f9b4516eaf3,3892,",",3.prologus.11,,4,272,,,
b413307f-d5c0-42a0-b40e-9f9b4516eaf3,3893,Reddas,3.prologus.12,0,1,272,10,,
b413307f-d5c0-42a0-b40e-9f9b4516eaf3,3894,amicis,3.prologus.12,0,1,272,11,,
b413307f-d5c0-42a0-b40e-9f9b4516eaf3,3895,tempora,3.prologus.12,0,1,272,12,,
b413307f-d5c0-42a0-b40e-9f9b4516eaf3,3896,",",3.prologus.12,,4,272,,,
b413307f-d5c0-42a0-b40e-9f9b4516eaf3,3897,uxori,3.prologus.12,0,1,272,13,,
b413307f-d5c0-42a0-b40e-9f9b4516eaf3,3898,vaces,3.prologus.12,0,1,272,14,,
b413307f-d5c0-42a0-b40e-9f9b4516eaf3,3899,",",3.prologus.12,,4,272,,,
b413307f-d5c0-42a0-b40e-9f9b4516eaf3,3900,Animum,3.prologus.13,0,1,272,15,,
b413307f-d5c0-42a0-b40e-9f9b4516eaf3,3901,relaxes,3.prologus.13,0,1,272,16,,
b413307f-d5c0-42a0-b40e-9f9b4516eaf3,3902,",",3.prologus.13,,4,272,,,
b413307f-d5c0-42a0-b40e-9f9b4516eaf3,3903,otium,3.prologus.13,0,1,272,17,,
b413307f-d5c0-42a0-b40e-9f9b4516eaf3,3904,des,3.prologus.13,0,1,272,18,,
b413307f-d5c0-42a0-b40e-9f9b4516eaf3,3905,corpori,3.prologus.13,0,1,272,19,,
b413307f-d5c0-42a0-b40e-9f9b4516eaf3,3906,",",3.prologus.13,,4,272,,,
b413307f-d5c0-42a0-b40e-9f9b4516eaf3,3907,Ut,3.prologus.14,0,1,272,20,,
b413307f-d5c0-42a0-b40e-9f9b4516eaf3,3908,assuetam,3.prologus.14,0,1,272,21,,
b413307f-d5c0-42a0-b40e-9f9b4516eaf3,3909,fortius,3.prologus.14,0,1,272,22,,
b413307f-d5c0-42a0-b40e-9f9b4516eaf3,3910,praestes,3.prologus.14,0,1,272,23,,
b413307f-d5c0-42a0-b40e-9f9b4516eaf3,3911,vicem,3.prologus.14,0,1,272,24,,
b413307f-d5c0-42a0-b40e-9f9b4516eaf3,3912,?,3.prologus.14,,4,272,,,
b413307f-d5c0-42a0-b40e-9f9b4516eaf3,3913,Mutandum,3.prologus.15,2,1,273,0,,
b413307f-d5c0-42a0-b40e-9f9b4516eaf3,3914,tibi,3.prologus.15,0,1,273,1,,
b413307f-d5c0-42a0-b40e-9f9b4516eaf3,3915,propositum,3.prologus.15,0,1,273,2,,
b413307f-d5c0-42a0-b40e-9f9b4516eaf3,3916,est,3.prologus.15,0,1,273,3,,
b413307f-d5c0-42a0-b40e-9f9b4516eaf3,3917,ut,3.prologus.15,0,1,273,4,,
b413307f-d5c0-42a0-b40e-9f9b4516eaf3,3918,vitae,3.prologus.15,0,1,273,5,,
b413307f-d5c0-42a0-b40e-9f9b4516eaf3,3919,genus,3.prologus.15,0,1,273,6,,
b413307f-d5c0-42a0-b40e-9f9b4516eaf3,3920,",",3.prologus.15,,4,273,,,
b413307f-d5c0-42a0-b40e-9f9b4516eaf3,3921,Intrare,3.prologus.16,0,1,273,7,,
b413307f-d5c0-42a0-b40e-9f9b4516eaf3,3922,si,3.prologus.16,0,1,273,8,,
b413307f-d5c0-42a0-b40e-9f9b4516eaf3,3923,Musarum,3.prologus.16,1,1,273,9,,
b413307f-d5c0-42a0-b40e-9f9b4516eaf3,3924,limen,3.prologus.16,0,1,273,10,,
b413307f-d5c0-42a0-b40e-9f9b4516eaf3,3925,cogitas,3.prologus.16,0,1,273,11,,
b413307f-d5c0-42a0-b40e-9f9b4516eaf3,3926,.,3.prologus.16,,4,273,,,
b413307f-d5c0-42a0-b40e-9f9b4516eaf3,3927,Ego,3.prologus.17,0,1,274,0,,
b413307f-d5c0-42a0-b40e-9f9b4516eaf3,3928,",",3.prologus.17,,4,274,,,
b413307f-d5c0-42a0-b40e-9f9b4516eaf3,3929,quem,3.prologus.17,0,1,274,1,,
b413307f-d5c0-42a0-b40e-9f9b4516eaf3,3930,Pierio,3.prologus.17,1,1,274,2,,
b413307f-d5c0-42a0-b40e-9f9b4516eaf3,3931,mater,3.prologus.17,0,1,274,3,,
b413307f-d5c0-42a0-b40e-9f9b4516eaf3,3932,enixa,3.prologus.17,0,1,274,4,,
b413307f-d5c0-42a0-b40e-9f9b4516eaf3,3933,est,3.prologus.17,0,1,274,5,,
b413307f-d5c0-42a0-b40e-9f9b4516eaf3,3934,iugo,3.prologus.17,0,1,274,6,,
b413307f-d5c0-42a0-b40e-9f9b4516eaf3,3935,",",3.prologus.17,,4,274,,,
b413307f-d5c0-42a0-b40e-9f9b4516eaf3,3936,In,3.prologus.18,0,1,274,7,,
b413307f-d5c0-42a0-b40e-9f9b4516eaf3,3937,quo,3.prologus.18,0,1,274,8,,
b413307f-d5c0-42a0-b40e-9f9b4516eaf3,3938,tonanti,3.prologus.18,0,1,274,9,,
b413307f-d5c0-42a0-b40e-9f9b4516eaf3,3939,sancta,3.prologus.18,0,1,274,10,,
b413307f-d5c0-42a0-b40e-9f9b4516eaf3,3940,Mnemosyne,3.prologus.18,1,1,274,11,,
b413307f-d5c0-42a0-b40e-9f9b4516eaf3,3941,Iovi,3.prologus.18,1,1,274,12,,
b413307f-d5c0-42a0-b40e-9f9b4516eaf3,3942,Fecunda,3.prologus.19,0,1,274,13,,
b413307f-d5c0-42a0-b40e-9f9b4516eaf3,3943,novies,3.prologus.19,0,1,274,14,,
b413307f-d5c0-42a0-b40e-9f9b4516eaf3,3944,artium,3.prologus.19,0,1,274,15,,
b413307f-d5c0-42a0-b40e-9f9b4516eaf3,3945,peperit,3.prologus.19,0,1,274,16,,
b413307f-d5c0-42a0-b40e-9f9b4516eaf3,3946,chorum,3.prologus.19,0,1,274,17,,
b413307f-d5c0-42a0-b40e-9f9b4516eaf3,3947,",",3.prologus.19,,4,274,,,
b413307f-d5c0-42a0-b40e-9f9b4516eaf3,3948,Quamvis,3.prologus.20,0,1,274,18,,
b413307f-d5c0-42a0-b40e-9f9b4516eaf3,3949,in,3.prologus.20,0,1,274,19,,
b413307f-d5c0-42a0-b40e-9f9b4516eaf3,3950,ipsa,3.prologus.20,0,1,274,20,,
b413307f-d5c0-42a0-b40e-9f9b4516eaf3,3951,paene,3.prologus.20,0,1,274,21,,
b413307f-d5c0-42a0-b40e-9f9b4516eaf3,3952,natus,3.prologus.20,0,1,274,22,,
b413307f-d5c0-42a0-b40e-9f9b4516eaf3,3953,sim,3.prologus.20,0,1,274,23,,
b413307f-d5c0-42a0-b40e-9f9b4516eaf3,3954,schola,3.prologus.20,0,1,274,24,,
b413307f-d5c0-42a0-b40e-9f9b4516eaf3,3955,Curamque,3.prologus.21,0,1,274,25,,
b413307f-d5c0-42a0-b40e-9f9b4516eaf3,3956,habendi,3.prologus.21,0,1,274,26,,
b413307f-d5c0-42a0-b40e-9f9b4516eaf3,3957,penitus,3.prologus.21,0,1,274,27,,
b413307f-d5c0-42a0-b40e-9f9b4516eaf3,3958,corde,3.prologus.21,0,1,274,28,,
b413307f-d5c0-42a0-b40e-9f9b4516eaf3,3959,eraserim,3.prologus.21,0,1,274,29,,
b413307f-d5c0-42a0-b40e-9f9b4516eaf3,3960,Et,3.prologus.22,0,1,274,30,,
b413307f-d5c0-42a0-b40e-9f9b4516eaf3,3961,laude,3.prologus.22,0,1,274,31,,
b413307f-d5c0-42a0-b40e-9f9b4516eaf3,3962,invicta,3.prologus.22,0,1,274,32,,
b413307f-d5c0-42a0-b40e-9f9b4516eaf3,3963,vitam,3.prologus.22,0,1,274,33,,
b413307f-d5c0-42a0-b40e-9f9b4516eaf3,3964,in,3.prologus.22,0,1,274,34,,
b413307f-d5c0-42a0-b40e-9f9b4516eaf3,3965,hanc,3.prologus.22,0,1,274,35,,
b413307f-d5c0-42a0-b40e-9f9b4516eaf3,3966,incubuerim,3.prologus.22,0,1,274,36,,
b413307f-d5c0-42a0-b40e-9f9b4516eaf3,3967,",",3.prologus.22,,4,274,,,
b413307f-d5c0-42a0-b40e-9f9b4516eaf3,3968,Fastidiose,3.prologus.23,0,1,274,37,,
b413307f-d5c0-42a0-b40e-9f9b4516eaf3,3969,tamen,3.prologus.23,0,1,274,38,,
b413307f-d5c0-42a0-b40e-9f9b4516eaf3,3970,in,3.prologus.23,0,1,274,39,,
b413307f-d5c0-42a0-b40e-9f9b4516eaf3,3971,coetum,3.prologus.23,0,1,274,40,,
b413307f-d5c0-42a0-b40e-9f9b4516eaf3,3972,recipior,3.prologus.23,0,1,274,41,,
b413307f-d5c0-42a0-b40e-9f9b4516eaf3,3973,.,3.prologus.23,,4,274,,,
b413307f-d5c0-42a0-b40e-9f9b4516eaf3,3974,Quid,3.prologus.24,0,1,275,0,,
b413307f-d5c0-42a0-b40e-9f9b4516eaf3,3975,credis,3.prologus.24,0,1,275,1,,
b413307f-d5c0-42a0-b40e-9f9b4516eaf3,3976,illi,3.prologus.24,0,1,275,2,,
b413307f-d5c0-42a0-b40e-9f9b4516eaf3,3977,accidere,3.prologus.24,0,1,275,3,,
b413307f-d5c0-42a0-b40e-9f9b4516eaf3,3978,",",3.prologus.24,,4,275,,,
b413307f-d5c0-42a0-b40e-9f9b4516eaf3,3979,qui,3.prologus.24,0,1,275,4,,
b413307f-d5c0-42a0-b40e-9f9b4516eaf3,3980,magnas,3.prologus.24,0,1,275,5,,
b413307f-d5c0-42a0-b40e-9f9b4516eaf3,3981,opes,3.prologus.24,0,1,275,6,,
b413307f-d5c0-42a0-b40e-9f9b4516eaf3,3982,Exaggerare,3.prologus.25,0,1,275,7,,
b413307f-d5c0-42a0-b40e-9f9b4516eaf3,3983,quaerit,3.prologus.25,0,1,275,8,,
b413307f-d5c0-42a0-b40e-9f9b4516eaf3,3984,omni,3.prologus.25,0,1,275,9,,
b413307f-d5c0-42a0-b40e-9f9b4516eaf3,3985,vigilia,3.prologus.25,0,1,275,10,,
b413307f-d5c0-42a0-b40e-9f9b4516eaf3,3986,",",3.prologus.25,,4,275,,,
b413307f-d5c0-42a0-b40e-9f9b4516eaf3,3987,Docto,3.prologus.26,0,1,275,11,,
b413307f-d5c0-42a0-b40e-9f9b4516eaf3,3988,labori,3.prologus.26,0,1,275,12,,
b413307f-d5c0-42a0-b40e-9f9b4516eaf3,3989,dulce,3.prologus.26,0,1,275,13,,
b413307f-d5c0-42a0-b40e-9f9b4516eaf3,3990,praeponens,3.prologus.26,0,1,275,14,,
b413307f-d5c0-42a0-b40e-9f9b4516eaf3,3991,lucrum,3.prologus.26,0,1,275,15,,
b413307f-d5c0-42a0-b40e-9f9b4516eaf3,3992,?,3.prologus.26,,4,275,,,
b413307f-d5c0-42a0-b40e-9f9b4516eaf3,3993,Sed,3.prologus.27,0,1,276,0,,
b413307f-d5c0-42a0-b40e-9f9b4516eaf3,3994,iam,3.prologus.27,0,1,276,1,,
b413307f-d5c0-42a0-b40e-9f9b4516eaf3,3995,quodcumque,3.prologus.27,0,1,276,2,,
b413307f-d5c0-42a0-b40e-9f9b4516eaf3,3996,fuerit,3.prologus.27,0,1,276,3,,
b413307f-d5c0-42a0-b40e-9f9b4516eaf3,3997,",",3.prologus.27,,4,276,,,
b413307f-d5c0-42a0-b40e-9f9b4516eaf3,3998,ut,3.prologus.27,0,1,276,4,,
b413307f-d5c0-42a0-b40e-9f9b4516eaf3,3999,dixit,3.prologus.27,0,1,276,5,,
b413307f-d5c0-42a0-b40e-9f9b4516eaf3,4000,Sinon,3.prologus.27,1,1,276,6,,
b413307f-d5c0-42a0-b40e-9f9b4516eaf3,4001,",",3.prologus.27,,4,276,,,
b413307f-d5c0-42a0-b40e-9f9b4516eaf3,4002,Ad,3.prologus.28,0,1,276,7,,
b413307f-d5c0-42a0-b40e-9f9b4516eaf3,4003,regem,3.prologus.28,0,1,276,8,,
b413307f-d5c0-42a0-b40e-9f9b4516eaf3,4004,cum,3.prologus.28,0,1,276,9,,
b413307f-d5c0-42a0-b40e-9f9b4516eaf3,4005,Dardaniae,3.prologus.28,1,1,276,10,,
b413307f-d5c0-42a0-b40e-9f9b4516eaf3,4006,perductus,3.prologus.28,0,1,276,11,,
b413307f-d5c0-42a0-b40e-9f9b4516eaf3,4007,foret,3.prologus.28,0,1,276,12,,
b413307f-d5c0-42a0-b40e-9f9b4516eaf3,4008,",",3.prologus.28,,4,276,,,
b413307f-d5c0-42a0-b40e-9f9b4516eaf3,4009,Librum,3.prologus.29,0,1,276,13,,
b413307f-d5c0-42a0-b40e-9f9b4516eaf3,4010,exarabo,3.prologus.29,0,1,276,14,,
b413307f-d5c0-42a0-b40e-9f9b4516eaf3,4011,tertium,3.prologus.29,0,1,276,15,,
b413307f-d5c0-42a0-b40e-9f9b4516eaf3,4012,Aesopi,3.prologus.29,1,1,276,16,,
b413307f-d5c0-42a0-b40e-9f9b4516eaf3,4013,stilo,3.prologus.29,0,1,276,17,,
b413307f-d5c0-42a0-b40e-9f9b4516eaf3,4014,",",3.prologus.29,,4,276,,,
b413307f-d5c0-42a0-b40e-9f9b4516eaf3,4015,Honori,3.prologus.30,2,1,276,18,,
b413307f-d5c0-42a0-b40e-9f9b4516eaf3,4016,et,3.prologus.30,0,1,276,19,,
b413307f-d5c0-42a0-b40e-9f9b4516eaf3,4017,meritis,3.prologus.30,0,1,276,20,,
b413307f-d5c0-42a0-b40e-9f9b4516eaf3,4018,dedicans,3.prologus.30,0,1,276,21,,
b413307f-d5c0-42a0-b40e-9f9b4516eaf3,4019,illum,3.prologus.30,0,1,276,22,,
b413307f-d5c0-42a0-b40e-9f9b4516eaf3,4020,tuis,3.prologus.30,0,1,276,23,,
b413307f-d5c0-42a0-b40e-9f9b4516eaf3,4021,.,3.prologus.30,,4,276,,,
b413307f-d5c0-42a0-b40e-9f9b4516eaf3,4022,Quem,3.prologus.31,0,1,277,0,,
b413307f-d5c0-42a0-b40e-9f9b4516eaf3,4023,si,3.prologus.31,0,1,277,1,,
b413307f-d5c0-42a0-b40e-9f9b4516eaf3,4024,leges,3.prologus.31,0,1,277,2,,
b413307f-d5c0-42a0-b40e-9f9b4516eaf3,4025,",",3.prologus.31,,4,277,,,
b413307f-d5c0-42a0-b40e-9f9b4516eaf3,4026,laetabor,3.prologus.31,0,1,277,3,,
b413307f-d5c0-42a0-b40e-9f9b4516eaf3,4027,;,3.prologus.31,,4,277,,,
b413307f-d5c0-42a0-b40e-9f9b4516eaf3,4028,sin,3.prologus.31,0,1,277,4,,
b413307f-d5c0-42a0-b40e-9f9b4516eaf3,4029,autem,3.prologus.31,0,1,277,5,,
b413307f-d5c0-42a0-b40e-9f9b4516eaf3,4030,minus,3.prologus.31,0,1,277,6,,
b413307f-d5c0-42a0-b40e-9f9b4516eaf3,4031,",",3.prologus.31,,4,277,,,
b413307f-d5c0-42a0-b40e-9f9b4516eaf3,4032,Habebunt,3.prologus.32,0,1,277,7,,
b413307f-d5c0-42a0-b40e-9f9b4516eaf3,4033,certe,3.prologus.32,0,1,277,8,,
b413307f-d5c0-42a0-b40e-9f9b4516eaf3,4034,quo,3.prologus.32,0,1,277,9,,
b413307f-d5c0-42a0-b40e-9f9b4516eaf3,4035,se,3.prologus.32,0,1,277,10,,
b413307f-d5c0-42a0-b40e-9f9b4516eaf3,4036,oblectent,3.prologus.32,0,1,277,11,,
b413307f-d5c0-42a0-b40e-9f9b4516eaf3,4037,posteri,3.prologus.32,0,1,277,12,,
b413307f-d5c0-42a0-b40e-9f9b4516eaf3,4038,.,3.prologus.32,,4,277,,,
b413307f-d5c0-42a0-b40e-9f9b4516eaf3,4039,Nunc,3.prologus.33,0,1,278,0,,
b413307f-d5c0-42a0-b40e-9f9b4516eaf3,4040,fabularum,3.prologus.33,0,1,278,1,,
b413307f-d5c0-42a0-b40e-9f9b4516eaf3,4041,cur,3.prologus.33,0,1,278,2,,
b413307f-d5c0-42a0-b40e-9f9b4516eaf3,4042,sit,3.prologus.33,0,1,278,3,,
b413307f-d5c0-42a0-b40e-9f9b4516eaf3,4043,inventum,3.prologus.33,0,1,278,4,,
b413307f-d5c0-42a0-b40e-9f9b4516eaf3,4044,genus,3.prologus.33,0,1,278,5,,
b413307f-d5c0-42a0-b40e-9f9b4516eaf3,4045,",",3.prologus.33,,4,278,,,
b413307f-d5c0-42a0-b40e-9f9b4516eaf3,4046,Brevi,3.prologus.34,0,1,278,6,,
b413307f-d5c0-42a0-b40e-9f9b4516eaf3,4047,docebo,3.prologus.34,0,1,278,7,,
b413307f-d5c0-42a0-b40e-9f9b4516eaf3,4048,.,3.prologus.34,,4,278,,,
b413307f-d5c0-42a0-b40e-9f9b4516eaf3,4049,Servitus,3.prologus.34,0,1,279,0,,
b413307f-d5c0-42a0-b40e-9f9b4516eaf3,4050,obnoxia,3.prologus.34,0,1,279,1,,
b413307f-d5c0-42a0-b40e-9f9b4516eaf3,4051,",",3.prologus.34,,4,279,,,
b413307f-d5c0-42a0-b40e-9f9b4516eaf3,4052,Quia,3.prologus.35,0,1,279,2,,
b413307f-d5c0-42a0-b40e-9f9b4516eaf3,4053,quae,3.prologus.35,0,1,279,3,,
b413307f-d5c0-42a0-b40e-9f9b4516eaf3,4054,volebat,3.prologus.35,0,1,279,4,,
b413307f-d5c0-42a0-b40e-9f9b4516eaf3,4055,non,3.prologus.35,0,1,279,5,,
b413307f-d5c0-42a0-b40e-9f9b4516eaf3,4056,audebat,3.prologus.35,0,1,279,6,,
b413307f-d5c0-42a0-b40e-9f9b4516eaf3,4057,dicere,3.prologus.35,0,1,279,7,,
b413307f-d5c0-42a0-b40e-9f9b4516eaf3,4058,",",3.prologus.35,,4,279,,,
b413307f-d5c0-42a0-b40e-9f9b4516eaf3,4059,Affectus,3.prologus.36,0,1,279,8,,
b413307f-d5c0-42a0-b40e-9f9b4516eaf3,4060,proprios,3.prologus.36,0,1,279,9,,
b413307f-d5c0-42a0-b40e-9f9b4516eaf3,4061,in,3.prologus.36,0,1,279,10,,
b413307f-d5c0-42a0-b40e-9f9b4516eaf3,4062,fabellas,3.prologus.36,0,1,279,11,,
b413307f-d5c0-42a0-b40e-9f9b4516eaf3,4063,transtulit,3.prologus.36,0,1,279,12,,
b413307f-d5c0-42a0-b40e-9f9b4516eaf3,4064,Calumniamque,3.prologus.37,0,1,279,13,,
b413307f-d5c0-42a0-b40e-9f9b4516eaf3,4065,fictis,3.prologus.37,0,1,279,14,,
b413307f-d5c0-42a0-b40e-9f9b4516eaf3,4066,elusit,3.prologus.37,0,1,279,15,,
b413307f-d5c0-42a0-b40e-9f9b4516eaf3,4067,iocis,3.prologus.37,0,1,279,16,,
b413307f-d5c0-42a0-b40e-9f9b4516eaf3,4068,.,3.prologus.37,,4,279,,,
b413307f-d5c0-42a0-b40e-9f9b4516eaf3,4069,Ego,3.prologus.38,0,1,280,0,,
b413307f-d5c0-42a0-b40e-9f9b4516eaf3,4070,porro,3.prologus.38,0,1,280,1,,
b413307f-d5c0-42a0-b40e-9f9b4516eaf3,4071,illius,3.prologus.38,0,1,280,2,,
b413307f-d5c0-42a0-b40e-9f9b4516eaf3,4072,semita,3.prologus.38,0,1,280,3,,
b413307f-d5c0-42a0-b40e-9f9b4516eaf3,4073,feci,3.prologus.38,0,1,280,4,,
b413307f-d5c0-42a0-b40e-9f9b4516eaf3,4074,viam,3.prologus.38,0,1,280,5,,
b413307f-d5c0-42a0-b40e-9f9b4516eaf3,4075,",",3.prologus.38,,4,280,,,
b413307f-d5c0-42a0-b40e-9f9b4516eaf3,4076,Et,3.prologus.39,0,1,280,6,,
b413307f-d5c0-42a0-b40e-9f9b4516eaf3,4077,cogitavi,3.prologus.39,0,1,280,7,,
b413307f-d5c0-42a0-b40e-9f9b4516eaf3,4078,plura,3.prologus.39,0,1,280,8,,
b413307f-d5c0-42a0-b40e-9f9b4516eaf3,4079,quam,3.prologus.39,0,1,280,9,,
b413307f-d5c0-42a0-b40e-9f9b4516eaf3,4080,reliquerat,3.prologus.39,0,1,280,10,,
b413307f-d5c0-42a0-b40e-9f9b4516eaf3,4081,",",3.prologus.39,,4,280,,,
b413307f-d5c0-42a0-b40e-9f9b4516eaf3,4082,In,3.prologus.40,0,1,280,11,,
b413307f-d5c0-42a0-b40e-9f9b4516eaf3,4083,calamitatem,3.prologus.40,0,1,280,12,,
b413307f-d5c0-42a0-b40e-9f9b4516eaf3,4084,deligens,3.prologus.40,0,1,280,13,,
b413307f-d5c0-42a0-b40e-9f9b4516eaf3,4085,quaedam,3.prologus.40,0,1,280,14,,
b413307f-d5c0-42a0-b40e-9f9b4516eaf3,4086,meam,3.prologus.40,0,1,280,15,,
b413307f-d5c0-42a0-b40e-9f9b4516eaf3,4087,.,3.prologus.40,,4,280,,,
b413307f-d5c0-42a0-b40e-9f9b4516eaf3,4088,Quod,3.prologus.41,0,1,281,0,,
b413307f-d5c0-42a0-b40e-9f9b4516eaf3,4089,si,3.prologus.41,0,1,281,1,,
b413307f-d5c0-42a0-b40e-9f9b4516eaf3,4090,accusator,3.prologus.41,0,1,281,2,,
b413307f-d5c0-42a0-b40e-9f9b4516eaf3,4091,alius,3.prologus.41,0,1,281,3,,
b413307f-d5c0-42a0-b40e-9f9b4516eaf3,4092,Seiano,3.prologus.41,1,1,281,4,,
b413307f-d5c0-42a0-b40e-9f9b4516eaf3,4093,foret,3.prologus.41,0,1,281,5,,
b413307f-d5c0-42a0-b40e-9f9b4516eaf3,4094,",",3.prologus.41,,4,281,,,
b413307f-d5c0-42a0-b40e-9f9b4516eaf3,4095,Si,3.prologus.42,0,1,281,6,,
b413307f-d5c0-42a0-b40e-9f9b4516eaf3,4096,testis,3.prologus.42,0,1,281,7,,
b413307f-d5c0-42a0-b40e-9f9b4516eaf3,4097,alius,3.prologus.42,0,1,281,8,,
b413307f-d5c0-42a0-b40e-9f9b4516eaf3,4098,",",3.prologus.42,,4,281,,,
b413307f-d5c0-42a0-b40e-9f9b4516eaf3,4099,iudex,3.prologus.42,0,1,281,9,,
b413307f-d5c0-42a0-b40e-9f9b4516eaf3,4100,alius,3.prologus.42,0,1,281,10,,
b413307f-d5c0-42a0-b40e-9f9b4516eaf3,4101,denique,3.prologus.42,0,1,281,11,,
b413307f-d5c0-42a0-b40e-9f9b4516eaf3,4102,",",3.prologus.42,,4,281,,,
b413307f-d5c0-42a0-b40e-9f9b4516eaf3,4103,Dignum,3.prologus.43,0,1,281,12,,
b413307f-d5c0-42a0-b40e-9f9b4516eaf3,4104,faterer,3.prologus.43,0,1,281,13,,
b413307f-d5c0-42a0-b40e-9f9b4516eaf3,4105,esse,3.prologus.43,0,1,281,14,,
b413307f-d5c0-42a0-b40e-9f9b4516eaf3,4106,me,3.prologus.43,0,1,281,15,,
b413307f-d5c0-42a0-b40e-9f9b4516eaf3,4107,tantis,3.prologus.43,0,1,281,16,,
b413307f-d5c0-42a0-b40e-9f9b4516eaf3,4108,malis,3.prologus.43,0,1,281,17,,
b413307f-d5c0-42a0-b40e-9f9b4516eaf3,4109,",",3.prologus.43,,4,281,,,
b413307f-d5c0-42a0-b40e-9f9b4516eaf3,4110,Nec,3.prologus.44,0,1,281,18,,
b413307f-d5c0-42a0-b40e-9f9b4516eaf3,4111,his,3.prologus.44,0,1,281,19,,
b413307f-d5c0-42a0-b40e-9f9b4516eaf3,4112,dolorem,3.prologus.44,0,1,281,20,,
b413307f-d5c0-42a0-b40e-9f9b4516eaf3,4113,delenirem,3.prologus.44,0,1,281,21,,
b413307f-d5c0-42a0-b40e-9f9b4516eaf3,4114,remediis,3.prologus.44,0,1,281,22,,
b413307f-d5c0-42a0-b40e-9f9b4516eaf3,4115,.,3.prologus.44,,4,281,,,
b413307f-d5c0-42a0-b40e-9f9b4516eaf3,4116,Suspicione,3.prologus.45,0,1,282,0,,
b413307f-d5c0-42a0-b40e-9f9b4516eaf3,4117,si,3.prologus.45,0,1,282,1,,
b413307f-d5c0-42a0-b40e-9f9b4516eaf3,4118,quis,3.prologus.45,0,1,282,2,,
b413307f-d5c0-42a0-b40e-9f9b4516eaf3,4119,errabit,3.prologus.45,0,1,282,3,,
b413307f-d5c0-42a0-b40e-9f9b4516eaf3,4120,sua,3.prologus.45,0,1,282,4,,
b413307f-d5c0-42a0-b40e-9f9b4516eaf3,4121,Et,3.prologus.46,0,1,282,5,,
b413307f-d5c0-42a0-b40e-9f9b4516eaf3,4122,rapiet,3.prologus.46,0,1,282,6,,
b413307f-d5c0-42a0-b40e-9f9b4516eaf3,4123,ad,3.prologus.46,0,1,282,7,,
b413307f-d5c0-42a0-b40e-9f9b4516eaf3,4124,se,3.prologus.46,0,1,282,8,,
b413307f-d5c0-42a0-b40e-9f9b4516eaf3,4125,quod,3.prologus.46,0,1,282,9,,
b413307f-d5c0-42a0-b40e-9f9b4516eaf3,4126,erit,3.prologus.46,0,1,282,10,,
b413307f-d5c0-42a0-b40e-9f9b4516eaf3,4127,commune,3.prologus.46,0,1,282,11,,
b413307f-d5c0-42a0-b40e-9f9b4516eaf3,4128,omnium,3.prologus.46,0,1,282,12,,
b413307f-d5c0-42a0-b40e-9f9b4516eaf3,4129,",",3.prologus.46,,4,282,,,
b413307f-d5c0-42a0-b40e-9f9b4516eaf3,4130,Stulte,3.prologus.47,0,1,282,13,,
b413307f-d5c0-42a0-b40e-9f9b4516eaf3,4131,nudabit,3.prologus.47,0,1,282,14,,
b413307f-d5c0-42a0-b40e-9f9b4516eaf3,4132,animi,3.prologus.47,0,1,282,15,,
b413307f-d5c0-42a0-b40e-9f9b4516eaf3,4133,conscientiam,3.prologus.47,0,1,282,16,,
b413307f-d5c0-42a0-b40e-9f9b4516eaf3,4134,.,3.prologus.47,,4,282,,,
b413307f-d5c0-42a0-b40e-9f9b4516eaf3,4135,Huic,3.prologus.48,0,1,283,0,,
b413307f-d5c0-42a0-b40e-9f9b4516eaf3,4136,excusatum,3.prologus.48,0,1,283,1,,
b413307f-d5c0-42a0-b40e-9f9b4516eaf3,4137,me,3.prologus.48,0,1,283,2,,
b413307f-d5c0-42a0-b40e-9f9b4516eaf3,4138,velim,3.prologus.48,0,1,283,3,,
b413307f-d5c0-42a0-b40e-9f9b4516eaf3,4139,nihilo,3.prologus.48,0,1,283,4,,
b413307f-d5c0-42a0-b40e-9f9b4516eaf3,4140,minus,3.prologus.48,0,1,283,5,,
b413307f-d5c0-42a0-b40e-9f9b4516eaf3,4141,:,3.prologus.48,,4,283,,,
b413307f-d5c0-42a0-b40e-9f9b4516eaf3,4142,Neque,3.prologus.49,0,1,283,6,,
b413307f-d5c0-42a0-b40e-9f9b4516eaf3,4143,enim,3.prologus.49,0,1,283,7,,
b413307f-d5c0-42a0-b40e-9f9b4516eaf3,4144,notare,3.prologus.49,0,1,283,8,,
b413307f-d5c0-42a0-b40e-9f9b4516eaf3,4145,singulos,3.prologus.49,0,1,283,9,,
b413307f-d5c0-42a0-b40e-9f9b4516eaf3,4146,mens,3.prologus.49,0,1,283,10,,
b413307f-d5c0-42a0-b40e-9f9b4516eaf3,4147,est,3.prologus.49,0,1,283,11,,
b413307f-d5c0-42a0-b40e-9f9b4516eaf3,4148,mihi,3.prologus.49,0,1,283,12,,
b413307f-d5c0-42a0-b40e-9f9b4516eaf3,4149,",",3.prologus.49,,4,283,,,
b413307f-d5c0-42a0-b40e-9f9b4516eaf3,4150,Verum,3.prologus.50,0,1,283,13,,
b413307f-d5c0-42a0-b40e-9f9b4516eaf3,4151,ipsam,3.prologus.50,0,1,283,14,,
b413307f-d5c0-42a0-b40e-9f9b4516eaf3,4152,vitam,3.prologus.50,0,1,283,15,,
b413307f-d5c0-42a0-b40e-9f9b4516eaf3,4153,et,3.prologus.50,0,1,283,16,,
b413307f-d5c0-42a0-b40e-9f9b4516eaf3,4154,mores,3.prologus.50,0,1,283,17,,
b413307f-d5c0-42a0-b40e-9f9b4516eaf3,4155,hominum,3.prologus.50,0,1,283,18,,
b413307f-d5c0-42a0-b40e-9f9b4516eaf3,4156,ostendere,3.prologus.50,0,1,283,19,,
b413307f-d5c0-42a0-b40e-9f9b4516eaf3,4157,.,3.prologus.50,,4,283,,,
b413307f-d5c0-42a0-b40e-9f9b4516eaf3,4158,Rem,3.prologus.51,0,1,284,0,,
b413307f-d5c0-42a0-b40e-9f9b4516eaf3,4159,me,3.prologus.51,0,1,284,1,,
b413307f-d5c0-42a0-b40e-9f9b4516eaf3,4160,professum,3.prologus.51,0,1,284,2,,
b413307f-d5c0-42a0-b40e-9f9b4516eaf3,4161,dicet,3.prologus.51,0,1,284,3,,
b413307f-d5c0-42a0-b40e-9f9b4516eaf3,4162,fors,3.prologus.51,0,1,284,4,,
b413307f-d5c0-42a0-b40e-9f9b4516eaf3,4163,aliquis,3.prologus.51,0,1,284,5,,
b413307f-d5c0-42a0-b40e-9f9b4516eaf3,4164,gravem,3.prologus.51,0,1,284,6,,
b413307f-d5c0-42a0-b40e-9f9b4516eaf3,4165,.,3.prologus.51,,4,284,,,
b413307f-d5c0-42a0-b40e-9f9b4516eaf3,4166,Si,3.prologus.52,0,1,285,0,,
b413307f-d5c0-42a0-b40e-9f9b4516eaf3,4167,Phryx,3.prologus.52,1,1,285,1,,
b413307f-d5c0-42a0-b40e-9f9b4516eaf3,4168,Aesopus,3.prologus.52,1,1,285,2,,
b413307f-d5c0-42a0-b40e-9f9b4516eaf3,4169,potuit,3.prologus.52,0,1,285,3,,
b413307f-d5c0-42a0-b40e-9f9b4516eaf3,4170,",",3.prologus.52,,4,285,,,
b413307f-d5c0-42a0-b40e-9f9b4516eaf3,4171,Anacharsis,3.prologus.52,1,1,285,4,,
b413307f-d5c0-42a0-b40e-9f9b4516eaf3,4172,Scytha,3.prologus.52,1,1,285,5,,
b413307f-d5c0-42a0-b40e-9f9b4516eaf3,4173,Aeternam,3.prologus.53,0,1,285,6,,
b413307f-d5c0-42a0-b40e-9f9b4516eaf3,4174,famam,3.prologus.53,0,1,285,7,,
b413307f-d5c0-42a0-b40e-9f9b4516eaf3,4175,condere,3.prologus.53,0,1,285,8,,
b413307f-d5c0-42a0-b40e-9f9b4516eaf3,4176,ingenio,3.prologus.53,0,1,285,9,,
b413307f-d5c0-42a0-b40e-9f9b4516eaf3,4177,suo,3.prologus.53,0,1,285,10,,
b413307f-d5c0-42a0-b40e-9f9b4516eaf3,4178,:,3.prologus.53,,4,285,,,
b413307f-d5c0-42a0-b40e-9f9b4516eaf3,4179,Ego,3.prologus.54,0,1,285,11,,
b413307f-d5c0-42a0-b40e-9f9b4516eaf3,4180,",",3.prologus.54,,4,285,,,
b413307f-d5c0-42a0-b40e-9f9b4516eaf3,4181,litteratae,3.prologus.54,0,1,285,12,,
b413307f-d5c0-42a0-b40e-9f9b4516eaf3,4182,qui,3.prologus.54,0,1,285,13,,
b413307f-d5c0-42a0-b40e-9f9b4516eaf3,4183,sum,3.prologus.54,0,1,285,14,,
b413307f-d5c0-42a0-b40e-9f9b4516eaf3,4184,propior,3.prologus.54,0,1,285,15,,
b413307f-d5c0-42a0-b40e-9f9b4516eaf3,4185,Graeciae,3.prologus.54,1,1,285,16,,
b413307f-d5c0-42a0-b40e-9f9b4516eaf3,4186,",",3.prologus.54,,4,285,,,
b413307f-d5c0-42a0-b40e-9f9b4516eaf3,4187,Cur,3.prologus.55,0,1,285,17,,
b413307f-d5c0-42a0-b40e-9f9b4516eaf3,4188,somno,3.prologus.55,0,1,285,18,,
b413307f-d5c0-42a0-b40e-9f9b4516eaf3,4189,inerti,3.prologus.55,0,1,285,19,,
b413307f-d5c0-42a0-b40e-9f9b4516eaf3,4190,deseram,3.prologus.55,0,1,285,20,,
b413307f-d5c0-42a0-b40e-9f9b4516eaf3,4191,patriae,3.prologus.55,0,1,285,21,,
b413307f-d5c0-42a0-b40e-9f9b4516eaf3,4192,decus,3.prologus.55,0,1,285,22,,
b413307f-d5c0-42a0-b40e-9f9b4516eaf3,4193,?,3.prologus.55,,4,285,,,
b413307f-d5c0-42a0-b40e-9f9b4516eaf3,4194,Threissa,3.prologus.56,1,1,286,0,,
b413307f-d5c0-42a0-b40e-9f9b4516eaf3,4195,cum,3.prologus.56,0,1,286,1,,
b413307f-d5c0-42a0-b40e-9f9b4516eaf3,4196,gens,3.prologus.56,0,1,286,2,,
b413307f-d5c0-42a0-b40e-9f9b4516eaf3,4197,numeret,3.prologus.56,0,1,286,3,,
b413307f-d5c0-42a0-b40e-9f9b4516eaf3,4198,auctores,3.prologus.56,0,1,286,4,,
b413307f-d5c0-42a0-b40e-9f9b4516eaf3,4199,suos,3.prologus.56,0,1,286,5,,
b413307f-d5c0-42a0-b40e-9f9b4516eaf3,4200,",",3.prologus.56,,4,286,,,
b413307f-d5c0-42a0-b40e-9f9b4516eaf3,4201,Linoque,3.prologus.57,2,1,286,6,que,
b413307f-d5c0-42a0-b40e-9f9b4516eaf3,4202,Apollo,3.prologus.57,1,1,286,7,,
b413307f-d5c0-42a0-b40e-9f9b4516eaf3,4203,sit,3.prologus.57,0,1,286,8,,
b413307f-d5c0-42a0-b40e-9f9b4516eaf3,4204,parens,3.prologus.57,0,1,286,9,,
b413307f-d5c0-42a0-b40e-9f9b4516eaf3,4205,",",3.prologus.57,,4,286,,,
b413307f-d5c0-42a0-b40e-9f9b4516eaf3,4206,Musa,3.prologus.57,1,1,286,10,,
b413307f-d5c0-42a0-b40e-9f9b4516eaf3,4207,Orpheo,3.prologus.57,1,1,286,11,,
b413307f-d5c0-42a0-b40e-9f9b4516eaf3,4208,",",3.prologus.57,,4,286,,,
b413307f-d5c0-42a0-b40e-9f9b4516eaf3,4209,Qui,3.prologus.58,0,1,286,12,,
b413307f-d5c0-42a0-b40e-9f9b4516eaf3,4210,saxa,3.prologus.58,0,1,286,13,,
b413307f-d5c0-42a0-b40e-9f9b4516eaf3,4211,cantu,3.prologus.58,0,1,286,14,,
b413307f-d5c0-42a0-b40e-9f9b4516eaf3,4212,movit,3.prologus.58,0,1,286,15,,
b413307f-d5c0-42a0-b40e-9f9b4516eaf3,4213,et,3.prologus.58,0,1,286,16,,
b413307f-d5c0-42a0-b40e-9f9b4516eaf3,4214,domuit,3.prologus.58,0,1,286,17,,
b413307f-d5c0-42a0-b40e-9f9b4516eaf3,4215,feras,3.prologus.58,0,1,286,18,,
b413307f-d5c0-42a0-b40e-9f9b4516eaf3,4216,Hebrique,3.prologus.59,1,1,286,19,que,
b413307f-d5c0-42a0-b40e-9f9b4516eaf3,4217,tenuit,3.prologus.59,0,1,286,20,,
b413307f-d5c0-42a0-b40e-9f9b4516eaf3,4218,impetus,3.prologus.59,0,1,286,21,,
b413307f-d5c0-42a0-b40e-9f9b4516eaf3,4219,dulci,3.prologus.59,0,1,286,22,,
b413307f-d5c0-42a0-b40e-9f9b4516eaf3,4220,mora,3.prologus.59,0,1,286,23,,
b413307f-d5c0-42a0-b40e-9f9b4516eaf3,4221,.,3.prologus.59,,4,286,,,
b413307f-d5c0-42a0-b40e-9f9b4516eaf3,4222,Ergo,3.prologus.60,0,1,287,0,,
b413307f-d5c0-42a0-b40e-9f9b4516eaf3,4223,hinc,3.prologus.60,0,1,287,1,,
b413307f-d5c0-42a0-b40e-9f9b4516eaf3,4224,abesto,3.prologus.60,0,1,287,2,,
b413307f-d5c0-42a0-b40e-9f9b4516eaf3,4225,",",3.prologus.60,,4,287,,,
b413307f-d5c0-42a0-b40e-9f9b4516eaf3,4226,livor,3.prologus.60,0,1,287,3,,
b413307f-d5c0-42a0-b40e-9f9b4516eaf3,4227,",",3.prologus.60,,4,287,,,
b413307f-d5c0-42a0-b40e-9f9b4516eaf3,4228,ne,3.prologus.60,0,1,287,4,,
b413307f-d5c0-42a0-b40e-9f9b4516eaf3,4229,frustra,3.prologus.60,0,1,287,5,,
b413307f-d5c0-42a0-b40e-9f9b4516eaf3,4230,gemas,3.prologus.60,0,1,287,6,,
b413307f-d5c0-42a0-b40e-9f9b4516eaf3,4231,",",3.prologus.60,,4,287,,,
b413307f-d5c0-42a0-b40e-9f9b4516eaf3,4232,Quoniam,3.prologus.61,0,1,287,7,,
b413307f-d5c0-42a0-b40e-9f9b4516eaf3,4233,mihi,3.prologus.61,0,1,287,8,,
b413307f-d5c0-42a0-b40e-9f9b4516eaf3,4234,sollemnis,3.prologus.61,0,1,287,9,,
b413307f-d5c0-42a0-b40e-9f9b4516eaf3,4235,debetur,3.prologus.61,0,1,287,10,,
b413307f-d5c0-42a0-b40e-9f9b4516eaf3,4236,gloria,3.prologus.61,0,1,287,11,,
b413307f-d5c0-42a0-b40e-9f9b4516eaf3,4237,.,3.prologus.61,,4,287,,,
b413307f-d5c0-42a0-b40e-9f9b4516eaf3,4238,Induxi,3.prologus.62,0,1,288,0,,
b413307f-d5c0-42a0-b40e-9f9b4516eaf3,4239,te,3.prologus.62,0,1,288,1,,
b413307f-d5c0-42a0-b40e-9f9b4516eaf3,4240,ad,3.prologus.62,0,1,288,2,,
b413307f-d5c0-42a0-b40e-9f9b4516eaf3,4241,legendum,3.prologus.62,0,1,288,3,,
b413307f-d5c0-42a0-b40e-9f9b4516eaf3,4242,;,3.prologus.62,,4,288,,,
b413307f-d5c0-42a0-b40e-9f9b4516eaf3,4243,sincerum,3.prologus.62,0,1,288,4,,
b413307f-d5c0-42a0-b40e-9f9b4516eaf3,4244,mihi,3.prologus.62,0,1,288,5,,
b413307f-d5c0-42a0-b40e-9f9b4516eaf3,4245,Candore,3.prologus.63,0,1,288,6,,
b413307f-d5c0-42a0-b40e-9f9b4516eaf3,4246,noto,3.prologus.63,0,1,288,7,,
b413307f-d5c0-42a0-b40e-9f9b4516eaf3,4247,reddas,3.prologus.63,0,1,288,8,,
b413307f-d5c0-42a0-b40e-9f9b4516eaf3,4248,iudicium,3.prologus.63,0,1,288,9,,
b413307f-d5c0-42a0-b40e-9f9b4516eaf3,4249,peto,3.prologus.63,0,1,288,10,,
b413307f-d5c0-42a0-b40e-9f9b4516eaf3,4250,.,3.prologus.63,,4,288,,,
b413307f-d5c0-42a0-b40e-9f9b4516eaf3,4251,Anus,3.1,0,1,289,0,,
b413307f-d5c0-42a0-b40e-9f9b4516eaf3,4252,ad,3.1,0,1,289,1,,
b413307f-d5c0-42a0-b40e-9f9b4516eaf3,4253,amphoram,3.1,0,1,289,2,,
b413307f-d5c0-42a0-b40e-9f9b4516eaf3,4254,.,3.1,,4,289,,,
b413307f-d5c0-42a0-b40e-9f9b4516eaf3,4255,Anus,3.1.1,0,1,290,0,,
b413307f-d5c0-42a0-b40e-9f9b4516eaf3,4256,iacere,3.1.1,0,1,290,1,,
b413307f-d5c0-42a0-b40e-9f9b4516eaf3,4257,vidit,3.1.1,0,1,290,2,,
b413307f-d5c0-42a0-b40e-9f9b4516eaf3,4258,epotam,3.1.1,0,1,290,3,,
b413307f-d5c0-42a0-b40e-9f9b4516eaf3,4259,amphoram,3.1.1,0,1,290,4,,
b413307f-d5c0-42a0-b40e-9f9b4516eaf3,4260,",",3.1.1,,4,290,,,
b413307f-d5c0-42a0-b40e-9f9b4516eaf3,4261,Adhuc,3.1.2,0,1,290,5,,
b413307f-d5c0-42a0-b40e-9f9b4516eaf3,4262,Falerna,3.1.2,1,1,290,6,,
b413307f-d5c0-42a0-b40e-9f9b4516eaf3,4263,faece,3.1.2,0,1,290,7,,
b413307f-d5c0-42a0-b40e-9f9b4516eaf3,4264,ex,3.1.2,0,1,290,8,,
b413307f-d5c0-42a0-b40e-9f9b4516eaf3,4265,testa,3.1.2,0,1,290,9,,
b413307f-d5c0-42a0-b40e-9f9b4516eaf3,4266,nobili,3.1.2,0,1,290,10,,
b413307f-d5c0-42a0-b40e-9f9b4516eaf3,4267,Odorem,3.1.3,0,1,290,11,,
b413307f-d5c0-42a0-b40e-9f9b4516eaf3,4268,quae,3.1.3,0,1,290,12,,
b413307f-d5c0-42a0-b40e-9f9b4516eaf3,4269,iucundum,3.1.3,0,1,290,13,,
b413307f-d5c0-42a0-b40e-9f9b4516eaf3,4270,late,3.1.3,0,1,290,14,,
b413307f-d5c0-42a0-b40e-9f9b4516eaf3,4271,spargeret,3.1.3,0,1,290,15,,
b413307f-d5c0-42a0-b40e-9f9b4516eaf3,4272,.,3.1.3,,4,290,,,
b413307f-d5c0-42a0-b40e-9f9b4516eaf3,4273,Hunc,3.1.4,0,1,291,0,,
b413307f-d5c0-42a0-b40e-9f9b4516eaf3,4274,postquam,3.1.4,0,1,291,1,,
b413307f-d5c0-42a0-b40e-9f9b4516eaf3,4275,totis,3.1.4,0,1,291,2,,
b413307f-d5c0-42a0-b40e-9f9b4516eaf3,4276,avida,3.1.4,0,1,291,3,,
b413307f-d5c0-42a0-b40e-9f9b4516eaf3,4277,traxit,3.1.4,0,1,291,4,,
b413307f-d5c0-42a0-b40e-9f9b4516eaf3,4278,naribus,3.1.4,0,1,291,5,,
b413307f-d5c0-42a0-b40e-9f9b4516eaf3,4279,:,3.1.4,,4,291,,,
b413307f-d5c0-42a0-b40e-9f9b4516eaf3,4280,O,3.1.5,0,1,291,6,,
b413307f-d5c0-42a0-b40e-9f9b4516eaf3,4281,suavis,3.1.5,0,1,291,7,,
b413307f-d5c0-42a0-b40e-9f9b4516eaf3,4282,anima,3.1.5,0,1,291,8,,
b413307f-d5c0-42a0-b40e-9f9b4516eaf3,4283,!,3.1.5,,4,291,,,
b413307f-d5c0-42a0-b40e-9f9b4516eaf3,4284,quale,3.1.5,0,1,292,0,,
b413307f-d5c0-42a0-b40e-9f9b4516eaf3,4285,te,3.1.5,0,1,292,1,,
b413307f-d5c0-42a0-b40e-9f9b4516eaf3,4286,dicam,3.1.5,0,1,292,2,,
b413307f-d5c0-42a0-b40e-9f9b4516eaf3,4287,bonum,3.1.5,0,1,292,3,,
b413307f-d5c0-42a0-b40e-9f9b4516eaf3,4288,Antehac,3.1.6,0,1,292,4,,
b413307f-d5c0-42a0-b40e-9f9b4516eaf3,4289,fuisse,3.1.6,0,1,292,5,,
b413307f-d5c0-42a0-b40e-9f9b4516eaf3,4290,",",3.1.6,,4,292,,,
b413307f-d5c0-42a0-b40e-9f9b4516eaf3,4291,tales,3.1.6,0,1,292,6,,
b413307f-d5c0-42a0-b40e-9f9b4516eaf3,4292,cum,3.1.6,0,1,292,7,,
b413307f-d5c0-42a0-b40e-9f9b4516eaf3,4293,sint,3.1.6,0,1,292,8,,
b413307f-d5c0-42a0-b40e-9f9b4516eaf3,4294,reliquiae,3.1.6,0,1,292,9,,
b413307f-d5c0-42a0-b40e-9f9b4516eaf3,4295,?,3.1.6,,4,292,,,
b413307f-d5c0-42a0-b40e-9f9b4516eaf3,4296,Hoc,3.1.7,0,1,293,0,,
b413307f-d5c0-42a0-b40e-9f9b4516eaf3,4297,quo,3.1.7,0,1,293,1,,
b413307f-d5c0-42a0-b40e-9f9b4516eaf3,4298,pertineat,3.1.7,0,1,293,2,,
b413307f-d5c0-42a0-b40e-9f9b4516eaf3,4299,",",3.1.7,,4,293,,,
b413307f-d5c0-42a0-b40e-9f9b4516eaf3,4300,dicet,3.1.7,0,1,293,3,,
b413307f-d5c0-42a0-b40e-9f9b4516eaf3,4301,qui,3.1.7,0,1,293,4,,
b413307f-d5c0-42a0-b40e-9f9b4516eaf3,4302,me,3.1.7,0,1,293,5,,
b413307f-d5c0-42a0-b40e-9f9b4516eaf3,4303,noverit,3.1.7,0,1,293,6,,
b413307f-d5c0-42a0-b40e-9f9b4516eaf3,4304,.,3.1.7,,4,293,,,
b413307f-d5c0-42a0-b40e-9f9b4516eaf3,4305,Panthera,3.2,0,1,294,0,,
b413307f-d5c0-42a0-b40e-9f9b4516eaf3,4306,et,3.2,0,1,294,1,,
b413307f-d5c0-42a0-b40e-9f9b4516eaf3,4307,pastores,3.2,0,1,294,2,,
b413307f-d5c0-42a0-b40e-9f9b4516eaf3,4308,.,3.2,,4,294,,,
b413307f-d5c0-42a0-b40e-9f9b4516eaf3,4309,Solet,3.2.1,0,1,295,0,,
b413307f-d5c0-42a0-b40e-9f9b4516eaf3,4310,a,3.2.1,0,1,295,1,,
b413307f-d5c0-42a0-b40e-9f9b4516eaf3,4311,despectis,3.2.1,0,1,295,2,,
b413307f-d5c0-42a0-b40e-9f9b4516eaf3,4312,par,3.2.1,0,1,295,3,,
b413307f-d5c0-42a0-b40e-9f9b4516eaf3,4313,referri,3.2.1,0,1,295,4,,
b413307f-d5c0-42a0-b40e-9f9b4516eaf3,4314,gratia,3.2.1,0,1,295,5,,
b413307f-d5c0-42a0-b40e-9f9b4516eaf3,4315,.,3.2.1,,4,295,,,
b413307f-d5c0-42a0-b40e-9f9b4516eaf3,4316,Panthera,3.2.2,0,1,296,0,,
b413307f-d5c0-42a0-b40e-9f9b4516eaf3,4317,imprudens,3.2.2,0,1,296,1,,
b413307f-d5c0-42a0-b40e-9f9b4516eaf3,4318,olim,3.2.2,0,1,296,2,,
b413307f-d5c0-42a0-b40e-9f9b4516eaf3,4319,in,3.2.2,0,1,296,3,,
b413307f-d5c0-42a0-b40e-9f9b4516eaf3,4320,foveam,3.2.2,0,1,296,4,,
b413307f-d5c0-42a0-b40e-9f9b4516eaf3,4321,decidit,3.2.2,0,1,296,5,,
b413307f-d5c0-42a0-b40e-9f9b4516eaf3,4322,.,3.2.2,,4,296,,,
b413307f-d5c0-42a0-b40e-9f9b4516eaf3,4323,Videre,3.2.3,0,1,297,0,,
b413307f-d5c0-42a0-b40e-9f9b4516eaf3,4324,agrestes,3.2.3,0,1,297,1,,
b413307f-d5c0-42a0-b40e-9f9b4516eaf3,4325,:,3.2.3,,4,297,,,
b413307f-d5c0-42a0-b40e-9f9b4516eaf3,4326,alii,3.2.3,0,1,297,2,,
b413307f-d5c0-42a0-b40e-9f9b4516eaf3,4327,fustes,3.2.3,0,1,297,3,,
b413307f-d5c0-42a0-b40e-9f9b4516eaf3,4328,congerunt,3.2.3,0,1,297,4,,
b413307f-d5c0-42a0-b40e-9f9b4516eaf3,4329,",",3.2.3,,4,297,,,
b413307f-d5c0-42a0-b40e-9f9b4516eaf3,4330,Alii,3.2.4,2,1,297,5,,
b413307f-d5c0-42a0-b40e-9f9b4516eaf3,4331,onerant,3.2.4,0,1,297,6,,
b413307f-d5c0-42a0-b40e-9f9b4516eaf3,4332,saxis,3.2.4,0,1,297,7,,
b413307f-d5c0-42a0-b40e-9f9b4516eaf3,4333,;,3.2.4,,4,297,,,
b413307f-d5c0-42a0-b40e-9f9b4516eaf3,4334,quidam,3.2.4,0,1,297,8,,
b413307f-d5c0-42a0-b40e-9f9b4516eaf3,4335,contra,3.2.4,0,1,297,9,,
b413307f-d5c0-42a0-b40e-9f9b4516eaf3,4336,miseriti,3.2.4,0,1,297,10,,
b413307f-d5c0-42a0-b40e-9f9b4516eaf3,4337,Periturae,3.2.5,0,1,297,11,,
b413307f-d5c0-42a0-b40e-9f9b4516eaf3,4338,quippe,3.2.5,0,1,297,12,,
b413307f-d5c0-42a0-b40e-9f9b4516eaf3,4339,",",3.2.5,,4,297,,,
b413307f-d5c0-42a0-b40e-9f9b4516eaf3,4340,quamvis,3.2.5,0,1,297,13,,
b413307f-d5c0-42a0-b40e-9f9b4516eaf3,4341,nemo,3.2.5,0,1,297,14,,
b413307f-d5c0-42a0-b40e-9f9b4516eaf3,4342,laederet,3.2.5,0,1,297,15,,
b413307f-d5c0-42a0-b40e-9f9b4516eaf3,4343,",",3.2.5,,4,297,,,
b413307f-d5c0-42a0-b40e-9f9b4516eaf3,4344,Misere,3.2.6,0,1,297,16,,
b413307f-d5c0-42a0-b40e-9f9b4516eaf3,4345,panem,3.2.6,0,1,297,17,,
b413307f-d5c0-42a0-b40e-9f9b4516eaf3,4346,ut,3.2.6,0,1,297,18,,
b413307f-d5c0-42a0-b40e-9f9b4516eaf3,4347,sustineret,3.2.6,0,1,297,19,,
b413307f-d5c0-42a0-b40e-9f9b4516eaf3,4348,spiritum,3.2.6,0,1,297,20,,
b413307f-d5c0-42a0-b40e-9f9b4516eaf3,4349,.,3.2.6,,4,297,,,
b413307f-d5c0-42a0-b40e-9f9b4516eaf3,4350,Nox,3.2.7,2,1,298,0,,
b413307f-d5c0-42a0-b40e-9f9b4516eaf3,4351,insecuta,3.2.7,0,1,298,1,,
b413307f-d5c0-42a0-b40e-9f9b4516eaf3,4352,est,3.2.7,0,1,298,2,,
b413307f-d5c0-42a0-b40e-9f9b4516eaf3,4353,:,3.2.7,,4,298,,,
b413307f-d5c0-42a0-b40e-9f9b4516eaf3,4354,abeunt,3.2.7,0,1,298,3,,
b413307f-d5c0-42a0-b40e-9f9b4516eaf3,4355,securi,3.2.7,0,1,298,4,,
b413307f-d5c0-42a0-b40e-9f9b4516eaf3,4356,domum,3.2.7,0,1,298,5,,
b413307f-d5c0-42a0-b40e-9f9b4516eaf3,4357,",",3.2.7,,4,298,,,
b413307f-d5c0-42a0-b40e-9f9b4516eaf3,4358,Quasi,3.2.8,0,1,298,6,,
b413307f-d5c0-42a0-b40e-9f9b4516eaf3,4359,inventuri,3.2.8,0,1,298,7,,
b413307f-d5c0-42a0-b40e-9f9b4516eaf3,4360,mortuam,3.2.8,0,1,298,8,,
b413307f-d5c0-42a0-b40e-9f9b4516eaf3,4361,postridie,3.2.8,0,1,298,9,,
b413307f-d5c0-42a0-b40e-9f9b4516eaf3,4362,.,3.2.8,,4,298,,,
b413307f-d5c0-42a0-b40e-9f9b4516eaf3,4363,At,3.2.9,0,1,299,0,,
b413307f-d5c0-42a0-b40e-9f9b4516eaf3,4364,illa,3.2.9,0,1,299,1,,
b413307f-d5c0-42a0-b40e-9f9b4516eaf3,4365,",",3.2.9,,4,299,,,
b413307f-d5c0-42a0-b40e-9f9b4516eaf3,4366,vires,3.2.9,0,1,299,2,,
b413307f-d5c0-42a0-b40e-9f9b4516eaf3,4367,ut,3.2.9,0,1,299,3,,
b413307f-d5c0-42a0-b40e-9f9b4516eaf3,4368,refecit,3.2.9,0,1,299,4,,
b413307f-d5c0-42a0-b40e-9f9b4516eaf3,4369,languidas,3.2.9,0,1,299,5,,
b413307f-d5c0-42a0-b40e-9f9b4516eaf3,4370,",",3.2.9,,4,299,,,
b413307f-d5c0-42a0-b40e-9f9b4516eaf3,4371,Veloci,3.2.10,0,1,299,6,,
b413307f-d5c0-42a0-b40e-9f9b4516eaf3,4372,saltu,3.2.10,0,1,299,7,,
b413307f-d5c0-42a0-b40e-9f9b4516eaf3,4373,fovea,3.2.10,0,1,299,8,,
b413307f-d5c0-42a0-b40e-9f9b4516eaf3,4374,sese,3.2.10,0,1,299,9,,
b413307f-d5c0-42a0-b40e-9f9b4516eaf3,4375,liberat,3.2.10,0,1,299,10,,
b413307f-d5c0-42a0-b40e-9f9b4516eaf3,4376,Et,3.2.11,0,1,299,11,,
b413307f-d5c0-42a0-b40e-9f9b4516eaf3,4377,in,3.2.11,0,1,299,12,,
b413307f-d5c0-42a0-b40e-9f9b4516eaf3,4378,cubile,3.2.11,0,1,299,13,,
b413307f-d5c0-42a0-b40e-9f9b4516eaf3,4379,concito,3.2.11,0,1,299,14,,
b413307f-d5c0-42a0-b40e-9f9b4516eaf3,4380,properat,3.2.11,0,1,299,15,,
b413307f-d5c0-42a0-b40e-9f9b4516eaf3,4381,gradu,3.2.11,0,1,299,16,,
b413307f-d5c0-42a0-b40e-9f9b4516eaf3,4382,.,3.2.11,,4,299,,,
b413307f-d5c0-42a0-b40e-9f9b4516eaf3,4383,Paucis,3.2.12,0,1,300,0,,
b413307f-d5c0-42a0-b40e-9f9b4516eaf3,4384,diebus,3.2.12,0,1,300,1,,
b413307f-d5c0-42a0-b40e-9f9b4516eaf3,4385,interpositis,3.2.12,0,1,300,2,,
b413307f-d5c0-42a0-b40e-9f9b4516eaf3,4386,provolat,3.2.12,0,1,300,3,,
b413307f-d5c0-42a0-b40e-9f9b4516eaf3,4387,",",3.2.12,,4,300,,,
b413307f-d5c0-42a0-b40e-9f9b4516eaf3,4388,Pecus,3.2.13,0,1,300,4,,
b413307f-d5c0-42a0-b40e-9f9b4516eaf3,4389,trucidat,3.2.13,0,1,300,5,,
b413307f-d5c0-42a0-b40e-9f9b4516eaf3,4390,",",3.2.13,,4,300,,,
b413307f-d5c0-42a0-b40e-9f9b4516eaf3,4391,ipsos,3.2.13,0,1,300,6,,
b413307f-d5c0-42a0-b40e-9f9b4516eaf3,4392,pastores,3.2.13,0,1,300,7,,
b413307f-d5c0-42a0-b40e-9f9b4516eaf3,4393,necat,3.2.13,0,1,300,8,,
b413307f-d5c0-42a0-b40e-9f9b4516eaf3,4394,",",3.2.13,,4,300,,,
b413307f-d5c0-42a0-b40e-9f9b4516eaf3,4395,Et,3.2.14,0,1,300,9,,
b413307f-d5c0-42a0-b40e-9f9b4516eaf3,4396,cuncta,3.2.14,0,1,300,10,,
b413307f-d5c0-42a0-b40e-9f9b4516eaf3,4397,vastans,3.2.14,0,1,300,11,,
b413307f-d5c0-42a0-b40e-9f9b4516eaf3,4398,saevit,3.2.14,0,1,300,12,,
b413307f-d5c0-42a0-b40e-9f9b4516eaf3,4399,irato,3.2.14,0,1,300,13,,
b413307f-d5c0-42a0-b40e-9f9b4516eaf3,4400,impetu,3.2.14,0,1,300,14,,
b413307f-d5c0-42a0-b40e-9f9b4516eaf3,4401,.,3.2.14,,4,300,,,
b413307f-d5c0-42a0-b40e-9f9b4516eaf3,4402,Tum,3.2.15,0,1,301,0,,
b413307f-d5c0-42a0-b40e-9f9b4516eaf3,4403,sibi,3.2.15,0,1,301,1,,
b413307f-d5c0-42a0-b40e-9f9b4516eaf3,4404,timentes,3.2.15,0,1,301,2,,
b413307f-d5c0-42a0-b40e-9f9b4516eaf3,4405,",",3.2.15,,4,301,,,
b413307f-d5c0-42a0-b40e-9f9b4516eaf3,4406,qui,3.2.15,0,1,301,3,,
b413307f-d5c0-42a0-b40e-9f9b4516eaf3,4407,ferae,3.2.15,0,1,301,4,,
b413307f-d5c0-42a0-b40e-9f9b4516eaf3,4408,pepercerant,3.2.15,0,1,301,5,,
b413307f-d5c0-42a0-b40e-9f9b4516eaf3,4409,",",3.2.15,,4,301,,,
b413307f-d5c0-42a0-b40e-9f9b4516eaf3,4410,Damnum,3.2.16,0,1,301,6,,
b413307f-d5c0-42a0-b40e-9f9b4516eaf3,4411,haud,3.2.16,0,1,301,7,,
b413307f-d5c0-42a0-b40e-9f9b4516eaf3,4412,recusant,3.2.16,0,1,301,8,,
b413307f-d5c0-42a0-b40e-9f9b4516eaf3,4413,",",3.2.16,,4,301,,,
b413307f-d5c0-42a0-b40e-9f9b4516eaf3,4414,tantum,3.2.16,0,1,301,9,,
b413307f-d5c0-42a0-b40e-9f9b4516eaf3,4415,pro,3.2.16,0,1,301,10,,
b413307f-d5c0-42a0-b40e-9f9b4516eaf3,4416,vita,3.2.16,0,1,301,11,,
b413307f-d5c0-42a0-b40e-9f9b4516eaf3,4417,rogant,3.2.16,0,1,301,12,,
b413307f-d5c0-42a0-b40e-9f9b4516eaf3,4418,.,3.2.16,,4,301,,,
b413307f-d5c0-42a0-b40e-9f9b4516eaf3,4419,At,3.2.17,0,1,302,0,,
b413307f-d5c0-42a0-b40e-9f9b4516eaf3,4420,illa,3.2.17,0,1,302,1,,
b413307f-d5c0-42a0-b40e-9f9b4516eaf3,4421,:,3.2.17,,4,302,,,
b413307f-d5c0-42a0-b40e-9f9b4516eaf3,4422,Memini,3.2.17,0,1,302,2,,
b413307f-d5c0-42a0-b40e-9f9b4516eaf3,4423,qui,3.2.17,0,1,302,3,,
b413307f-d5c0-42a0-b40e-9f9b4516eaf3,4424,me,3.2.17,0,1,302,4,,
b413307f-d5c0-42a0-b40e-9f9b4516eaf3,4425,saxo,3.2.17,0,1,302,5,,
b413307f-d5c0-42a0-b40e-9f9b4516eaf3,4426,petierit,3.2.17,0,1,302,6,,
b413307f-d5c0-42a0-b40e-9f9b4516eaf3,4427,",",3.2.17,,4,302,,,
b413307f-d5c0-42a0-b40e-9f9b4516eaf3,4428,Qui,3.2.18,0,1,302,7,,
b413307f-d5c0-42a0-b40e-9f9b4516eaf3,4429,panem,3.2.18,0,1,302,8,,
b413307f-d5c0-42a0-b40e-9f9b4516eaf3,4430,dederit,3.2.18,0,1,302,9,,
b413307f-d5c0-42a0-b40e-9f9b4516eaf3,4431,;,3.2.18,,4,302,,,
b413307f-d5c0-42a0-b40e-9f9b4516eaf3,4432,vos,3.2.18,0,1,302,10,,
b413307f-d5c0-42a0-b40e-9f9b4516eaf3,4433,timere,3.2.18,0,1,302,11,,
b413307f-d5c0-42a0-b40e-9f9b4516eaf3,4434,absistite,3.2.18,0,1,302,12,,
b413307f-d5c0-42a0-b40e-9f9b4516eaf3,4435,;,3.2.18,,4,302,,,
b413307f-d5c0-42a0-b40e-9f9b4516eaf3,4436,Illis,3.2.19,0,1,302,13,,
b413307f-d5c0-42a0-b40e-9f9b4516eaf3,4437,revertor,3.2.19,0,1,302,14,,
b413307f-d5c0-42a0-b40e-9f9b4516eaf3,4438,hostis,3.2.19,0,1,302,15,,
b413307f-d5c0-42a0-b40e-9f9b4516eaf3,4439,",",3.2.19,,4,302,,,
b413307f-d5c0-42a0-b40e-9f9b4516eaf3,4440,qui,3.2.19,0,1,302,16,,
b413307f-d5c0-42a0-b40e-9f9b4516eaf3,4441,me,3.2.19,0,1,302,17,,
b413307f-d5c0-42a0-b40e-9f9b4516eaf3,4442,laeserunt,3.2.19,0,1,302,18,,
b413307f-d5c0-42a0-b40e-9f9b4516eaf3,4443,.,3.2.19,,4,302,,,
b413307f-d5c0-42a0-b40e-9f9b4516eaf3,4444,Aesopus,3.3,1,1,303,0,,
b413307f-d5c0-42a0-b40e-9f9b4516eaf3,4445,et,3.3,0,1,303,1,,
b413307f-d5c0-42a0-b40e-9f9b4516eaf3,4446,rusticus,3.3,0,1,303,2,,
b413307f-d5c0-42a0-b40e-9f9b4516eaf3,4447,.,3.3,,4,303,,,
b413307f-d5c0-42a0-b40e-9f9b4516eaf3,4448,Usu,3.3.1,0,1,304,0,,
b413307f-d5c0-42a0-b40e-9f9b4516eaf3,4449,peritus,3.3.1,0,1,304,1,,
b413307f-d5c0-42a0-b40e-9f9b4516eaf3,4450,hariolo,3.3.1,0,1,304,2,,
b413307f-d5c0-42a0-b40e-9f9b4516eaf3,4451,vel,3.3.1,0,1,304,3,,
b413307f-d5c0-42a0-b40e-9f9b4516eaf3,4452,doctior,3.3.1,0,1,304,4,,
b413307f-d5c0-42a0-b40e-9f9b4516eaf3,4453,Vulgo,3.3.2,0,1,304,5,,
b413307f-d5c0-42a0-b40e-9f9b4516eaf3,4454,esse,3.3.2,0,1,304,6,,
b413307f-d5c0-42a0-b40e-9f9b4516eaf3,4455,fertur,3.3.2,0,1,304,7,,
b413307f-d5c0-42a0-b40e-9f9b4516eaf3,4456,",",3.3.2,,4,304,,,
b413307f-d5c0-42a0-b40e-9f9b4516eaf3,4457,causa,3.3.2,0,1,304,8,,
b413307f-d5c0-42a0-b40e-9f9b4516eaf3,4458,sed,3.3.2,0,1,304,9,,
b413307f-d5c0-42a0-b40e-9f9b4516eaf3,4459,non,3.3.2,0,1,304,10,,
b413307f-d5c0-42a0-b40e-9f9b4516eaf3,4460,dicitur,3.3.2,0,1,304,11,,
b413307f-d5c0-42a0-b40e-9f9b4516eaf3,4461,",",3.3.2,,4,304,,,
b413307f-d5c0-42a0-b40e-9f9b4516eaf3,4462,Notescet,3.3.3,0,1,304,12,,
b413307f-d5c0-42a0-b40e-9f9b4516eaf3,4463,quae,3.3.3,0,1,304,13,,
b413307f-d5c0-42a0-b40e-9f9b4516eaf3,4464,nunc,3.3.3,0,1,304,14,,
b413307f-d5c0-42a0-b40e-9f9b4516eaf3,4465,primum,3.3.3,0,1,304,15,,
b413307f-d5c0-42a0-b40e-9f9b4516eaf3,4466,fabella,3.3.3,0,1,304,16,,
b413307f-d5c0-42a0-b40e-9f9b4516eaf3,4467,mea,3.3.3,0,1,304,17,,
b413307f-d5c0-42a0-b40e-9f9b4516eaf3,4468,.,3.3.3,,4,304,,,
b413307f-d5c0-42a0-b40e-9f9b4516eaf3,4469,Habenti,3.3.4,0,1,305,0,,
b413307f-d5c0-42a0-b40e-9f9b4516eaf3,4470,cuidam,3.3.4,0,1,305,1,,
b413307f-d5c0-42a0-b40e-9f9b4516eaf3,4471,pecora,3.3.4,0,1,305,2,,
b413307f-d5c0-42a0-b40e-9f9b4516eaf3,4472,pepererunt,3.3.4,0,1,305,3,,
b413307f-d5c0-42a0-b40e-9f9b4516eaf3,4473,oves,3.3.4,0,1,305,4,,
b413307f-d5c0-42a0-b40e-9f9b4516eaf3,4474,Agnos,3.3.5,0,1,305,5,,
b413307f-d5c0-42a0-b40e-9f9b4516eaf3,4475,humano,3.3.5,0,1,305,6,,
b413307f-d5c0-42a0-b40e-9f9b4516eaf3,4476,capite,3.3.5,0,1,305,7,,
b413307f-d5c0-42a0-b40e-9f9b4516eaf3,4477,.,3.3.5,,4,305,,,
b413307f-d5c0-42a0-b40e-9f9b4516eaf3,4478,Monstro,3.3.5,0,1,306,0,,
b413307f-d5c0-42a0-b40e-9f9b4516eaf3,4479,territus,3.3.5,0,1,306,1,,
b413307f-d5c0-42a0-b40e-9f9b4516eaf3,4480,Ad,3.3.6,0,1,306,2,,
b413307f-d5c0-42a0-b40e-9f9b4516eaf3,4481,consulendos,3.3.6,0,1,306,3,,
b413307f-d5c0-42a0-b40e-9f9b4516eaf3,4482,currit,3.3.6,0,1,306,4,,
b413307f-d5c0-42a0-b40e-9f9b4516eaf3,4483,maerens,3.3.6,0,1,306,5,,
b413307f-d5c0-42a0-b40e-9f9b4516eaf3,4484,hariolos,3.3.6,0,1,306,6,,
b413307f-d5c0-42a0-b40e-9f9b4516eaf3,4485,.,3.3.6,,4,306,,,
b413307f-d5c0-42a0-b40e-9f9b4516eaf3,4486,Hic,3.3.7,0,1,307,0,,
b413307f-d5c0-42a0-b40e-9f9b4516eaf3,4487,pertinere,3.3.7,0,1,307,1,,
b413307f-d5c0-42a0-b40e-9f9b4516eaf3,4488,ad,3.3.7,0,1,307,2,,
b413307f-d5c0-42a0-b40e-9f9b4516eaf3,4489,domini,3.3.7,0,1,307,3,,
b413307f-d5c0-42a0-b40e-9f9b4516eaf3,4490,respondet,3.3.7,0,1,307,4,,
b413307f-d5c0-42a0-b40e-9f9b4516eaf3,4491,caput,3.3.7,0,1,307,5,,
b413307f-d5c0-42a0-b40e-9f9b4516eaf3,4492,Et,3.3.8,0,1,307,6,,
b413307f-d5c0-42a0-b40e-9f9b4516eaf3,4493,avertendum,3.3.8,0,1,307,7,,
b413307f-d5c0-42a0-b40e-9f9b4516eaf3,4494,victima,3.3.8,0,1,307,8,,
b413307f-d5c0-42a0-b40e-9f9b4516eaf3,4495,periculum,3.3.8,0,1,307,9,,
b413307f-d5c0-42a0-b40e-9f9b4516eaf3,4496,.,3.3.8,,4,307,,,
b413307f-d5c0-42a0-b40e-9f9b4516eaf3,4497,Ille,3.3.9,0,1,308,0,,
b413307f-d5c0-42a0-b40e-9f9b4516eaf3,4498,autem,3.3.9,0,1,308,1,,
b413307f-d5c0-42a0-b40e-9f9b4516eaf3,4499,affirmat,3.3.9,0,1,308,2,,
b413307f-d5c0-42a0-b40e-9f9b4516eaf3,4500,coniugem,3.3.9,0,1,308,3,,
b413307f-d5c0-42a0-b40e-9f9b4516eaf3,4501,esse,3.3.9,0,1,308,4,,
b413307f-d5c0-42a0-b40e-9f9b4516eaf3,4502,adulteram,3.3.9,0,1,308,5,,
b413307f-d5c0-42a0-b40e-9f9b4516eaf3,4503,Et,3.3.10,0,1,308,6,,
b413307f-d5c0-42a0-b40e-9f9b4516eaf3,4504,insitivos,3.3.10,0,1,308,7,,
b413307f-d5c0-42a0-b40e-9f9b4516eaf3,4505,significari,3.3.10,0,1,308,8,,
b413307f-d5c0-42a0-b40e-9f9b4516eaf3,4506,liberos,3.3.10,0,1,308,9,,
b413307f-d5c0-42a0-b40e-9f9b4516eaf3,4507,",",3.3.10,,4,308,,,
b413307f-d5c0-42a0-b40e-9f9b4516eaf3,4508,Sed,3.3.11,0,1,308,10,,
b413307f-d5c0-42a0-b40e-9f9b4516eaf3,4509,expiari,3.3.11,0,1,308,11,,
b413307f-d5c0-42a0-b40e-9f9b4516eaf3,4510,posse,3.3.11,0,1,308,12,,
b413307f-d5c0-42a0-b40e-9f9b4516eaf3,4511,maiore,3.3.11,0,1,308,13,,
b413307f-d5c0-42a0-b40e-9f9b4516eaf3,4512,hostia,3.3.11,0,1,308,14,,
b413307f-d5c0-42a0-b40e-9f9b4516eaf3,4513,.,3.3.11,,4,308,,,
b413307f-d5c0-42a0-b40e-9f9b4516eaf3,4514,Quid,3.3.12,0,1,309,0,,
b413307f-d5c0-42a0-b40e-9f9b4516eaf3,4515,multa,3.3.12,0,1,309,1,,
b413307f-d5c0-42a0-b40e-9f9b4516eaf3,4516,?,3.3.12,,4,309,,,
b413307f-d5c0-42a0-b40e-9f9b4516eaf3,4517,Variis,3.3.12,2,1,310,0,,
b413307f-d5c0-42a0-b40e-9f9b4516eaf3,4518,dissident,3.3.12,0,1,310,1,,
b413307f-d5c0-42a0-b40e-9f9b4516eaf3,4519,sententiis,3.3.12,0,1,310,2,,
b413307f-d5c0-42a0-b40e-9f9b4516eaf3,4520,Hominisque,3.3.13,0,1,310,3,,
b413307f-d5c0-42a0-b40e-9f9b4516eaf3,4521,curam,3.3.13,0,1,310,4,,
b413307f-d5c0-42a0-b40e-9f9b4516eaf3,4522,cura,3.3.13,0,1,310,5,,
b413307f-d5c0-42a0-b40e-9f9b4516eaf3,4523,maiore,3.3.13,0,1,310,6,,
b413307f-d5c0-42a0-b40e-9f9b4516eaf3,4524,aggravant,3.3.13,0,1,310,7,,
b413307f-d5c0-42a0-b40e-9f9b4516eaf3,4525,.,3.3.13,,4,310,,,
b413307f-d5c0-42a0-b40e-9f9b4516eaf3,4526,Aesopus,3.3.14,1,1,311,0,,
b413307f-d5c0-42a0-b40e-9f9b4516eaf3,4527,ibi,3.3.14,0,1,311,1,,
b413307f-d5c0-42a0-b40e-9f9b4516eaf3,4528,stans,3.3.14,0,1,311,2,,
b413307f-d5c0-42a0-b40e-9f9b4516eaf3,4529,",",3.3.14,,4,311,,,
b413307f-d5c0-42a0-b40e-9f9b4516eaf3,4530,naris,3.3.14,0,1,311,3,,
b413307f-d5c0-42a0-b40e-9f9b4516eaf3,4531,emunctae,3.3.14,0,1,311,4,,
b413307f-d5c0-42a0-b40e-9f9b4516eaf3,4532,senex,3.3.14,0,1,311,5,,
b413307f-d5c0-42a0-b40e-9f9b4516eaf3,4533,",",3.3.14,,4,311,,,
b413307f-d5c0-42a0-b40e-9f9b4516eaf3,4534,Natura,3.3.15,0,1,311,6,,
b413307f-d5c0-42a0-b40e-9f9b4516eaf3,4535,numquam,3.3.15,0,1,311,7,,
b413307f-d5c0-42a0-b40e-9f9b4516eaf3,4536,verba,3.3.15,0,1,311,8,,
b413307f-d5c0-42a0-b40e-9f9b4516eaf3,4537,cui,3.3.15,0,1,311,9,,
b413307f-d5c0-42a0-b40e-9f9b4516eaf3,4538,potuit,3.3.15,0,1,311,10,,
b413307f-d5c0-42a0-b40e-9f9b4516eaf3,4539,dare,3.3.15,0,1,311,11,,
b413307f-d5c0-42a0-b40e-9f9b4516eaf3,4540,:,3.3.15,,4,311,,,
b413307f-d5c0-42a0-b40e-9f9b4516eaf3,4541,Si,3.3.16,0,1,311,12,,
b413307f-d5c0-42a0-b40e-9f9b4516eaf3,4542,procurare,3.3.16,0,1,311,13,,
b413307f-d5c0-42a0-b40e-9f9b4516eaf3,4543,vis,3.3.16,0,1,311,14,,
b413307f-d5c0-42a0-b40e-9f9b4516eaf3,4544,ostentum,3.3.16,0,1,311,15,,
b413307f-d5c0-42a0-b40e-9f9b4516eaf3,4545,",",3.3.16,,4,311,,,
b413307f-d5c0-42a0-b40e-9f9b4516eaf3,4546,rustice,3.3.16,0,1,311,16,,
b413307f-d5c0-42a0-b40e-9f9b4516eaf3,4547,",",3.3.16,,4,311,,,
b413307f-d5c0-42a0-b40e-9f9b4516eaf3,4548,Uxores,3.3.17,0,1,311,17,,
b413307f-d5c0-42a0-b40e-9f9b4516eaf3,4549,inquit,3.3.17,0,1,311,18,,
b413307f-d5c0-42a0-b40e-9f9b4516eaf3,4550,da,3.3.17,0,1,311,19,,
b413307f-d5c0-42a0-b40e-9f9b4516eaf3,4551,tuis,3.3.17,0,1,311,20,,
b413307f-d5c0-42a0-b40e-9f9b4516eaf3,4552,pastoribus,3.3.17,0,1,311,21,,
b413307f-d5c0-42a0-b40e-9f9b4516eaf3,4553,.,3.3.17,,4,311,,,
b413307f-d5c0-42a0-b40e-9f9b4516eaf3,4554,Lanius,3.4,0,1,312,0,,
b413307f-d5c0-42a0-b40e-9f9b4516eaf3,4555,et,3.4,0,1,312,1,,
b413307f-d5c0-42a0-b40e-9f9b4516eaf3,4556,simius,3.4,0,1,312,2,,
b413307f-d5c0-42a0-b40e-9f9b4516eaf3,4557,.,3.4,,4,312,,,
b413307f-d5c0-42a0-b40e-9f9b4516eaf3,4558,Pendere,3.4.1,0,1,313,0,,
b413307f-d5c0-42a0-b40e-9f9b4516eaf3,4559,ad,3.4.1,0,1,313,1,,
b413307f-d5c0-42a0-b40e-9f9b4516eaf3,4560,lanium,3.4.1,0,1,313,2,,
b413307f-d5c0-42a0-b40e-9f9b4516eaf3,4561,quidam,3.4.1,0,1,313,3,,
b413307f-d5c0-42a0-b40e-9f9b4516eaf3,4562,vidit,3.4.1,0,1,313,4,,
b413307f-d5c0-42a0-b40e-9f9b4516eaf3,4563,simium,3.4.1,0,1,313,5,,
b413307f-d5c0-42a0-b40e-9f9b4516eaf3,4564,",",3.4.1,,4,313,,,
b413307f-d5c0-42a0-b40e-9f9b4516eaf3,4565,Inter,3.4.2,0,1,313,6,,
b413307f-d5c0-42a0-b40e-9f9b4516eaf3,4566,reliquas,3.4.2,0,1,313,7,,
b413307f-d5c0-42a0-b40e-9f9b4516eaf3,4567,merces,3.4.2,0,1,313,8,,
b413307f-d5c0-42a0-b40e-9f9b4516eaf3,4568,atque,3.4.2,0,1,313,9,,
b413307f-d5c0-42a0-b40e-9f9b4516eaf3,4569,obsonia,3.4.2,0,1,313,10,,
b413307f-d5c0-42a0-b40e-9f9b4516eaf3,4570,;,3.4.2,,4,313,,,
b413307f-d5c0-42a0-b40e-9f9b4516eaf3,4571,Quaesivit,3.4.3,0,1,313,11,,
b413307f-d5c0-42a0-b40e-9f9b4516eaf3,4572,quidnam,3.4.3,0,1,313,12,,
b413307f-d5c0-42a0-b40e-9f9b4516eaf3,4573,saperet,3.4.3,0,1,313,13,,
b413307f-d5c0-42a0-b40e-9f9b4516eaf3,4574,.,3.4.3,,4,313,,,
b413307f-d5c0-42a0-b40e-9f9b4516eaf3,4575,Tum,3.4.3,0,1,314,0,,
b413307f-d5c0-42a0-b40e-9f9b4516eaf3,4576,lanius,3.4.3,0,1,314,1,,
b413307f-d5c0-42a0-b40e-9f9b4516eaf3,4577,iocans,3.4.3,0,1,314,2,,
b413307f-d5c0-42a0-b40e-9f9b4516eaf3,4578,:,3.4.3,,4,314,,,
b413307f-d5c0-42a0-b40e-9f9b4516eaf3,4579,Quale,3.4.4,0,1,314,3,,
b413307f-d5c0-42a0-b40e-9f9b4516eaf3,4580,inquit,3.4.4,0,1,314,4,,
b413307f-d5c0-42a0-b40e-9f9b4516eaf3,4581,caput,3.4.4,0,1,314,5,,
b413307f-d5c0-42a0-b40e-9f9b4516eaf3,4582,est,3.4.4,0,1,314,6,,
b413307f-d5c0-42a0-b40e-9f9b4516eaf3,4583,",",3.4.4,,4,314,,,
b413307f-d5c0-42a0-b40e-9f9b4516eaf3,4584,talis,3.4.4,0,1,314,7,,
b413307f-d5c0-42a0-b40e-9f9b4516eaf3,4585,praestatur,3.4.4,0,1,314,8,,
b413307f-d5c0-42a0-b40e-9f9b4516eaf3,4586,sapor,3.4.4,0,1,314,9,,
b413307f-d5c0-42a0-b40e-9f9b4516eaf3,4587,.,3.4.4,,4,314,,,
b413307f-d5c0-42a0-b40e-9f9b4516eaf3,4588,Ridicule,3.4.5,0,1,315,0,,
b413307f-d5c0-42a0-b40e-9f9b4516eaf3,4589,magis,3.4.5,0,1,315,1,,
b413307f-d5c0-42a0-b40e-9f9b4516eaf3,4590,hoc,3.4.5,0,1,315,2,,
b413307f-d5c0-42a0-b40e-9f9b4516eaf3,4591,dictum,3.4.5,0,1,315,3,,
b413307f-d5c0-42a0-b40e-9f9b4516eaf3,4592,quam,3.4.5,0,1,315,4,,
b413307f-d5c0-42a0-b40e-9f9b4516eaf3,4593,vere,3.4.5,0,1,315,5,,
b413307f-d5c0-42a0-b40e-9f9b4516eaf3,4594,aestimo,3.4.5,0,1,315,6,,
b413307f-d5c0-42a0-b40e-9f9b4516eaf3,4595,;,3.4.5,,4,315,,,
b413307f-d5c0-42a0-b40e-9f9b4516eaf3,4596,Quando,3.4.6,0,1,315,7,,
b413307f-d5c0-42a0-b40e-9f9b4516eaf3,4597,et,3.4.6,0,1,315,8,,
b413307f-d5c0-42a0-b40e-9f9b4516eaf3,4598,formosos,3.4.6,0,1,315,9,,
b413307f-d5c0-42a0-b40e-9f9b4516eaf3,4599,saepe,3.4.6,0,1,315,10,,
b413307f-d5c0-42a0-b40e-9f9b4516eaf3,4600,inveni,3.4.6,0,1,315,11,,
b413307f-d5c0-42a0-b40e-9f9b4516eaf3,4601,pessimos,3.4.6,0,1,315,12,,
b413307f-d5c0-42a0-b40e-9f9b4516eaf3,4602,",",3.4.6,,4,315,,,
b413307f-d5c0-42a0-b40e-9f9b4516eaf3,4603,Et,3.4.7,0,1,315,13,,
b413307f-d5c0-42a0-b40e-9f9b4516eaf3,4604,turpi,3.4.7,0,1,315,14,,
b413307f-d5c0-42a0-b40e-9f9b4516eaf3,4605,facie,3.4.7,0,1,315,15,,
b413307f-d5c0-42a0-b40e-9f9b4516eaf3,4606,multos,3.4.7,0,1,315,16,,
b413307f-d5c0-42a0-b40e-9f9b4516eaf3,4607,cognovi,3.4.7,0,1,315,17,,
b413307f-d5c0-42a0-b40e-9f9b4516eaf3,4608,optimos,3.4.7,0,1,315,18,,
b413307f-d5c0-42a0-b40e-9f9b4516eaf3,4609,.,3.4.7,,4,315,,,
b413307f-d5c0-42a0-b40e-9f9b4516eaf3,4610,Aesopus,3.5,1,1,316,0,,
b413307f-d5c0-42a0-b40e-9f9b4516eaf3,4611,et,3.5,0,1,316,1,,
b413307f-d5c0-42a0-b40e-9f9b4516eaf3,4612,petulans,3.5,0,1,316,2,,
b413307f-d5c0-42a0-b40e-9f9b4516eaf3,4613,.,3.5,,4,316,,,
b413307f-d5c0-42a0-b40e-9f9b4516eaf3,4614,Successus,3.5.1,0,1,317,0,,
b413307f-d5c0-42a0-b40e-9f9b4516eaf3,4615,ad,3.5.1,0,1,317,1,,
b413307f-d5c0-42a0-b40e-9f9b4516eaf3,4616,perniciem,3.5.1,0,1,317,2,,
b413307f-d5c0-42a0-b40e-9f9b4516eaf3,4617,multos,3.5.1,0,1,317,3,,
b413307f-d5c0-42a0-b40e-9f9b4516eaf3,4618,devocat,3.5.1,0,1,317,4,,
b413307f-d5c0-42a0-b40e-9f9b4516eaf3,4619,.,3.5.1,,4,317,,,
b413307f-d5c0-42a0-b40e-9f9b4516eaf3,4620,Aesopo,3.5.2,1,1,318,0,,
b413307f-d5c0-42a0-b40e-9f9b4516eaf3,4621,quidam,3.5.2,0,1,318,1,,
b413307f-d5c0-42a0-b40e-9f9b4516eaf3,4622,petulans,3.5.2,0,1,318,2,,
b413307f-d5c0-42a0-b40e-9f9b4516eaf3,4623,lapidem,3.5.2,0,1,318,3,,
b413307f-d5c0-42a0-b40e-9f9b4516eaf3,4624,impegerat,3.5.2,0,1,318,4,,
b413307f-d5c0-42a0-b40e-9f9b4516eaf3,4625,.,3.5.2,,4,318,,,
b413307f-d5c0-42a0-b40e-9f9b4516eaf3,4626,Tanto,3.5.3,0,1,319,0,,
b413307f-d5c0-42a0-b40e-9f9b4516eaf3,4627,inquit,3.5.3,0,1,319,1,,
b413307f-d5c0-42a0-b40e-9f9b4516eaf3,4628,melior,3.5.3,0,1,319,2,,
b413307f-d5c0-42a0-b40e-9f9b4516eaf3,4629,!,3.5.3,,4,319,,,
b413307f-d5c0-42a0-b40e-9f9b4516eaf3,4630,Assem,3.5.3,0,1,320,0,,
b413307f-d5c0-42a0-b40e-9f9b4516eaf3,4631,deinde,3.5.3,0,1,320,1,,
b413307f-d5c0-42a0-b40e-9f9b4516eaf3,4632,illi,3.5.3,0,1,320,2,,
b413307f-d5c0-42a0-b40e-9f9b4516eaf3,4633,dedit,3.5.3,0,1,320,3,,
b413307f-d5c0-42a0-b40e-9f9b4516eaf3,4634,",",3.5.3,,4,320,,,
b413307f-d5c0-42a0-b40e-9f9b4516eaf3,4635,Sic,3.5.4,0,1,320,4,,
b413307f-d5c0-42a0-b40e-9f9b4516eaf3,4636,prosecutus,3.5.4,0,1,320,5,,
b413307f-d5c0-42a0-b40e-9f9b4516eaf3,4637,:,3.5.4,,4,320,,,
b413307f-d5c0-42a0-b40e-9f9b4516eaf3,4638,Plus,3.5.4,0,1,320,6,,
b413307f-d5c0-42a0-b40e-9f9b4516eaf3,4639,non,3.5.4,0,1,320,7,,
b413307f-d5c0-42a0-b40e-9f9b4516eaf3,4640,habeo,3.5.4,0,1,320,8,,
b413307f-d5c0-42a0-b40e-9f9b4516eaf3,4641,mehercules,3.5.4,0,1,320,9,,
b413307f-d5c0-42a0-b40e-9f9b4516eaf3,4642,",",3.5.4,,4,320,,,
b413307f-d5c0-42a0-b40e-9f9b4516eaf3,4643,Sed,3.5.5,0,1,320,10,,
b413307f-d5c0-42a0-b40e-9f9b4516eaf3,4644,unde,3.5.5,0,1,320,11,,
b413307f-d5c0-42a0-b40e-9f9b4516eaf3,4645,accipere,3.5.5,0,1,320,12,,
b413307f-d5c0-42a0-b40e-9f9b4516eaf3,4646,possis,3.5.5,0,1,320,13,,
b413307f-d5c0-42a0-b40e-9f9b4516eaf3,4647,monstrabo,3.5.5,0,1,320,14,,
b413307f-d5c0-42a0-b40e-9f9b4516eaf3,4648,tibi,3.5.5,0,1,320,15,,
b413307f-d5c0-42a0-b40e-9f9b4516eaf3,4649,.,3.5.5,,4,320,,,
b413307f-d5c0-42a0-b40e-9f9b4516eaf3,4650,Venit,3.5.6,0,1,321,0,,
b413307f-d5c0-42a0-b40e-9f9b4516eaf3,4651,ecce,3.5.6,0,1,321,1,,
b413307f-d5c0-42a0-b40e-9f9b4516eaf3,4652,dives,3.5.6,0,1,321,2,,
b413307f-d5c0-42a0-b40e-9f9b4516eaf3,4653,et,3.5.6,0,1,321,3,,
b413307f-d5c0-42a0-b40e-9f9b4516eaf3,4654,potens,3.5.6,0,1,321,4,,
b413307f-d5c0-42a0-b40e-9f9b4516eaf3,4655,:,3.5.6,,4,321,,,
b413307f-d5c0-42a0-b40e-9f9b4516eaf3,4656,huic,3.5.6,0,1,321,5,,
b413307f-d5c0-42a0-b40e-9f9b4516eaf3,4657,similiter,3.5.6,0,1,321,6,,
b413307f-d5c0-42a0-b40e-9f9b4516eaf3,4658,Impinge,3.5.7,0,1,321,7,,
b413307f-d5c0-42a0-b40e-9f9b4516eaf3,4659,lapidem,3.5.7,0,1,321,8,,
b413307f-d5c0-42a0-b40e-9f9b4516eaf3,4660,et,3.5.7,0,1,321,9,,
b413307f-d5c0-42a0-b40e-9f9b4516eaf3,4661,dignum,3.5.7,0,1,321,10,,
b413307f-d5c0-42a0-b40e-9f9b4516eaf3,4662,accipies,3.5.7,0,1,321,11,,
b413307f-d5c0-42a0-b40e-9f9b4516eaf3,4663,praemium,3.5.7,0,1,321,12,,
b413307f-d5c0-42a0-b40e-9f9b4516eaf3,4664,.,3.5.7,,4,321,,,
b413307f-d5c0-42a0-b40e-9f9b4516eaf3,4665,Persuasus,3.5.8,0,1,322,0,,
b413307f-d5c0-42a0-b40e-9f9b4516eaf3,4666,ille,3.5.8,0,1,322,1,,
b413307f-d5c0-42a0-b40e-9f9b4516eaf3,4667,fecit,3.5.8,0,1,322,2,,
b413307f-d5c0-42a0-b40e-9f9b4516eaf3,4668,quod,3.5.8,0,1,322,3,,
b413307f-d5c0-42a0-b40e-9f9b4516eaf3,4669,monitus,3.5.8,0,1,322,4,,
b413307f-d5c0-42a0-b40e-9f9b4516eaf3,4670,fuit,3.5.8,0,1,322,5,,
b413307f-d5c0-42a0-b40e-9f9b4516eaf3,4671,;,3.5.8,,4,322,,,
b413307f-d5c0-42a0-b40e-9f9b4516eaf3,4672,Sed,3.5.9,0,1,322,6,,
b413307f-d5c0-42a0-b40e-9f9b4516eaf3,4673,spes,3.5.9,0,1,322,7,,
b413307f-d5c0-42a0-b40e-9f9b4516eaf3,4674,fefellit,3.5.9,0,1,322,8,,
b413307f-d5c0-42a0-b40e-9f9b4516eaf3,4675,impudentem,3.5.9,0,1,322,9,,
b413307f-d5c0-42a0-b40e-9f9b4516eaf3,4676,audaciam,3.5.9,0,1,322,10,,
b413307f-d5c0-42a0-b40e-9f9b4516eaf3,4677,:,3.5.9,,4,322,,,
b413307f-d5c0-42a0-b40e-9f9b4516eaf3,4678,Comprensus,3.5.10,0,1,322,11,,
b413307f-d5c0-42a0-b40e-9f9b4516eaf3,4679,namque,3.5.10,0,1,322,12,,
b413307f-d5c0-42a0-b40e-9f9b4516eaf3,4680,poenas,3.5.10,0,1,322,13,,
b413307f-d5c0-42a0-b40e-9f9b4516eaf3,4681,persolvit,3.5.10,0,1,322,14,,
b413307f-d5c0-42a0-b40e-9f9b4516eaf3,4682,cruce,3.5.10,0,1,322,15,,
b413307f-d5c0-42a0-b40e-9f9b4516eaf3,4683,.,3.5.10,,4,322,,,
b413307f-d5c0-42a0-b40e-9f9b4516eaf3,4684,Musca,3.6,2,1,323,0,,
b413307f-d5c0-42a0-b40e-9f9b4516eaf3,4685,et,3.6,0,1,323,1,,
b413307f-d5c0-42a0-b40e-9f9b4516eaf3,4686,mula,3.6,0,1,323,2,,
b413307f-d5c0-42a0-b40e-9f9b4516eaf3,4687,.,3.6,,4,323,,,
b413307f-d5c0-42a0-b40e-9f9b4516eaf3,4688,Musca,3.6.1,2,1,324,0,,
b413307f-d5c0-42a0-b40e-9f9b4516eaf3,4689,in,3.6.1,0,1,324,1,,
b413307f-d5c0-42a0-b40e-9f9b4516eaf3,4690,temone,3.6.1,0,1,324,2,,
b413307f-d5c0-42a0-b40e-9f9b4516eaf3,4691,sedit,3.6.1,0,1,324,3,,
b413307f-d5c0-42a0-b40e-9f9b4516eaf3,4692,et,3.6.1,0,1,324,4,,
b413307f-d5c0-42a0-b40e-9f9b4516eaf3,4693,mulam,3.6.1,0,1,324,5,,
b413307f-d5c0-42a0-b40e-9f9b4516eaf3,4694,increpans,3.6.1,0,1,324,6,,
b413307f-d5c0-42a0-b40e-9f9b4516eaf3,4695,:,3.6.1,,4,324,,,
b413307f-d5c0-42a0-b40e-9f9b4516eaf3,4696,Quam,3.6.2,0,1,324,7,,
b413307f-d5c0-42a0-b40e-9f9b4516eaf3,4697,tarda,3.6.2,0,1,324,8,,
b413307f-d5c0-42a0-b40e-9f9b4516eaf3,4698,es,3.6.2,0,1,324,9,,
b413307f-d5c0-42a0-b40e-9f9b4516eaf3,4699,!,3.6.2,,4,324,,,
b413307f-d5c0-42a0-b40e-9f9b4516eaf3,4700,inquit,3.6.2,0,1,325,0,,
b413307f-d5c0-42a0-b40e-9f9b4516eaf3,4701,non,3.6.2,0,1,325,1,,
b413307f-d5c0-42a0-b40e-9f9b4516eaf3,4702,vis,3.6.2,0,1,325,2,,
b413307f-d5c0-42a0-b40e-9f9b4516eaf3,4703,citius,3.6.2,0,1,325,3,,
b413307f-d5c0-42a0-b40e-9f9b4516eaf3,4704,progredi,3.6.2,0,1,325,4,,
b413307f-d5c0-42a0-b40e-9f9b4516eaf3,4705,?,3.6.2,,4,325,,,
b413307f-d5c0-42a0-b40e-9f9b4516eaf3,4706,Vide,3.6.3,0,1,326,0,,
b413307f-d5c0-42a0-b40e-9f9b4516eaf3,4707,ne,3.6.3,0,1,326,1,,
b413307f-d5c0-42a0-b40e-9f9b4516eaf3,4708,dolone,3.6.3,0,1,326,2,,
b413307f-d5c0-42a0-b40e-9f9b4516eaf3,4709,collum,3.6.3,0,1,326,3,,
b413307f-d5c0-42a0-b40e-9f9b4516eaf3,4710,compungam,3.6.3,0,1,326,4,,
b413307f-d5c0-42a0-b40e-9f9b4516eaf3,4711,tibi,3.6.3,0,1,326,5,,
b413307f-d5c0-42a0-b40e-9f9b4516eaf3,4712,.,3.6.3,,4,326,,,
b413307f-d5c0-42a0-b40e-9f9b4516eaf3,4713,Respondit,3.6.4,0,1,327,0,,
b413307f-d5c0-42a0-b40e-9f9b4516eaf3,4714,illa,3.6.4,0,1,327,1,,
b413307f-d5c0-42a0-b40e-9f9b4516eaf3,4715,:,3.6.4,,4,327,,,
b413307f-d5c0-42a0-b40e-9f9b4516eaf3,4716,Verbis,3.6.4,0,1,327,2,,
b413307f-d5c0-42a0-b40e-9f9b4516eaf3,4717,non,3.6.4,0,1,327,3,,
b413307f-d5c0-42a0-b40e-9f9b4516eaf3,4718,moveor,3.6.4,0,1,327,4,,
b413307f-d5c0-42a0-b40e-9f9b4516eaf3,4719,tuis,3.6.4,0,1,327,5,,
b413307f-d5c0-42a0-b40e-9f9b4516eaf3,4720,;,3.6.4,,4,327,,,
b413307f-d5c0-42a0-b40e-9f9b4516eaf3,4721,Sed,3.6.5,0,1,327,6,,
b413307f-d5c0-42a0-b40e-9f9b4516eaf3,4722,istum,3.6.5,0,1,327,7,,
b413307f-d5c0-42a0-b40e-9f9b4516eaf3,4723,timeo,3.6.5,0,1,327,8,,
b413307f-d5c0-42a0-b40e-9f9b4516eaf3,4724,sella,3.6.5,0,1,327,9,,
b413307f-d5c0-42a0-b40e-9f9b4516eaf3,4725,qui,3.6.5,0,1,327,10,,
b413307f-d5c0-42a0-b40e-9f9b4516eaf3,4726,prima,3.6.5,0,1,327,11,,
b413307f-d5c0-42a0-b40e-9f9b4516eaf3,4727,sedens,3.6.5,0,1,327,12,,
b413307f-d5c0-42a0-b40e-9f9b4516eaf3,4728,Iugum,3.6.6,0,1,327,13,,
b413307f-d5c0-42a0-b40e-9f9b4516eaf3,4729,flagello,3.6.6,0,1,327,14,,
b413307f-d5c0-42a0-b40e-9f9b4516eaf3,4730,temperat,3.6.6,0,1,327,15,,
b413307f-d5c0-42a0-b40e-9f9b4516eaf3,4731,lento,3.6.6,0,1,327,16,,
b413307f-d5c0-42a0-b40e-9f9b4516eaf3,4732,meum,3.6.6,0,1,327,17,,
b413307f-d5c0-42a0-b40e-9f9b4516eaf3,4733,Et,3.6.7,0,1,327,18,,
b413307f-d5c0-42a0-b40e-9f9b4516eaf3,4734,ora,3.6.7,0,1,327,19,,
b413307f-d5c0-42a0-b40e-9f9b4516eaf3,4735,frenis,3.6.7,0,1,327,20,,
b413307f-d5c0-42a0-b40e-9f9b4516eaf3,4736,continet,3.6.7,0,1,327,21,,
b413307f-d5c0-42a0-b40e-9f9b4516eaf3,4737,spumantibus,3.6.7,0,1,327,22,,
b413307f-d5c0-42a0-b40e-9f9b4516eaf3,4738,.,3.6.7,,4,327,,,
b413307f-d5c0-42a0-b40e-9f9b4516eaf3,4739,Quapropter,3.6.8,0,1,328,0,,
b413307f-d5c0-42a0-b40e-9f9b4516eaf3,4740,aufer,3.6.8,0,1,328,1,,
b413307f-d5c0-42a0-b40e-9f9b4516eaf3,4741,frivolam,3.6.8,0,1,328,2,,
b413307f-d5c0-42a0-b40e-9f9b4516eaf3,4742,insolentiam,3.6.8,0,1,328,3,,
b413307f-d5c0-42a0-b40e-9f9b4516eaf3,4743,;,3.6.8,,4,328,,,
b413307f-d5c0-42a0-b40e-9f9b4516eaf3,4744,Nam,3.6.9,0,1,328,4,,
b413307f-d5c0-42a0-b40e-9f9b4516eaf3,4745,et,3.6.9,0,1,328,5,,
b413307f-d5c0-42a0-b40e-9f9b4516eaf3,4746,ubi,3.6.9,0,1,328,6,,
b413307f-d5c0-42a0-b40e-9f9b4516eaf3,4747,tricandum,3.6.9,0,1,328,7,,
b413307f-d5c0-42a0-b40e-9f9b4516eaf3,4748,et,3.6.9,0,1,328,8,,
b413307f-d5c0-42a0-b40e-9f9b4516eaf3,4749,ubi,3.6.9,0,1,328,9,,
b413307f-d5c0-42a0-b40e-9f9b4516eaf3,4750,sit,3.6.9,0,1,328,10,,
b413307f-d5c0-42a0-b40e-9f9b4516eaf3,4751,currendum,3.6.9,0,1,328,11,,
b413307f-d5c0-42a0-b40e-9f9b4516eaf3,4752,scio,3.6.9,0,1,328,12,,
b413307f-d5c0-42a0-b40e-9f9b4516eaf3,4753,.,3.6.9,,4,328,,,
b413307f-d5c0-42a0-b40e-9f9b4516eaf3,4754,Hac,3.6.10,0,1,329,0,,
b413307f-d5c0-42a0-b40e-9f9b4516eaf3,4755,derideri,3.6.10,0,1,329,1,,
b413307f-d5c0-42a0-b40e-9f9b4516eaf3,4756,fabula,3.6.10,0,1,329,2,,
b413307f-d5c0-42a0-b40e-9f9b4516eaf3,4757,merito,3.6.10,0,1,329,3,,
b413307f-d5c0-42a0-b40e-9f9b4516eaf3,4758,potest,3.6.10,0,1,329,4,,
b413307f-d5c0-42a0-b40e-9f9b4516eaf3,4759,",",3.6.10,,4,329,,,
b413307f-d5c0-42a0-b40e-9f9b4516eaf3,4760,Qui,3.6.11,0,1,329,5,,
b413307f-d5c0-42a0-b40e-9f9b4516eaf3,4761,sine,3.6.11,0,1,329,6,,
b413307f-d5c0-42a0-b40e-9f9b4516eaf3,4762,virtute,3.6.11,0,1,329,7,,
b413307f-d5c0-42a0-b40e-9f9b4516eaf3,4763,vanas,3.6.11,0,1,329,8,,
b413307f-d5c0-42a0-b40e-9f9b4516eaf3,4764,exercet,3.6.11,0,1,329,9,,
b413307f-d5c0-42a0-b40e-9f9b4516eaf3,4765,minas,3.6.11,0,1,329,10,,
b413307f-d5c0-42a0-b40e-9f9b4516eaf3,4766,.,3.6.11,,4,329,,,
b413307f-d5c0-42a0-b40e-9f9b4516eaf3,4767,Lupus,3.7,2,1,330,0,,
b413307f-d5c0-42a0-b40e-9f9b4516eaf3,4768,ad,3.7,0,1,330,1,,
b413307f-d5c0-42a0-b40e-9f9b4516eaf3,4769,canem,3.7,0,1,330,2,,
b413307f-d5c0-42a0-b40e-9f9b4516eaf3,4770,.,3.7,,4,330,,,
b413307f-d5c0-42a0-b40e-9f9b4516eaf3,4771,Quam,3.7.1,0,1,331,0,,
b413307f-d5c0-42a0-b40e-9f9b4516eaf3,4772,dulcis,3.7.1,0,1,331,1,,
b413307f-d5c0-42a0-b40e-9f9b4516eaf3,4773,sit,3.7.1,0,1,331,2,,
b413307f-d5c0-42a0-b40e-9f9b4516eaf3,4774,libertas,3.7.1,0,1,331,3,,
b413307f-d5c0-42a0-b40e-9f9b4516eaf3,4775,",",3.7.1,,4,331,,,
b413307f-d5c0-42a0-b40e-9f9b4516eaf3,4776,breviter,3.7.1,0,1,331,4,,
b413307f-d5c0-42a0-b40e-9f9b4516eaf3,4777,proloquar,3.7.1,0,1,331,5,,
b413307f-d5c0-42a0-b40e-9f9b4516eaf3,4778,.,3.7.1,,4,331,,,
b413307f-d5c0-42a0-b40e-9f9b4516eaf3,4779,Cani,3.7.2,2,1,332,0,,
b413307f-d5c0-42a0-b40e-9f9b4516eaf3,4780,perpasto,3.7.2,0,1,332,1,,
b413307f-d5c0-42a0-b40e-9f9b4516eaf3,4781,macie,3.7.2,0,1,332,2,,
b413307f-d5c0-42a0-b40e-9f9b4516eaf3,4782,confectus,3.7.2,0,1,332,3,,
b413307f-d5c0-42a0-b40e-9f9b4516eaf3,4783,lupus,3.7.2,0,1,332,4,,
b413307f-d5c0-42a0-b40e-9f9b4516eaf3,4784,Forte,3.7.3,0,1,332,5,,
b413307f-d5c0-42a0-b40e-9f9b4516eaf3,4785,occucurrit,3.7.3,0,1,332,6,,
b413307f-d5c0-42a0-b40e-9f9b4516eaf3,4786,.,3.7.3,,4,332,,,
b413307f-d5c0-42a0-b40e-9f9b4516eaf3,4787,Dein,3.7.3,0,1,333,0,,
b413307f-d5c0-42a0-b40e-9f9b4516eaf3,4788,salutati,3.7.3,0,1,333,1,,
b413307f-d5c0-42a0-b40e-9f9b4516eaf3,4789,invicem,3.7.3,0,1,333,2,,
b413307f-d5c0-42a0-b40e-9f9b4516eaf3,4790,Ut,3.7.4,0,1,333,3,,
b413307f-d5c0-42a0-b40e-9f9b4516eaf3,4791,restiterunt,3.7.4,0,1,333,4,,
b413307f-d5c0-42a0-b40e-9f9b4516eaf3,4792,:,3.7.4,,4,333,,,
b413307f-d5c0-42a0-b40e-9f9b4516eaf3,4793,Unde,3.7.4,0,1,333,5,,
b413307f-d5c0-42a0-b40e-9f9b4516eaf3,4794,sic,3.7.4,0,1,333,6,,
b413307f-d5c0-42a0-b40e-9f9b4516eaf3,4795,",",3.7.4,,4,333,,,
b413307f-d5c0-42a0-b40e-9f9b4516eaf3,4796,quaeso,3.7.4,0,1,333,7,,
b413307f-d5c0-42a0-b40e-9f9b4516eaf3,4797,",",3.7.4,,4,333,,,
b413307f-d5c0-42a0-b40e-9f9b4516eaf3,4798,nites,3.7.4,0,1,333,8,,
b413307f-d5c0-42a0-b40e-9f9b4516eaf3,4799,?,3.7.4,,4,333,,,
b413307f-d5c0-42a0-b40e-9f9b4516eaf3,4800,Aut,3.7.5,0,1,334,0,,
b413307f-d5c0-42a0-b40e-9f9b4516eaf3,4801,quo,3.7.5,0,1,334,1,,
b413307f-d5c0-42a0-b40e-9f9b4516eaf3,4802,cibo,3.7.5,0,1,334,2,,
b413307f-d5c0-42a0-b40e-9f9b4516eaf3,4803,fecisti,3.7.5,0,1,334,3,,
b413307f-d5c0-42a0-b40e-9f9b4516eaf3,4804,tantum,3.7.5,0,1,334,4,,
b413307f-d5c0-42a0-b40e-9f9b4516eaf3,4805,corporis,3.7.5,0,1,334,5,,
b413307f-d5c0-42a0-b40e-9f9b4516eaf3,4806,?,3.7.5,,4,334,,,
b413307f-d5c0-42a0-b40e-9f9b4516eaf3,4807,Ego,3.7.6,0,1,335,0,,
b413307f-d5c0-42a0-b40e-9f9b4516eaf3,4808,",",3.7.6,,4,335,,,
b413307f-d5c0-42a0-b40e-9f9b4516eaf3,4809,qui,3.7.6,0,1,335,1,,
b413307f-d5c0-42a0-b40e-9f9b4516eaf3,4810,sum,3.7.6,0,1,335,2,,
b413307f-d5c0-42a0-b40e-9f9b4516eaf3,4811,longe,3.7.6,0,1,335,3,,
b413307f-d5c0-42a0-b40e-9f9b4516eaf3,4812,fortior,3.7.6,0,1,335,4,,
b413307f-d5c0-42a0-b40e-9f9b4516eaf3,4813,",",3.7.6,,4,335,,,
b413307f-d5c0-42a0-b40e-9f9b4516eaf3,4814,pereo,3.7.6,0,1,335,5,,
b413307f-d5c0-42a0-b40e-9f9b4516eaf3,4815,fame,3.7.6,0,1,335,6,,
b413307f-d5c0-42a0-b40e-9f9b4516eaf3,4816,.,3.7.6,,4,335,,,
b413307f-d5c0-42a0-b40e-9f9b4516eaf3,4817,Canis,3.7.7,2,1,336,0,,
b413307f-d5c0-42a0-b40e-9f9b4516eaf3,4818,simpliciter,3.7.7,0,1,336,1,,
b413307f-d5c0-42a0-b40e-9f9b4516eaf3,4819,:,3.7.7,,4,336,,,
b413307f-d5c0-42a0-b40e-9f9b4516eaf3,4820,Eadem,3.7.7,0,1,336,2,,
b413307f-d5c0-42a0-b40e-9f9b4516eaf3,4821,est,3.7.7,0,1,336,3,,
b413307f-d5c0-42a0-b40e-9f9b4516eaf3,4822,condicio,3.7.7,0,1,336,4,,
b413307f-d5c0-42a0-b40e-9f9b4516eaf3,4823,tibi,3.7.7,0,1,336,5,,
b413307f-d5c0-42a0-b40e-9f9b4516eaf3,4824,",",3.7.7,,4,336,,,
b413307f-d5c0-42a0-b40e-9f9b4516eaf3,4825,Praestare,3.7.8,0,1,336,6,,
b413307f-d5c0-42a0-b40e-9f9b4516eaf3,4826,domino,3.7.8,0,1,336,7,,
b413307f-d5c0-42a0-b40e-9f9b4516eaf3,4827,si,3.7.8,0,1,336,8,,
b413307f-d5c0-42a0-b40e-9f9b4516eaf3,4828,par,3.7.8,0,1,336,9,,
b413307f-d5c0-42a0-b40e-9f9b4516eaf3,4829,officium,3.7.8,0,1,336,10,,
b413307f-d5c0-42a0-b40e-9f9b4516eaf3,4830,potes,3.7.8,0,1,336,11,,
b413307f-d5c0-42a0-b40e-9f9b4516eaf3,4831,.,3.7.8,,4,336,,,
b413307f-d5c0-42a0-b40e-9f9b4516eaf3,4832,Quod,3.7.9,0,1,337,0,,
b413307f-d5c0-42a0-b40e-9f9b4516eaf3,4833,?,3.7.9,,4,337,,,
b413307f-d5c0-42a0-b40e-9f9b4516eaf3,4834,inquit,3.7.9,0,1,338,0,,
b413307f-d5c0-42a0-b40e-9f9b4516eaf3,4835,ille,3.7.9,0,1,338,1,,
b413307f-d5c0-42a0-b40e-9f9b4516eaf3,4836,.,3.7.9,,4,338,,,
b413307f-d5c0-42a0-b40e-9f9b4516eaf3,4837,Custos,3.7.9,0,1,339,0,,
b413307f-d5c0-42a0-b40e-9f9b4516eaf3,4838,ut,3.7.9,0,1,339,1,,
b413307f-d5c0-42a0-b40e-9f9b4516eaf3,4839,sis,3.7.9,0,1,339,2,,
b413307f-d5c0-42a0-b40e-9f9b4516eaf3,4840,liminis,3.7.9,0,1,339,3,,
b413307f-d5c0-42a0-b40e-9f9b4516eaf3,4841,",",3.7.9,,4,339,,,
b413307f-d5c0-42a0-b40e-9f9b4516eaf3,4842,A,3.7.10,0,1,339,4,,
b413307f-d5c0-42a0-b40e-9f9b4516eaf3,4843,furibus,3.7.10,0,1,339,5,,
b413307f-d5c0-42a0-b40e-9f9b4516eaf3,4844,tuearis,3.7.10,0,1,339,6,,
b413307f-d5c0-42a0-b40e-9f9b4516eaf3,4845,et,3.7.10,0,1,339,7,,
b413307f-d5c0-42a0-b40e-9f9b4516eaf3,4846,noctu,3.7.10,0,1,339,8,,
b413307f-d5c0-42a0-b40e-9f9b4516eaf3,4847,domum,3.7.10,0,1,339,9,,
b413307f-d5c0-42a0-b40e-9f9b4516eaf3,4848,.,3.7.10,,4,339,,,
b413307f-d5c0-42a0-b40e-9f9b4516eaf3,4849,Ego,3.7.11,0,1,340,0,,
b413307f-d5c0-42a0-b40e-9f9b4516eaf3,4850,vero,3.7.11,0,1,340,1,,
b413307f-d5c0-42a0-b40e-9f9b4516eaf3,4851,sum,3.7.11,0,1,340,2,,
b413307f-d5c0-42a0-b40e-9f9b4516eaf3,4852,paratus,3.7.11,0,1,340,3,,
b413307f-d5c0-42a0-b40e-9f9b4516eaf3,4853,:,3.7.11,,4,340,,,
b413307f-d5c0-42a0-b40e-9f9b4516eaf3,4854,nunc,3.7.11,0,1,340,4,,
b413307f-d5c0-42a0-b40e-9f9b4516eaf3,4855,patior,3.7.11,0,1,340,5,,
b413307f-d5c0-42a0-b40e-9f9b4516eaf3,4856,nives,3.7.11,0,1,340,6,,
b413307f-d5c0-42a0-b40e-9f9b4516eaf3,4857,Imbresque,3.7.12,0,1,340,7,,
b413307f-d5c0-42a0-b40e-9f9b4516eaf3,4858,in,3.7.12,0,1,340,8,,
b413307f-d5c0-42a0-b40e-9f9b4516eaf3,4859,silvis,3.7.12,0,1,340,9,,
b413307f-d5c0-42a0-b40e-9f9b4516eaf3,4860,asperam,3.7.12,0,1,340,10,,
b413307f-d5c0-42a0-b40e-9f9b4516eaf3,4861,vitam,3.7.12,0,1,340,11,,
b413307f-d5c0-42a0-b40e-9f9b4516eaf3,4862,trahens,3.7.12,0,1,340,12,,
b413307f-d5c0-42a0-b40e-9f9b4516eaf3,4863,:,3.7.12,,4,340,,,
b413307f-d5c0-42a0-b40e-9f9b4516eaf3,4864,Quanto,3.7.13,0,1,340,13,,
b413307f-d5c0-42a0-b40e-9f9b4516eaf3,4865,est,3.7.13,0,1,340,14,,
b413307f-d5c0-42a0-b40e-9f9b4516eaf3,4866,facilius,3.7.13,0,1,340,15,,
b413307f-d5c0-42a0-b40e-9f9b4516eaf3,4867,mihi,3.7.13,0,1,340,16,,
b413307f-d5c0-42a0-b40e-9f9b4516eaf3,4868,sub,3.7.13,0,1,340,17,,
b413307f-d5c0-42a0-b40e-9f9b4516eaf3,4869,tecto,3.7.13,0,1,340,18,,
b413307f-d5c0-42a0-b40e-9f9b4516eaf3,4870,vivere,3.7.13,0,1,340,19,,
b413307f-d5c0-42a0-b40e-9f9b4516eaf3,4871,",",3.7.13,,4,340,,,
b413307f-d5c0-42a0-b40e-9f9b4516eaf3,4872,Et,3.7.14,0,1,340,20,,
b413307f-d5c0-42a0-b40e-9f9b4516eaf3,4873,otiosum,3.7.14,0,1,340,21,,
b413307f-d5c0-42a0-b40e-9f9b4516eaf3,4874,largo,3.7.14,0,1,340,22,,
b413307f-d5c0-42a0-b40e-9f9b4516eaf3,4875,satiari,3.7.14,0,1,340,23,,
b413307f-d5c0-42a0-b40e-9f9b4516eaf3,4876,cibo,3.7.14,0,1,340,24,,
b413307f-d5c0-42a0-b40e-9f9b4516eaf3,4877,?,3.7.14,,4,340,,,
b413307f-d5c0-42a0-b40e-9f9b4516eaf3,4878,Veni,3.7.15,0,1,341,0,,
b413307f-d5c0-42a0-b40e-9f9b4516eaf3,4879,ergo,3.7.15,0,1,341,1,,
b413307f-d5c0-42a0-b40e-9f9b4516eaf3,4880,mecum,3.7.15,0,1,341,2,,
b413307f-d5c0-42a0-b40e-9f9b4516eaf3,4881,.,3.7.15,,4,341,,,
b413307f-d5c0-42a0-b40e-9f9b4516eaf3,4882,Dum,3.7.15,0,1,342,0,,
b413307f-d5c0-42a0-b40e-9f9b4516eaf3,4883,procedunt,3.7.15,0,1,342,1,,
b413307f-d5c0-42a0-b40e-9f9b4516eaf3,4884,",",3.7.15,,4,342,,,
b413307f-d5c0-42a0-b40e-9f9b4516eaf3,4885,aspicit,3.7.15,0,1,342,2,,
b413307f-d5c0-42a0-b40e-9f9b4516eaf3,4886,Lupus,3.7.16,2,1,342,3,,
b413307f-d5c0-42a0-b40e-9f9b4516eaf3,4887,a,3.7.16,0,1,342,4,,
b413307f-d5c0-42a0-b40e-9f9b4516eaf3,4888,catena,3.7.16,0,1,342,5,,
b413307f-d5c0-42a0-b40e-9f9b4516eaf3,4889,collum,3.7.16,0,1,342,6,,
b413307f-d5c0-42a0-b40e-9f9b4516eaf3,4890,detritum,3.7.16,0,1,342,7,,
b413307f-d5c0-42a0-b40e-9f9b4516eaf3,4891,cani,3.7.16,0,1,342,8,,
b413307f-d5c0-42a0-b40e-9f9b4516eaf3,4892,.,3.7.16,,4,342,,,
b413307f-d5c0-42a0-b40e-9f9b4516eaf3,4893,Unde,3.7.17,0,1,343,0,,
b413307f-d5c0-42a0-b40e-9f9b4516eaf3,4894,hoc,3.7.17,0,1,343,1,,
b413307f-d5c0-42a0-b40e-9f9b4516eaf3,4895,",",3.7.17,,4,343,,,
b413307f-d5c0-42a0-b40e-9f9b4516eaf3,4896,amice,3.7.17,0,1,343,2,,
b413307f-d5c0-42a0-b40e-9f9b4516eaf3,4897,?,3.7.17,,4,343,,,
b413307f-d5c0-42a0-b40e-9f9b4516eaf3,4898,Nihil,3.7.17,0,1,344,0,,
b413307f-d5c0-42a0-b40e-9f9b4516eaf3,4899,est,3.7.17,0,1,344,1,,
b413307f-d5c0-42a0-b40e-9f9b4516eaf3,4900,.,3.7.17,,4,344,,,
b413307f-d5c0-42a0-b40e-9f9b4516eaf3,4901,Dic,3.7.17,0,1,345,0,,
b413307f-d5c0-42a0-b40e-9f9b4516eaf3,4902,sodes,3.7.17,0,1,345,1,,
b413307f-d5c0-42a0-b40e-9f9b4516eaf3,4903,tamen,3.7.17,0,1,345,2,,
b413307f-d5c0-42a0-b40e-9f9b4516eaf3,4904,.,3.7.17,,4,345,,,
b413307f-d5c0-42a0-b40e-9f9b4516eaf3,4905,Quia,3.7.18,0,1,346,0,,
b413307f-d5c0-42a0-b40e-9f9b4516eaf3,4906,videor,3.7.18,0,1,346,1,,
b413307f-d5c0-42a0-b40e-9f9b4516eaf3,4907,acer,3.7.18,0,1,346,2,,
b413307f-d5c0-42a0-b40e-9f9b4516eaf3,4908,",",3.7.18,,4,346,,,
b413307f-d5c0-42a0-b40e-9f9b4516eaf3,4909,alligant,3.7.18,0,1,346,3,,
b413307f-d5c0-42a0-b40e-9f9b4516eaf3,4910,me,3.7.18,0,1,346,4,,
b413307f-d5c0-42a0-b40e-9f9b4516eaf3,4911,interdiu,3.7.18,0,1,346,5,,
b413307f-d5c0-42a0-b40e-9f9b4516eaf3,4912,",",3.7.18,,4,346,,,
b413307f-d5c0-42a0-b40e-9f9b4516eaf3,4913,Luce,3.7.19,2,1,346,6,,
b413307f-d5c0-42a0-b40e-9f9b4516eaf3,4914,ut,3.7.19,0,1,346,7,,
b413307f-d5c0-42a0-b40e-9f9b4516eaf3,4915,quiescam,3.7.19,0,1,346,8,,
b413307f-d5c0-42a0-b40e-9f9b4516eaf3,4916,et,3.7.19,0,1,346,9,,
b413307f-d5c0-42a0-b40e-9f9b4516eaf3,4917,vigilem,3.7.19,0,1,346,10,,
b413307f-d5c0-42a0-b40e-9f9b4516eaf3,4918,",",3.7.19,,4,346,,,
b413307f-d5c0-42a0-b40e-9f9b4516eaf3,4919,nox,3.7.19,0,1,346,11,,
b413307f-d5c0-42a0-b40e-9f9b4516eaf3,4920,cum,3.7.19,0,1,346,12,,
b413307f-d5c0-42a0-b40e-9f9b4516eaf3,4921,venerit,3.7.19,0,1,346,13,,
b413307f-d5c0-42a0-b40e-9f9b4516eaf3,4922,:,3.7.19,,4,346,,,
b413307f-d5c0-42a0-b40e-9f9b4516eaf3,4923,Crepusculo,3.7.20,0,1,346,14,,
b413307f-d5c0-42a0-b40e-9f9b4516eaf3,4924,solutus,3.7.20,0,1,346,15,,
b413307f-d5c0-42a0-b40e-9f9b4516eaf3,4925,",",3.7.20,,4,346,,,
b413307f-d5c0-42a0-b40e-9f9b4516eaf3,4926,qua,3.7.20,0,1,346,16,,
b413307f-d5c0-42a0-b40e-9f9b4516eaf3,4927,visum,3.7.20,0,1,346,17,,
b413307f-d5c0-42a0-b40e-9f9b4516eaf3,4928,est,3.7.20,0,1,346,18,,
b413307f-d5c0-42a0-b40e-9f9b4516eaf3,4929,",",3.7.20,,4,346,,,
b413307f-d5c0-42a0-b40e-9f9b4516eaf3,4930,vagor,3.7.20,0,1,346,19,,
b413307f-d5c0-42a0-b40e-9f9b4516eaf3,4931,.,3.7.20,,4,346,,,
b413307f-d5c0-42a0-b40e-9f9b4516eaf3,4932,Affertur,3.7.21,0,1,347,0,,
b413307f-d5c0-42a0-b40e-9f9b4516eaf3,4933,ultro,3.7.21,0,1,347,1,,
b413307f-d5c0-42a0-b40e-9f9b4516eaf3,4934,panis,3.7.21,0,1,347,2,,
b413307f-d5c0-42a0-b40e-9f9b4516eaf3,4935,;,3.7.21,,4,347,,,
b413307f-d5c0-42a0-b40e-9f9b4516eaf3,4936,de,3.7.21,0,1,347,3,,
b413307f-d5c0-42a0-b40e-9f9b4516eaf3,4937,mensa,3.7.21,0,1,347,4,,
b413307f-d5c0-42a0-b40e-9f9b4516eaf3,4938,sua,3.7.21,0,1,347,5,,
b413307f-d5c0-42a0-b40e-9f9b4516eaf3,4939,Dat,3.7.22,0,1,347,6,,
b413307f-d5c0-42a0-b40e-9f9b4516eaf3,4940,ossa,3.7.22,0,1,347,7,,
b413307f-d5c0-42a0-b40e-9f9b4516eaf3,4941,dominus,3.7.22,0,1,347,8,,
b413307f-d5c0-42a0-b40e-9f9b4516eaf3,4942,;,3.7.22,,4,347,,,
b413307f-d5c0-42a0-b40e-9f9b4516eaf3,4943,frusta,3.7.22,0,1,347,9,,
b413307f-d5c0-42a0-b40e-9f9b4516eaf3,4944,iactat,3.7.22,0,1,347,10,,
b413307f-d5c0-42a0-b40e-9f9b4516eaf3,4945,familia,3.7.22,0,1,347,11,,
b413307f-d5c0-42a0-b40e-9f9b4516eaf3,4946,Et,3.7.23,0,1,347,12,,
b413307f-d5c0-42a0-b40e-9f9b4516eaf3,4947,",",3.7.23,,4,347,,,
b413307f-d5c0-42a0-b40e-9f9b4516eaf3,4948,quod,3.7.23,0,1,347,13,,
b413307f-d5c0-42a0-b40e-9f9b4516eaf3,4949,fastidit,3.7.23,0,1,347,14,,
b413307f-d5c0-42a0-b40e-9f9b4516eaf3,4950,quisque,3.7.23,0,1,347,15,,
b413307f-d5c0-42a0-b40e-9f9b4516eaf3,4951,",",3.7.23,,4,347,,,
b413307f-d5c0-42a0-b40e-9f9b4516eaf3,4952,pulmentarium,3.7.23,0,1,347,16,,
b413307f-d5c0-42a0-b40e-9f9b4516eaf3,4953,.,3.7.23,,4,347,,,
b413307f-d5c0-42a0-b40e-9f9b4516eaf3,4954,Sic,3.7.24,0,1,348,0,,
b413307f-d5c0-42a0-b40e-9f9b4516eaf3,4955,sine,3.7.24,0,1,348,1,,
b413307f-d5c0-42a0-b40e-9f9b4516eaf3,4956,labore,3.7.24,0,1,348,2,,
b413307f-d5c0-42a0-b40e-9f9b4516eaf3,4957,venter,3.7.24,0,1,348,3,,
b413307f-d5c0-42a0-b40e-9f9b4516eaf3,4958,impletur,3.7.24,0,1,348,4,,
b413307f-d5c0-42a0-b40e-9f9b4516eaf3,4959,meus,3.7.24,0,1,348,5,,
b413307f-d5c0-42a0-b40e-9f9b4516eaf3,4960,.,3.7.24,,4,348,,,
b413307f-d5c0-42a0-b40e-9f9b4516eaf3,4961,Age,3.7.25,0,1,349,0,,
b413307f-d5c0-42a0-b40e-9f9b4516eaf3,4962,",",3.7.25,,4,349,,,
b413307f-d5c0-42a0-b40e-9f9b4516eaf3,4963,si,3.7.25,0,1,349,1,,
b413307f-d5c0-42a0-b40e-9f9b4516eaf3,4964,quo,3.7.25,0,1,349,2,,
b413307f-d5c0-42a0-b40e-9f9b4516eaf3,4965,abire,3.7.25,0,1,349,3,,
b413307f-d5c0-42a0-b40e-9f9b4516eaf3,4966,est,3.7.25,0,1,349,4,,
b413307f-d5c0-42a0-b40e-9f9b4516eaf3,4967,animus,3.7.25,0,1,349,5,,
b413307f-d5c0-42a0-b40e-9f9b4516eaf3,4968,",",3.7.25,,4,349,,,
b413307f-d5c0-42a0-b40e-9f9b4516eaf3,4969,est,3.7.25,0,1,349,6,,
b413307f-d5c0-42a0-b40e-9f9b4516eaf3,4970,licentia,3.7.25,0,1,349,7,,
b413307f-d5c0-42a0-b40e-9f9b4516eaf3,4971,?,3.7.25,,4,349,,,
b413307f-d5c0-42a0-b40e-9f9b4516eaf3,4972,Non,3.7.26,0,1,350,0,,
b413307f-d5c0-42a0-b40e-9f9b4516eaf3,4973,plane,3.7.26,0,1,350,1,,
b413307f-d5c0-42a0-b40e-9f9b4516eaf3,4974,est,3.7.26,0,1,350,2,,
b413307f-d5c0-42a0-b40e-9f9b4516eaf3,4975,inquit,3.7.26,0,1,350,3,,
b413307f-d5c0-42a0-b40e-9f9b4516eaf3,4976,.,3.7.26,,4,350,,,
b413307f-d5c0-42a0-b40e-9f9b4516eaf3,4977,Fruere,3.7.26,0,1,351,0,,
b413307f-d5c0-42a0-b40e-9f9b4516eaf3,4978,",",3.7.26,,4,351,,,
b413307f-d5c0-42a0-b40e-9f9b4516eaf3,4979,quae,3.7.26,0,1,351,1,,
b413307f-d5c0-42a0-b40e-9f9b4516eaf3,4980,laudas,3.7.26,0,1,351,2,,
b413307f-d5c0-42a0-b40e-9f9b4516eaf3,4981,",",3.7.26,,4,351,,,
b413307f-d5c0-42a0-b40e-9f9b4516eaf3,4982,canis,3.7.26,0,1,351,3,,
b413307f-d5c0-42a0-b40e-9f9b4516eaf3,4983,:,3.7.26,,4,351,,,
b413307f-d5c0-42a0-b40e-9f9b4516eaf3,4984,Regnare,3.7.27,0,1,351,4,,
b413307f-d5c0-42a0-b40e-9f9b4516eaf3,4985,nolo,3.7.27,0,1,351,5,,
b413307f-d5c0-42a0-b40e-9f9b4516eaf3,4986,",",3.7.27,,4,351,,,
b413307f-d5c0-42a0-b40e-9f9b4516eaf3,4987,liber,3.7.27,0,1,351,6,,
b413307f-d5c0-42a0-b40e-9f9b4516eaf3,4988,ut,3.7.27,0,1,351,7,,
b413307f-d5c0-42a0-b40e-9f9b4516eaf3,4989,non,3.7.27,0,1,351,8,,
b413307f-d5c0-42a0-b40e-9f9b4516eaf3,4990,sim,3.7.27,0,1,351,9,,
b413307f-d5c0-42a0-b40e-9f9b4516eaf3,4991,mihi,3.7.27,0,1,351,10,,
b413307f-d5c0-42a0-b40e-9f9b4516eaf3,4992,.,3.7.27,,4,351,,,
b413307f-d5c0-42a0-b40e-9f9b4516eaf3,4993,Soror,3.8,0,1,352,0,,
b413307f-d5c0-42a0-b40e-9f9b4516eaf3,4994,et,3.8,0,1,352,1,,
b413307f-d5c0-42a0-b40e-9f9b4516eaf3,4995,frater,3.8,0,1,352,2,,
b413307f-d5c0-42a0-b40e-9f9b4516eaf3,4996,.,3.8,,4,352,,,
b413307f-d5c0-42a0-b40e-9f9b4516eaf3,4997,Praecepto,3.8.1,0,1,353,0,,
b413307f-d5c0-42a0-b40e-9f9b4516eaf3,4998,monitus,3.8.1,0,1,353,1,,
b413307f-d5c0-42a0-b40e-9f9b4516eaf3,4999,saepe,3.8.1,0,1,353,2,,
b413307f-d5c0-42a0-b40e-9f9b4516eaf3,5000,te,3.8.1,0,1,353,3,,
b413307f-d5c0-42a0-b40e-9f9b4516eaf3,5001,considera,3.8.1,0,1,353,4,,
b413307f-d5c0-42a0-b40e-9f9b4516eaf3,5002,.,3.8.1,,4,353,,,
b413307f-d5c0-42a0-b40e-9f9b4516eaf3,5003,Habebat,3.8.2,0,1,354,0,,
b413307f-d5c0-42a0-b40e-9f9b4516eaf3,5004,quidam,3.8.2,0,1,354,1,,
b413307f-d5c0-42a0-b40e-9f9b4516eaf3,5005,filiam,3.8.2,0,1,354,2,,
b413307f-d5c0-42a0-b40e-9f9b4516eaf3,5006,turpissimam,3.8.2,0,1,354,3,,
b413307f-d5c0-42a0-b40e-9f9b4516eaf3,5007,Idemque,3.8.3,2,1,354,4,que,
b413307f-d5c0-42a0-b40e-9f9b4516eaf3,5008,insignem,3.8.3,0,1,354,5,,
b413307f-d5c0-42a0-b40e-9f9b4516eaf3,5009,pulchra,3.8.3,0,1,354,6,,
b413307f-d5c0-42a0-b40e-9f9b4516eaf3,5010,facie,3.8.3,0,1,354,7,,
b413307f-d5c0-42a0-b40e-9f9b4516eaf3,5011,filium,3.8.3,0,1,354,8,,
b413307f-d5c0-42a0-b40e-9f9b4516eaf3,5012,.,3.8.3,,4,354,,,
b413307f-d5c0-42a0-b40e-9f9b4516eaf3,5013,Hi,3.8.4,0,1,355,0,,
b413307f-d5c0-42a0-b40e-9f9b4516eaf3,5014,",",3.8.4,,4,355,,,
b413307f-d5c0-42a0-b40e-9f9b4516eaf3,5015,speculum,3.8.4,0,1,355,1,,
b413307f-d5c0-42a0-b40e-9f9b4516eaf3,5016,in,3.8.4,0,1,355,2,,
b413307f-d5c0-42a0-b40e-9f9b4516eaf3,5017,cathedra,3.8.4,0,1,355,3,,
b413307f-d5c0-42a0-b40e-9f9b4516eaf3,5018,matris,3.8.4,0,1,355,4,,
b413307f-d5c0-42a0-b40e-9f9b4516eaf3,5019,ut,3.8.4,0,1,355,5,,
b413307f-d5c0-42a0-b40e-9f9b4516eaf3,5020,positum,3.8.4,0,1,355,6,,
b413307f-d5c0-42a0-b40e-9f9b4516eaf3,5021,fuit,3.8.4,0,1,355,7,,
b413307f-d5c0-42a0-b40e-9f9b4516eaf3,5022,",",3.8.4,,4,355,,,
b413307f-d5c0-42a0-b40e-9f9b4516eaf3,5023,Pueriliter,3.8.5,0,1,355,8,,
b413307f-d5c0-42a0-b40e-9f9b4516eaf3,5024,ludentes,3.8.5,0,1,355,9,,
b413307f-d5c0-42a0-b40e-9f9b4516eaf3,5025,forte,3.8.5,0,1,355,10,,
b413307f-d5c0-42a0-b40e-9f9b4516eaf3,5026,inspexerunt,3.8.5,0,1,355,11,,
b413307f-d5c0-42a0-b40e-9f9b4516eaf3,5027,.,3.8.5,,4,355,,,
b413307f-d5c0-42a0-b40e-9f9b4516eaf3,5028,Hic,3.8.6,0,1,356,0,,
b413307f-d5c0-42a0-b40e-9f9b4516eaf3,5029,se,3.8.6,0,1,356,1,,
b413307f-d5c0-42a0-b40e-9f9b4516eaf3,5030,formosum,3.8.6,0,1,356,2,,
b413307f-d5c0-42a0-b40e-9f9b4516eaf3,5031,iactat,3.8.6,0,1,356,3,,
b413307f-d5c0-42a0-b40e-9f9b4516eaf3,5032,:,3.8.6,,4,356,,,
b413307f-d5c0-42a0-b40e-9f9b4516eaf3,5033,illa,3.8.6,0,1,356,4,,
b413307f-d5c0-42a0-b40e-9f9b4516eaf3,5034,irascitur,3.8.6,0,1,356,5,,
b413307f-d5c0-42a0-b40e-9f9b4516eaf3,5035,Nec,3.8.7,0,1,356,6,,
b413307f-d5c0-42a0-b40e-9f9b4516eaf3,5036,gloriantis,3.8.7,0,1,356,7,,
b413307f-d5c0-42a0-b40e-9f9b4516eaf3,5037,sustinet,3.8.7,0,1,356,8,,
b413307f-d5c0-42a0-b40e-9f9b4516eaf3,5038,fratris,3.8.7,0,1,356,9,,
b413307f-d5c0-42a0-b40e-9f9b4516eaf3,5039,iocos,3.8.7,0,1,356,10,,
b413307f-d5c0-42a0-b40e-9f9b4516eaf3,5040,",",3.8.7,,4,356,,,
b413307f-d5c0-42a0-b40e-9f9b4516eaf3,5041,Accipiens,3.8.8,0,1,356,11,,
b413307f-d5c0-42a0-b40e-9f9b4516eaf3,5042,",",3.8.8,,4,356,,,
b413307f-d5c0-42a0-b40e-9f9b4516eaf3,5043,quid,3.8.8,0,1,356,12,,
b413307f-d5c0-42a0-b40e-9f9b4516eaf3,5044,enim,3.8.8,0,1,356,13,,
b413307f-d5c0-42a0-b40e-9f9b4516eaf3,5045,?,3.8.8,,4,356,,,
b413307f-d5c0-42a0-b40e-9f9b4516eaf3,5046,cuncta,3.8.8,0,1,357,0,,
b413307f-d5c0-42a0-b40e-9f9b4516eaf3,5047,in,3.8.8,0,1,357,1,,
b413307f-d5c0-42a0-b40e-9f9b4516eaf3,5048,contumeliam,3.8.8,0,1,357,2,,
b413307f-d5c0-42a0-b40e-9f9b4516eaf3,5049,.,3.8.8,,4,357,,,
b413307f-d5c0-42a0-b40e-9f9b4516eaf3,5050,Ergo,3.8.9,0,1,358,0,,
b413307f-d5c0-42a0-b40e-9f9b4516eaf3,5051,ad,3.8.9,0,1,358,1,,
b413307f-d5c0-42a0-b40e-9f9b4516eaf3,5052,patrem,3.8.9,0,1,358,2,,
b413307f-d5c0-42a0-b40e-9f9b4516eaf3,5053,decurrit,3.8.9,0,1,358,3,,
b413307f-d5c0-42a0-b40e-9f9b4516eaf3,5054,laesura,3.8.9,0,1,358,4,,
b413307f-d5c0-42a0-b40e-9f9b4516eaf3,5055,invicem,3.8.9,0,1,358,5,,
b413307f-d5c0-42a0-b40e-9f9b4516eaf3,5056,Magnaque,3.8.10,0,1,358,6,,
b413307f-d5c0-42a0-b40e-9f9b4516eaf3,5057,invidia,3.8.10,0,1,358,7,,
b413307f-d5c0-42a0-b40e-9f9b4516eaf3,5058,criminatur,3.8.10,0,1,358,8,,
b413307f-d5c0-42a0-b40e-9f9b4516eaf3,5059,filium,3.8.10,0,1,358,9,,
b413307f-d5c0-42a0-b40e-9f9b4516eaf3,5060,",",3.8.10,,4,358,,,
b413307f-d5c0-42a0-b40e-9f9b4516eaf3,5061,Vir,3.8.11,0,1,358,10,,
b413307f-d5c0-42a0-b40e-9f9b4516eaf3,5062,natus,3.8.11,0,1,358,11,,
b413307f-d5c0-42a0-b40e-9f9b4516eaf3,5063,quod,3.8.11,0,1,358,12,,
b413307f-d5c0-42a0-b40e-9f9b4516eaf3,5064,rem,3.8.11,0,1,358,13,,
b413307f-d5c0-42a0-b40e-9f9b4516eaf3,5065,feminarum,3.8.11,0,1,358,14,,
b413307f-d5c0-42a0-b40e-9f9b4516eaf3,5066,tetigerit,3.8.11,0,1,358,15,,
b413307f-d5c0-42a0-b40e-9f9b4516eaf3,5067,.,3.8.11,,4,358,,,
b413307f-d5c0-42a0-b40e-9f9b4516eaf3,5068,Amplexus,3.8.12,0,1,359,0,,
b413307f-d5c0-42a0-b40e-9f9b4516eaf3,5069,ille,3.8.12,0,1,359,1,,
b413307f-d5c0-42a0-b40e-9f9b4516eaf3,5070,utrumque,3.8.12,0,1,359,2,,
b413307f-d5c0-42a0-b40e-9f9b4516eaf3,5071,et,3.8.12,0,1,359,3,,
b413307f-d5c0-42a0-b40e-9f9b4516eaf3,5072,carpens,3.8.12,0,1,359,4,,
b413307f-d5c0-42a0-b40e-9f9b4516eaf3,5073,oscula,3.8.12,0,1,359,5,,
b413307f-d5c0-42a0-b40e-9f9b4516eaf3,5074,Dulcemque,3.8.13,0,1,359,6,,
b413307f-d5c0-42a0-b40e-9f9b4516eaf3,5075,in,3.8.13,0,1,359,7,,
b413307f-d5c0-42a0-b40e-9f9b4516eaf3,5076,ambos,3.8.13,0,1,359,8,,
b413307f-d5c0-42a0-b40e-9f9b4516eaf3,5077,caritatem,3.8.13,0,1,359,9,,
b413307f-d5c0-42a0-b40e-9f9b4516eaf3,5078,partiens,3.8.13,0,1,359,10,,
b413307f-d5c0-42a0-b40e-9f9b4516eaf3,5079,:,3.8.13,,4,359,,,
b413307f-d5c0-42a0-b40e-9f9b4516eaf3,5080,Cotidie,3.8.14,0,1,359,11,,
b413307f-d5c0-42a0-b40e-9f9b4516eaf3,5081,inquit,3.8.14,0,1,359,12,,
b413307f-d5c0-42a0-b40e-9f9b4516eaf3,5082,speculo,3.8.14,0,1,359,13,,
b413307f-d5c0-42a0-b40e-9f9b4516eaf3,5083,vos,3.8.14,0,1,359,14,,
b413307f-d5c0-42a0-b40e-9f9b4516eaf3,5084,uti,3.8.14,0,1,359,15,,
b413307f-d5c0-42a0-b40e-9f9b4516eaf3,5085,volo,3.8.14,0,1,359,16,,
b413307f-d5c0-42a0-b40e-9f9b4516eaf3,5086,:,3.8.14,,4,359,,,
b413307f-d5c0-42a0-b40e-9f9b4516eaf3,5087,Tu,3.8.15,0,1,359,17,,
b413307f-d5c0-42a0-b40e-9f9b4516eaf3,5088,formam,3.8.15,0,1,359,18,,
b413307f-d5c0-42a0-b40e-9f9b4516eaf3,5089,ne,3.8.15,0,1,359,19,,
b413307f-d5c0-42a0-b40e-9f9b4516eaf3,5090,corrumpas,3.8.15,0,1,359,20,,
b413307f-d5c0-42a0-b40e-9f9b4516eaf3,5091,nequitiae,3.8.15,0,1,359,21,,
b413307f-d5c0-42a0-b40e-9f9b4516eaf3,5092,malis,3.8.15,0,1,359,22,,
b413307f-d5c0-42a0-b40e-9f9b4516eaf3,5093,;,3.8.15,,4,359,,,
b413307f-d5c0-42a0-b40e-9f9b4516eaf3,5094,Tu,3.8.16,0,1,359,23,,
b413307f-d5c0-42a0-b40e-9f9b4516eaf3,5095,faciem,3.8.16,0,1,359,24,,
b413307f-d5c0-42a0-b40e-9f9b4516eaf3,5096,ut,3.8.16,0,1,359,25,,
b413307f-d5c0-42a0-b40e-9f9b4516eaf3,5097,istam,3.8.16,0,1,359,26,,
b413307f-d5c0-42a0-b40e-9f9b4516eaf3,5098,moribus,3.8.16,0,1,359,27,,
b413307f-d5c0-42a0-b40e-9f9b4516eaf3,5099,vincas,3.8.16,0,1,359,28,,
b413307f-d5c0-42a0-b40e-9f9b4516eaf3,5100,bonis,3.8.16,0,1,359,29,,
b413307f-d5c0-42a0-b40e-9f9b4516eaf3,5101,.,3.8.16,,4,359,,,
b413307f-d5c0-42a0-b40e-9f9b4516eaf3,5102,Socrates,3.9,1,1,360,0,,
b413307f-d5c0-42a0-b40e-9f9b4516eaf3,5103,ad,3.9,0,1,360,1,,
b413307f-d5c0-42a0-b40e-9f9b4516eaf3,5104,amicos,3.9,0,1,360,2,,
b413307f-d5c0-42a0-b40e-9f9b4516eaf3,5105,.,3.9,,4,360,,,
b413307f-d5c0-42a0-b40e-9f9b4516eaf3,5106,Vulgare,3.9.1,0,1,361,0,,
b413307f-d5c0-42a0-b40e-9f9b4516eaf3,5107,amici,3.9.1,0,1,361,1,,
b413307f-d5c0-42a0-b40e-9f9b4516eaf3,5108,nomen,3.9.1,0,1,361,2,,
b413307f-d5c0-42a0-b40e-9f9b4516eaf3,5109,",",3.9.1,,4,361,,,
b413307f-d5c0-42a0-b40e-9f9b4516eaf3,5110,sed,3.9.1,0,1,361,3,,
b413307f-d5c0-42a0-b40e-9f9b4516eaf3,5111,rara,3.9.1,0,1,361,4,,
b413307f-d5c0-42a0-b40e-9f9b4516eaf3,5112,est,3.9.1,0,1,361,5,,
b413307f-d5c0-42a0-b40e-9f9b4516eaf3,5113,fides,3.9.1,0,1,361,6,,
b413307f-d5c0-42a0-b40e-9f9b4516eaf3,5114,.,3.9.1,,4,361,,,
b413307f-d5c0-42a0-b40e-9f9b4516eaf3,5115,Cum,3.9.2,2,1,362,0,,
b413307f-d5c0-42a0-b40e-9f9b4516eaf3,5116,parvas,3.9.2,0,1,362,1,,
b413307f-d5c0-42a0-b40e-9f9b4516eaf3,5117,aedes,3.9.2,0,1,362,2,,
b413307f-d5c0-42a0-b40e-9f9b4516eaf3,5118,sibi,3.9.2,0,1,362,3,,
b413307f-d5c0-42a0-b40e-9f9b4516eaf3,5119,fundasset,3.9.2,0,1,362,4,,
b413307f-d5c0-42a0-b40e-9f9b4516eaf3,5120,Socrates,3.9.2,1,1,362,5,,
b413307f-d5c0-42a0-b40e-9f9b4516eaf3,5121,",",3.9.2,,4,362,,,
b413307f-d5c0-42a0-b40e-9f9b4516eaf3,5122,(,3.9.3,,4,362,,,
b413307f-d5c0-42a0-b40e-9f9b4516eaf3,5123,Cuius,3.9.3,0,1,362,6,,
b413307f-d5c0-42a0-b40e-9f9b4516eaf3,5124,non,3.9.3,0,1,362,7,,
b413307f-d5c0-42a0-b40e-9f9b4516eaf3,5125,fugio,3.9.3,0,1,362,8,,
b413307f-d5c0-42a0-b40e-9f9b4516eaf3,5126,mortem,3.9.3,0,1,362,9,,
b413307f-d5c0-42a0-b40e-9f9b4516eaf3,5127,",",3.9.3,,4,362,,,
b413307f-d5c0-42a0-b40e-9f9b4516eaf3,5128,si,3.9.3,0,1,362,10,,
b413307f-d5c0-42a0-b40e-9f9b4516eaf3,5129,famam,3.9.3,0,1,362,11,,
b413307f-d5c0-42a0-b40e-9f9b4516eaf3,5130,assequar,3.9.3,0,1,362,12,,
b413307f-d5c0-42a0-b40e-9f9b4516eaf3,5131,",",3.9.3,,4,362,,,
b413307f-d5c0-42a0-b40e-9f9b4516eaf3,5132,Et,3.9.4,0,1,362,13,,
b413307f-d5c0-42a0-b40e-9f9b4516eaf3,5133,cedo,3.9.4,0,1,362,14,,
b413307f-d5c0-42a0-b40e-9f9b4516eaf3,5134,invidiae,3.9.4,0,1,362,15,,
b413307f-d5c0-42a0-b40e-9f9b4516eaf3,5135,",",3.9.4,,4,362,,,
b413307f-d5c0-42a0-b40e-9f9b4516eaf3,5136,dummodo,3.9.4,0,1,362,16,,
b413307f-d5c0-42a0-b40e-9f9b4516eaf3,5137,absolvar,3.9.4,0,1,362,17,,
b413307f-d5c0-42a0-b40e-9f9b4516eaf3,5138,cinis,3.9.4,0,1,362,18,,
b413307f-d5c0-42a0-b40e-9f9b4516eaf3,5139,),3.9.4,,4,362,,,
b413307f-d5c0-42a0-b40e-9f9b4516eaf3,5140,",",3.9.4,,4,362,,,
b413307f-d5c0-42a0-b40e-9f9b4516eaf3,5141,Ex,3.9.5,0,1,362,19,,
b413307f-d5c0-42a0-b40e-9f9b4516eaf3,5142,populo,3.9.5,0,1,362,20,,
b413307f-d5c0-42a0-b40e-9f9b4516eaf3,5143,sic,3.9.5,0,1,362,21,,
b413307f-d5c0-42a0-b40e-9f9b4516eaf3,5144,nescio,3.9.5,0,1,362,22,,
b413307f-d5c0-42a0-b40e-9f9b4516eaf3,5145,quis,3.9.5,0,1,362,23,,
b413307f-d5c0-42a0-b40e-9f9b4516eaf3,5146,",",3.9.5,,4,362,,,
b413307f-d5c0-42a0-b40e-9f9b4516eaf3,5147,ut,3.9.5,0,1,362,24,,
b413307f-d5c0-42a0-b40e-9f9b4516eaf3,5148,fieri,3.9.5,0,1,362,25,,
b413307f-d5c0-42a0-b40e-9f9b4516eaf3,5149,solet,3.9.5,0,1,362,26,,
b413307f-d5c0-42a0-b40e-9f9b4516eaf3,5150,:,3.9.5,,4,362,,,
b413307f-d5c0-42a0-b40e-9f9b4516eaf3,5151,Quaeso,3.9.6,0,1,362,27,,
b413307f-d5c0-42a0-b40e-9f9b4516eaf3,5152,",",3.9.6,,4,362,,,
b413307f-d5c0-42a0-b40e-9f9b4516eaf3,5153,tam,3.9.6,0,1,362,28,,
b413307f-d5c0-42a0-b40e-9f9b4516eaf3,5154,angustam,3.9.6,0,1,362,29,,
b413307f-d5c0-42a0-b40e-9f9b4516eaf3,5155,talis,3.9.6,0,1,362,30,,
b413307f-d5c0-42a0-b40e-9f9b4516eaf3,5156,vir,3.9.6,0,1,362,31,,
b413307f-d5c0-42a0-b40e-9f9b4516eaf3,5157,ponis,3.9.6,0,1,362,32,,
b413307f-d5c0-42a0-b40e-9f9b4516eaf3,5158,domum,3.9.6,0,1,362,33,,
b413307f-d5c0-42a0-b40e-9f9b4516eaf3,5159,?,3.9.6,,4,362,,,
b413307f-d5c0-42a0-b40e-9f9b4516eaf3,5160,Utinam,3.9.7,0,1,363,0,,
b413307f-d5c0-42a0-b40e-9f9b4516eaf3,5161,inquit,3.9.7,0,1,363,1,,
b413307f-d5c0-42a0-b40e-9f9b4516eaf3,5162,veris,3.9.7,0,1,363,2,,
b413307f-d5c0-42a0-b40e-9f9b4516eaf3,5163,hanc,3.9.7,0,1,363,3,,
b413307f-d5c0-42a0-b40e-9f9b4516eaf3,5164,amicis,3.9.7,0,1,363,4,,
b413307f-d5c0-42a0-b40e-9f9b4516eaf3,5165,impleam,3.9.7,0,1,363,5,,
b413307f-d5c0-42a0-b40e-9f9b4516eaf3,5166,!,3.9.7,,4,363,,,
b413307f-d5c0-42a0-b40e-9f9b4516eaf3,5167,.,3.9.7,,4,364,,,
b413307f-d5c0-42a0-b40e-9f9b4516eaf3,5168,Poeta,3.10,0,1,365,0,,
b413307f-d5c0-42a0-b40e-9f9b4516eaf3,5169,Periculosum,3.10.1,0,1,365,1,,
b413307f-d5c0-42a0-b40e-9f9b4516eaf3,5170,est,3.10.1,0,1,365,2,,
b413307f-d5c0-42a0-b40e-9f9b4516eaf3,5171,credere,3.10.1,0,1,365,3,,
b413307f-d5c0-42a0-b40e-9f9b4516eaf3,5172,et,3.10.1,0,1,365,4,,
b413307f-d5c0-42a0-b40e-9f9b4516eaf3,5173,non,3.10.1,0,1,365,5,,
b413307f-d5c0-42a0-b40e-9f9b4516eaf3,5174,credere,3.10.1,0,1,365,6,,
b413307f-d5c0-42a0-b40e-9f9b4516eaf3,5175,.,3.10.1,,4,365,,,
b413307f-d5c0-42a0-b40e-9f9b4516eaf3,5176,Utriusque,3.10.2,0,1,366,0,,
b413307f-d5c0-42a0-b40e-9f9b4516eaf3,5177,exemplum,3.10.2,0,1,366,1,,
b413307f-d5c0-42a0-b40e-9f9b4516eaf3,5178,breviter,3.10.2,0,1,366,2,,
b413307f-d5c0-42a0-b40e-9f9b4516eaf3,5179,exponam,3.10.2,0,1,366,3,,
b413307f-d5c0-42a0-b40e-9f9b4516eaf3,5180,rei,3.10.2,0,1,366,4,,
b413307f-d5c0-42a0-b40e-9f9b4516eaf3,5181,.,3.10.2,,4,366,,,
b413307f-d5c0-42a0-b40e-9f9b4516eaf3,5182,Hippolytus,3.10.3,1,1,367,0,,
b413307f-d5c0-42a0-b40e-9f9b4516eaf3,5183,obiit,3.10.3,0,1,367,1,,
b413307f-d5c0-42a0-b40e-9f9b4516eaf3,5184,",",3.10.3,,4,367,,,
b413307f-d5c0-42a0-b40e-9f9b4516eaf3,5185,quia,3.10.3,0,1,367,2,,
b413307f-d5c0-42a0-b40e-9f9b4516eaf3,5186,novercae,3.10.3,0,1,367,3,,
b413307f-d5c0-42a0-b40e-9f9b4516eaf3,5187,creditum,3.10.3,0,1,367,4,,
b413307f-d5c0-42a0-b40e-9f9b4516eaf3,5188,est,3.10.3,0,1,367,5,,
b413307f-d5c0-42a0-b40e-9f9b4516eaf3,5189,;,3.10.3,,4,367,,,
b413307f-d5c0-42a0-b40e-9f9b4516eaf3,5190,Cassandrae,3.10.4,1,1,367,6,,
b413307f-d5c0-42a0-b40e-9f9b4516eaf3,5191,quia,3.10.4,0,1,367,7,,
b413307f-d5c0-42a0-b40e-9f9b4516eaf3,5192,non,3.10.4,0,1,367,8,,
b413307f-d5c0-42a0-b40e-9f9b4516eaf3,5193,creditum,3.10.4,0,1,367,9,,
b413307f-d5c0-42a0-b40e-9f9b4516eaf3,5194,",",3.10.4,,4,367,,,
b413307f-d5c0-42a0-b40e-9f9b4516eaf3,5195,ruit,3.10.4,0,1,367,10,,
b413307f-d5c0-42a0-b40e-9f9b4516eaf3,5196,Ilium,3.10.4,1,1,367,11,,
b413307f-d5c0-42a0-b40e-9f9b4516eaf3,5197,.,3.10.4,,4,367,,,
b413307f-d5c0-42a0-b40e-9f9b4516eaf3,5198,Ergo,3.10.5,0,1,368,0,,
b413307f-d5c0-42a0-b40e-9f9b4516eaf3,5199,exploranda,3.10.5,0,1,368,1,,
b413307f-d5c0-42a0-b40e-9f9b4516eaf3,5200,est,3.10.5,0,1,368,2,,
b413307f-d5c0-42a0-b40e-9f9b4516eaf3,5201,veritas,3.10.5,0,1,368,3,,
b413307f-d5c0-42a0-b40e-9f9b4516eaf3,5202,multum,3.10.5,0,1,368,4,,
b413307f-d5c0-42a0-b40e-9f9b4516eaf3,5203,",",3.10.5,,4,368,,,
b413307f-d5c0-42a0-b40e-9f9b4516eaf3,5204,prius,3.10.5,0,1,368,5,,
b413307f-d5c0-42a0-b40e-9f9b4516eaf3,5205,Quam,3.10.6,0,1,368,6,,
b413307f-d5c0-42a0-b40e-9f9b4516eaf3,5206,stulta,3.10.6,0,1,368,7,,
b413307f-d5c0-42a0-b40e-9f9b4516eaf3,5207,prave,3.10.6,0,1,368,8,,
b413307f-d5c0-42a0-b40e-9f9b4516eaf3,5208,iudicet,3.10.6,0,1,368,9,,
b413307f-d5c0-42a0-b40e-9f9b4516eaf3,5209,sententia,3.10.6,0,1,368,10,,
b413307f-d5c0-42a0-b40e-9f9b4516eaf3,5210,.,3.10.6,,4,368,,,
b413307f-d5c0-42a0-b40e-9f9b4516eaf3,5211,Sed,3.10.7,0,1,369,0,,
b413307f-d5c0-42a0-b40e-9f9b4516eaf3,5212,fabulosa,3.10.7,0,1,369,1,,
b413307f-d5c0-42a0-b40e-9f9b4516eaf3,5213,ne,3.10.7,0,1,369,2,,
b413307f-d5c0-42a0-b40e-9f9b4516eaf3,5214,vetustate,3.10.7,0,1,369,3,,
b413307f-d5c0-42a0-b40e-9f9b4516eaf3,5215,elevem,3.10.7,0,1,369,4,,
b413307f-d5c0-42a0-b40e-9f9b4516eaf3,5216,",",3.10.7,,4,369,,,
b413307f-d5c0-42a0-b40e-9f9b4516eaf3,5217,Narrabo,3.10.8,0,1,369,5,,
b413307f-d5c0-42a0-b40e-9f9b4516eaf3,5218,tibi,3.10.8,0,1,369,6,,
b413307f-d5c0-42a0-b40e-9f9b4516eaf3,5219,memoria,3.10.8,0,1,369,7,,
b413307f-d5c0-42a0-b40e-9f9b4516eaf3,5220,quod,3.10.8,0,1,369,8,,
b413307f-d5c0-42a0-b40e-9f9b4516eaf3,5221,factum,3.10.8,0,1,369,9,,
b413307f-d5c0-42a0-b40e-9f9b4516eaf3,5222,est,3.10.8,0,1,369,10,,
b413307f-d5c0-42a0-b40e-9f9b4516eaf3,5223,mea,3.10.8,0,1,369,11,,
b413307f-d5c0-42a0-b40e-9f9b4516eaf3,5224,.,3.10.8,,4,369,,,
b413307f-d5c0-42a0-b40e-9f9b4516eaf3,5225,Maritus,3.10.9,0,1,370,0,,
b413307f-d5c0-42a0-b40e-9f9b4516eaf3,5226,quidam,3.10.9,0,1,370,1,,
b413307f-d5c0-42a0-b40e-9f9b4516eaf3,5227,cum,3.10.9,0,1,370,2,,
b413307f-d5c0-42a0-b40e-9f9b4516eaf3,5228,diligeret,3.10.9,0,1,370,3,,
b413307f-d5c0-42a0-b40e-9f9b4516eaf3,5229,coniugem,3.10.9,0,1,370,4,,
b413307f-d5c0-42a0-b40e-9f9b4516eaf3,5230,Togamque,3.10.10,0,1,370,5,,
b413307f-d5c0-42a0-b40e-9f9b4516eaf3,5231,puram,3.10.10,0,1,370,6,,
b413307f-d5c0-42a0-b40e-9f9b4516eaf3,5232,iam,3.10.10,0,1,370,7,,
b413307f-d5c0-42a0-b40e-9f9b4516eaf3,5233,pararet,3.10.10,0,1,370,8,,
b413307f-d5c0-42a0-b40e-9f9b4516eaf3,5234,filio,3.10.10,0,1,370,9,,
b413307f-d5c0-42a0-b40e-9f9b4516eaf3,5235,",",3.10.10,,4,370,,,
b413307f-d5c0-42a0-b40e-9f9b4516eaf3,5236,Seductus,3.10.11,0,1,370,10,,
b413307f-d5c0-42a0-b40e-9f9b4516eaf3,5237,in,3.10.11,0,1,370,11,,
b413307f-d5c0-42a0-b40e-9f9b4516eaf3,5238,secretum,3.10.11,0,1,370,12,,
b413307f-d5c0-42a0-b40e-9f9b4516eaf3,5239,a,3.10.11,0,1,370,13,,
b413307f-d5c0-42a0-b40e-9f9b4516eaf3,5240,liberto,3.10.11,0,1,370,14,,
b413307f-d5c0-42a0-b40e-9f9b4516eaf3,5241,est,3.10.11,0,1,370,15,,
b413307f-d5c0-42a0-b40e-9f9b4516eaf3,5242,suo,3.10.11,0,1,370,16,,
b413307f-d5c0-42a0-b40e-9f9b4516eaf3,5243,",",3.10.11,,4,370,,,
b413307f-d5c0-42a0-b40e-9f9b4516eaf3,5244,Sperante,3.10.12,0,1,370,17,,
b413307f-d5c0-42a0-b40e-9f9b4516eaf3,5245,heredem,3.10.12,0,1,370,18,,
b413307f-d5c0-42a0-b40e-9f9b4516eaf3,5246,suffici,3.10.12,0,1,370,19,,
b413307f-d5c0-42a0-b40e-9f9b4516eaf3,5247,se,3.10.12,0,1,370,20,,
b413307f-d5c0-42a0-b40e-9f9b4516eaf3,5248,proximum,3.10.12,0,1,370,21,,
b413307f-d5c0-42a0-b40e-9f9b4516eaf3,5249,.,3.10.12,,4,370,,,
b413307f-d5c0-42a0-b40e-9f9b4516eaf3,5250,Qui,3.10.13,0,1,371,0,,
b413307f-d5c0-42a0-b40e-9f9b4516eaf3,5251,cum,3.10.13,0,1,371,1,,
b413307f-d5c0-42a0-b40e-9f9b4516eaf3,5252,de,3.10.13,0,1,371,2,,
b413307f-d5c0-42a0-b40e-9f9b4516eaf3,5253,puero,3.10.13,0,1,371,3,,
b413307f-d5c0-42a0-b40e-9f9b4516eaf3,5254,multa,3.10.13,0,1,371,4,,
b413307f-d5c0-42a0-b40e-9f9b4516eaf3,5255,mentitus,3.10.13,0,1,371,5,,
b413307f-d5c0-42a0-b40e-9f9b4516eaf3,5256,foret,3.10.13,0,1,371,6,,
b413307f-d5c0-42a0-b40e-9f9b4516eaf3,5257,Et,3.10.14,0,1,371,7,,
b413307f-d5c0-42a0-b40e-9f9b4516eaf3,5258,plura,3.10.14,0,1,371,8,,
b413307f-d5c0-42a0-b40e-9f9b4516eaf3,5259,de,3.10.14,0,1,371,9,,
b413307f-d5c0-42a0-b40e-9f9b4516eaf3,5260,flagitiis,3.10.14,0,1,371,10,,
b413307f-d5c0-42a0-b40e-9f9b4516eaf3,5261,castae,3.10.14,0,1,371,11,,
b413307f-d5c0-42a0-b40e-9f9b4516eaf3,5262,mulieris,3.10.14,0,1,371,12,,
b413307f-d5c0-42a0-b40e-9f9b4516eaf3,5263,",",3.10.14,,4,371,,,
b413307f-d5c0-42a0-b40e-9f9b4516eaf3,5264,Adiecit,3.10.15,0,1,371,13,,
b413307f-d5c0-42a0-b40e-9f9b4516eaf3,5265,id,3.10.15,0,1,371,14,,
b413307f-d5c0-42a0-b40e-9f9b4516eaf3,5266,",",3.10.15,,4,371,,,
b413307f-d5c0-42a0-b40e-9f9b4516eaf3,5267,quod,3.10.15,0,1,371,15,,
b413307f-d5c0-42a0-b40e-9f9b4516eaf3,5268,sentiebat,3.10.15,0,1,371,16,,
b413307f-d5c0-42a0-b40e-9f9b4516eaf3,5269,maxime,3.10.15,0,1,371,17,,
b413307f-d5c0-42a0-b40e-9f9b4516eaf3,5270,Doliturum,3.10.16,0,1,371,18,,
b413307f-d5c0-42a0-b40e-9f9b4516eaf3,5271,amanti,3.10.16,0,1,371,19,,
b413307f-d5c0-42a0-b40e-9f9b4516eaf3,5272,",",3.10.16,,4,371,,,
b413307f-d5c0-42a0-b40e-9f9b4516eaf3,5273,ventitare,3.10.16,0,1,371,20,,
b413307f-d5c0-42a0-b40e-9f9b4516eaf3,5274,adulterum,3.10.16,0,1,371,21,,
b413307f-d5c0-42a0-b40e-9f9b4516eaf3,5275,Stuproque,3.10.17,0,1,371,22,,
b413307f-d5c0-42a0-b40e-9f9b4516eaf3,5276,turpi,3.10.17,0,1,371,23,,
b413307f-d5c0-42a0-b40e-9f9b4516eaf3,5277,pollui,3.10.17,0,1,371,24,,
b413307f-d5c0-42a0-b40e-9f9b4516eaf3,5278,famam,3.10.17,0,1,371,25,,
b413307f-d5c0-42a0-b40e-9f9b4516eaf3,5279,domus,3.10.17,0,1,371,26,,
b413307f-d5c0-42a0-b40e-9f9b4516eaf3,5280,.,3.10.17,,4,371,,,
b413307f-d5c0-42a0-b40e-9f9b4516eaf3,5281,Incensus,3.10.18,0,1,372,0,,
b413307f-d5c0-42a0-b40e-9f9b4516eaf3,5282,ille,3.10.18,0,1,372,1,,
b413307f-d5c0-42a0-b40e-9f9b4516eaf3,5283,falso,3.10.18,0,1,372,2,,
b413307f-d5c0-42a0-b40e-9f9b4516eaf3,5284,uxoris,3.10.18,0,1,372,3,,
b413307f-d5c0-42a0-b40e-9f9b4516eaf3,5285,crimine,3.10.18,0,1,372,4,,
b413307f-d5c0-42a0-b40e-9f9b4516eaf3,5286,Simulavit,3.10.19,0,1,372,5,,
b413307f-d5c0-42a0-b40e-9f9b4516eaf3,5287,iter,3.10.19,0,1,372,6,,
b413307f-d5c0-42a0-b40e-9f9b4516eaf3,5288,ad,3.10.19,0,1,372,7,,
b413307f-d5c0-42a0-b40e-9f9b4516eaf3,5289,villam,3.10.19,0,1,372,8,,
b413307f-d5c0-42a0-b40e-9f9b4516eaf3,5290,clamque,3.10.19,0,1,372,9,que,
b413307f-d5c0-42a0-b40e-9f9b4516eaf3,5291,in,3.10.19,0,1,372,10,,
b413307f-d5c0-42a0-b40e-9f9b4516eaf3,5292,oppido,3.10.19,0,1,372,11,,
b413307f-d5c0-42a0-b40e-9f9b4516eaf3,5293,Subsedit,3.10.20,0,1,372,12,,
b413307f-d5c0-42a0-b40e-9f9b4516eaf3,5294,:,3.10.20,,4,372,,,
b413307f-d5c0-42a0-b40e-9f9b4516eaf3,5295,deinde,3.10.20,0,1,372,13,,
b413307f-d5c0-42a0-b40e-9f9b4516eaf3,5296,noctu,3.10.20,0,1,372,14,,
b413307f-d5c0-42a0-b40e-9f9b4516eaf3,5297,subito,3.10.20,0,1,372,15,,
b413307f-d5c0-42a0-b40e-9f9b4516eaf3,5298,ianuam,3.10.20,0,1,372,16,,
b413307f-d5c0-42a0-b40e-9f9b4516eaf3,5299,Intravit,3.10.21,0,1,372,17,,
b413307f-d5c0-42a0-b40e-9f9b4516eaf3,5300,",",3.10.21,,4,372,,,
b413307f-d5c0-42a0-b40e-9f9b4516eaf3,5301,recta,3.10.21,0,1,372,18,,
b413307f-d5c0-42a0-b40e-9f9b4516eaf3,5302,cubiculum,3.10.21,0,1,372,19,,
b413307f-d5c0-42a0-b40e-9f9b4516eaf3,5303,uxoris,3.10.21,0,1,372,20,,
b413307f-d5c0-42a0-b40e-9f9b4516eaf3,5304,petens,3.10.21,0,1,372,21,,
b413307f-d5c0-42a0-b40e-9f9b4516eaf3,5305,",",3.10.21,,4,372,,,
b413307f-d5c0-42a0-b40e-9f9b4516eaf3,5306,In,3.10.22,0,1,372,22,,
b413307f-d5c0-42a0-b40e-9f9b4516eaf3,5307,quo,3.10.22,0,1,372,23,,
b413307f-d5c0-42a0-b40e-9f9b4516eaf3,5308,dormire,3.10.22,0,1,372,24,,
b413307f-d5c0-42a0-b40e-9f9b4516eaf3,5309,mater,3.10.22,0,1,372,25,,
b413307f-d5c0-42a0-b40e-9f9b4516eaf3,5310,natum,3.10.22,0,1,372,26,,
b413307f-d5c0-42a0-b40e-9f9b4516eaf3,5311,iusserat,3.10.22,0,1,372,27,,
b413307f-d5c0-42a0-b40e-9f9b4516eaf3,5312,",",3.10.22,,4,372,,,
b413307f-d5c0-42a0-b40e-9f9b4516eaf3,5313,Aetatem,3.10.23,0,1,372,28,,
b413307f-d5c0-42a0-b40e-9f9b4516eaf3,5314,adultam,3.10.23,0,1,372,29,,
b413307f-d5c0-42a0-b40e-9f9b4516eaf3,5315,servans,3.10.23,0,1,372,30,,
b413307f-d5c0-42a0-b40e-9f9b4516eaf3,5316,diligentius,3.10.23,0,1,372,31,,
b413307f-d5c0-42a0-b40e-9f9b4516eaf3,5317,.,3.10.23,,4,372,,,
b413307f-d5c0-42a0-b40e-9f9b4516eaf3,5318,Dum,3.10.24,0,1,373,0,,
b413307f-d5c0-42a0-b40e-9f9b4516eaf3,5319,quaerunt,3.10.24,0,1,373,1,,
b413307f-d5c0-42a0-b40e-9f9b4516eaf3,5320,lumen,3.10.24,0,1,373,2,,
b413307f-d5c0-42a0-b40e-9f9b4516eaf3,5321,",",3.10.24,,4,373,,,
b413307f-d5c0-42a0-b40e-9f9b4516eaf3,5322,dum,3.10.24,0,1,373,3,,
b413307f-d5c0-42a0-b40e-9f9b4516eaf3,5323,concursant,3.10.24,0,1,373,4,,
b413307f-d5c0-42a0-b40e-9f9b4516eaf3,5324,familia,3.10.24,0,1,373,5,,
b413307f-d5c0-42a0-b40e-9f9b4516eaf3,5325,",",3.10.24,,4,373,,,
b413307f-d5c0-42a0-b40e-9f9b4516eaf3,5326,Irae,3.10.25,0,1,373,6,,
b413307f-d5c0-42a0-b40e-9f9b4516eaf3,5327,furentis,3.10.25,0,1,373,7,,
b413307f-d5c0-42a0-b40e-9f9b4516eaf3,5328,impetum,3.10.25,0,1,373,8,,
b413307f-d5c0-42a0-b40e-9f9b4516eaf3,5329,non,3.10.25,0,1,373,9,,
b413307f-d5c0-42a0-b40e-9f9b4516eaf3,5330,sustinens,3.10.25,0,1,373,10,,
b413307f-d5c0-42a0-b40e-9f9b4516eaf3,5331,Ad,3.10.26,0,1,373,11,,
b413307f-d5c0-42a0-b40e-9f9b4516eaf3,5332,lectum,3.10.26,0,1,373,12,,
b413307f-d5c0-42a0-b40e-9f9b4516eaf3,5333,vadit,3.10.26,0,1,373,13,,
b413307f-d5c0-42a0-b40e-9f9b4516eaf3,5334,",",3.10.26,,4,373,,,
b413307f-d5c0-42a0-b40e-9f9b4516eaf3,5335,temptat,3.10.26,0,1,373,14,,
b413307f-d5c0-42a0-b40e-9f9b4516eaf3,5336,in,3.10.26,0,1,373,15,,
b413307f-d5c0-42a0-b40e-9f9b4516eaf3,5337,tenebris,3.10.26,0,1,373,16,,
b413307f-d5c0-42a0-b40e-9f9b4516eaf3,5338,caput,3.10.26,0,1,373,17,,
b413307f-d5c0-42a0-b40e-9f9b4516eaf3,5339,.,3.10.26,,4,373,,,
b413307f-d5c0-42a0-b40e-9f9b4516eaf3,5340,Ut,3.10.27,0,1,374,0,,
b413307f-d5c0-42a0-b40e-9f9b4516eaf3,5341,sentit,3.10.27,0,1,374,1,,
b413307f-d5c0-42a0-b40e-9f9b4516eaf3,5342,tonsum,3.10.27,0,1,374,2,,
b413307f-d5c0-42a0-b40e-9f9b4516eaf3,5343,",",3.10.27,,4,374,,,
b413307f-d5c0-42a0-b40e-9f9b4516eaf3,5344,gladio,3.10.27,0,1,374,3,,
b413307f-d5c0-42a0-b40e-9f9b4516eaf3,5345,pectus,3.10.27,0,1,374,4,,
b413307f-d5c0-42a0-b40e-9f9b4516eaf3,5346,transigit,3.10.27,0,1,374,5,,
b413307f-d5c0-42a0-b40e-9f9b4516eaf3,5347,",",3.10.27,,4,374,,,
b413307f-d5c0-42a0-b40e-9f9b4516eaf3,5348,Nihil,3.10.28,0,1,374,6,,
b413307f-d5c0-42a0-b40e-9f9b4516eaf3,5349,respiciens,3.10.28,0,1,374,7,,
b413307f-d5c0-42a0-b40e-9f9b4516eaf3,5350,",",3.10.28,,4,374,,,
b413307f-d5c0-42a0-b40e-9f9b4516eaf3,5351,dum,3.10.28,0,1,374,8,,
b413307f-d5c0-42a0-b40e-9f9b4516eaf3,5352,dolorem,3.10.28,0,1,374,9,,
b413307f-d5c0-42a0-b40e-9f9b4516eaf3,5353,vindicet,3.10.28,0,1,374,10,,
b413307f-d5c0-42a0-b40e-9f9b4516eaf3,5354,.,3.10.28,,4,374,,,
b413307f-d5c0-42a0-b40e-9f9b4516eaf3,5355,Lucerna,3.10.29,0,1,375,0,,
b413307f-d5c0-42a0-b40e-9f9b4516eaf3,5356,allata,3.10.29,0,1,375,1,,
b413307f-d5c0-42a0-b40e-9f9b4516eaf3,5357,",",3.10.29,,4,375,,,
b413307f-d5c0-42a0-b40e-9f9b4516eaf3,5358,simul,3.10.29,0,1,375,2,,
b413307f-d5c0-42a0-b40e-9f9b4516eaf3,5359,aspexit,3.10.29,0,1,375,3,,
b413307f-d5c0-42a0-b40e-9f9b4516eaf3,5360,filium,3.10.29,0,1,375,4,,
b413307f-d5c0-42a0-b40e-9f9b4516eaf3,5361,Sanctamque,3.10.30,0,1,375,5,,
b413307f-d5c0-42a0-b40e-9f9b4516eaf3,5362,uxorem,3.10.30,0,1,375,6,,
b413307f-d5c0-42a0-b40e-9f9b4516eaf3,5363,dormientem,3.10.30,0,1,375,7,,
b413307f-d5c0-42a0-b40e-9f9b4516eaf3,5364,cubiculo,3.10.30,0,1,375,8,,
b413307f-d5c0-42a0-b40e-9f9b4516eaf3,5365,",",3.10.30,,4,375,,,
b413307f-d5c0-42a0-b40e-9f9b4516eaf3,5366,Sopita,3.10.31,0,1,375,9,,
b413307f-d5c0-42a0-b40e-9f9b4516eaf3,5367,primo,3.10.31,0,1,375,10,,
b413307f-d5c0-42a0-b40e-9f9b4516eaf3,5368,quae,3.10.31,0,1,375,11,,
b413307f-d5c0-42a0-b40e-9f9b4516eaf3,5369,nil,3.10.31,0,1,375,12,,
b413307f-d5c0-42a0-b40e-9f9b4516eaf3,5370,somno,3.10.31,0,1,375,13,,
b413307f-d5c0-42a0-b40e-9f9b4516eaf3,5371,senserat,3.10.31,0,1,375,14,,
b413307f-d5c0-42a0-b40e-9f9b4516eaf3,5372,;,3.10.31,,4,375,,,
b413307f-d5c0-42a0-b40e-9f9b4516eaf3,5373,Repraesentavit,3.10.32,0,1,375,15,,
b413307f-d5c0-42a0-b40e-9f9b4516eaf3,5374,in,3.10.32,0,1,375,16,,
b413307f-d5c0-42a0-b40e-9f9b4516eaf3,5375,se,3.10.32,0,1,375,17,,
b413307f-d5c0-42a0-b40e-9f9b4516eaf3,5376,poenam,3.10.32,0,1,375,18,,
b413307f-d5c0-42a0-b40e-9f9b4516eaf3,5377,facinoris,3.10.32,0,1,375,19,,
b413307f-d5c0-42a0-b40e-9f9b4516eaf3,5378,Et,3.10.33,0,1,375,20,,
b413307f-d5c0-42a0-b40e-9f9b4516eaf3,5379,ferro,3.10.33,0,1,375,21,,
b413307f-d5c0-42a0-b40e-9f9b4516eaf3,5380,incubuit,3.10.33,0,1,375,22,,
b413307f-d5c0-42a0-b40e-9f9b4516eaf3,5381,",",3.10.33,,4,375,,,
b413307f-d5c0-42a0-b40e-9f9b4516eaf3,5382,quod,3.10.33,0,1,375,23,,
b413307f-d5c0-42a0-b40e-9f9b4516eaf3,5383,credulitas,3.10.33,0,1,375,24,,
b413307f-d5c0-42a0-b40e-9f9b4516eaf3,5384,strinxerat,3.10.33,0,1,375,25,,
b413307f-d5c0-42a0-b40e-9f9b4516eaf3,5385,.,3.10.33,,4,375,,,
b413307f-d5c0-42a0-b40e-9f9b4516eaf3,5386,Accusatores,3.10.34,0,1,376,0,,
b413307f-d5c0-42a0-b40e-9f9b4516eaf3,5387,postularunt,3.10.34,0,1,376,1,,
b413307f-d5c0-42a0-b40e-9f9b4516eaf3,5388,mulierem,3.10.34,0,1,376,2,,
b413307f-d5c0-42a0-b40e-9f9b4516eaf3,5389,Romamque,3.10.35,1,1,376,3,que,
b413307f-d5c0-42a0-b40e-9f9b4516eaf3,5390,pertraxerunt,3.10.35,0,1,376,4,,
b413307f-d5c0-42a0-b40e-9f9b4516eaf3,5391,ad,3.10.35,0,1,376,5,,
b413307f-d5c0-42a0-b40e-9f9b4516eaf3,5392,centumviros,3.10.35,0,1,376,6,,
b413307f-d5c0-42a0-b40e-9f9b4516eaf3,5393,.,3.10.35,,4,376,,,
b413307f-d5c0-42a0-b40e-9f9b4516eaf3,5394,Maligna,3.10.36,0,1,377,0,,
b413307f-d5c0-42a0-b40e-9f9b4516eaf3,5395,insontem,3.10.36,0,1,377,1,,
b413307f-d5c0-42a0-b40e-9f9b4516eaf3,5396,deprimit,3.10.36,0,1,377,2,,
b413307f-d5c0-42a0-b40e-9f9b4516eaf3,5397,suspicio,3.10.36,0,1,377,3,,
b413307f-d5c0-42a0-b40e-9f9b4516eaf3,5398,",",3.10.36,,4,377,,,
b413307f-d5c0-42a0-b40e-9f9b4516eaf3,5399,Quod,3.10.37,0,1,377,4,,
b413307f-d5c0-42a0-b40e-9f9b4516eaf3,5400,bona,3.10.37,0,1,377,5,,
b413307f-d5c0-42a0-b40e-9f9b4516eaf3,5401,possideat,3.10.37,0,1,377,6,,
b413307f-d5c0-42a0-b40e-9f9b4516eaf3,5402,.,3.10.37,,4,377,,,
b413307f-d5c0-42a0-b40e-9f9b4516eaf3,5403,Stant,3.10.37,0,1,378,0,,
b413307f-d5c0-42a0-b40e-9f9b4516eaf3,5404,patroni,3.10.37,0,1,378,1,,
b413307f-d5c0-42a0-b40e-9f9b4516eaf3,5405,fortiter,3.10.37,0,1,378,2,,
b413307f-d5c0-42a0-b40e-9f9b4516eaf3,5406,Causam,3.10.38,0,1,378,3,,
b413307f-d5c0-42a0-b40e-9f9b4516eaf3,5407,tuentes,3.10.38,0,1,378,4,,
b413307f-d5c0-42a0-b40e-9f9b4516eaf3,5408,innocentis,3.10.38,0,1,378,5,,
b413307f-d5c0-42a0-b40e-9f9b4516eaf3,5409,feminae,3.10.38,0,1,378,6,,
b413307f-d5c0-42a0-b40e-9f9b4516eaf3,5410,.,3.10.38,,4,378,,,
b413307f-d5c0-42a0-b40e-9f9b4516eaf3,5411,A,3.10.39,0,1,379,0,,
b413307f-d5c0-42a0-b40e-9f9b4516eaf3,5412,Divo,3.10.39,0,1,379,1,,
b413307f-d5c0-42a0-b40e-9f9b4516eaf3,5413,Augusto,3.10.39,2,1,379,2,,
b413307f-d5c0-42a0-b40e-9f9b4516eaf3,5414,tunc,3.10.39,0,1,379,3,,
b413307f-d5c0-42a0-b40e-9f9b4516eaf3,5415,petierunt,3.10.39,0,1,379,4,,
b413307f-d5c0-42a0-b40e-9f9b4516eaf3,5416,iudices,3.10.39,0,1,379,5,,
b413307f-d5c0-42a0-b40e-9f9b4516eaf3,5417,",",3.10.39,,4,379,,,
b413307f-d5c0-42a0-b40e-9f9b4516eaf3,5418,Ut,3.10.40,0,1,379,6,,
b413307f-d5c0-42a0-b40e-9f9b4516eaf3,5419,adiuvaret,3.10.40,0,1,379,7,,
b413307f-d5c0-42a0-b40e-9f9b4516eaf3,5420,iuris,3.10.40,0,1,379,8,,
b413307f-d5c0-42a0-b40e-9f9b4516eaf3,5421,iurandi,3.10.40,0,1,379,9,,
b413307f-d5c0-42a0-b40e-9f9b4516eaf3,5422,fidem,3.10.40,0,1,379,10,,
b413307f-d5c0-42a0-b40e-9f9b4516eaf3,5423,",",3.10.40,,4,379,,,
b413307f-d5c0-42a0-b40e-9f9b4516eaf3,5424,Quod,3.10.41,0,1,379,11,,
b413307f-d5c0-42a0-b40e-9f9b4516eaf3,5425,ipsos,3.10.41,0,1,379,12,,
b413307f-d5c0-42a0-b40e-9f9b4516eaf3,5426,error,3.10.41,0,1,379,13,,
b413307f-d5c0-42a0-b40e-9f9b4516eaf3,5427,implicuisset,3.10.41,0,1,379,14,,
b413307f-d5c0-42a0-b40e-9f9b4516eaf3,5428,criminis,3.10.41,0,1,379,15,,
b413307f-d5c0-42a0-b40e-9f9b4516eaf3,5429,.,3.10.41,,4,379,,,
b413307f-d5c0-42a0-b40e-9f9b4516eaf3,5430,Qui,3.10.42,0,1,380,0,,
b413307f-d5c0-42a0-b40e-9f9b4516eaf3,5431,postquam,3.10.42,0,1,380,1,,
b413307f-d5c0-42a0-b40e-9f9b4516eaf3,5432,tenebras,3.10.42,0,1,380,2,,
b413307f-d5c0-42a0-b40e-9f9b4516eaf3,5433,dispulit,3.10.42,0,1,380,3,,
b413307f-d5c0-42a0-b40e-9f9b4516eaf3,5434,calumniae,3.10.42,0,1,380,4,,
b413307f-d5c0-42a0-b40e-9f9b4516eaf3,5435,Certumque,3.10.43,0,1,380,5,,
b413307f-d5c0-42a0-b40e-9f9b4516eaf3,5436,fontem,3.10.43,0,1,380,6,,
b413307f-d5c0-42a0-b40e-9f9b4516eaf3,5437,veritatis,3.10.43,0,1,380,7,,
b413307f-d5c0-42a0-b40e-9f9b4516eaf3,5438,repperit,3.10.43,0,1,380,8,,
b413307f-d5c0-42a0-b40e-9f9b4516eaf3,5439,:,3.10.43,,4,380,,,
b413307f-d5c0-42a0-b40e-9f9b4516eaf3,5440,Luat,3.10.44,0,1,380,9,,
b413307f-d5c0-42a0-b40e-9f9b4516eaf3,5441,inquit,3.10.44,0,1,380,10,,
b413307f-d5c0-42a0-b40e-9f9b4516eaf3,5442,poenas,3.10.44,0,1,380,11,,
b413307f-d5c0-42a0-b40e-9f9b4516eaf3,5443,causa,3.10.44,0,1,380,12,,
b413307f-d5c0-42a0-b40e-9f9b4516eaf3,5444,libertus,3.10.44,0,1,380,13,,
b413307f-d5c0-42a0-b40e-9f9b4516eaf3,5445,mali,3.10.44,0,1,380,14,,
b413307f-d5c0-42a0-b40e-9f9b4516eaf3,5446,;,3.10.44,,4,380,,,
b413307f-d5c0-42a0-b40e-9f9b4516eaf3,5447,Namque,3.10.45,0,1,380,15,,
b413307f-d5c0-42a0-b40e-9f9b4516eaf3,5448,orbam,3.10.45,0,1,380,16,,
b413307f-d5c0-42a0-b40e-9f9b4516eaf3,5449,nato,3.10.45,0,1,380,17,,
b413307f-d5c0-42a0-b40e-9f9b4516eaf3,5450,simul,3.10.45,0,1,380,18,,
b413307f-d5c0-42a0-b40e-9f9b4516eaf3,5451,et,3.10.45,0,1,380,19,,
b413307f-d5c0-42a0-b40e-9f9b4516eaf3,5452,privatam,3.10.45,0,1,380,20,,
b413307f-d5c0-42a0-b40e-9f9b4516eaf3,5453,viro,3.10.45,0,1,380,21,,
b413307f-d5c0-42a0-b40e-9f9b4516eaf3,5454,Miserandam,3.10.46,0,1,380,22,,
b413307f-d5c0-42a0-b40e-9f9b4516eaf3,5455,potius,3.10.46,0,1,380,23,,
b413307f-d5c0-42a0-b40e-9f9b4516eaf3,5456,quam,3.10.46,0,1,380,24,,
b413307f-d5c0-42a0-b40e-9f9b4516eaf3,5457,damnandam,3.10.46,0,1,380,25,,
b413307f-d5c0-42a0-b40e-9f9b4516eaf3,5458,existimo,3.10.46,0,1,380,26,,
b413307f-d5c0-42a0-b40e-9f9b4516eaf3,5459,.,3.10.46,,4,380,,,
b413307f-d5c0-42a0-b40e-9f9b4516eaf3,5460,Quod,3.10.47,0,1,381,0,,
b413307f-d5c0-42a0-b40e-9f9b4516eaf3,5461,si,3.10.47,0,1,381,1,,
b413307f-d5c0-42a0-b40e-9f9b4516eaf3,5462,delata,3.10.47,0,1,381,2,,
b413307f-d5c0-42a0-b40e-9f9b4516eaf3,5463,perscrutatus,3.10.47,0,1,381,3,,
b413307f-d5c0-42a0-b40e-9f9b4516eaf3,5464,crimina,3.10.47,0,1,381,4,,
b413307f-d5c0-42a0-b40e-9f9b4516eaf3,5465,Paterfamilias,3.10.48,0,1,381,5,,
b413307f-d5c0-42a0-b40e-9f9b4516eaf3,5466,esset,3.10.48,0,1,381,6,,
b413307f-d5c0-42a0-b40e-9f9b4516eaf3,5467,",",3.10.48,,4,381,,,
b413307f-d5c0-42a0-b40e-9f9b4516eaf3,5468,si,3.10.48,0,1,381,7,,
b413307f-d5c0-42a0-b40e-9f9b4516eaf3,5469,mendacium,3.10.48,0,1,381,8,,
b413307f-d5c0-42a0-b40e-9f9b4516eaf3,5470,Subtiliter,3.10.49,0,1,381,9,,
b413307f-d5c0-42a0-b40e-9f9b4516eaf3,5471,limasset,3.10.49,0,1,381,10,,
b413307f-d5c0-42a0-b40e-9f9b4516eaf3,5472,",",3.10.49,,4,381,,,
b413307f-d5c0-42a0-b40e-9f9b4516eaf3,5473,a,3.10.49,0,1,381,11,,
b413307f-d5c0-42a0-b40e-9f9b4516eaf3,5474,radicibus,3.10.49,0,1,381,12,,
b413307f-d5c0-42a0-b40e-9f9b4516eaf3,5475,Non,3.10.50,0,1,381,13,,
b413307f-d5c0-42a0-b40e-9f9b4516eaf3,5476,evertisset,3.10.50,0,1,381,14,,
b413307f-d5c0-42a0-b40e-9f9b4516eaf3,5477,scelere,3.10.50,0,1,381,15,,
b413307f-d5c0-42a0-b40e-9f9b4516eaf3,5478,funesto,3.10.50,0,1,381,16,,
b413307f-d5c0-42a0-b40e-9f9b4516eaf3,5479,domum,3.10.50,0,1,381,17,,
b413307f-d5c0-42a0-b40e-9f9b4516eaf3,5480,.,3.10.50,,4,381,,,
b413307f-d5c0-42a0-b40e-9f9b4516eaf3,5481,Nil,3.10.51,0,1,382,0,,
b413307f-d5c0-42a0-b40e-9f9b4516eaf3,5482,spernat,3.10.51,0,1,382,1,,
b413307f-d5c0-42a0-b40e-9f9b4516eaf3,5483,auris,3.10.51,0,1,382,2,,
b413307f-d5c0-42a0-b40e-9f9b4516eaf3,5484,",",3.10.51,,4,382,,,
b413307f-d5c0-42a0-b40e-9f9b4516eaf3,5485,nec,3.10.51,0,1,382,3,,
b413307f-d5c0-42a0-b40e-9f9b4516eaf3,5486,tamen,3.10.51,0,1,382,4,,
b413307f-d5c0-42a0-b40e-9f9b4516eaf3,5487,credat,3.10.51,0,1,382,5,,
b413307f-d5c0-42a0-b40e-9f9b4516eaf3,5488,statim,3.10.51,0,1,382,6,,
b413307f-d5c0-42a0-b40e-9f9b4516eaf3,5489,.,3.10.51,,4,382,,,
b413307f-d5c0-42a0-b40e-9f9b4516eaf3,5490,Quandoquidem,3.10.52,0,1,383,0,,
b413307f-d5c0-42a0-b40e-9f9b4516eaf3,5491,et,3.10.52,0,1,383,1,,
b413307f-d5c0-42a0-b40e-9f9b4516eaf3,5492,illi,3.10.52,0,1,383,2,,
b413307f-d5c0-42a0-b40e-9f9b4516eaf3,5493,peccant,3.10.52,0,1,383,3,,
b413307f-d5c0-42a0-b40e-9f9b4516eaf3,5494,",",3.10.52,,4,383,,,
b413307f-d5c0-42a0-b40e-9f9b4516eaf3,5495,quos,3.10.52,0,1,383,4,,
b413307f-d5c0-42a0-b40e-9f9b4516eaf3,5496,minime,3.10.52,0,1,383,5,,
b413307f-d5c0-42a0-b40e-9f9b4516eaf3,5497,putes,3.10.52,0,1,383,6,,
b413307f-d5c0-42a0-b40e-9f9b4516eaf3,5498,",",3.10.52,,4,383,,,
b413307f-d5c0-42a0-b40e-9f9b4516eaf3,5499,Et,3.10.53,0,1,383,7,,
b413307f-d5c0-42a0-b40e-9f9b4516eaf3,5500,qui,3.10.53,0,1,383,8,,
b413307f-d5c0-42a0-b40e-9f9b4516eaf3,5501,non,3.10.53,0,1,383,9,,
b413307f-d5c0-42a0-b40e-9f9b4516eaf3,5502,peccant,3.10.53,0,1,383,10,,
b413307f-d5c0-42a0-b40e-9f9b4516eaf3,5503,",",3.10.53,,4,383,,,
b413307f-d5c0-42a0-b40e-9f9b4516eaf3,5504,impugnantur,3.10.53,0,1,383,11,,
b413307f-d5c0-42a0-b40e-9f9b4516eaf3,5505,fraudibus,3.10.53,0,1,383,12,,
b413307f-d5c0-42a0-b40e-9f9b4516eaf3,5506,.,3.10.53,,4,383,,,
b413307f-d5c0-42a0-b40e-9f9b4516eaf3,5507,Hoc,3.10.54,0,1,384,0,,
b413307f-d5c0-42a0-b40e-9f9b4516eaf3,5508,admonere,3.10.54,0,1,384,1,,
b413307f-d5c0-42a0-b40e-9f9b4516eaf3,5509,simplices,3.10.54,0,1,384,2,,
b413307f-d5c0-42a0-b40e-9f9b4516eaf3,5510,etiam,3.10.54,0,1,384,3,,
b413307f-d5c0-42a0-b40e-9f9b4516eaf3,5511,potest,3.10.54,0,1,384,4,,
b413307f-d5c0-42a0-b40e-9f9b4516eaf3,5512,",",3.10.54,,4,384,,,
b413307f-d5c0-42a0-b40e-9f9b4516eaf3,5513,Opinione,3.10.55,0,1,384,5,,
b413307f-d5c0-42a0-b40e-9f9b4516eaf3,5514,alterius,3.10.55,0,1,384,6,,
b413307f-d5c0-42a0-b40e-9f9b4516eaf3,5515,ne,3.10.55,0,1,384,7,,
b413307f-d5c0-42a0-b40e-9f9b4516eaf3,5516,quid,3.10.55,0,1,384,8,,
b413307f-d5c0-42a0-b40e-9f9b4516eaf3,5517,ponderent,3.10.55,0,1,384,9,,
b413307f-d5c0-42a0-b40e-9f9b4516eaf3,5518,:,3.10.55,,4,384,,,
b413307f-d5c0-42a0-b40e-9f9b4516eaf3,5519,Ambitio,3.10.56,0,1,384,10,,
b413307f-d5c0-42a0-b40e-9f9b4516eaf3,5520,namque,3.10.56,0,1,384,11,,
b413307f-d5c0-42a0-b40e-9f9b4516eaf3,5521,dissidens,3.10.56,0,1,384,12,,
b413307f-d5c0-42a0-b40e-9f9b4516eaf3,5522,mortalium,3.10.56,0,1,384,13,,
b413307f-d5c0-42a0-b40e-9f9b4516eaf3,5523,Aut,3.10.57,0,1,384,14,,
b413307f-d5c0-42a0-b40e-9f9b4516eaf3,5524,gratiae,3.10.57,0,1,384,15,,
b413307f-d5c0-42a0-b40e-9f9b4516eaf3,5525,subscribit,3.10.57,0,1,384,16,,
b413307f-d5c0-42a0-b40e-9f9b4516eaf3,5526,aut,3.10.57,0,1,384,17,,
b413307f-d5c0-42a0-b40e-9f9b4516eaf3,5527,odio,3.10.57,0,1,384,18,,
b413307f-d5c0-42a0-b40e-9f9b4516eaf3,5528,suo,3.10.57,0,1,384,19,,
b413307f-d5c0-42a0-b40e-9f9b4516eaf3,5529,.,3.10.57,,4,384,,,
b413307f-d5c0-42a0-b40e-9f9b4516eaf3,5530,Erit,3.10.58,0,1,385,0,,
b413307f-d5c0-42a0-b40e-9f9b4516eaf3,5531,ille,3.10.58,0,1,385,1,,
b413307f-d5c0-42a0-b40e-9f9b4516eaf3,5532,notus,3.10.58,0,1,385,2,,
b413307f-d5c0-42a0-b40e-9f9b4516eaf3,5533,quem,3.10.58,0,1,385,3,,
b413307f-d5c0-42a0-b40e-9f9b4516eaf3,5534,per,3.10.58,0,1,385,4,,
b413307f-d5c0-42a0-b40e-9f9b4516eaf3,5535,te,3.10.58,0,1,385,5,,
b413307f-d5c0-42a0-b40e-9f9b4516eaf3,5536,cognoveris,3.10.58,0,1,385,6,,
b413307f-d5c0-42a0-b40e-9f9b4516eaf3,5537,.,3.10.58,,4,385,,,
b413307f-d5c0-42a0-b40e-9f9b4516eaf3,5538,Haec,3.10.59,0,1,386,0,,
b413307f-d5c0-42a0-b40e-9f9b4516eaf3,5539,exsecutus,3.10.59,0,1,386,1,,
b413307f-d5c0-42a0-b40e-9f9b4516eaf3,5540,sum,3.10.59,0,1,386,2,,
b413307f-d5c0-42a0-b40e-9f9b4516eaf3,5541,propterea,3.10.59,0,1,386,3,,
b413307f-d5c0-42a0-b40e-9f9b4516eaf3,5542,pluribus,3.10.59,0,1,386,4,,
b413307f-d5c0-42a0-b40e-9f9b4516eaf3,5543,Brevitate,3.10.60,0,1,386,5,,
b413307f-d5c0-42a0-b40e-9f9b4516eaf3,5544,nimia,3.10.60,0,1,386,6,,
b413307f-d5c0-42a0-b40e-9f9b4516eaf3,5545,quoniam,3.10.60,0,1,386,7,,
b413307f-d5c0-42a0-b40e-9f9b4516eaf3,5546,quosdam,3.10.60,0,1,386,8,,
b413307f-d5c0-42a0-b40e-9f9b4516eaf3,5547,offendimus,3.10.60,0,1,386,9,,
b413307f-d5c0-42a0-b40e-9f9b4516eaf3,5548,.,3.10.60,,4,386,,,
b413307f-d5c0-42a0-b40e-9f9b4516eaf3,5549,Eunuchus,3.11,0,1,387,0,,
b413307f-d5c0-42a0-b40e-9f9b4516eaf3,5550,ad,3.11,0,1,387,1,,
b413307f-d5c0-42a0-b40e-9f9b4516eaf3,5551,improbum,3.11,0,1,387,2,,
b413307f-d5c0-42a0-b40e-9f9b4516eaf3,5552,.,3.11,,4,387,,,
b413307f-d5c0-42a0-b40e-9f9b4516eaf3,5553,Eunuchus,3.11.1,0,1,388,0,,
b413307f-d5c0-42a0-b40e-9f9b4516eaf3,5554,litigabat,3.11.1,0,1,388,1,,
b413307f-d5c0-42a0-b40e-9f9b4516eaf3,5555,cum,3.11.1,0,1,388,2,,
b413307f-d5c0-42a0-b40e-9f9b4516eaf3,5556,quodam,3.11.1,0,1,388,3,,
b413307f-d5c0-42a0-b40e-9f9b4516eaf3,5557,improbo,3.11.1,0,1,388,4,,
b413307f-d5c0-42a0-b40e-9f9b4516eaf3,5558,",",3.11.1,,4,388,,,
b413307f-d5c0-42a0-b40e-9f9b4516eaf3,5559,Qui,3.11.2,0,1,388,5,,
b413307f-d5c0-42a0-b40e-9f9b4516eaf3,5560,super,3.11.2,0,1,388,6,,
b413307f-d5c0-42a0-b40e-9f9b4516eaf3,5561,obscena,3.11.2,0,1,388,7,,
b413307f-d5c0-42a0-b40e-9f9b4516eaf3,5562,dicta,3.11.2,0,1,388,8,,
b413307f-d5c0-42a0-b40e-9f9b4516eaf3,5563,et,3.11.2,0,1,388,9,,
b413307f-d5c0-42a0-b40e-9f9b4516eaf3,5564,petulans,3.11.2,0,1,388,10,,
b413307f-d5c0-42a0-b40e-9f9b4516eaf3,5565,iurgium,3.11.2,0,1,388,11,,
b413307f-d5c0-42a0-b40e-9f9b4516eaf3,5566,Damnum,3.11.3,0,1,388,12,,
b413307f-d5c0-42a0-b40e-9f9b4516eaf3,5567,insectatus,3.11.3,0,1,388,13,,
b413307f-d5c0-42a0-b40e-9f9b4516eaf3,5568,est,3.11.3,0,1,388,14,,
b413307f-d5c0-42a0-b40e-9f9b4516eaf3,5569,amissi,3.11.3,0,1,388,15,,
b413307f-d5c0-42a0-b40e-9f9b4516eaf3,5570,corporis,3.11.3,0,1,388,16,,
b413307f-d5c0-42a0-b40e-9f9b4516eaf3,5571,.,3.11.3,,4,388,,,
b413307f-d5c0-42a0-b40e-9f9b4516eaf3,5572,En,3.11.4,0,1,389,0,,
b413307f-d5c0-42a0-b40e-9f9b4516eaf3,5573,ait,3.11.4,0,1,389,1,,
b413307f-d5c0-42a0-b40e-9f9b4516eaf3,5574,hoc,3.11.4,0,1,389,2,,
b413307f-d5c0-42a0-b40e-9f9b4516eaf3,5575,unum,3.11.4,0,1,389,3,,
b413307f-d5c0-42a0-b40e-9f9b4516eaf3,5576,est,3.11.4,0,1,389,4,,
b413307f-d5c0-42a0-b40e-9f9b4516eaf3,5577,",",3.11.4,,4,389,,,
b413307f-d5c0-42a0-b40e-9f9b4516eaf3,5578,cur,3.11.4,0,1,389,5,,
b413307f-d5c0-42a0-b40e-9f9b4516eaf3,5579,laborem,3.11.4,0,1,389,6,,
b413307f-d5c0-42a0-b40e-9f9b4516eaf3,5580,validius,3.11.4,0,1,389,7,,
b413307f-d5c0-42a0-b40e-9f9b4516eaf3,5581,",",3.11.4,,4,389,,,
b413307f-d5c0-42a0-b40e-9f9b4516eaf3,5582,Integritatis,3.11.5,0,1,389,8,,
b413307f-d5c0-42a0-b40e-9f9b4516eaf3,5583,testes,3.11.5,0,1,389,9,,
b413307f-d5c0-42a0-b40e-9f9b4516eaf3,5584,quia,3.11.5,0,1,389,10,,
b413307f-d5c0-42a0-b40e-9f9b4516eaf3,5585,desunt,3.11.5,0,1,389,11,,
b413307f-d5c0-42a0-b40e-9f9b4516eaf3,5586,mihi,3.11.5,0,1,389,12,,
b413307f-d5c0-42a0-b40e-9f9b4516eaf3,5587,.,3.11.5,,4,389,,,
b413307f-d5c0-42a0-b40e-9f9b4516eaf3,5588,Sed,3.11.6,0,1,390,0,,
b413307f-d5c0-42a0-b40e-9f9b4516eaf3,5589,quid,3.11.6,0,1,390,1,,
b413307f-d5c0-42a0-b40e-9f9b4516eaf3,5590,fortunae,3.11.6,0,1,390,2,,
b413307f-d5c0-42a0-b40e-9f9b4516eaf3,5591,",",3.11.6,,4,390,,,
b413307f-d5c0-42a0-b40e-9f9b4516eaf3,5592,stulte,3.11.6,0,1,390,3,,
b413307f-d5c0-42a0-b40e-9f9b4516eaf3,5593,",",3.11.6,,4,390,,,
b413307f-d5c0-42a0-b40e-9f9b4516eaf3,5594,delictum,3.11.6,0,1,390,4,,
b413307f-d5c0-42a0-b40e-9f9b4516eaf3,5595,arguis,3.11.6,0,1,390,5,,
b413307f-d5c0-42a0-b40e-9f9b4516eaf3,5596,?,3.11.6,,4,390,,,
b413307f-d5c0-42a0-b40e-9f9b4516eaf3,5597,Id,3.11.7,0,1,391,0,,
b413307f-d5c0-42a0-b40e-9f9b4516eaf3,5598,demum,3.11.7,0,1,391,1,,
b413307f-d5c0-42a0-b40e-9f9b4516eaf3,5599,est,3.11.7,0,1,391,2,,
b413307f-d5c0-42a0-b40e-9f9b4516eaf3,5600,homini,3.11.7,0,1,391,3,,
b413307f-d5c0-42a0-b40e-9f9b4516eaf3,5601,turpe,3.11.7,0,1,391,4,,
b413307f-d5c0-42a0-b40e-9f9b4516eaf3,5602,",",3.11.7,,4,391,,,
b413307f-d5c0-42a0-b40e-9f9b4516eaf3,5603,quod,3.11.7,0,1,391,5,,
b413307f-d5c0-42a0-b40e-9f9b4516eaf3,5604,meruit,3.11.7,0,1,391,6,,
b413307f-d5c0-42a0-b40e-9f9b4516eaf3,5605,pati,3.11.7,0,1,391,7,,
b413307f-d5c0-42a0-b40e-9f9b4516eaf3,5606,.,3.11.7,,4,391,,,
b413307f-d5c0-42a0-b40e-9f9b4516eaf3,5607,Pullus,3.12,0,1,392,0,,
b413307f-d5c0-42a0-b40e-9f9b4516eaf3,5608,ad,3.12,0,1,392,1,,
b413307f-d5c0-42a0-b40e-9f9b4516eaf3,5609,margaritam,3.12,0,1,392,2,,
b413307f-d5c0-42a0-b40e-9f9b4516eaf3,5610,.,3.12,,4,392,,,
b413307f-d5c0-42a0-b40e-9f9b4516eaf3,5611,In,3.12.1,0,1,393,0,,
b413307f-d5c0-42a0-b40e-9f9b4516eaf3,5612,sterquilino,3.12.1,0,1,393,1,,
b413307f-d5c0-42a0-b40e-9f9b4516eaf3,5613,pullus,3.12.1,0,1,393,2,,
b413307f-d5c0-42a0-b40e-9f9b4516eaf3,5614,gallinaceus,3.12.1,0,1,393,3,,
b413307f-d5c0-42a0-b40e-9f9b4516eaf3,5615,Dum,3.12.2,0,1,393,4,,
b413307f-d5c0-42a0-b40e-9f9b4516eaf3,5616,quaerit,3.12.2,0,1,393,5,,
b413307f-d5c0-42a0-b40e-9f9b4516eaf3,5617,escam,3.12.2,0,1,393,6,,
b413307f-d5c0-42a0-b40e-9f9b4516eaf3,5618,",",3.12.2,,4,393,,,
b413307f-d5c0-42a0-b40e-9f9b4516eaf3,5619,margaritam,3.12.2,0,1,393,7,,
b413307f-d5c0-42a0-b40e-9f9b4516eaf3,5620,repperit,3.12.2,0,1,393,8,,
b413307f-d5c0-42a0-b40e-9f9b4516eaf3,5621,.,3.12.2,,4,393,,,
b413307f-d5c0-42a0-b40e-9f9b4516eaf3,5622,Iaces,3.12.3,0,1,394,0,,
b413307f-d5c0-42a0-b40e-9f9b4516eaf3,5623,indigno,3.12.3,0,1,394,1,,
b413307f-d5c0-42a0-b40e-9f9b4516eaf3,5624,quanta,3.12.3,0,1,394,2,,
b413307f-d5c0-42a0-b40e-9f9b4516eaf3,5625,res,3.12.3,0,1,394,3,,
b413307f-d5c0-42a0-b40e-9f9b4516eaf3,5626,inquit,3.12.3,0,1,394,4,,
b413307f-d5c0-42a0-b40e-9f9b4516eaf3,5627,loco,3.12.3,0,1,394,5,,
b413307f-d5c0-42a0-b40e-9f9b4516eaf3,5628,!,3.12.3,,4,394,,,
b413307f-d5c0-42a0-b40e-9f9b4516eaf3,5629,Hoc,3.12.4,0,1,395,0,,
b413307f-d5c0-42a0-b40e-9f9b4516eaf3,5630,si,3.12.4,0,1,395,1,,
b413307f-d5c0-42a0-b40e-9f9b4516eaf3,5631,quis,3.12.4,0,1,395,2,,
b413307f-d5c0-42a0-b40e-9f9b4516eaf3,5632,pretii,3.12.4,0,1,395,3,,
b413307f-d5c0-42a0-b40e-9f9b4516eaf3,5633,cupidus,3.12.4,0,1,395,4,,
b413307f-d5c0-42a0-b40e-9f9b4516eaf3,5634,vidisset,3.12.4,0,1,395,5,,
b413307f-d5c0-42a0-b40e-9f9b4516eaf3,5635,tui,3.12.4,0,1,395,6,,
b413307f-d5c0-42a0-b40e-9f9b4516eaf3,5636,",",3.12.4,,4,395,,,
b413307f-d5c0-42a0-b40e-9f9b4516eaf3,5637,Olim,3.12.5,0,1,395,7,,
b413307f-d5c0-42a0-b40e-9f9b4516eaf3,5638,redisses,3.12.5,0,1,395,8,,
b413307f-d5c0-42a0-b40e-9f9b4516eaf3,5639,ad,3.12.5,0,1,395,9,,
b413307f-d5c0-42a0-b40e-9f9b4516eaf3,5640,splendorem,3.12.5,0,1,395,10,,
b413307f-d5c0-42a0-b40e-9f9b4516eaf3,5641,pristinum,3.12.5,0,1,395,11,,
b413307f-d5c0-42a0-b40e-9f9b4516eaf3,5642,.,3.12.5,,4,395,,,
b413307f-d5c0-42a0-b40e-9f9b4516eaf3,5643,Ego,3.12.6,0,1,396,0,,
b413307f-d5c0-42a0-b40e-9f9b4516eaf3,5644,quod,3.12.6,0,1,396,1,,
b413307f-d5c0-42a0-b40e-9f9b4516eaf3,5645,te,3.12.6,0,1,396,2,,
b413307f-d5c0-42a0-b40e-9f9b4516eaf3,5646,inveni,3.12.6,0,1,396,3,,
b413307f-d5c0-42a0-b40e-9f9b4516eaf3,5647,",",3.12.6,,4,396,,,
b413307f-d5c0-42a0-b40e-9f9b4516eaf3,5648,potior,3.12.6,0,1,396,4,,
b413307f-d5c0-42a0-b40e-9f9b4516eaf3,5649,cui,3.12.6,0,1,396,5,,
b413307f-d5c0-42a0-b40e-9f9b4516eaf3,5650,multo,3.12.6,0,1,396,6,,
b413307f-d5c0-42a0-b40e-9f9b4516eaf3,5651,est,3.12.6,0,1,396,7,,
b413307f-d5c0-42a0-b40e-9f9b4516eaf3,5652,cibus,3.12.6,0,1,396,8,,
b413307f-d5c0-42a0-b40e-9f9b4516eaf3,5653,",",3.12.6,,4,396,,,
b413307f-d5c0-42a0-b40e-9f9b4516eaf3,5654,Nec,3.12.7,0,1,396,9,,
b413307f-d5c0-42a0-b40e-9f9b4516eaf3,5655,tibi,3.12.7,0,1,396,10,,
b413307f-d5c0-42a0-b40e-9f9b4516eaf3,5656,prodesse,3.12.7,0,1,396,11,,
b413307f-d5c0-42a0-b40e-9f9b4516eaf3,5657,nec,3.12.7,0,1,396,12,,
b413307f-d5c0-42a0-b40e-9f9b4516eaf3,5658,mihi,3.12.7,0,1,396,13,,
b413307f-d5c0-42a0-b40e-9f9b4516eaf3,5659,quicquam,3.12.7,0,1,396,14,,
b413307f-d5c0-42a0-b40e-9f9b4516eaf3,5660,potest,3.12.7,0,1,396,15,,
b413307f-d5c0-42a0-b40e-9f9b4516eaf3,5661,.,3.12.7,,4,396,,,
b413307f-d5c0-42a0-b40e-9f9b4516eaf3,5662,Hoc,3.12.8,0,1,397,0,,
b413307f-d5c0-42a0-b40e-9f9b4516eaf3,5663,illis,3.12.8,0,1,397,1,,
b413307f-d5c0-42a0-b40e-9f9b4516eaf3,5664,narro,3.12.8,0,1,397,2,,
b413307f-d5c0-42a0-b40e-9f9b4516eaf3,5665,",",3.12.8,,4,397,,,
b413307f-d5c0-42a0-b40e-9f9b4516eaf3,5666,qui,3.12.8,0,1,397,3,,
b413307f-d5c0-42a0-b40e-9f9b4516eaf3,5667,me,3.12.8,0,1,397,4,,
b413307f-d5c0-42a0-b40e-9f9b4516eaf3,5668,non,3.12.8,0,1,397,5,,
b413307f-d5c0-42a0-b40e-9f9b4516eaf3,5669,intellegunt,3.12.8,0,1,397,6,,
b413307f-d5c0-42a0-b40e-9f9b4516eaf3,5670,.,3.12.8,,4,397,,,
b413307f-d5c0-42a0-b40e-9f9b4516eaf3,5671,Apes,3.13,2,1,398,0,,
b413307f-d5c0-42a0-b40e-9f9b4516eaf3,5672,et,3.13,0,1,398,1,,
b413307f-d5c0-42a0-b40e-9f9b4516eaf3,5673,fuci,3.13,0,1,398,2,,
b413307f-d5c0-42a0-b40e-9f9b4516eaf3,5674,vespa,3.13,0,1,398,3,,
b413307f-d5c0-42a0-b40e-9f9b4516eaf3,5675,iudice,3.13,0,1,398,4,,
b413307f-d5c0-42a0-b40e-9f9b4516eaf3,5676,.,3.13,,4,398,,,
b413307f-d5c0-42a0-b40e-9f9b4516eaf3,5677,Apes,3.13.1,2,1,399,0,,
b413307f-d5c0-42a0-b40e-9f9b4516eaf3,5678,in,3.13.1,0,1,399,1,,
b413307f-d5c0-42a0-b40e-9f9b4516eaf3,5679,alta,3.13.1,0,1,399,2,,
b413307f-d5c0-42a0-b40e-9f9b4516eaf3,5680,fecerant,3.13.1,0,1,399,3,,
b413307f-d5c0-42a0-b40e-9f9b4516eaf3,5681,quercu,3.13.1,0,1,399,4,,
b413307f-d5c0-42a0-b40e-9f9b4516eaf3,5682,favos,3.13.1,0,1,399,5,,
b413307f-d5c0-42a0-b40e-9f9b4516eaf3,5683,:,3.13.1,,4,399,,,
b413307f-d5c0-42a0-b40e-9f9b4516eaf3,5684,Hos,3.13.2,0,1,399,6,,
b413307f-d5c0-42a0-b40e-9f9b4516eaf3,5685,fuci,3.13.2,0,1,399,7,,
b413307f-d5c0-42a0-b40e-9f9b4516eaf3,5686,inertes,3.13.2,0,1,399,8,,
b413307f-d5c0-42a0-b40e-9f9b4516eaf3,5687,esse,3.13.2,0,1,399,9,,
b413307f-d5c0-42a0-b40e-9f9b4516eaf3,5688,dicebant,3.13.2,0,1,399,10,,
b413307f-d5c0-42a0-b40e-9f9b4516eaf3,5689,suos,3.13.2,0,1,399,11,,
b413307f-d5c0-42a0-b40e-9f9b4516eaf3,5690,.,3.13.2,,4,399,,,
b413307f-d5c0-42a0-b40e-9f9b4516eaf3,5691,Lis,3.13.3,0,1,400,0,,
b413307f-d5c0-42a0-b40e-9f9b4516eaf3,5692,ad,3.13.3,0,1,400,1,,
b413307f-d5c0-42a0-b40e-9f9b4516eaf3,5693,forum,3.13.3,0,1,400,2,,
b413307f-d5c0-42a0-b40e-9f9b4516eaf3,5694,deducta,3.13.3,0,1,400,3,,
b413307f-d5c0-42a0-b40e-9f9b4516eaf3,5695,est,3.13.3,0,1,400,4,,
b413307f-d5c0-42a0-b40e-9f9b4516eaf3,5696,",",3.13.3,,4,400,,,
b413307f-d5c0-42a0-b40e-9f9b4516eaf3,5697,vespa,3.13.3,0,1,400,5,,
b413307f-d5c0-42a0-b40e-9f9b4516eaf3,5698,iudice,3.13.3,0,1,400,6,,
b413307f-d5c0-42a0-b40e-9f9b4516eaf3,5699,.,3.13.3,,4,400,,,
b413307f-d5c0-42a0-b40e-9f9b4516eaf3,5700,Quae,3.13.4,0,1,401,0,,
b413307f-d5c0-42a0-b40e-9f9b4516eaf3,5701,genus,3.13.4,0,1,401,1,,
b413307f-d5c0-42a0-b40e-9f9b4516eaf3,5702,utrumque,3.13.4,0,1,401,2,,
b413307f-d5c0-42a0-b40e-9f9b4516eaf3,5703,nosset,3.13.4,0,1,401,3,,
b413307f-d5c0-42a0-b40e-9f9b4516eaf3,5704,cum,3.13.4,0,1,401,4,,
b413307f-d5c0-42a0-b40e-9f9b4516eaf3,5705,pulcherrime,3.13.4,0,1,401,5,,
b413307f-d5c0-42a0-b40e-9f9b4516eaf3,5706,",",3.13.4,,4,401,,,
b413307f-d5c0-42a0-b40e-9f9b4516eaf3,5707,Legem,3.13.5,0,1,401,6,,
b413307f-d5c0-42a0-b40e-9f9b4516eaf3,5708,duabus,3.13.5,0,1,401,7,,
b413307f-d5c0-42a0-b40e-9f9b4516eaf3,5709,hanc,3.13.5,0,1,401,8,,
b413307f-d5c0-42a0-b40e-9f9b4516eaf3,5710,proposuit,3.13.5,0,1,401,9,,
b413307f-d5c0-42a0-b40e-9f9b4516eaf3,5711,partibus,3.13.5,0,1,401,10,,
b413307f-d5c0-42a0-b40e-9f9b4516eaf3,5712,:,3.13.5,,4,401,,,
b413307f-d5c0-42a0-b40e-9f9b4516eaf3,5713,Non,3.13.6,0,1,401,11,,
b413307f-d5c0-42a0-b40e-9f9b4516eaf3,5714,inconveniens,3.13.6,0,1,401,12,,
b413307f-d5c0-42a0-b40e-9f9b4516eaf3,5715,corpus,3.13.6,0,1,401,13,,
b413307f-d5c0-42a0-b40e-9f9b4516eaf3,5716,et,3.13.6,0,1,401,14,,
b413307f-d5c0-42a0-b40e-9f9b4516eaf3,5717,par,3.13.6,0,1,401,15,,
b413307f-d5c0-42a0-b40e-9f9b4516eaf3,5718,est,3.13.6,0,1,401,16,,
b413307f-d5c0-42a0-b40e-9f9b4516eaf3,5719,color,3.13.6,0,1,401,17,,
b413307f-d5c0-42a0-b40e-9f9b4516eaf3,5720,",",3.13.6,,4,401,,,
b413307f-d5c0-42a0-b40e-9f9b4516eaf3,5721,In,3.13.7,0,1,401,18,,
b413307f-d5c0-42a0-b40e-9f9b4516eaf3,5722,dubium,3.13.7,0,1,401,19,,
b413307f-d5c0-42a0-b40e-9f9b4516eaf3,5723,plane,3.13.7,0,1,401,20,,
b413307f-d5c0-42a0-b40e-9f9b4516eaf3,5724,res,3.13.7,0,1,401,21,,
b413307f-d5c0-42a0-b40e-9f9b4516eaf3,5725,ut,3.13.7,0,1,401,22,,
b413307f-d5c0-42a0-b40e-9f9b4516eaf3,5726,merito,3.13.7,0,1,401,23,,
b413307f-d5c0-42a0-b40e-9f9b4516eaf3,5727,venerit,3.13.7,0,1,401,24,,
b413307f-d5c0-42a0-b40e-9f9b4516eaf3,5728,.,3.13.7,,4,401,,,
b413307f-d5c0-42a0-b40e-9f9b4516eaf3,5729,Sed,3.13.8,0,1,402,0,,
b413307f-d5c0-42a0-b40e-9f9b4516eaf3,5730,ne,3.13.8,0,1,402,1,,
b413307f-d5c0-42a0-b40e-9f9b4516eaf3,5731,religio,3.13.8,0,1,402,2,,
b413307f-d5c0-42a0-b40e-9f9b4516eaf3,5732,peccet,3.13.8,0,1,402,3,,
b413307f-d5c0-42a0-b40e-9f9b4516eaf3,5733,imprudens,3.13.8,0,1,402,4,,
b413307f-d5c0-42a0-b40e-9f9b4516eaf3,5734,mea,3.13.8,0,1,402,5,,
b413307f-d5c0-42a0-b40e-9f9b4516eaf3,5735,",",3.13.8,,4,402,,,
b413307f-d5c0-42a0-b40e-9f9b4516eaf3,5736,Alvos,3.13.9,0,1,402,6,,
b413307f-d5c0-42a0-b40e-9f9b4516eaf3,5737,accipite,3.13.9,0,1,402,7,,
b413307f-d5c0-42a0-b40e-9f9b4516eaf3,5738,et,3.13.9,0,1,402,8,,
b413307f-d5c0-42a0-b40e-9f9b4516eaf3,5739,ceris,3.13.9,0,1,402,9,,
b413307f-d5c0-42a0-b40e-9f9b4516eaf3,5740,opus,3.13.9,0,1,402,10,,
b413307f-d5c0-42a0-b40e-9f9b4516eaf3,5741,infundite,3.13.9,0,1,402,11,,
b413307f-d5c0-42a0-b40e-9f9b4516eaf3,5742,",",3.13.9,,4,402,,,
b413307f-d5c0-42a0-b40e-9f9b4516eaf3,5743,Ut,3.13.10,0,1,402,12,,
b413307f-d5c0-42a0-b40e-9f9b4516eaf3,5744,ex,3.13.10,0,1,402,13,,
b413307f-d5c0-42a0-b40e-9f9b4516eaf3,5745,sapore,3.13.10,0,1,402,14,,
b413307f-d5c0-42a0-b40e-9f9b4516eaf3,5746,mellis,3.13.10,0,1,402,15,,
b413307f-d5c0-42a0-b40e-9f9b4516eaf3,5747,et,3.13.10,0,1,402,16,,
b413307f-d5c0-42a0-b40e-9f9b4516eaf3,5748,forma,3.13.10,0,1,402,17,,
b413307f-d5c0-42a0-b40e-9f9b4516eaf3,5749,favi,3.13.10,0,1,402,18,,
b413307f-d5c0-42a0-b40e-9f9b4516eaf3,5750,",",3.13.10,,4,402,,,
b413307f-d5c0-42a0-b40e-9f9b4516eaf3,5751,De,3.13.11,0,1,402,19,,
b413307f-d5c0-42a0-b40e-9f9b4516eaf3,5752,quis,3.13.11,0,1,402,20,,
b413307f-d5c0-42a0-b40e-9f9b4516eaf3,5753,nunc,3.13.11,0,1,402,21,,
b413307f-d5c0-42a0-b40e-9f9b4516eaf3,5754,agitur,3.13.11,0,1,402,22,,
b413307f-d5c0-42a0-b40e-9f9b4516eaf3,5755,",",3.13.11,,4,402,,,
b413307f-d5c0-42a0-b40e-9f9b4516eaf3,5756,auctor,3.13.11,0,1,402,23,,
b413307f-d5c0-42a0-b40e-9f9b4516eaf3,5757,horum,3.13.11,0,1,402,24,,
b413307f-d5c0-42a0-b40e-9f9b4516eaf3,5758,appareat,3.13.11,0,1,402,25,,
b413307f-d5c0-42a0-b40e-9f9b4516eaf3,5759,.,3.13.11,,4,402,,,
b413307f-d5c0-42a0-b40e-9f9b4516eaf3,5760,Fuci,3.13.12,0,1,403,0,,
b413307f-d5c0-42a0-b40e-9f9b4516eaf3,5761,recusant,3.13.12,0,1,403,1,,
b413307f-d5c0-42a0-b40e-9f9b4516eaf3,5762,:,3.13.12,,4,403,,,
b413307f-d5c0-42a0-b40e-9f9b4516eaf3,5763,apibus,3.13.12,0,1,403,2,,
b413307f-d5c0-42a0-b40e-9f9b4516eaf3,5764,condicio,3.13.12,0,1,403,3,,
b413307f-d5c0-42a0-b40e-9f9b4516eaf3,5765,placet,3.13.12,0,1,403,4,,
b413307f-d5c0-42a0-b40e-9f9b4516eaf3,5766,.,3.13.12,,4,403,,,
b413307f-d5c0-42a0-b40e-9f9b4516eaf3,5767,Tunc,3.13.13,0,1,404,0,,
b413307f-d5c0-42a0-b40e-9f9b4516eaf3,5768,illa,3.13.13,0,1,404,1,,
b413307f-d5c0-42a0-b40e-9f9b4516eaf3,5769,talem,3.13.13,0,1,404,2,,
b413307f-d5c0-42a0-b40e-9f9b4516eaf3,5770,protulit,3.13.13,0,1,404,3,,
b413307f-d5c0-42a0-b40e-9f9b4516eaf3,5771,sententiam,3.13.13,0,1,404,4,,
b413307f-d5c0-42a0-b40e-9f9b4516eaf3,5772,:,3.13.13,,4,404,,,
b413307f-d5c0-42a0-b40e-9f9b4516eaf3,5773,Apertum,3.13.14,0,1,404,5,,
b413307f-d5c0-42a0-b40e-9f9b4516eaf3,5774,est,3.13.14,0,1,404,6,,
b413307f-d5c0-42a0-b40e-9f9b4516eaf3,5775,quis,3.13.14,0,1,404,7,,
b413307f-d5c0-42a0-b40e-9f9b4516eaf3,5776,non,3.13.14,0,1,404,8,,
b413307f-d5c0-42a0-b40e-9f9b4516eaf3,5777,possit,3.13.14,0,1,404,9,,
b413307f-d5c0-42a0-b40e-9f9b4516eaf3,5778,et,3.13.14,0,1,404,10,,
b413307f-d5c0-42a0-b40e-9f9b4516eaf3,5779,quis,3.13.14,0,1,404,11,,
b413307f-d5c0-42a0-b40e-9f9b4516eaf3,5780,fecerit,3.13.14,0,1,404,12,,
b413307f-d5c0-42a0-b40e-9f9b4516eaf3,5781,.,3.13.14,,4,404,,,
b413307f-d5c0-42a0-b40e-9f9b4516eaf3,5782,Quapropter,3.13.15,0,1,405,0,,
b413307f-d5c0-42a0-b40e-9f9b4516eaf3,5783,apibus,3.13.15,0,1,405,1,,
b413307f-d5c0-42a0-b40e-9f9b4516eaf3,5784,fructum,3.13.15,0,1,405,2,,
b413307f-d5c0-42a0-b40e-9f9b4516eaf3,5785,restituo,3.13.15,0,1,405,3,,
b413307f-d5c0-42a0-b40e-9f9b4516eaf3,5786,suum,3.13.15,0,1,405,4,,
b413307f-d5c0-42a0-b40e-9f9b4516eaf3,5787,.,3.13.15,,4,405,,,
b413307f-d5c0-42a0-b40e-9f9b4516eaf3,5788,Hanc,3.13.16,0,1,406,0,,
b413307f-d5c0-42a0-b40e-9f9b4516eaf3,5789,praeterissem,3.13.16,0,1,406,1,,
b413307f-d5c0-42a0-b40e-9f9b4516eaf3,5790,fabulam,3.13.16,0,1,406,2,,
b413307f-d5c0-42a0-b40e-9f9b4516eaf3,5791,silentio,3.13.16,0,1,406,3,,
b413307f-d5c0-42a0-b40e-9f9b4516eaf3,5792,",",3.13.16,,4,406,,,
b413307f-d5c0-42a0-b40e-9f9b4516eaf3,5793,Si,3.13.17,0,1,406,4,,
b413307f-d5c0-42a0-b40e-9f9b4516eaf3,5794,pactam,3.13.17,0,1,406,5,,
b413307f-d5c0-42a0-b40e-9f9b4516eaf3,5795,fuci,3.13.17,0,1,406,6,,
b413307f-d5c0-42a0-b40e-9f9b4516eaf3,5796,non,3.13.17,0,1,406,7,,
b413307f-d5c0-42a0-b40e-9f9b4516eaf3,5797,recusassent,3.13.17,0,1,406,8,,
b413307f-d5c0-42a0-b40e-9f9b4516eaf3,5798,fidem,3.13.17,0,1,406,9,,
b413307f-d5c0-42a0-b40e-9f9b4516eaf3,5799,.,3.13.17,,4,406,,,
b413307f-d5c0-42a0-b40e-9f9b4516eaf3,5800,De,3.14,0,1,407,0,,
b413307f-d5c0-42a0-b40e-9f9b4516eaf3,5801,lusu,3.14,0,1,407,1,,
b413307f-d5c0-42a0-b40e-9f9b4516eaf3,5802,et,3.14,0,1,407,2,,
b413307f-d5c0-42a0-b40e-9f9b4516eaf3,5803,severitate,3.14,0,1,407,3,,
b413307f-d5c0-42a0-b40e-9f9b4516eaf3,5804,.,3.14,,4,407,,,
b413307f-d5c0-42a0-b40e-9f9b4516eaf3,5805,Puerorum,3.14.1,0,1,408,0,,
b413307f-d5c0-42a0-b40e-9f9b4516eaf3,5806,in,3.14.1,0,1,408,1,,
b413307f-d5c0-42a0-b40e-9f9b4516eaf3,5807,turba,3.14.1,0,1,408,2,,
b413307f-d5c0-42a0-b40e-9f9b4516eaf3,5808,quidam,3.14.1,0,1,408,3,,
b413307f-d5c0-42a0-b40e-9f9b4516eaf3,5809,ludentem,3.14.1,0,1,408,4,,
b413307f-d5c0-42a0-b40e-9f9b4516eaf3,5810,Atticus,3.14.1,1,1,408,5,,
b413307f-d5c0-42a0-b40e-9f9b4516eaf3,5811,Aesopum,3.14.2,1,1,408,6,,
b413307f-d5c0-42a0-b40e-9f9b4516eaf3,5812,nucibus,3.14.2,0,1,408,7,,
b413307f-d5c0-42a0-b40e-9f9b4516eaf3,5813,cum,3.14.2,0,1,408,8,,
b413307f-d5c0-42a0-b40e-9f9b4516eaf3,5814,vidisset,3.14.2,0,1,408,9,,
b413307f-d5c0-42a0-b40e-9f9b4516eaf3,5815,",",3.14.2,,4,408,,,
b413307f-d5c0-42a0-b40e-9f9b4516eaf3,5816,restitit,3.14.2,0,1,408,10,,
b413307f-d5c0-42a0-b40e-9f9b4516eaf3,5817,Et,3.14.3,0,1,408,11,,
b413307f-d5c0-42a0-b40e-9f9b4516eaf3,5818,quasi,3.14.3,0,1,408,12,,
b413307f-d5c0-42a0-b40e-9f9b4516eaf3,5819,delirum,3.14.3,0,1,408,13,,
b413307f-d5c0-42a0-b40e-9f9b4516eaf3,5820,risit,3.14.3,0,1,408,14,,
b413307f-d5c0-42a0-b40e-9f9b4516eaf3,5821,.,3.14.3,,4,408,,,
b413307f-d5c0-42a0-b40e-9f9b4516eaf3,5822,Quod,3.14.3,0,1,409,0,,
b413307f-d5c0-42a0-b40e-9f9b4516eaf3,5823,sensit,3.14.3,0,1,409,1,,
b413307f-d5c0-42a0-b40e-9f9b4516eaf3,5824,simul,3.14.3,0,1,409,2,,
b413307f-d5c0-42a0-b40e-9f9b4516eaf3,5825,Derisor,3.14.4,0,1,409,3,,
b413307f-d5c0-42a0-b40e-9f9b4516eaf3,5826,potius,3.14.4,0,1,409,4,,
b413307f-d5c0-42a0-b40e-9f9b4516eaf3,5827,quam,3.14.4,0,1,409,5,,
b413307f-d5c0-42a0-b40e-9f9b4516eaf3,5828,deridendus,3.14.4,0,1,409,6,,
b413307f-d5c0-42a0-b40e-9f9b4516eaf3,5829,senex,3.14.4,0,1,409,7,,
b413307f-d5c0-42a0-b40e-9f9b4516eaf3,5830,",",3.14.4,,4,409,,,
b413307f-d5c0-42a0-b40e-9f9b4516eaf3,5831,Arcum,3.14.5,0,1,409,8,,
b413307f-d5c0-42a0-b40e-9f9b4516eaf3,5832,retensum,3.14.5,0,1,409,9,,
b413307f-d5c0-42a0-b40e-9f9b4516eaf3,5833,posuit,3.14.5,0,1,409,10,,
b413307f-d5c0-42a0-b40e-9f9b4516eaf3,5834,in,3.14.5,0,1,409,11,,
b413307f-d5c0-42a0-b40e-9f9b4516eaf3,5835,media,3.14.5,0,1,409,12,,
b413307f-d5c0-42a0-b40e-9f9b4516eaf3,5836,via,3.14.5,0,1,409,13,,
b413307f-d5c0-42a0-b40e-9f9b4516eaf3,5837,:,3.14.5,,4,409,,,
b413307f-d5c0-42a0-b40e-9f9b4516eaf3,5838,Heus,3.14.6,0,1,409,14,,
b413307f-d5c0-42a0-b40e-9f9b4516eaf3,5839,!,3.14.6,,4,409,,,
b413307f-d5c0-42a0-b40e-9f9b4516eaf3,5840,inquit,3.14.6,0,1,410,0,,
b413307f-d5c0-42a0-b40e-9f9b4516eaf3,5841,sapiens,3.14.6,0,1,410,1,,
b413307f-d5c0-42a0-b40e-9f9b4516eaf3,5842,",",3.14.6,,4,410,,,
b413307f-d5c0-42a0-b40e-9f9b4516eaf3,5843,expedi,3.14.6,0,1,410,2,,
b413307f-d5c0-42a0-b40e-9f9b4516eaf3,5844,quid,3.14.6,0,1,410,3,,
b413307f-d5c0-42a0-b40e-9f9b4516eaf3,5845,fecerim,3.14.6,0,1,410,4,,
b413307f-d5c0-42a0-b40e-9f9b4516eaf3,5846,.,3.14.6,,4,410,,,
b413307f-d5c0-42a0-b40e-9f9b4516eaf3,5847,Concurrit,3.14.7,0,1,411,0,,
b413307f-d5c0-42a0-b40e-9f9b4516eaf3,5848,populus,3.14.7,0,1,411,1,,
b413307f-d5c0-42a0-b40e-9f9b4516eaf3,5849,.,3.14.7,,4,411,,,
b413307f-d5c0-42a0-b40e-9f9b4516eaf3,5850,Ille,3.14.7,0,1,412,0,,
b413307f-d5c0-42a0-b40e-9f9b4516eaf3,5851,se,3.14.7,0,1,412,1,,
b413307f-d5c0-42a0-b40e-9f9b4516eaf3,5852,torquet,3.14.7,0,1,412,2,,
b413307f-d5c0-42a0-b40e-9f9b4516eaf3,5853,diu,3.14.7,0,1,412,3,,
b413307f-d5c0-42a0-b40e-9f9b4516eaf3,5854,Nec,3.14.8,0,1,412,4,,
b413307f-d5c0-42a0-b40e-9f9b4516eaf3,5855,quaestionis,3.14.8,0,1,412,5,,
b413307f-d5c0-42a0-b40e-9f9b4516eaf3,5856,positae,3.14.8,0,1,412,6,,
b413307f-d5c0-42a0-b40e-9f9b4516eaf3,5857,causam,3.14.8,0,1,412,7,,
b413307f-d5c0-42a0-b40e-9f9b4516eaf3,5858,intellegit,3.14.8,0,1,412,8,,
b413307f-d5c0-42a0-b40e-9f9b4516eaf3,5859,.,3.14.8,,4,412,,,
b413307f-d5c0-42a0-b40e-9f9b4516eaf3,5860,Novissime,3.14.9,0,1,413,0,,
b413307f-d5c0-42a0-b40e-9f9b4516eaf3,5861,succumbit,3.14.9,0,1,413,1,,
b413307f-d5c0-42a0-b40e-9f9b4516eaf3,5862,.,3.14.9,,4,413,,,
b413307f-d5c0-42a0-b40e-9f9b4516eaf3,5863,Tum,3.14.9,0,1,414,0,,
b413307f-d5c0-42a0-b40e-9f9b4516eaf3,5864,victor,3.14.9,0,1,414,1,,
b413307f-d5c0-42a0-b40e-9f9b4516eaf3,5865,sophus,3.14.9,0,1,414,2,,
b413307f-d5c0-42a0-b40e-9f9b4516eaf3,5866,:,3.14.9,,4,414,,,
b413307f-d5c0-42a0-b40e-9f9b4516eaf3,5867,Cito,3.14.10,0,1,414,3,,
b413307f-d5c0-42a0-b40e-9f9b4516eaf3,5868,rumpes,3.14.10,0,1,414,4,,
b413307f-d5c0-42a0-b40e-9f9b4516eaf3,5869,arcum,3.14.10,0,1,414,5,,
b413307f-d5c0-42a0-b40e-9f9b4516eaf3,5870,semper,3.14.10,0,1,414,6,,
b413307f-d5c0-42a0-b40e-9f9b4516eaf3,5871,si,3.14.10,0,1,414,7,,
b413307f-d5c0-42a0-b40e-9f9b4516eaf3,5872,tensum,3.14.10,0,1,414,8,,
b413307f-d5c0-42a0-b40e-9f9b4516eaf3,5873,habueris,3.14.10,0,1,414,9,,
b413307f-d5c0-42a0-b40e-9f9b4516eaf3,5874,;,3.14.10,,4,414,,,
b413307f-d5c0-42a0-b40e-9f9b4516eaf3,5875,At,3.14.11,0,1,414,10,,
b413307f-d5c0-42a0-b40e-9f9b4516eaf3,5876,si,3.14.11,0,1,414,11,,
b413307f-d5c0-42a0-b40e-9f9b4516eaf3,5877,laxaris,3.14.11,0,1,414,12,,
b413307f-d5c0-42a0-b40e-9f9b4516eaf3,5878,",",3.14.11,,4,414,,,
b413307f-d5c0-42a0-b40e-9f9b4516eaf3,5879,cum,3.14.11,0,1,414,13,,
b413307f-d5c0-42a0-b40e-9f9b4516eaf3,5880,voles,3.14.11,0,1,414,14,,
b413307f-d5c0-42a0-b40e-9f9b4516eaf3,5881,erit,3.14.11,0,1,414,15,,
b413307f-d5c0-42a0-b40e-9f9b4516eaf3,5882,utilis,3.14.11,0,1,414,16,,
b413307f-d5c0-42a0-b40e-9f9b4516eaf3,5883,.,3.14.11,,4,414,,,
b413307f-d5c0-42a0-b40e-9f9b4516eaf3,5884,Sic,3.14.12,0,1,415,0,,
b413307f-d5c0-42a0-b40e-9f9b4516eaf3,5885,lusus,3.14.12,0,1,415,1,,
b413307f-d5c0-42a0-b40e-9f9b4516eaf3,5886,animo,3.14.12,0,1,415,2,,
b413307f-d5c0-42a0-b40e-9f9b4516eaf3,5887,debent,3.14.12,0,1,415,3,,
b413307f-d5c0-42a0-b40e-9f9b4516eaf3,5888,aliquando,3.14.12,0,1,415,4,,
b413307f-d5c0-42a0-b40e-9f9b4516eaf3,5889,dari,3.14.12,0,1,415,5,,
b413307f-d5c0-42a0-b40e-9f9b4516eaf3,5890,",",3.14.12,,4,415,,,
b413307f-d5c0-42a0-b40e-9f9b4516eaf3,5891,Ad,3.14.13,0,1,415,6,,
b413307f-d5c0-42a0-b40e-9f9b4516eaf3,5892,cogitandum,3.14.13,0,1,415,7,,
b413307f-d5c0-42a0-b40e-9f9b4516eaf3,5893,melior,3.14.13,0,1,415,8,,
b413307f-d5c0-42a0-b40e-9f9b4516eaf3,5894,ut,3.14.13,0,1,415,9,,
b413307f-d5c0-42a0-b40e-9f9b4516eaf3,5895,redeat,3.14.13,0,1,415,10,,
b413307f-d5c0-42a0-b40e-9f9b4516eaf3,5896,tibi,3.14.13,0,1,415,11,,
b413307f-d5c0-42a0-b40e-9f9b4516eaf3,5897,.,3.14.13,,4,415,,,
b413307f-d5c0-42a0-b40e-9f9b4516eaf3,5898,Canis,3.15,2,1,416,0,,
b413307f-d5c0-42a0-b40e-9f9b4516eaf3,5899,ad,3.15,0,1,416,1,,
b413307f-d5c0-42a0-b40e-9f9b4516eaf3,5900,agnum,3.15,0,1,416,2,,
b413307f-d5c0-42a0-b40e-9f9b4516eaf3,5901,.,3.15,,4,416,,,
b413307f-d5c0-42a0-b40e-9f9b4516eaf3,5902,Inter,3.15.1,0,1,417,0,,
b413307f-d5c0-42a0-b40e-9f9b4516eaf3,5903,capellas,3.15.1,0,1,417,1,,
b413307f-d5c0-42a0-b40e-9f9b4516eaf3,5904,agno,3.15.1,0,1,417,2,,
b413307f-d5c0-42a0-b40e-9f9b4516eaf3,5905,balanti,3.15.1,0,1,417,3,,
b413307f-d5c0-42a0-b40e-9f9b4516eaf3,5906,canis,3.15.1,0,1,417,4,,
b413307f-d5c0-42a0-b40e-9f9b4516eaf3,5907,:,3.15.1,,4,417,,,
b413307f-d5c0-42a0-b40e-9f9b4516eaf3,5908,Stulte,3.15.2,0,1,417,5,,
b413307f-d5c0-42a0-b40e-9f9b4516eaf3,5909,",",3.15.2,,4,417,,,
b413307f-d5c0-42a0-b40e-9f9b4516eaf3,5910,inquit,3.15.2,0,1,417,6,,
b413307f-d5c0-42a0-b40e-9f9b4516eaf3,5911,erras,3.15.2,0,1,417,7,,
b413307f-d5c0-42a0-b40e-9f9b4516eaf3,5912,;,3.15.2,,4,417,,,
b413307f-d5c0-42a0-b40e-9f9b4516eaf3,5913,non,3.15.2,0,1,417,8,,
b413307f-d5c0-42a0-b40e-9f9b4516eaf3,5914,est,3.15.2,0,1,417,9,,
b413307f-d5c0-42a0-b40e-9f9b4516eaf3,5915,hic,3.15.2,0,1,417,10,,
b413307f-d5c0-42a0-b40e-9f9b4516eaf3,5916,mater,3.15.2,0,1,417,11,,
b413307f-d5c0-42a0-b40e-9f9b4516eaf3,5917,tua,3.15.2,0,1,417,12,,
b413307f-d5c0-42a0-b40e-9f9b4516eaf3,5918,;,3.15.2,,4,417,,,
b413307f-d5c0-42a0-b40e-9f9b4516eaf3,5919,Ovesque,3.15.3,0,1,417,13,,
b413307f-d5c0-42a0-b40e-9f9b4516eaf3,5920,segregatas,3.15.3,0,1,417,14,,
b413307f-d5c0-42a0-b40e-9f9b4516eaf3,5921,ostendit,3.15.3,0,1,417,15,,
b413307f-d5c0-42a0-b40e-9f9b4516eaf3,5922,procul,3.15.3,0,1,417,16,,
b413307f-d5c0-42a0-b40e-9f9b4516eaf3,5923,.,3.15.3,,4,417,,,
b413307f-d5c0-42a0-b40e-9f9b4516eaf3,5924,Non,3.15.4,0,1,418,0,,
b413307f-d5c0-42a0-b40e-9f9b4516eaf3,5925,illam,3.15.4,0,1,418,1,,
b413307f-d5c0-42a0-b40e-9f9b4516eaf3,5926,quaero,3.15.4,0,1,418,2,,
b413307f-d5c0-42a0-b40e-9f9b4516eaf3,5927,",",3.15.4,,4,418,,,
b413307f-d5c0-42a0-b40e-9f9b4516eaf3,5928,quae,3.15.4,0,1,418,3,,
b413307f-d5c0-42a0-b40e-9f9b4516eaf3,5929,",",3.15.4,,4,418,,,
b413307f-d5c0-42a0-b40e-9f9b4516eaf3,5930,cum,3.15.4,0,1,418,4,,
b413307f-d5c0-42a0-b40e-9f9b4516eaf3,5931,libitum,3.15.4,0,1,418,5,,
b413307f-d5c0-42a0-b40e-9f9b4516eaf3,5932,est,3.15.4,0,1,418,6,,
b413307f-d5c0-42a0-b40e-9f9b4516eaf3,5933,",",3.15.4,,4,418,,,
b413307f-d5c0-42a0-b40e-9f9b4516eaf3,5934,concipit,3.15.4,0,1,418,7,,
b413307f-d5c0-42a0-b40e-9f9b4516eaf3,5935,",",3.15.4,,4,418,,,
b413307f-d5c0-42a0-b40e-9f9b4516eaf3,5936,Dein,3.15.5,0,1,418,8,,
b413307f-d5c0-42a0-b40e-9f9b4516eaf3,5937,portat,3.15.5,0,1,418,9,,
b413307f-d5c0-42a0-b40e-9f9b4516eaf3,5938,onus,3.15.5,0,1,418,10,,
b413307f-d5c0-42a0-b40e-9f9b4516eaf3,5939,ignotum,3.15.5,0,1,418,11,,
b413307f-d5c0-42a0-b40e-9f9b4516eaf3,5940,certis,3.15.5,0,1,418,12,,
b413307f-d5c0-42a0-b40e-9f9b4516eaf3,5941,mensibus,3.15.5,0,1,418,13,,
b413307f-d5c0-42a0-b40e-9f9b4516eaf3,5942,",",3.15.5,,4,418,,,
b413307f-d5c0-42a0-b40e-9f9b4516eaf3,5943,Novissime,3.15.6,0,1,418,14,,
b413307f-d5c0-42a0-b40e-9f9b4516eaf3,5944,prolapsam,3.15.6,0,1,418,15,,
b413307f-d5c0-42a0-b40e-9f9b4516eaf3,5945,effundit,3.15.6,0,1,418,16,,
b413307f-d5c0-42a0-b40e-9f9b4516eaf3,5946,sarcinam,3.15.6,0,1,418,17,,
b413307f-d5c0-42a0-b40e-9f9b4516eaf3,5947,;,3.15.6,,4,418,,,
b413307f-d5c0-42a0-b40e-9f9b4516eaf3,5948,Verum,3.15.7,0,1,418,18,,
b413307f-d5c0-42a0-b40e-9f9b4516eaf3,5949,illam,3.15.7,0,1,418,19,,
b413307f-d5c0-42a0-b40e-9f9b4516eaf3,5950,",",3.15.7,,4,418,,,
b413307f-d5c0-42a0-b40e-9f9b4516eaf3,5951,quae,3.15.7,0,1,418,20,,
b413307f-d5c0-42a0-b40e-9f9b4516eaf3,5952,me,3.15.7,0,1,418,21,,
b413307f-d5c0-42a0-b40e-9f9b4516eaf3,5953,nutrit,3.15.7,0,1,418,22,,
b413307f-d5c0-42a0-b40e-9f9b4516eaf3,5954,admoto,3.15.7,0,1,418,23,,
b413307f-d5c0-42a0-b40e-9f9b4516eaf3,5955,ubere,3.15.7,0,1,418,24,,
b413307f-d5c0-42a0-b40e-9f9b4516eaf3,5956,Fraudatque,3.15.8,0,1,418,25,,
b413307f-d5c0-42a0-b40e-9f9b4516eaf3,5957,natos,3.15.8,0,1,418,26,,
b413307f-d5c0-42a0-b40e-9f9b4516eaf3,5958,lacte,3.15.8,0,1,418,27,,
b413307f-d5c0-42a0-b40e-9f9b4516eaf3,5959,",",3.15.8,,4,418,,,
b413307f-d5c0-42a0-b40e-9f9b4516eaf3,5960,ne,3.15.8,0,1,418,28,,
b413307f-d5c0-42a0-b40e-9f9b4516eaf3,5961,desit,3.15.8,0,1,418,29,,
b413307f-d5c0-42a0-b40e-9f9b4516eaf3,5962,mihi,3.15.8,0,1,418,30,,
b413307f-d5c0-42a0-b40e-9f9b4516eaf3,5963,.,3.15.8,,4,418,,,
b413307f-d5c0-42a0-b40e-9f9b4516eaf3,5964,Tamen,3.15.9,0,1,419,0,,
b413307f-d5c0-42a0-b40e-9f9b4516eaf3,5965,illa,3.15.9,0,1,419,1,,
b413307f-d5c0-42a0-b40e-9f9b4516eaf3,5966,est,3.15.9,0,1,419,2,,
b413307f-d5c0-42a0-b40e-9f9b4516eaf3,5967,potior,3.15.9,0,1,419,3,,
b413307f-d5c0-42a0-b40e-9f9b4516eaf3,5968,quae,3.15.9,0,1,419,4,,
b413307f-d5c0-42a0-b40e-9f9b4516eaf3,5969,te,3.15.9,0,1,419,5,,
b413307f-d5c0-42a0-b40e-9f9b4516eaf3,5970,peperit,3.15.9,0,1,419,6,,
b413307f-d5c0-42a0-b40e-9f9b4516eaf3,5971,.,3.15.9,,4,419,,,
b413307f-d5c0-42a0-b40e-9f9b4516eaf3,5972,Non,3.15.9,0,1,420,0,,
b413307f-d5c0-42a0-b40e-9f9b4516eaf3,5973,ita,3.15.9,0,1,420,1,,
b413307f-d5c0-42a0-b40e-9f9b4516eaf3,5974,est,3.15.9,0,1,420,2,,
b413307f-d5c0-42a0-b40e-9f9b4516eaf3,5975,.,3.15.9,,4,420,,,
b413307f-d5c0-42a0-b40e-9f9b4516eaf3,5976,Unde,3.15.10,0,1,421,0,,
b413307f-d5c0-42a0-b40e-9f9b4516eaf3,5977,illa,3.15.10,0,1,421,1,,
b413307f-d5c0-42a0-b40e-9f9b4516eaf3,5978,scivit,3.15.10,0,1,421,2,,
b413307f-d5c0-42a0-b40e-9f9b4516eaf3,5979,niger,3.15.10,0,1,421,3,,
b413307f-d5c0-42a0-b40e-9f9b4516eaf3,5980,an,3.15.10,0,1,421,4,,
b413307f-d5c0-42a0-b40e-9f9b4516eaf3,5981,albus,3.15.10,0,1,421,5,,
b413307f-d5c0-42a0-b40e-9f9b4516eaf3,5982,nascerer,3.15.10,0,1,421,6,,
b413307f-d5c0-42a0-b40e-9f9b4516eaf3,5983,?,3.15.10,,4,421,,,
b413307f-d5c0-42a0-b40e-9f9b4516eaf3,5984,Age,3.15.11,0,1,422,0,,
b413307f-d5c0-42a0-b40e-9f9b4516eaf3,5985,porro,3.15.11,0,1,422,1,,
b413307f-d5c0-42a0-b40e-9f9b4516eaf3,5986,:,3.15.11,,4,422,,,
b413307f-d5c0-42a0-b40e-9f9b4516eaf3,5987,parere,3.15.11,0,1,422,2,,
b413307f-d5c0-42a0-b40e-9f9b4516eaf3,5988,si,3.15.11,0,1,422,3,,
b413307f-d5c0-42a0-b40e-9f9b4516eaf3,5989,voluisset,3.15.11,0,1,422,4,,
b413307f-d5c0-42a0-b40e-9f9b4516eaf3,5990,feminam,3.15.11,0,1,422,5,,
b413307f-d5c0-42a0-b40e-9f9b4516eaf3,5991,",",3.15.11,,4,422,,,
b413307f-d5c0-42a0-b40e-9f9b4516eaf3,5992,Quid,3.15.12,0,1,422,6,,
b413307f-d5c0-42a0-b40e-9f9b4516eaf3,5993,profecisset,3.15.12,0,1,422,7,,
b413307f-d5c0-42a0-b40e-9f9b4516eaf3,5994,",",3.15.12,,4,422,,,
b413307f-d5c0-42a0-b40e-9f9b4516eaf3,5995,cum,3.15.12,0,1,422,8,,
b413307f-d5c0-42a0-b40e-9f9b4516eaf3,5996,crearer,3.15.12,0,1,422,9,,
b413307f-d5c0-42a0-b40e-9f9b4516eaf3,5997,masculus,3.15.12,0,1,422,10,,
b413307f-d5c0-42a0-b40e-9f9b4516eaf3,5998,?,3.15.12,,4,422,,,
b413307f-d5c0-42a0-b40e-9f9b4516eaf3,5999,Beneficium,3.15.13,0,1,423,0,,
b413307f-d5c0-42a0-b40e-9f9b4516eaf3,6000,sane,3.15.13,0,1,423,1,,
b413307f-d5c0-42a0-b40e-9f9b4516eaf3,6001,magnum,3.15.13,0,1,423,2,,
b413307f-d5c0-42a0-b40e-9f9b4516eaf3,6002,natali,3.15.13,0,1,423,3,,
b413307f-d5c0-42a0-b40e-9f9b4516eaf3,6003,dedit,3.15.13,0,1,423,4,,
b413307f-d5c0-42a0-b40e-9f9b4516eaf3,6004,",",3.15.13,,4,423,,,
b413307f-d5c0-42a0-b40e-9f9b4516eaf3,6005,Ut,3.15.14,0,1,423,5,,
b413307f-d5c0-42a0-b40e-9f9b4516eaf3,6006,exspectarem,3.15.14,0,1,423,6,,
b413307f-d5c0-42a0-b40e-9f9b4516eaf3,6007,lanium,3.15.14,0,1,423,7,,
b413307f-d5c0-42a0-b40e-9f9b4516eaf3,6008,in,3.15.14,0,1,423,8,,
b413307f-d5c0-42a0-b40e-9f9b4516eaf3,6009,horas,3.15.14,0,1,423,9,,
b413307f-d5c0-42a0-b40e-9f9b4516eaf3,6010,singulas,3.15.14,0,1,423,10,,
b413307f-d5c0-42a0-b40e-9f9b4516eaf3,6011,!,3.15.14,,4,423,,,
b413307f-d5c0-42a0-b40e-9f9b4516eaf3,6012,Cuius,3.15.15,0,1,424,0,,
b413307f-d5c0-42a0-b40e-9f9b4516eaf3,6013,potestas,3.15.15,0,1,424,1,,
b413307f-d5c0-42a0-b40e-9f9b4516eaf3,6014,nulla,3.15.15,0,1,424,2,,
b413307f-d5c0-42a0-b40e-9f9b4516eaf3,6015,in,3.15.15,0,1,424,3,,
b413307f-d5c0-42a0-b40e-9f9b4516eaf3,6016,gignendo,3.15.15,0,1,424,4,,
b413307f-d5c0-42a0-b40e-9f9b4516eaf3,6017,fuit,3.15.15,0,1,424,5,,
b413307f-d5c0-42a0-b40e-9f9b4516eaf3,6018,",",3.15.15,,4,424,,,
b413307f-d5c0-42a0-b40e-9f9b4516eaf3,6019,Cur,3.15.16,0,1,424,6,,
b413307f-d5c0-42a0-b40e-9f9b4516eaf3,6020,hac,3.15.16,0,1,424,7,,
b413307f-d5c0-42a0-b40e-9f9b4516eaf3,6021,sit,3.15.16,0,1,424,8,,
b413307f-d5c0-42a0-b40e-9f9b4516eaf3,6022,potior,3.15.16,0,1,424,9,,
b413307f-d5c0-42a0-b40e-9f9b4516eaf3,6023,quae,3.15.16,0,1,424,10,,
b413307f-d5c0-42a0-b40e-9f9b4516eaf3,6024,iacentis,3.15.16,0,1,424,11,,
b413307f-d5c0-42a0-b40e-9f9b4516eaf3,6025,miserita,3.15.16,0,1,424,12,,
b413307f-d5c0-42a0-b40e-9f9b4516eaf3,6026,est,3.15.16,0,1,424,13,,
b413307f-d5c0-42a0-b40e-9f9b4516eaf3,6027,Dulcemque,3.15.17,0,1,424,14,,
b413307f-d5c0-42a0-b40e-9f9b4516eaf3,6028,sponte,3.15.17,0,1,424,15,,
b413307f-d5c0-42a0-b40e-9f9b4516eaf3,6029,praestat,3.15.17,0,1,424,16,,
b413307f-d5c0-42a0-b40e-9f9b4516eaf3,6030,benevolentiam,3.15.17,0,1,424,17,,
b413307f-d5c0-42a0-b40e-9f9b4516eaf3,6031,?,3.15.17,,4,424,,,
b413307f-d5c0-42a0-b40e-9f9b4516eaf3,6032,Facit,3.15.18,0,1,425,0,,
b413307f-d5c0-42a0-b40e-9f9b4516eaf3,6033,parentes,3.15.18,0,1,425,1,,
b413307f-d5c0-42a0-b40e-9f9b4516eaf3,6034,bonitas,3.15.18,0,1,425,2,,
b413307f-d5c0-42a0-b40e-9f9b4516eaf3,6035,",",3.15.18,,4,425,,,
b413307f-d5c0-42a0-b40e-9f9b4516eaf3,6036,non,3.15.18,0,1,425,3,,
b413307f-d5c0-42a0-b40e-9f9b4516eaf3,6037,necessitas,3.15.18,0,1,425,4,,
b413307f-d5c0-42a0-b40e-9f9b4516eaf3,6038,.,3.15.18,,4,425,,,
b413307f-d5c0-42a0-b40e-9f9b4516eaf3,6039,His,3.15.19,0,1,426,0,,
b413307f-d5c0-42a0-b40e-9f9b4516eaf3,6040,demonstrare,3.15.19,0,1,426,1,,
b413307f-d5c0-42a0-b40e-9f9b4516eaf3,6041,voluit,3.15.19,0,1,426,2,,
b413307f-d5c0-42a0-b40e-9f9b4516eaf3,6042,auctor,3.15.19,0,1,426,3,,
b413307f-d5c0-42a0-b40e-9f9b4516eaf3,6043,versibus,3.15.19,0,1,426,4,,
b413307f-d5c0-42a0-b40e-9f9b4516eaf3,6044,Obsistere,3.15.20,0,1,426,5,,
b413307f-d5c0-42a0-b40e-9f9b4516eaf3,6045,homines,3.15.20,0,1,426,6,,
b413307f-d5c0-42a0-b40e-9f9b4516eaf3,6046,legibus,3.15.20,0,1,426,7,,
b413307f-d5c0-42a0-b40e-9f9b4516eaf3,6047,",",3.15.20,,4,426,,,
b413307f-d5c0-42a0-b40e-9f9b4516eaf3,6048,meritis,3.15.20,0,1,426,8,,
b413307f-d5c0-42a0-b40e-9f9b4516eaf3,6049,capi,3.15.20,0,1,426,9,,
b413307f-d5c0-42a0-b40e-9f9b4516eaf3,6050,.,3.15.20,,4,426,,,
b413307f-d5c0-42a0-b40e-9f9b4516eaf3,6051,Cicada,3.16,0,1,427,0,,
b413307f-d5c0-42a0-b40e-9f9b4516eaf3,6052,et,3.16,0,1,427,1,,
b413307f-d5c0-42a0-b40e-9f9b4516eaf3,6053,noctua,3.16,0,1,427,2,,
b413307f-d5c0-42a0-b40e-9f9b4516eaf3,6054,.,3.16,,4,427,,,
b413307f-d5c0-42a0-b40e-9f9b4516eaf3,6055,Humanitati,3.16.1,0,1,428,0,,
b413307f-d5c0-42a0-b40e-9f9b4516eaf3,6056,qui,3.16.1,0,1,428,1,,
b413307f-d5c0-42a0-b40e-9f9b4516eaf3,6057,se,3.16.1,0,1,428,2,,
b413307f-d5c0-42a0-b40e-9f9b4516eaf3,6058,non,3.16.1,0,1,428,3,,
b413307f-d5c0-42a0-b40e-9f9b4516eaf3,6059,accommodat,3.16.1,0,1,428,4,,
b413307f-d5c0-42a0-b40e-9f9b4516eaf3,6060,",",3.16.1,,4,428,,,
b413307f-d5c0-42a0-b40e-9f9b4516eaf3,6061,Plerumque,3.16.2,0,1,428,5,,
b413307f-d5c0-42a0-b40e-9f9b4516eaf3,6062,poenas,3.16.2,0,1,428,6,,
b413307f-d5c0-42a0-b40e-9f9b4516eaf3,6063,oppetit,3.16.2,0,1,428,7,,
b413307f-d5c0-42a0-b40e-9f9b4516eaf3,6064,superbiae,3.16.2,0,1,428,8,,
b413307f-d5c0-42a0-b40e-9f9b4516eaf3,6065,.,3.16.2,,4,428,,,
b413307f-d5c0-42a0-b40e-9f9b4516eaf3,6066,Cicada,3.16.3,0,1,429,0,,
b413307f-d5c0-42a0-b40e-9f9b4516eaf3,6067,acerbum,3.16.3,0,1,429,1,,
b413307f-d5c0-42a0-b40e-9f9b4516eaf3,6068,noctuae,3.16.3,0,1,429,2,,
b413307f-d5c0-42a0-b40e-9f9b4516eaf3,6069,convicium,3.16.3,0,1,429,3,,
b413307f-d5c0-42a0-b40e-9f9b4516eaf3,6070,Faciebat,3.16.4,0,1,429,4,,
b413307f-d5c0-42a0-b40e-9f9b4516eaf3,6071,",",3.16.4,,4,429,,,
b413307f-d5c0-42a0-b40e-9f9b4516eaf3,6072,solitae,3.16.4,0,1,429,5,,
b413307f-d5c0-42a0-b40e-9f9b4516eaf3,6073,victum,3.16.4,0,1,429,6,,
b413307f-d5c0-42a0-b40e-9f9b4516eaf3,6074,in,3.16.4,0,1,429,7,,
b413307f-d5c0-42a0-b40e-9f9b4516eaf3,6075,tenebris,3.16.4,0,1,429,8,,
b413307f-d5c0-42a0-b40e-9f9b4516eaf3,6076,quaerere,3.16.4,0,1,429,9,,
b413307f-d5c0-42a0-b40e-9f9b4516eaf3,6077,Cavoque,3.16.5,0,1,429,10,,
b413307f-d5c0-42a0-b40e-9f9b4516eaf3,6078,ramo,3.16.5,0,1,429,11,,
b413307f-d5c0-42a0-b40e-9f9b4516eaf3,6079,capere,3.16.5,0,1,429,12,,
b413307f-d5c0-42a0-b40e-9f9b4516eaf3,6080,somnum,3.16.5,0,1,429,13,,
b413307f-d5c0-42a0-b40e-9f9b4516eaf3,6081,interdiu,3.16.5,0,1,429,14,,
b413307f-d5c0-42a0-b40e-9f9b4516eaf3,6082,.,3.16.5,,4,429,,,
b413307f-d5c0-42a0-b40e-9f9b4516eaf3,6083,Rogata,3.16.6,0,1,430,0,,
b413307f-d5c0-42a0-b40e-9f9b4516eaf3,6084,est,3.16.6,0,1,430,1,,
b413307f-d5c0-42a0-b40e-9f9b4516eaf3,6085,ut,3.16.6,0,1,430,2,,
b413307f-d5c0-42a0-b40e-9f9b4516eaf3,6086,taceret,3.16.6,0,1,430,3,,
b413307f-d5c0-42a0-b40e-9f9b4516eaf3,6087,.,3.16.6,,4,430,,,
b413307f-d5c0-42a0-b40e-9f9b4516eaf3,6088,Multo,3.16.6,0,1,431,0,,
b413307f-d5c0-42a0-b40e-9f9b4516eaf3,6089,validius,3.16.6,0,1,431,1,,
b413307f-d5c0-42a0-b40e-9f9b4516eaf3,6090,Clamare,3.16.7,0,1,431,2,,
b413307f-d5c0-42a0-b40e-9f9b4516eaf3,6091,occepit,3.16.7,0,1,431,3,,
b413307f-d5c0-42a0-b40e-9f9b4516eaf3,6092,.,3.16.7,,4,431,,,
b413307f-d5c0-42a0-b40e-9f9b4516eaf3,6093,Rursus,3.16.7,0,1,432,0,,
b413307f-d5c0-42a0-b40e-9f9b4516eaf3,6094,admota,3.16.7,0,1,432,1,,
b413307f-d5c0-42a0-b40e-9f9b4516eaf3,6095,prece,3.16.7,0,1,432,2,,
b413307f-d5c0-42a0-b40e-9f9b4516eaf3,6096,Accensa,3.16.8,0,1,432,3,,
b413307f-d5c0-42a0-b40e-9f9b4516eaf3,6097,magis,3.16.8,0,1,432,4,,
b413307f-d5c0-42a0-b40e-9f9b4516eaf3,6098,est,3.16.8,0,1,432,5,,
b413307f-d5c0-42a0-b40e-9f9b4516eaf3,6099,.,3.16.8,,4,432,,,
b413307f-d5c0-42a0-b40e-9f9b4516eaf3,6100,Noctua,3.16.8,2,1,433,0,,
b413307f-d5c0-42a0-b40e-9f9b4516eaf3,6101,ut,3.16.8,0,1,433,1,,
b413307f-d5c0-42a0-b40e-9f9b4516eaf3,6102,vidit,3.16.8,0,1,433,2,,
b413307f-d5c0-42a0-b40e-9f9b4516eaf3,6103,sibi,3.16.8,0,1,433,3,,
b413307f-d5c0-42a0-b40e-9f9b4516eaf3,6104,Nullum,3.16.9,0,1,433,4,,
b413307f-d5c0-42a0-b40e-9f9b4516eaf3,6105,esse,3.16.9,0,1,433,5,,
b413307f-d5c0-42a0-b40e-9f9b4516eaf3,6106,auxilium,3.16.9,0,1,433,6,,
b413307f-d5c0-42a0-b40e-9f9b4516eaf3,6107,et,3.16.9,0,1,433,7,,
b413307f-d5c0-42a0-b40e-9f9b4516eaf3,6108,verba,3.16.9,0,1,433,8,,
b413307f-d5c0-42a0-b40e-9f9b4516eaf3,6109,contemni,3.16.9,0,1,433,9,,
b413307f-d5c0-42a0-b40e-9f9b4516eaf3,6110,sua,3.16.9,0,1,433,10,,
b413307f-d5c0-42a0-b40e-9f9b4516eaf3,6111,",",3.16.9,,4,433,,,
b413307f-d5c0-42a0-b40e-9f9b4516eaf3,6112,Hac,3.16.10,0,1,433,11,,
b413307f-d5c0-42a0-b40e-9f9b4516eaf3,6113,est,3.16.10,0,1,433,12,,
b413307f-d5c0-42a0-b40e-9f9b4516eaf3,6114,aggressa,3.16.10,0,1,433,13,,
b413307f-d5c0-42a0-b40e-9f9b4516eaf3,6115,garrulam,3.16.10,0,1,433,14,,
b413307f-d5c0-42a0-b40e-9f9b4516eaf3,6116,fallacia,3.16.10,0,1,433,15,,
b413307f-d5c0-42a0-b40e-9f9b4516eaf3,6117,:,3.16.10,,4,433,,,
b413307f-d5c0-42a0-b40e-9f9b4516eaf3,6118,Dormire,3.16.11,0,1,433,16,,
b413307f-d5c0-42a0-b40e-9f9b4516eaf3,6119,quia,3.16.11,0,1,433,17,,
b413307f-d5c0-42a0-b40e-9f9b4516eaf3,6120,me,3.16.11,0,1,433,18,,
b413307f-d5c0-42a0-b40e-9f9b4516eaf3,6121,non,3.16.11,0,1,433,19,,
b413307f-d5c0-42a0-b40e-9f9b4516eaf3,6122,sinunt,3.16.11,0,1,433,20,,
b413307f-d5c0-42a0-b40e-9f9b4516eaf3,6123,cantus,3.16.11,0,1,433,21,,
b413307f-d5c0-42a0-b40e-9f9b4516eaf3,6124,tui,3.16.11,0,1,433,22,,
b413307f-d5c0-42a0-b40e-9f9b4516eaf3,6125,",",3.16.11,,4,433,,,
b413307f-d5c0-42a0-b40e-9f9b4516eaf3,6126,Sonare,3.16.12,0,1,433,23,,
b413307f-d5c0-42a0-b40e-9f9b4516eaf3,6127,citharam,3.16.12,0,1,433,24,,
b413307f-d5c0-42a0-b40e-9f9b4516eaf3,6128,quos,3.16.12,0,1,433,25,,
b413307f-d5c0-42a0-b40e-9f9b4516eaf3,6129,putes,3.16.12,0,1,433,26,,
b413307f-d5c0-42a0-b40e-9f9b4516eaf3,6130,Apollinis,3.16.12,1,1,433,27,,
b413307f-d5c0-42a0-b40e-9f9b4516eaf3,6131,",",3.16.12,,4,433,,,
b413307f-d5c0-42a0-b40e-9f9b4516eaf3,6132,Potare,3.16.13,0,1,433,28,,
b413307f-d5c0-42a0-b40e-9f9b4516eaf3,6133,est,3.16.13,0,1,433,29,,
b413307f-d5c0-42a0-b40e-9f9b4516eaf3,6134,animus,3.16.13,0,1,433,30,,
b413307f-d5c0-42a0-b40e-9f9b4516eaf3,6135,nectar,3.16.13,0,1,433,31,,
b413307f-d5c0-42a0-b40e-9f9b4516eaf3,6136,",",3.16.13,,4,433,,,
b413307f-d5c0-42a0-b40e-9f9b4516eaf3,6137,quod,3.16.13,0,1,433,32,,
b413307f-d5c0-42a0-b40e-9f9b4516eaf3,6138,Pallas,3.16.13,1,1,433,33,,
b413307f-d5c0-42a0-b40e-9f9b4516eaf3,6139,mihi,3.16.13,0,1,433,34,,
b413307f-d5c0-42a0-b40e-9f9b4516eaf3,6140,Nuper,3.16.14,0,1,433,35,,
b413307f-d5c0-42a0-b40e-9f9b4516eaf3,6141,donavit,3.16.14,0,1,433,36,,
b413307f-d5c0-42a0-b40e-9f9b4516eaf3,6142,;,3.16.14,,4,433,,,
b413307f-d5c0-42a0-b40e-9f9b4516eaf3,6143,si,3.16.14,0,1,433,37,,
b413307f-d5c0-42a0-b40e-9f9b4516eaf3,6144,non,3.16.14,0,1,433,38,,
b413307f-d5c0-42a0-b40e-9f9b4516eaf3,6145,fastidis,3.16.14,0,1,433,39,,
b413307f-d5c0-42a0-b40e-9f9b4516eaf3,6146,",",3.16.14,,4,433,,,
b413307f-d5c0-42a0-b40e-9f9b4516eaf3,6147,veni,3.16.14,0,1,433,40,,
b413307f-d5c0-42a0-b40e-9f9b4516eaf3,6148,;,3.16.14,,4,433,,,
b413307f-d5c0-42a0-b40e-9f9b4516eaf3,6149,Una,3.16.15,0,1,433,41,,
b413307f-d5c0-42a0-b40e-9f9b4516eaf3,6150,bibamus,3.16.15,0,1,433,42,,
b413307f-d5c0-42a0-b40e-9f9b4516eaf3,6151,.,3.16.15,,4,433,,,
b413307f-d5c0-42a0-b40e-9f9b4516eaf3,6152,Illa,3.16.15,0,1,434,0,,
b413307f-d5c0-42a0-b40e-9f9b4516eaf3,6153,",",3.16.15,,4,434,,,
b413307f-d5c0-42a0-b40e-9f9b4516eaf3,6154,quae,3.16.15,0,1,434,1,,
b413307f-d5c0-42a0-b40e-9f9b4516eaf3,6155,arebat,3.16.15,0,1,434,2,,
b413307f-d5c0-42a0-b40e-9f9b4516eaf3,6156,siti,3.16.15,0,1,434,3,,
b413307f-d5c0-42a0-b40e-9f9b4516eaf3,6157,",",3.16.15,,4,434,,,
b413307f-d5c0-42a0-b40e-9f9b4516eaf3,6158,Simul,3.16.16,0,1,434,4,,
b413307f-d5c0-42a0-b40e-9f9b4516eaf3,6159,cognovit,3.16.16,0,1,434,5,,
b413307f-d5c0-42a0-b40e-9f9b4516eaf3,6160,vocem,3.16.16,0,1,434,6,,
b413307f-d5c0-42a0-b40e-9f9b4516eaf3,6161,laudari,3.16.16,0,1,434,7,,
b413307f-d5c0-42a0-b40e-9f9b4516eaf3,6162,suam,3.16.16,0,1,434,8,,
b413307f-d5c0-42a0-b40e-9f9b4516eaf3,6163,",",3.16.16,,4,434,,,
b413307f-d5c0-42a0-b40e-9f9b4516eaf3,6164,Cupide,3.16.17,0,1,434,9,,
b413307f-d5c0-42a0-b40e-9f9b4516eaf3,6165,advolavit,3.16.17,0,1,434,10,,
b413307f-d5c0-42a0-b40e-9f9b4516eaf3,6166,.,3.16.17,,4,434,,,
b413307f-d5c0-42a0-b40e-9f9b4516eaf3,6167,Noctua,3.16.17,2,1,435,0,,
b413307f-d5c0-42a0-b40e-9f9b4516eaf3,6168,egressa,3.16.17,0,1,435,1,,
b413307f-d5c0-42a0-b40e-9f9b4516eaf3,6169,e,3.16.17,0,1,435,2,,
b413307f-d5c0-42a0-b40e-9f9b4516eaf3,6170,cavo,3.16.17,0,1,435,3,,
b413307f-d5c0-42a0-b40e-9f9b4516eaf3,6171,Trepidantem,3.16.18,0,1,435,4,,
b413307f-d5c0-42a0-b40e-9f9b4516eaf3,6172,consectata,3.16.18,0,1,435,5,,
b413307f-d5c0-42a0-b40e-9f9b4516eaf3,6173,est,3.16.18,0,1,435,6,,
b413307f-d5c0-42a0-b40e-9f9b4516eaf3,6174,et,3.16.18,0,1,435,7,,
b413307f-d5c0-42a0-b40e-9f9b4516eaf3,6175,leto,3.16.18,0,1,435,8,,
b413307f-d5c0-42a0-b40e-9f9b4516eaf3,6176,dedit,3.16.18,0,1,435,9,,
b413307f-d5c0-42a0-b40e-9f9b4516eaf3,6177,.,3.16.18,,4,435,,,
b413307f-d5c0-42a0-b40e-9f9b4516eaf3,6178,Sic,3.16.19,0,1,436,0,,
b413307f-d5c0-42a0-b40e-9f9b4516eaf3,6179,viva,3.16.19,0,1,436,1,,
b413307f-d5c0-42a0-b40e-9f9b4516eaf3,6180,quod,3.16.19,0,1,436,2,,
b413307f-d5c0-42a0-b40e-9f9b4516eaf3,6181,negarat,3.16.19,0,1,436,3,,
b413307f-d5c0-42a0-b40e-9f9b4516eaf3,6182,tribuit,3.16.19,0,1,436,4,,
b413307f-d5c0-42a0-b40e-9f9b4516eaf3,6183,mortua,3.16.19,0,1,436,5,,
b413307f-d5c0-42a0-b40e-9f9b4516eaf3,6184,.,3.16.19,,4,436,,,
b413307f-d5c0-42a0-b40e-9f9b4516eaf3,6185,Arbores,3.17,0,1,437,0,,
b413307f-d5c0-42a0-b40e-9f9b4516eaf3,6186,in,3.17,0,1,437,1,,
b413307f-d5c0-42a0-b40e-9f9b4516eaf3,6187,deorum,3.17,0,1,437,2,,
b413307f-d5c0-42a0-b40e-9f9b4516eaf3,6188,tutela,3.17,0,1,437,3,,
b413307f-d5c0-42a0-b40e-9f9b4516eaf3,6189,.,3.17,,4,437,,,
b413307f-d5c0-42a0-b40e-9f9b4516eaf3,6190,Olim,3.17.1,0,1,438,0,,
b413307f-d5c0-42a0-b40e-9f9b4516eaf3,6191,quas,3.17.1,0,1,438,1,,
b413307f-d5c0-42a0-b40e-9f9b4516eaf3,6192,vellent,3.17.1,0,1,438,2,,
b413307f-d5c0-42a0-b40e-9f9b4516eaf3,6193,esse,3.17.1,0,1,438,3,,
b413307f-d5c0-42a0-b40e-9f9b4516eaf3,6194,in,3.17.1,0,1,438,4,,
b413307f-d5c0-42a0-b40e-9f9b4516eaf3,6195,tutela,3.17.1,0,1,438,5,,
b413307f-d5c0-42a0-b40e-9f9b4516eaf3,6196,sua,3.17.1,0,1,438,6,,
b413307f-d5c0-42a0-b40e-9f9b4516eaf3,6197,",",3.17.1,,4,438,,,
b413307f-d5c0-42a0-b40e-9f9b4516eaf3,6198,Divi,3.17.2,0,1,438,7,,
b413307f-d5c0-42a0-b40e-9f9b4516eaf3,6199,legerunt,3.17.2,0,1,438,8,,
b413307f-d5c0-42a0-b40e-9f9b4516eaf3,6200,arbores,3.17.2,0,1,438,9,,
b413307f-d5c0-42a0-b40e-9f9b4516eaf3,6201,.,3.17.2,,4,438,,,
b413307f-d5c0-42a0-b40e-9f9b4516eaf3,6202,Quercus,3.17.2,0,1,439,0,,
b413307f-d5c0-42a0-b40e-9f9b4516eaf3,6203,Iovi,3.17.2,1,1,439,1,,
b413307f-d5c0-42a0-b40e-9f9b4516eaf3,6204,Et,3.17.3,0,1,439,2,,
b413307f-d5c0-42a0-b40e-9f9b4516eaf3,6205,myrtus,3.17.3,0,1,439,3,,
b413307f-d5c0-42a0-b40e-9f9b4516eaf3,6206,Veneri,3.17.3,1,1,439,4,,
b413307f-d5c0-42a0-b40e-9f9b4516eaf3,6207,placuit,3.17.3,0,1,439,5,,
b413307f-d5c0-42a0-b40e-9f9b4516eaf3,6208,",",3.17.3,,4,439,,,
b413307f-d5c0-42a0-b40e-9f9b4516eaf3,6209,Phoebo,3.17.3,1,1,439,6,,
b413307f-d5c0-42a0-b40e-9f9b4516eaf3,6210,laurea,3.17.3,0,1,439,7,,
b413307f-d5c0-42a0-b40e-9f9b4516eaf3,6211,",",3.17.3,,4,439,,,
b413307f-d5c0-42a0-b40e-9f9b4516eaf3,6212,Pinus,3.17.4,0,1,439,8,,
b413307f-d5c0-42a0-b40e-9f9b4516eaf3,6213,Cybebae,3.17.4,1,1,439,9,,
b413307f-d5c0-42a0-b40e-9f9b4516eaf3,6214,",",3.17.4,,4,439,,,
b413307f-d5c0-42a0-b40e-9f9b4516eaf3,6215,populus,3.17.4,0,1,439,10,,
b413307f-d5c0-42a0-b40e-9f9b4516eaf3,6216,celsa,3.17.4,0,1,439,11,,
b413307f-d5c0-42a0-b40e-9f9b4516eaf3,6217,Herculi,3.17.4,1,1,439,12,,
b413307f-d5c0-42a0-b40e-9f9b4516eaf3,6218,.,3.17.4,,4,439,,,
b413307f-d5c0-42a0-b40e-9f9b4516eaf3,6219,Minerva,3.17.5,1,1,440,0,,
b413307f-d5c0-42a0-b40e-9f9b4516eaf3,6220,admirans,3.17.5,0,1,440,1,,
b413307f-d5c0-42a0-b40e-9f9b4516eaf3,6221,",",3.17.5,,4,440,,,
b413307f-d5c0-42a0-b40e-9f9b4516eaf3,6222,quare,3.17.5,0,1,440,2,,
b413307f-d5c0-42a0-b40e-9f9b4516eaf3,6223,steriles,3.17.5,0,1,440,3,,
b413307f-d5c0-42a0-b40e-9f9b4516eaf3,6224,sumerent,3.17.5,0,1,440,4,,
b413307f-d5c0-42a0-b40e-9f9b4516eaf3,6225,Interrogavit,3.17.6,0,1,440,5,,
b413307f-d5c0-42a0-b40e-9f9b4516eaf3,6226,.,3.17.6,,4,440,,,
b413307f-d5c0-42a0-b40e-9f9b4516eaf3,6227,Causam,3.17.6,0,1,441,0,,
b413307f-d5c0-42a0-b40e-9f9b4516eaf3,6228,dixit,3.17.6,0,1,441,1,,
b413307f-d5c0-42a0-b40e-9f9b4516eaf3,6229,Iuppiter,3.17.6,1,1,441,2,,
b413307f-d5c0-42a0-b40e-9f9b4516eaf3,6230,:,3.17.6,,4,441,,,
b413307f-d5c0-42a0-b40e-9f9b4516eaf3,6231,Honorem,3.17.7,0,1,441,3,,
b413307f-d5c0-42a0-b40e-9f9b4516eaf3,6232,fructu,3.17.7,0,1,441,4,,
b413307f-d5c0-42a0-b40e-9f9b4516eaf3,6233,ne,3.17.7,0,1,441,5,,
b413307f-d5c0-42a0-b40e-9f9b4516eaf3,6234,videamur,3.17.7,0,1,441,6,,
b413307f-d5c0-42a0-b40e-9f9b4516eaf3,6235,vendere,3.17.7,0,1,441,7,,
b413307f-d5c0-42a0-b40e-9f9b4516eaf3,6236,.,3.17.7,,4,441,,,
b413307f-d5c0-42a0-b40e-9f9b4516eaf3,6237,At,3.17.8,0,1,442,0,,
b413307f-d5c0-42a0-b40e-9f9b4516eaf3,6238,mehercules,3.17.8,0,1,442,1,,
b413307f-d5c0-42a0-b40e-9f9b4516eaf3,6239,narrabit,3.17.8,0,1,442,2,,
b413307f-d5c0-42a0-b40e-9f9b4516eaf3,6240,quod,3.17.8,0,1,442,3,,
b413307f-d5c0-42a0-b40e-9f9b4516eaf3,6241,quis,3.17.8,0,1,442,4,,
b413307f-d5c0-42a0-b40e-9f9b4516eaf3,6242,voluerit,3.17.8,0,1,442,5,,
b413307f-d5c0-42a0-b40e-9f9b4516eaf3,6243,",",3.17.8,,4,442,,,
b413307f-d5c0-42a0-b40e-9f9b4516eaf3,6244,Oliva,3.17.9,0,1,442,6,,
b413307f-d5c0-42a0-b40e-9f9b4516eaf3,6245,nobis,3.17.9,0,1,442,7,,
b413307f-d5c0-42a0-b40e-9f9b4516eaf3,6246,propter,3.17.9,0,1,442,8,,
b413307f-d5c0-42a0-b40e-9f9b4516eaf3,6247,fructum,3.17.9,0,1,442,9,,
b413307f-d5c0-42a0-b40e-9f9b4516eaf3,6248,est,3.17.9,0,1,442,10,,
b413307f-d5c0-42a0-b40e-9f9b4516eaf3,6249,gratior,3.17.9,0,1,442,11,,
b413307f-d5c0-42a0-b40e-9f9b4516eaf3,6250,.,3.17.9,,4,442,,,
b413307f-d5c0-42a0-b40e-9f9b4516eaf3,6251,Tunc,3.17.10,0,1,443,0,,
b413307f-d5c0-42a0-b40e-9f9b4516eaf3,6252,sic,3.17.10,0,1,443,1,,
b413307f-d5c0-42a0-b40e-9f9b4516eaf3,6253,deorum,3.17.10,0,1,443,2,,
b413307f-d5c0-42a0-b40e-9f9b4516eaf3,6254,genitor,3.17.10,0,1,443,3,,
b413307f-d5c0-42a0-b40e-9f9b4516eaf3,6255,atque,3.17.10,0,1,443,4,,
b413307f-d5c0-42a0-b40e-9f9b4516eaf3,6256,hominum,3.17.10,0,1,443,5,,
b413307f-d5c0-42a0-b40e-9f9b4516eaf3,6257,sator,3.17.10,0,1,443,6,,
b413307f-d5c0-42a0-b40e-9f9b4516eaf3,6258,:,3.17.10,,4,443,,,
b413307f-d5c0-42a0-b40e-9f9b4516eaf3,6259,O,3.17.11,0,1,443,7,,
b413307f-d5c0-42a0-b40e-9f9b4516eaf3,6260,nata,3.17.11,0,1,443,8,,
b413307f-d5c0-42a0-b40e-9f9b4516eaf3,6261,",",3.17.11,,4,443,,,
b413307f-d5c0-42a0-b40e-9f9b4516eaf3,6262,merito,3.17.11,0,1,443,9,,
b413307f-d5c0-42a0-b40e-9f9b4516eaf3,6263,sapiens,3.17.11,0,1,443,10,,
b413307f-d5c0-42a0-b40e-9f9b4516eaf3,6264,dicere,3.17.11,0,1,443,11,,
b413307f-d5c0-42a0-b40e-9f9b4516eaf3,6265,omnibus,3.17.11,0,1,443,12,,
b413307f-d5c0-42a0-b40e-9f9b4516eaf3,6266,!,3.17.11,,4,443,,,
b413307f-d5c0-42a0-b40e-9f9b4516eaf3,6267,Nisi,3.17.12,2,1,444,0,,
b413307f-d5c0-42a0-b40e-9f9b4516eaf3,6268,utile,3.17.12,0,1,444,1,,
b413307f-d5c0-42a0-b40e-9f9b4516eaf3,6269,est,3.17.12,0,1,444,2,,
b413307f-d5c0-42a0-b40e-9f9b4516eaf3,6270,quod,3.17.12,0,1,444,3,,
b413307f-d5c0-42a0-b40e-9f9b4516eaf3,6271,facimus,3.17.12,0,1,444,4,,
b413307f-d5c0-42a0-b40e-9f9b4516eaf3,6272,",",3.17.12,,4,444,,,
b413307f-d5c0-42a0-b40e-9f9b4516eaf3,6273,stulta,3.17.12,0,1,444,5,,
b413307f-d5c0-42a0-b40e-9f9b4516eaf3,6274,est,3.17.12,0,1,444,6,,
b413307f-d5c0-42a0-b40e-9f9b4516eaf3,6275,gloria,3.17.12,0,1,444,7,,
b413307f-d5c0-42a0-b40e-9f9b4516eaf3,6276,.,3.17.12,,4,444,,,
b413307f-d5c0-42a0-b40e-9f9b4516eaf3,6277,Nihil,3.17.13,0,1,445,0,,
b413307f-d5c0-42a0-b40e-9f9b4516eaf3,6278,agere,3.17.13,0,1,445,1,,
b413307f-d5c0-42a0-b40e-9f9b4516eaf3,6279,quod,3.17.13,0,1,445,2,,
b413307f-d5c0-42a0-b40e-9f9b4516eaf3,6280,non,3.17.13,0,1,445,3,,
b413307f-d5c0-42a0-b40e-9f9b4516eaf3,6281,prosit,3.17.13,0,1,445,4,,
b413307f-d5c0-42a0-b40e-9f9b4516eaf3,6282,fabella,3.17.13,0,1,445,5,,
b413307f-d5c0-42a0-b40e-9f9b4516eaf3,6283,admonet,3.17.13,0,1,445,6,,
b413307f-d5c0-42a0-b40e-9f9b4516eaf3,6284,.,3.17.13,,4,445,,,
b413307f-d5c0-42a0-b40e-9f9b4516eaf3,6285,Pavo,3.18,2,1,446,0,,
b413307f-d5c0-42a0-b40e-9f9b4516eaf3,6286,ad,3.18,0,1,446,1,,
b413307f-d5c0-42a0-b40e-9f9b4516eaf3,6287,Iunonem,3.18,1,1,446,2,,
b413307f-d5c0-42a0-b40e-9f9b4516eaf3,6288,de,3.18,0,1,446,3,,
b413307f-d5c0-42a0-b40e-9f9b4516eaf3,6289,voce,3.18,0,1,446,4,,
b413307f-d5c0-42a0-b40e-9f9b4516eaf3,6290,sua,3.18,0,1,446,5,,
b413307f-d5c0-42a0-b40e-9f9b4516eaf3,6291,.,3.18,,4,446,,,
b413307f-d5c0-42a0-b40e-9f9b4516eaf3,6292,Pavo,3.18.1,2,1,447,0,,
b413307f-d5c0-42a0-b40e-9f9b4516eaf3,6293,ad,3.18.1,0,1,447,1,,
b413307f-d5c0-42a0-b40e-9f9b4516eaf3,6294,Iunonem,3.18.1,1,1,447,2,,
b413307f-d5c0-42a0-b40e-9f9b4516eaf3,6295,venit,3.18.1,0,1,447,3,,
b413307f-d5c0-42a0-b40e-9f9b4516eaf3,6296,",",3.18.1,,4,447,,,
b413307f-d5c0-42a0-b40e-9f9b4516eaf3,6297,indigne,3.18.1,0,1,447,4,,
b413307f-d5c0-42a0-b40e-9f9b4516eaf3,6298,ferens,3.18.1,0,1,447,5,,
b413307f-d5c0-42a0-b40e-9f9b4516eaf3,6299,Cantus,3.18.2,0,1,447,6,,
b413307f-d5c0-42a0-b40e-9f9b4516eaf3,6300,luscinii,3.18.2,0,1,447,7,,
b413307f-d5c0-42a0-b40e-9f9b4516eaf3,6301,quod,3.18.2,0,1,447,8,,
b413307f-d5c0-42a0-b40e-9f9b4516eaf3,6302,sibi,3.18.2,0,1,447,9,,
b413307f-d5c0-42a0-b40e-9f9b4516eaf3,6303,non,3.18.2,0,1,447,10,,
b413307f-d5c0-42a0-b40e-9f9b4516eaf3,6304,tribuerit,3.18.2,0,1,447,11,,
b413307f-d5c0-42a0-b40e-9f9b4516eaf3,6305,;,3.18.2,,4,447,,,
b413307f-d5c0-42a0-b40e-9f9b4516eaf3,6306,Illum,3.18.3,0,1,447,12,,
b413307f-d5c0-42a0-b40e-9f9b4516eaf3,6307,esse,3.18.3,0,1,447,13,,
b413307f-d5c0-42a0-b40e-9f9b4516eaf3,6308,cunctis,3.18.3,0,1,447,14,,
b413307f-d5c0-42a0-b40e-9f9b4516eaf3,6309,avibus,3.18.3,0,1,447,15,,
b413307f-d5c0-42a0-b40e-9f9b4516eaf3,6310,admirabilem,3.18.3,0,1,447,16,,
b413307f-d5c0-42a0-b40e-9f9b4516eaf3,6311,",",3.18.3,,4,447,,,
b413307f-d5c0-42a0-b40e-9f9b4516eaf3,6312,Se,3.18.4,0,1,447,17,,
b413307f-d5c0-42a0-b40e-9f9b4516eaf3,6313,derideri,3.18.4,0,1,447,18,,
b413307f-d5c0-42a0-b40e-9f9b4516eaf3,6314,simul,3.18.4,0,1,447,19,,
b413307f-d5c0-42a0-b40e-9f9b4516eaf3,6315,ac,3.18.4,0,1,447,20,,
b413307f-d5c0-42a0-b40e-9f9b4516eaf3,6316,vocem,3.18.4,0,1,447,21,,
b413307f-d5c0-42a0-b40e-9f9b4516eaf3,6317,miserit,3.18.4,0,1,447,22,,
b413307f-d5c0-42a0-b40e-9f9b4516eaf3,6318,.,3.18.4,,4,447,,,
b413307f-d5c0-42a0-b40e-9f9b4516eaf3,6319,Tunc,3.18.5,0,1,448,0,,
b413307f-d5c0-42a0-b40e-9f9b4516eaf3,6320,consolandi,3.18.5,0,1,448,1,,
b413307f-d5c0-42a0-b40e-9f9b4516eaf3,6321,gratia,3.18.5,0,1,448,2,,
b413307f-d5c0-42a0-b40e-9f9b4516eaf3,6322,dixit,3.18.5,0,1,448,3,,
b413307f-d5c0-42a0-b40e-9f9b4516eaf3,6323,dea,3.18.5,0,1,448,4,,
b413307f-d5c0-42a0-b40e-9f9b4516eaf3,6324,:,3.18.5,,4,448,,,
b413307f-d5c0-42a0-b40e-9f9b4516eaf3,6325,Sed,3.18.6,0,1,448,5,,
b413307f-d5c0-42a0-b40e-9f9b4516eaf3,6326,forma,3.18.6,0,1,448,6,,
b413307f-d5c0-42a0-b40e-9f9b4516eaf3,6327,vincis,3.18.6,0,1,448,7,,
b413307f-d5c0-42a0-b40e-9f9b4516eaf3,6328,",",3.18.6,,4,448,,,
b413307f-d5c0-42a0-b40e-9f9b4516eaf3,6329,vincis,3.18.6,0,1,448,8,,
b413307f-d5c0-42a0-b40e-9f9b4516eaf3,6330,magnitudine,3.18.6,0,1,448,9,,
b413307f-d5c0-42a0-b40e-9f9b4516eaf3,6331,;,3.18.6,,4,448,,,
b413307f-d5c0-42a0-b40e-9f9b4516eaf3,6332,Nitor,3.18.7,0,1,448,10,,
b413307f-d5c0-42a0-b40e-9f9b4516eaf3,6333,smaragdi,3.18.7,0,1,448,11,,
b413307f-d5c0-42a0-b40e-9f9b4516eaf3,6334,collo,3.18.7,0,1,448,12,,
b413307f-d5c0-42a0-b40e-9f9b4516eaf3,6335,praefulget,3.18.7,0,1,448,13,,
b413307f-d5c0-42a0-b40e-9f9b4516eaf3,6336,tuo,3.18.7,0,1,448,14,,
b413307f-d5c0-42a0-b40e-9f9b4516eaf3,6337,Pictisque,3.18.8,2,1,448,15,que,
b413307f-d5c0-42a0-b40e-9f9b4516eaf3,6338,plumis,3.18.8,0,1,448,16,,
b413307f-d5c0-42a0-b40e-9f9b4516eaf3,6339,gemmeam,3.18.8,0,1,448,17,,
b413307f-d5c0-42a0-b40e-9f9b4516eaf3,6340,caudam,3.18.8,0,1,448,18,,
b413307f-d5c0-42a0-b40e-9f9b4516eaf3,6341,explicas,3.18.8,0,1,448,19,,
b413307f-d5c0-42a0-b40e-9f9b4516eaf3,6342,.,3.18.8,,4,448,,,
b413307f-d5c0-42a0-b40e-9f9b4516eaf3,6343,Quo,3.18.9,0,1,449,0,,
b413307f-d5c0-42a0-b40e-9f9b4516eaf3,6344,mi,3.18.9,0,1,449,1,,
b413307f-d5c0-42a0-b40e-9f9b4516eaf3,6345,inquit,3.18.9,0,1,449,2,,
b413307f-d5c0-42a0-b40e-9f9b4516eaf3,6346,mutam,3.18.9,0,1,449,3,,
b413307f-d5c0-42a0-b40e-9f9b4516eaf3,6347,speciem,3.18.9,0,1,449,4,,
b413307f-d5c0-42a0-b40e-9f9b4516eaf3,6348,",",3.18.9,,4,449,,,
b413307f-d5c0-42a0-b40e-9f9b4516eaf3,6349,si,3.18.9,0,1,449,5,,
b413307f-d5c0-42a0-b40e-9f9b4516eaf3,6350,vincor,3.18.9,0,1,449,6,,
b413307f-d5c0-42a0-b40e-9f9b4516eaf3,6351,sono,3.18.9,0,1,449,7,,
b413307f-d5c0-42a0-b40e-9f9b4516eaf3,6352,?,3.18.9,,4,449,,,
b413307f-d5c0-42a0-b40e-9f9b4516eaf3,6353,Fatorum,3.18.10,2,1,450,0,,
b413307f-d5c0-42a0-b40e-9f9b4516eaf3,6354,arbitrio,3.18.10,0,1,450,1,,
b413307f-d5c0-42a0-b40e-9f9b4516eaf3,6355,partes,3.18.10,0,1,450,2,,
b413307f-d5c0-42a0-b40e-9f9b4516eaf3,6356,sunt,3.18.10,0,1,450,3,,
b413307f-d5c0-42a0-b40e-9f9b4516eaf3,6357,vobis,3.18.10,0,1,450,4,,
b413307f-d5c0-42a0-b40e-9f9b4516eaf3,6358,datae,3.18.10,0,1,450,5,,
b413307f-d5c0-42a0-b40e-9f9b4516eaf3,6359,:,3.18.10,,4,450,,,
b413307f-d5c0-42a0-b40e-9f9b4516eaf3,6360,Tibi,3.18.11,0,1,450,6,,
b413307f-d5c0-42a0-b40e-9f9b4516eaf3,6361,forma,3.18.11,0,1,450,7,,
b413307f-d5c0-42a0-b40e-9f9b4516eaf3,6362,",",3.18.11,,4,450,,,
b413307f-d5c0-42a0-b40e-9f9b4516eaf3,6363,vires,3.18.11,0,1,450,8,,
b413307f-d5c0-42a0-b40e-9f9b4516eaf3,6364,aquilae,3.18.11,0,1,450,9,,
b413307f-d5c0-42a0-b40e-9f9b4516eaf3,6365,",",3.18.11,,4,450,,,
b413307f-d5c0-42a0-b40e-9f9b4516eaf3,6366,luscinio,3.18.11,0,1,450,10,,
b413307f-d5c0-42a0-b40e-9f9b4516eaf3,6367,melos,3.18.11,0,1,450,11,,
b413307f-d5c0-42a0-b40e-9f9b4516eaf3,6368,",",3.18.11,,4,450,,,
b413307f-d5c0-42a0-b40e-9f9b4516eaf3,6369,Augurium,3.18.12,0,1,450,12,,
b413307f-d5c0-42a0-b40e-9f9b4516eaf3,6370,corvo,3.18.12,0,1,450,13,,
b413307f-d5c0-42a0-b40e-9f9b4516eaf3,6371,",",3.18.12,,4,450,,,
b413307f-d5c0-42a0-b40e-9f9b4516eaf3,6372,laeva,3.18.12,0,1,450,14,,
b413307f-d5c0-42a0-b40e-9f9b4516eaf3,6373,cornici,3.18.12,0,1,450,15,,
b413307f-d5c0-42a0-b40e-9f9b4516eaf3,6374,omina,3.18.12,0,1,450,16,,
b413307f-d5c0-42a0-b40e-9f9b4516eaf3,6375,",",3.18.12,,4,450,,,
b413307f-d5c0-42a0-b40e-9f9b4516eaf3,6376,Omnesque,3.18.13,0,1,450,17,,
b413307f-d5c0-42a0-b40e-9f9b4516eaf3,6377,propriis,3.18.13,0,1,450,18,,
b413307f-d5c0-42a0-b40e-9f9b4516eaf3,6378,sunt,3.18.13,0,1,450,19,,
b413307f-d5c0-42a0-b40e-9f9b4516eaf3,6379,contentae,3.18.13,0,1,450,20,,
b413307f-d5c0-42a0-b40e-9f9b4516eaf3,6380,dotibus,3.18.13,0,1,450,21,,
b413307f-d5c0-42a0-b40e-9f9b4516eaf3,6381,.,3.18.13,,4,450,,,
b413307f-d5c0-42a0-b40e-9f9b4516eaf3,6382,Noli,3.18.14,0,1,451,0,,
b413307f-d5c0-42a0-b40e-9f9b4516eaf3,6383,affectare,3.18.14,0,1,451,1,,
b413307f-d5c0-42a0-b40e-9f9b4516eaf3,6384,quod,3.18.14,0,1,451,2,,
b413307f-d5c0-42a0-b40e-9f9b4516eaf3,6385,tibi,3.18.14,0,1,451,3,,
b413307f-d5c0-42a0-b40e-9f9b4516eaf3,6386,non,3.18.14,0,1,451,4,,
b413307f-d5c0-42a0-b40e-9f9b4516eaf3,6387,est,3.18.14,0,1,451,5,,
b413307f-d5c0-42a0-b40e-9f9b4516eaf3,6388,datum,3.18.14,0,1,451,6,,
b413307f-d5c0-42a0-b40e-9f9b4516eaf3,6389,",",3.18.14,,4,451,,,
b413307f-d5c0-42a0-b40e-9f9b4516eaf3,6390,Delusa,3.18.15,0,1,451,7,,
b413307f-d5c0-42a0-b40e-9f9b4516eaf3,6391,ne,3.18.15,0,1,451,8,,
b413307f-d5c0-42a0-b40e-9f9b4516eaf3,6392,spes,3.18.15,0,1,451,9,,
b413307f-d5c0-42a0-b40e-9f9b4516eaf3,6393,ad,3.18.15,0,1,451,10,,
b413307f-d5c0-42a0-b40e-9f9b4516eaf3,6394,querelam,3.18.15,0,1,451,11,,
b413307f-d5c0-42a0-b40e-9f9b4516eaf3,6395,reccidat,3.18.15,,1,451,12,,
b413307f-d5c0-42a0-b40e-9f9b4516eaf3,6396,.,3.18.15,,4,451,,,
b413307f-d5c0-42a0-b40e-9f9b4516eaf3,6397,Aesopus,3.19,1,1,452,0,,
b413307f-d5c0-42a0-b40e-9f9b4516eaf3,6398,respondet,3.19,0,1,452,1,,
b413307f-d5c0-42a0-b40e-9f9b4516eaf3,6399,garrulo,3.19,0,1,452,2,,
b413307f-d5c0-42a0-b40e-9f9b4516eaf3,6400,.,3.19,,4,452,,,
b413307f-d5c0-42a0-b40e-9f9b4516eaf3,6401,Aesopus,3.19.1,1,1,453,0,,
b413307f-d5c0-42a0-b40e-9f9b4516eaf3,6402,domino,3.19.1,0,1,453,1,,
b413307f-d5c0-42a0-b40e-9f9b4516eaf3,6403,solus,3.19.1,0,1,453,2,,
b413307f-d5c0-42a0-b40e-9f9b4516eaf3,6404,cum,3.19.1,0,1,453,3,,
b413307f-d5c0-42a0-b40e-9f9b4516eaf3,6405,esset,3.19.1,0,1,453,4,,
b413307f-d5c0-42a0-b40e-9f9b4516eaf3,6406,familia,3.19.1,0,1,453,5,,
b413307f-d5c0-42a0-b40e-9f9b4516eaf3,6407,",",3.19.1,,4,453,,,
b413307f-d5c0-42a0-b40e-9f9b4516eaf3,6408,Parare,3.19.2,0,1,453,6,,
b413307f-d5c0-42a0-b40e-9f9b4516eaf3,6409,cenam,3.19.2,0,1,453,7,,
b413307f-d5c0-42a0-b40e-9f9b4516eaf3,6410,iussus,3.19.2,0,1,453,8,,
b413307f-d5c0-42a0-b40e-9f9b4516eaf3,6411,est,3.19.2,0,1,453,9,,
b413307f-d5c0-42a0-b40e-9f9b4516eaf3,6412,maturius,3.19.2,0,1,453,10,,
b413307f-d5c0-42a0-b40e-9f9b4516eaf3,6413,.,3.19.2,,4,453,,,
b413307f-d5c0-42a0-b40e-9f9b4516eaf3,6414,Ignem,3.19.3,0,1,454,0,,
b413307f-d5c0-42a0-b40e-9f9b4516eaf3,6415,ergo,3.19.3,0,1,454,1,,
b413307f-d5c0-42a0-b40e-9f9b4516eaf3,6416,quaerens,3.19.3,0,1,454,2,,
b413307f-d5c0-42a0-b40e-9f9b4516eaf3,6417,aliquot,3.19.3,0,1,454,3,,
b413307f-d5c0-42a0-b40e-9f9b4516eaf3,6418,lustravit,3.19.3,0,1,454,4,,
b413307f-d5c0-42a0-b40e-9f9b4516eaf3,6419,domus,3.19.3,0,1,454,5,,
b413307f-d5c0-42a0-b40e-9f9b4516eaf3,6420,",",3.19.3,,4,454,,,
b413307f-d5c0-42a0-b40e-9f9b4516eaf3,6421,Tandemque,3.19.4,0,1,454,6,,
b413307f-d5c0-42a0-b40e-9f9b4516eaf3,6422,invenit,3.19.4,0,1,454,7,,
b413307f-d5c0-42a0-b40e-9f9b4516eaf3,6423,ubi,3.19.4,0,1,454,8,,
b413307f-d5c0-42a0-b40e-9f9b4516eaf3,6424,lucernam,3.19.4,0,1,454,9,,
b413307f-d5c0-42a0-b40e-9f9b4516eaf3,6425,accenderet,3.19.4,0,1,454,10,,
b413307f-d5c0-42a0-b40e-9f9b4516eaf3,6426,.,3.19.4,,4,454,,,
b413307f-d5c0-42a0-b40e-9f9b4516eaf3,6427,Tum,3.19.5,0,1,455,0,,
b413307f-d5c0-42a0-b40e-9f9b4516eaf3,6428,circumeunti,3.19.5,0,1,455,1,,
b413307f-d5c0-42a0-b40e-9f9b4516eaf3,6429,fuerat,3.19.5,0,1,455,2,,
b413307f-d5c0-42a0-b40e-9f9b4516eaf3,6430,quod,3.19.5,0,1,455,3,,
b413307f-d5c0-42a0-b40e-9f9b4516eaf3,6431,iter,3.19.5,0,1,455,4,,
b413307f-d5c0-42a0-b40e-9f9b4516eaf3,6432,longius,3.19.5,0,1,455,5,,
b413307f-d5c0-42a0-b40e-9f9b4516eaf3,6433,Effecit,3.19.6,0,1,455,6,,
b413307f-d5c0-42a0-b40e-9f9b4516eaf3,6434,brevius,3.19.6,0,1,455,7,,
b413307f-d5c0-42a0-b40e-9f9b4516eaf3,6435,:,3.19.6,,4,455,,,
b413307f-d5c0-42a0-b40e-9f9b4516eaf3,6436,namque,3.19.6,0,1,455,8,,
b413307f-d5c0-42a0-b40e-9f9b4516eaf3,6437,recta,3.19.6,0,1,455,9,,
b413307f-d5c0-42a0-b40e-9f9b4516eaf3,6438,per,3.19.6,0,1,455,10,,
b413307f-d5c0-42a0-b40e-9f9b4516eaf3,6439,forum,3.19.6,0,1,455,11,,
b413307f-d5c0-42a0-b40e-9f9b4516eaf3,6440,Coepit,3.19.7,0,1,455,12,,
b413307f-d5c0-42a0-b40e-9f9b4516eaf3,6441,redire,3.19.7,0,1,455,13,,
b413307f-d5c0-42a0-b40e-9f9b4516eaf3,6442,.,3.19.7,,4,455,,,
b413307f-d5c0-42a0-b40e-9f9b4516eaf3,6443,Et,3.19.7,0,1,456,0,,
b413307f-d5c0-42a0-b40e-9f9b4516eaf3,6444,quidam,3.19.7,0,1,456,1,,
b413307f-d5c0-42a0-b40e-9f9b4516eaf3,6445,e,3.19.7,0,1,456,2,,
b413307f-d5c0-42a0-b40e-9f9b4516eaf3,6446,turba,3.19.7,0,1,456,3,,
b413307f-d5c0-42a0-b40e-9f9b4516eaf3,6447,garrulus,3.19.7,0,1,456,4,,
b413307f-d5c0-42a0-b40e-9f9b4516eaf3,6448,:,3.19.7,,4,456,,,
b413307f-d5c0-42a0-b40e-9f9b4516eaf3,6449,Aesope,3.19.8,1,1,456,5,,
b413307f-d5c0-42a0-b40e-9f9b4516eaf3,6450,",",3.19.8,,4,456,,,
b413307f-d5c0-42a0-b40e-9f9b4516eaf3,6451,medio,3.19.8,0,1,456,6,,
b413307f-d5c0-42a0-b40e-9f9b4516eaf3,6452,sole,3.19.8,0,1,456,7,,
b413307f-d5c0-42a0-b40e-9f9b4516eaf3,6453,quid,3.19.8,0,1,456,8,,
b413307f-d5c0-42a0-b40e-9f9b4516eaf3,6454,cum,3.19.8,0,1,456,9,,
b413307f-d5c0-42a0-b40e-9f9b4516eaf3,6455,lumine,3.19.8,0,1,456,10,,
b413307f-d5c0-42a0-b40e-9f9b4516eaf3,6456,?,3.19.8,,4,456,,,
b413307f-d5c0-42a0-b40e-9f9b4516eaf3,6457,Hominem,3.19.9,0,1,457,0,,
b413307f-d5c0-42a0-b40e-9f9b4516eaf3,6458,inquit,3.19.9,0,1,457,1,,
b413307f-d5c0-42a0-b40e-9f9b4516eaf3,6459,quaero,3.19.9,0,1,457,2,,
b413307f-d5c0-42a0-b40e-9f9b4516eaf3,6460,",",3.19.9,,4,457,,,
b413307f-d5c0-42a0-b40e-9f9b4516eaf3,6461,et,3.19.9,0,1,457,3,,
b413307f-d5c0-42a0-b40e-9f9b4516eaf3,6462,abiit,3.19.9,0,1,457,4,,
b413307f-d5c0-42a0-b40e-9f9b4516eaf3,6463,festinans,3.19.9,0,1,457,5,,
b413307f-d5c0-42a0-b40e-9f9b4516eaf3,6464,domum,3.19.9,0,1,457,6,,
b413307f-d5c0-42a0-b40e-9f9b4516eaf3,6465,.,3.19.9,,4,457,,,
b413307f-d5c0-42a0-b40e-9f9b4516eaf3,6466,Hoc,3.19.10,0,1,458,0,,
b413307f-d5c0-42a0-b40e-9f9b4516eaf3,6467,si,3.19.10,0,1,458,1,,
b413307f-d5c0-42a0-b40e-9f9b4516eaf3,6468,molestus,3.19.10,0,1,458,2,,
b413307f-d5c0-42a0-b40e-9f9b4516eaf3,6469,ille,3.19.10,0,1,458,3,,
b413307f-d5c0-42a0-b40e-9f9b4516eaf3,6470,ad,3.19.10,0,1,458,4,,
b413307f-d5c0-42a0-b40e-9f9b4516eaf3,6471,animum,3.19.10,0,1,458,5,,
b413307f-d5c0-42a0-b40e-9f9b4516eaf3,6472,rettulit,3.19.10,0,1,458,6,,
b413307f-d5c0-42a0-b40e-9f9b4516eaf3,6473,",",3.19.10,,4,458,,,
b413307f-d5c0-42a0-b40e-9f9b4516eaf3,6474,Sensit,3.19.11,0,1,458,7,,
b413307f-d5c0-42a0-b40e-9f9b4516eaf3,6475,profecto,3.19.11,0,1,458,8,,
b413307f-d5c0-42a0-b40e-9f9b4516eaf3,6476,se,3.19.11,0,1,458,9,,
b413307f-d5c0-42a0-b40e-9f9b4516eaf3,6477,hominem,3.19.11,0,1,458,10,,
b413307f-d5c0-42a0-b40e-9f9b4516eaf3,6478,non,3.19.11,0,1,458,11,,
b413307f-d5c0-42a0-b40e-9f9b4516eaf3,6479,visum,3.19.11,0,1,458,12,,
b413307f-d5c0-42a0-b40e-9f9b4516eaf3,6480,seni,3.19.11,0,1,458,13,,
b413307f-d5c0-42a0-b40e-9f9b4516eaf3,6481,",",3.19.11,,4,458,,,
b413307f-d5c0-42a0-b40e-9f9b4516eaf3,6482,Intempestive,3.19.12,0,1,458,14,,
b413307f-d5c0-42a0-b40e-9f9b4516eaf3,6483,qui,3.19.12,0,1,458,15,,
b413307f-d5c0-42a0-b40e-9f9b4516eaf3,6484,occupato,3.19.12,0,1,458,16,,
b413307f-d5c0-42a0-b40e-9f9b4516eaf3,6485,alluserit,3.19.12,0,1,458,17,,
b413307f-d5c0-42a0-b40e-9f9b4516eaf3,6486,.,3.19.12,,4,458,,,
b413307f-d5c0-42a0-b40e-9f9b4516eaf3,6487,Poeta,3.epilogus,0,1,459,0,,
b413307f-d5c0-42a0-b40e-9f9b4516eaf3,6488,.,3.epilogus,,4,459,,,
b413307f-d5c0-42a0-b40e-9f9b4516eaf3,6489,Supersunt,3.epilogus.1,0,1,460,0,,
b413307f-d5c0-42a0-b40e-9f9b4516eaf3,6490,mihi,3.epilogus.1,0,1,460,1,,
b413307f-d5c0-42a0-b40e-9f9b4516eaf3,6491,quae,3.epilogus.1,0,1,460,2,,
b413307f-d5c0-42a0-b40e-9f9b4516eaf3,6492,scribam,3.epilogus.1,0,1,460,3,,
b413307f-d5c0-42a0-b40e-9f9b4516eaf3,6493,",",3.epilogus.1,,4,460,,,
b413307f-d5c0-42a0-b40e-9f9b4516eaf3,6494,sed,3.epilogus.1,0,1,460,4,,
b413307f-d5c0-42a0-b40e-9f9b4516eaf3,6495,parco,3.epilogus.1,0,1,460,5,,
b413307f-d5c0-42a0-b40e-9f9b4516eaf3,6496,sciens,3.epilogus.1,0,1,460,6,,
b413307f-d5c0-42a0-b40e-9f9b4516eaf3,6497,",",3.epilogus.1,,4,460,,,
b413307f-d5c0-42a0-b40e-9f9b4516eaf3,6498,Primum,3.epilogus.2,0,1,460,7,,
b413307f-d5c0-42a0-b40e-9f9b4516eaf3,6499,ne,3.epilogus.2,0,1,460,8,,
b413307f-d5c0-42a0-b40e-9f9b4516eaf3,6500,videar,3.epilogus.2,0,1,460,9,,
b413307f-d5c0-42a0-b40e-9f9b4516eaf3,6501,esse,3.epilogus.2,0,1,460,10,,
b413307f-d5c0-42a0-b40e-9f9b4516eaf3,6502,tibi,3.epilogus.2,0,1,460,11,,
b413307f-d5c0-42a0-b40e-9f9b4516eaf3,6503,molestior,3.epilogus.2,0,1,460,12,,
b413307f-d5c0-42a0-b40e-9f9b4516eaf3,6504,",",3.epilogus.2,,4,460,,,
b413307f-d5c0-42a0-b40e-9f9b4516eaf3,6505,Distringit,3.epilogus.3,0,1,460,13,,
b413307f-d5c0-42a0-b40e-9f9b4516eaf3,6506,quem,3.epilogus.3,0,1,460,14,,
b413307f-d5c0-42a0-b40e-9f9b4516eaf3,6507,multarum,3.epilogus.3,0,1,460,15,,
b413307f-d5c0-42a0-b40e-9f9b4516eaf3,6508,rerum,3.epilogus.3,0,1,460,16,,
b413307f-d5c0-42a0-b40e-9f9b4516eaf3,6509,varietas,3.epilogus.3,0,1,460,17,,
b413307f-d5c0-42a0-b40e-9f9b4516eaf3,6510,;,3.epilogus.3,,4,460,,,
b413307f-d5c0-42a0-b40e-9f9b4516eaf3,6511,Dein,3.epilogus.4,0,1,460,18,,
b413307f-d5c0-42a0-b40e-9f9b4516eaf3,6512,si,3.epilogus.4,0,1,460,19,,
b413307f-d5c0-42a0-b40e-9f9b4516eaf3,6513,quis,3.epilogus.4,0,1,460,20,,
b413307f-d5c0-42a0-b40e-9f9b4516eaf3,6514,eadem,3.epilogus.4,0,1,460,21,,
b413307f-d5c0-42a0-b40e-9f9b4516eaf3,6515,forte,3.epilogus.4,0,1,460,22,,
b413307f-d5c0-42a0-b40e-9f9b4516eaf3,6516,conari,3.epilogus.4,0,1,460,23,,
b413307f-d5c0-42a0-b40e-9f9b4516eaf3,6517,velit,3.epilogus.4,0,1,460,24,,
b413307f-d5c0-42a0-b40e-9f9b4516eaf3,6518,",",3.epilogus.4,,4,460,,,
b413307f-d5c0-42a0-b40e-9f9b4516eaf3,6519,Habere,3.epilogus.5,0,1,460,25,,
b413307f-d5c0-42a0-b40e-9f9b4516eaf3,6520,ut,3.epilogus.5,0,1,460,26,,
b413307f-d5c0-42a0-b40e-9f9b4516eaf3,6521,possit,3.epilogus.5,0,1,460,27,,
b413307f-d5c0-42a0-b40e-9f9b4516eaf3,6522,aliquid,3.epilogus.5,0,1,460,28,,
b413307f-d5c0-42a0-b40e-9f9b4516eaf3,6523,operis,3.epilogus.5,0,1,460,29,,
b413307f-d5c0-42a0-b40e-9f9b4516eaf3,6524,residui,3.epilogus.5,0,1,460,30,,
b413307f-d5c0-42a0-b40e-9f9b4516eaf3,6525,:,3.epilogus.5,,4,460,,,
b413307f-d5c0-42a0-b40e-9f9b4516eaf3,6526,Quamvis,3.epilogus.6,0,1,460,31,,
b413307f-d5c0-42a0-b40e-9f9b4516eaf3,6527,materiae,3.epilogus.6,0,1,460,32,,
b413307f-d5c0-42a0-b40e-9f9b4516eaf3,6528,tanta,3.epilogus.6,0,1,460,33,,
b413307f-d5c0-42a0-b40e-9f9b4516eaf3,6529,abundet,3.epilogus.6,0,1,460,34,,
b413307f-d5c0-42a0-b40e-9f9b4516eaf3,6530,copia,3.epilogus.6,0,1,460,35,,
b413307f-d5c0-42a0-b40e-9f9b4516eaf3,6531,",",3.epilogus.6,,4,460,,,
b413307f-d5c0-42a0-b40e-9f9b4516eaf3,6532,Labori,3.epilogus.7,0,1,460,36,,
b413307f-d5c0-42a0-b40e-9f9b4516eaf3,6533,faber,3.epilogus.7,0,1,460,37,,
b413307f-d5c0-42a0-b40e-9f9b4516eaf3,6534,ut,3.epilogus.7,0,1,460,38,,
b413307f-d5c0-42a0-b40e-9f9b4516eaf3,6535,desit,3.epilogus.7,0,1,460,39,,
b413307f-d5c0-42a0-b40e-9f9b4516eaf3,6536,",",3.epilogus.7,,4,460,,,
b413307f-d5c0-42a0-b40e-9f9b4516eaf3,6537,non,3.epilogus.7,0,1,460,40,,
b413307f-d5c0-42a0-b40e-9f9b4516eaf3,6538,fabro,3.epilogus.7,0,1,460,41,,
b413307f-d5c0-42a0-b40e-9f9b4516eaf3,6539,labor,3.epilogus.7,0,1,460,42,,
b413307f-d5c0-42a0-b40e-9f9b4516eaf3,6540,.,3.epilogus.7,,4,460,,,
b413307f-d5c0-42a0-b40e-9f9b4516eaf3,6541,Brevitati,3.epilogus.8,0,1,461,0,,
b413307f-d5c0-42a0-b40e-9f9b4516eaf3,6542,nostrae,3.epilogus.8,0,1,461,1,,
b413307f-d5c0-42a0-b40e-9f9b4516eaf3,6543,praemium,3.epilogus.8,0,1,461,2,,
b413307f-d5c0-42a0-b40e-9f9b4516eaf3,6544,ut,3.epilogus.8,0,1,461,3,,
b413307f-d5c0-42a0-b40e-9f9b4516eaf3,6545,reddas,3.epilogus.8,0,1,461,4,,
b413307f-d5c0-42a0-b40e-9f9b4516eaf3,6546,peto,3.epilogus.8,0,1,461,5,,
b413307f-d5c0-42a0-b40e-9f9b4516eaf3,6547,Quod,3.epilogus.9,0,1,461,6,,
b413307f-d5c0-42a0-b40e-9f9b4516eaf3,6548,es,3.epilogus.9,0,1,461,7,,
b413307f-d5c0-42a0-b40e-9f9b4516eaf3,6549,pollicitus,3.epilogus.9,0,1,461,8,,
b413307f-d5c0-42a0-b40e-9f9b4516eaf3,6550,:,3.epilogus.9,,4,461,,,
b413307f-d5c0-42a0-b40e-9f9b4516eaf3,6551,exhibe,3.epilogus.9,0,1,461,9,,
b413307f-d5c0-42a0-b40e-9f9b4516eaf3,6552,vocis,3.epilogus.9,0,1,461,10,,
b413307f-d5c0-42a0-b40e-9f9b4516eaf3,6553,fidem,3.epilogus.9,0,1,461,11,,
b413307f-d5c0-42a0-b40e-9f9b4516eaf3,6554,.,3.epilogus.9,,4,461,,,
b413307f-d5c0-42a0-b40e-9f9b4516eaf3,6555,Nam,3.epilogus.10,0,1,462,0,,
b413307f-d5c0-42a0-b40e-9f9b4516eaf3,6556,vita,3.epilogus.10,0,1,462,1,,
b413307f-d5c0-42a0-b40e-9f9b4516eaf3,6557,morti,3.epilogus.10,0,1,462,2,,
b413307f-d5c0-42a0-b40e-9f9b4516eaf3,6558,propior,3.epilogus.10,0,1,462,3,,
b413307f-d5c0-42a0-b40e-9f9b4516eaf3,6559,est,3.epilogus.10,0,1,462,4,,
b413307f-d5c0-42a0-b40e-9f9b4516eaf3,6560,cotidie,3.epilogus.10,0,1,462,5,,
b413307f-d5c0-42a0-b40e-9f9b4516eaf3,6561,",",3.epilogus.10,,4,462,,,
b413307f-d5c0-42a0-b40e-9f9b4516eaf3,6562,Et,3.epilogus.11,0,1,462,6,,
b413307f-d5c0-42a0-b40e-9f9b4516eaf3,6563,hoc,3.epilogus.11,0,1,462,7,,
b413307f-d5c0-42a0-b40e-9f9b4516eaf3,6564,minus,3.epilogus.11,0,1,462,8,,
b413307f-d5c0-42a0-b40e-9f9b4516eaf3,6565,perveniet,3.epilogus.11,0,1,462,9,,
b413307f-d5c0-42a0-b40e-9f9b4516eaf3,6566,ad,3.epilogus.11,0,1,462,10,,
b413307f-d5c0-42a0-b40e-9f9b4516eaf3,6567,me,3.epilogus.11,0,1,462,11,,
b413307f-d5c0-42a0-b40e-9f9b4516eaf3,6568,muneris,3.epilogus.11,0,1,462,12,,
b413307f-d5c0-42a0-b40e-9f9b4516eaf3,6569,",",3.epilogus.11,,4,462,,,
b413307f-d5c0-42a0-b40e-9f9b4516eaf3,6570,Quo,3.epilogus.12,0,1,462,13,,
b413307f-d5c0-42a0-b40e-9f9b4516eaf3,6571,plus,3.epilogus.12,0,1,462,14,,
b413307f-d5c0-42a0-b40e-9f9b4516eaf3,6572,consumet,3.epilogus.12,0,1,462,15,,
b413307f-d5c0-42a0-b40e-9f9b4516eaf3,6573,temporis,3.epilogus.12,0,1,462,16,,
b413307f-d5c0-42a0-b40e-9f9b4516eaf3,6574,dilatio,3.epilogus.12,0,1,462,17,,
b413307f-d5c0-42a0-b40e-9f9b4516eaf3,6575,.,3.epilogus.12,,4,462,,,
b413307f-d5c0-42a0-b40e-9f9b4516eaf3,6576,Si,3.epilogus.13,0,1,463,0,,
b413307f-d5c0-42a0-b40e-9f9b4516eaf3,6577,cito,3.epilogus.13,0,1,463,1,,
b413307f-d5c0-42a0-b40e-9f9b4516eaf3,6578,rem,3.epilogus.13,0,1,463,2,,
b413307f-d5c0-42a0-b40e-9f9b4516eaf3,6579,perages,3.epilogus.13,0,1,463,3,,
b413307f-d5c0-42a0-b40e-9f9b4516eaf3,6580,",",3.epilogus.13,,4,463,,,
b413307f-d5c0-42a0-b40e-9f9b4516eaf3,6581,usus,3.epilogus.13,0,1,463,4,,
b413307f-d5c0-42a0-b40e-9f9b4516eaf3,6582,fiet,3.epilogus.13,0,1,463,5,,
b413307f-d5c0-42a0-b40e-9f9b4516eaf3,6583,longior,3.epilogus.13,0,1,463,6,,
b413307f-d5c0-42a0-b40e-9f9b4516eaf3,6584,:,3.epilogus.13,,4,463,,,
b413307f-d5c0-42a0-b40e-9f9b4516eaf3,6585,Fruar,3.epilogus.14,0,1,463,7,,
b413307f-d5c0-42a0-b40e-9f9b4516eaf3,6586,diutius,3.epilogus.14,0,1,463,8,,
b413307f-d5c0-42a0-b40e-9f9b4516eaf3,6587,",",3.epilogus.14,,4,463,,,
b413307f-d5c0-42a0-b40e-9f9b4516eaf3,6588,si,3.epilogus.14,0,1,463,9,,
b413307f-d5c0-42a0-b40e-9f9b4516eaf3,6589,celerius,3.epilogus.14,0,1,463,10,,
b413307f-d5c0-42a0-b40e-9f9b4516eaf3,6590,coepero,3.epilogus.14,0,1,463,11,,
b413307f-d5c0-42a0-b40e-9f9b4516eaf3,6591,.,3.epilogus.14,,4,463,,,
b413307f-d5c0-42a0-b40e-9f9b4516eaf3,6592,Languentis,3.epilogus.15,0,1,464,0,,
b413307f-d5c0-42a0-b40e-9f9b4516eaf3,6593,aevi,3.epilogus.15,0,1,464,1,,
b413307f-d5c0-42a0-b40e-9f9b4516eaf3,6594,dum,3.epilogus.15,0,1,464,2,,
b413307f-d5c0-42a0-b40e-9f9b4516eaf3,6595,sunt,3.epilogus.15,0,1,464,3,,
b413307f-d5c0-42a0-b40e-9f9b4516eaf3,6596,aliquae,3.epilogus.15,0,1,464,4,,
b413307f-d5c0-42a0-b40e-9f9b4516eaf3,6597,reliquiae,3.epilogus.15,0,1,464,5,,
b413307f-d5c0-42a0-b40e-9f9b4516eaf3,6598,",",3.epilogus.15,,4,464,,,
b413307f-d5c0-42a0-b40e-9f9b4516eaf3,6599,Auxilio,3.epilogus.16,0,1,464,6,,
b413307f-d5c0-42a0-b40e-9f9b4516eaf3,6600,locus,3.epilogus.16,0,1,464,7,,
b413307f-d5c0-42a0-b40e-9f9b4516eaf3,6601,est,3.epilogus.16,0,1,464,8,,
b413307f-d5c0-42a0-b40e-9f9b4516eaf3,6602,:,3.epilogus.16,,4,464,,,
b413307f-d5c0-42a0-b40e-9f9b4516eaf3,6603,olim,3.epilogus.16,0,1,464,9,,
b413307f-d5c0-42a0-b40e-9f9b4516eaf3,6604,senio,3.epilogus.16,0,1,464,10,,
b413307f-d5c0-42a0-b40e-9f9b4516eaf3,6605,debilem,3.epilogus.16,0,1,464,11,,
b413307f-d5c0-42a0-b40e-9f9b4516eaf3,6606,Frustra,3.epilogus.17,0,1,464,12,,
b413307f-d5c0-42a0-b40e-9f9b4516eaf3,6607,adiuvare,3.epilogus.17,0,1,464,13,,
b413307f-d5c0-42a0-b40e-9f9b4516eaf3,6608,bonitas,3.epilogus.17,0,1,464,14,,
b413307f-d5c0-42a0-b40e-9f9b4516eaf3,6609,nitetur,3.epilogus.17,0,1,464,15,,
b413307f-d5c0-42a0-b40e-9f9b4516eaf3,6610,tua,3.epilogus.17,0,1,464,16,,
b413307f-d5c0-42a0-b40e-9f9b4516eaf3,6611,",",3.epilogus.17,,4,464,,,
b413307f-d5c0-42a0-b40e-9f9b4516eaf3,6612,Cum,3.epilogus.18,2,1,464,17,,
b413307f-d5c0-42a0-b40e-9f9b4516eaf3,6613,iam,3.epilogus.18,0,1,464,18,,
b413307f-d5c0-42a0-b40e-9f9b4516eaf3,6614,desierit,3.epilogus.18,0,1,464,19,,
b413307f-d5c0-42a0-b40e-9f9b4516eaf3,6615,esse,3.epilogus.18,0,1,464,20,,
b413307f-d5c0-42a0-b40e-9f9b4516eaf3,6616,beneficium,3.epilogus.18,0,1,464,21,,
b413307f-d5c0-42a0-b40e-9f9b4516eaf3,6617,utile,3.epilogus.18,0,1,464,22,,
b413307f-d5c0-42a0-b40e-9f9b4516eaf3,6618,Et,3.epilogus.19,0,1,464,23,,
b413307f-d5c0-42a0-b40e-9f9b4516eaf3,6619,mors,3.epilogus.19,0,1,464,24,,
b413307f-d5c0-42a0-b40e-9f9b4516eaf3,6620,vicina,3.epilogus.19,0,1,464,25,,
b413307f-d5c0-42a0-b40e-9f9b4516eaf3,6621,flagitabit,3.epilogus.19,0,1,464,26,,
b413307f-d5c0-42a0-b40e-9f9b4516eaf3,6622,debitum,3.epilogus.19,0,1,464,27,,
b413307f-d5c0-42a0-b40e-9f9b4516eaf3,6623,.,3.epilogus.19,,4,464,,,
b413307f-d5c0-42a0-b40e-9f9b4516eaf3,6624,Stultum,3.epilogus.20,0,1,465,0,,
b413307f-d5c0-42a0-b40e-9f9b4516eaf3,6625,admovere,3.epilogus.20,0,1,465,1,,
b413307f-d5c0-42a0-b40e-9f9b4516eaf3,6626,tibi,3.epilogus.20,0,1,465,2,,
b413307f-d5c0-42a0-b40e-9f9b4516eaf3,6627,preces,3.epilogus.20,0,1,465,3,,
b413307f-d5c0-42a0-b40e-9f9b4516eaf3,6628,existimo,3.epilogus.20,0,1,465,4,,
b413307f-d5c0-42a0-b40e-9f9b4516eaf3,6629,",",3.epilogus.20,,4,465,,,
b413307f-d5c0-42a0-b40e-9f9b4516eaf3,6630,Proclivis,3.epilogus.21,0,1,465,5,,
b413307f-d5c0-42a0-b40e-9f9b4516eaf3,6631,ultro,3.epilogus.21,0,1,465,6,,
b413307f-d5c0-42a0-b40e-9f9b4516eaf3,6632,cum,3.epilogus.21,0,1,465,7,,
b413307f-d5c0-42a0-b40e-9f9b4516eaf3,6633,sit,3.epilogus.21,0,1,465,8,,
b413307f-d5c0-42a0-b40e-9f9b4516eaf3,6634,misericordia,3.epilogus.21,0,1,465,9,,
b413307f-d5c0-42a0-b40e-9f9b4516eaf3,6635,.,3.epilogus.21,,4,465,,,
b413307f-d5c0-42a0-b40e-9f9b4516eaf3,6636,Saepe,3.epilogus.22,0,1,466,0,,
b413307f-d5c0-42a0-b40e-9f9b4516eaf3,6637,impetravit,3.epilogus.22,0,1,466,1,,
b413307f-d5c0-42a0-b40e-9f9b4516eaf3,6638,veniam,3.epilogus.22,0,1,466,2,,
b413307f-d5c0-42a0-b40e-9f9b4516eaf3,6639,confessus,3.epilogus.22,0,1,466,3,,
b413307f-d5c0-42a0-b40e-9f9b4516eaf3,6640,reus,3.epilogus.22,0,1,466,4,,
b413307f-d5c0-42a0-b40e-9f9b4516eaf3,6641,:,3.epilogus.22,,4,466,,,
b413307f-d5c0-42a0-b40e-9f9b4516eaf3,6642,Quanto,3.epilogus.23,0,1,466,5,,
b413307f-d5c0-42a0-b40e-9f9b4516eaf3,6643,innocenti,3.epilogus.23,0,1,466,6,,
b413307f-d5c0-42a0-b40e-9f9b4516eaf3,6644,iustius,3.epilogus.23,0,1,466,7,,
b413307f-d5c0-42a0-b40e-9f9b4516eaf3,6645,debet,3.epilogus.23,0,1,466,8,,
b413307f-d5c0-42a0-b40e-9f9b4516eaf3,6646,dari,3.epilogus.23,0,1,466,9,,
b413307f-d5c0-42a0-b40e-9f9b4516eaf3,6647,?,3.epilogus.23,,4,466,,,
b413307f-d5c0-42a0-b40e-9f9b4516eaf3,6648,Tuae,3.epilogus.24,0,1,467,0,,
b413307f-d5c0-42a0-b40e-9f9b4516eaf3,6649,sunt,3.epilogus.24,0,1,467,1,,
b413307f-d5c0-42a0-b40e-9f9b4516eaf3,6650,partes,3.epilogus.24,0,1,467,2,,
b413307f-d5c0-42a0-b40e-9f9b4516eaf3,6651,;,3.epilogus.24,,4,467,,,
b413307f-d5c0-42a0-b40e-9f9b4516eaf3,6652,fuerunt,3.epilogus.24,0,1,467,3,,
b413307f-d5c0-42a0-b40e-9f9b4516eaf3,6653,aliorum,3.epilogus.24,0,1,467,4,,
b413307f-d5c0-42a0-b40e-9f9b4516eaf3,6654,prius,3.epilogus.24,0,1,467,5,,
b413307f-d5c0-42a0-b40e-9f9b4516eaf3,6655,",",3.epilogus.24,,4,467,,,
b413307f-d5c0-42a0-b40e-9f9b4516eaf3,6656,Dein,3.epilogus.25,0,1,467,6,,
b413307f-d5c0-42a0-b40e-9f9b4516eaf3,6657,simili,3.epilogus.25,0,1,467,7,,
b413307f-d5c0-42a0-b40e-9f9b4516eaf3,6658,gyro,3.epilogus.25,0,1,467,8,,
b413307f-d5c0-42a0-b40e-9f9b4516eaf3,6659,venient,3.epilogus.25,0,1,467,9,,
b413307f-d5c0-42a0-b40e-9f9b4516eaf3,6660,aliorum,3.epilogus.25,0,1,467,10,,
b413307f-d5c0-42a0-b40e-9f9b4516eaf3,6661,vices,3.epilogus.25,0,1,467,11,,
b413307f-d5c0-42a0-b40e-9f9b4516eaf3,6662,.,3.epilogus.25,,4,467,,,
b413307f-d5c0-42a0-b40e-9f9b4516eaf3,6663,Decerne,3.epilogus.26,0,1,468,0,,
b413307f-d5c0-42a0-b40e-9f9b4516eaf3,6664,quod,3.epilogus.26,0,1,468,1,,
b413307f-d5c0-42a0-b40e-9f9b4516eaf3,6665,religio,3.epilogus.26,0,1,468,2,,
b413307f-d5c0-42a0-b40e-9f9b4516eaf3,6666,",",3.epilogus.26,,4,468,,,
b413307f-d5c0-42a0-b40e-9f9b4516eaf3,6667,quod,3.epilogus.26,0,1,468,3,,
b413307f-d5c0-42a0-b40e-9f9b4516eaf3,6668,patitur,3.epilogus.26,0,1,468,4,,
b413307f-d5c0-42a0-b40e-9f9b4516eaf3,6669,fides,3.epilogus.26,0,1,468,5,,
b413307f-d5c0-42a0-b40e-9f9b4516eaf3,6670,",",3.epilogus.26,,4,468,,,
b413307f-d5c0-42a0-b40e-9f9b4516eaf3,6671,Et,3.epilogus.27,0,1,468,6,,
b413307f-d5c0-42a0-b40e-9f9b4516eaf3,6672,graviter,3.epilogus.27,0,1,468,7,,
b413307f-d5c0-42a0-b40e-9f9b4516eaf3,6673,me,3.epilogus.27,0,1,468,8,,
b413307f-d5c0-42a0-b40e-9f9b4516eaf3,6674,tutare,3.epilogus.27,0,1,468,9,,
b413307f-d5c0-42a0-b40e-9f9b4516eaf3,6675,iudicio,3.epilogus.27,0,1,468,10,,
b413307f-d5c0-42a0-b40e-9f9b4516eaf3,6676,tuo,3.epilogus.27,0,1,468,11,,
b413307f-d5c0-42a0-b40e-9f9b4516eaf3,6677,.,3.epilogus.27,,4,468,,,
b413307f-d5c0-42a0-b40e-9f9b4516eaf3,6678,Excedit,3.epilogus.28,0,1,469,0,,
b413307f-d5c0-42a0-b40e-9f9b4516eaf3,6679,animus,3.epilogus.28,0,1,469,1,,
b413307f-d5c0-42a0-b40e-9f9b4516eaf3,6680,quem,3.epilogus.28,0,1,469,2,,
b413307f-d5c0-42a0-b40e-9f9b4516eaf3,6681,proposuit,3.epilogus.28,0,1,469,3,,
b413307f-d5c0-42a0-b40e-9f9b4516eaf3,6682,terminum,3.epilogus.28,0,1,469,4,,
b413307f-d5c0-42a0-b40e-9f9b4516eaf3,6683,;,3.epilogus.28,,4,469,,,
b413307f-d5c0-42a0-b40e-9f9b4516eaf3,6684,Sed,3.epilogus.29,0,1,469,5,,
b413307f-d5c0-42a0-b40e-9f9b4516eaf3,6685,difficulter,3.epilogus.29,0,1,469,6,,
b413307f-d5c0-42a0-b40e-9f9b4516eaf3,6686,continetur,3.epilogus.29,0,1,469,7,,
b413307f-d5c0-42a0-b40e-9f9b4516eaf3,6687,spiritus,3.epilogus.29,0,1,469,8,,
b413307f-d5c0-42a0-b40e-9f9b4516eaf3,6688,",",3.epilogus.29,,4,469,,,
b413307f-d5c0-42a0-b40e-9f9b4516eaf3,6689,Integritatis,3.epilogus.30,0,1,469,9,,
b413307f-d5c0-42a0-b40e-9f9b4516eaf3,6690,qui,3.epilogus.30,0,1,469,10,,
b413307f-d5c0-42a0-b40e-9f9b4516eaf3,6691,sincerae,3.epilogus.30,0,1,469,11,,
b413307f-d5c0-42a0-b40e-9f9b4516eaf3,6692,conscius,3.epilogus.30,0,1,469,12,,
b413307f-d5c0-42a0-b40e-9f9b4516eaf3,6693,A,3.epilogus.31,0,1,469,13,,
b413307f-d5c0-42a0-b40e-9f9b4516eaf3,6694,noxiorum,3.epilogus.31,0,1,469,14,,
b413307f-d5c0-42a0-b40e-9f9b4516eaf3,6695,premitur,3.epilogus.31,0,1,469,15,,
b413307f-d5c0-42a0-b40e-9f9b4516eaf3,6696,insolentiis,3.epilogus.31,0,1,469,16,,
b413307f-d5c0-42a0-b40e-9f9b4516eaf3,6697,.,3.epilogus.31,,4,469,,,
b413307f-d5c0-42a0-b40e-9f9b4516eaf3,6698,Qui,3.epilogus.32,0,1,470,0,,
b413307f-d5c0-42a0-b40e-9f9b4516eaf3,6699,sint,3.epilogus.32,0,1,470,1,,
b413307f-d5c0-42a0-b40e-9f9b4516eaf3,6700,",",3.epilogus.32,,4,470,,,
b413307f-d5c0-42a0-b40e-9f9b4516eaf3,6701,requires,3.epilogus.32,0,1,470,2,,
b413307f-d5c0-42a0-b40e-9f9b4516eaf3,6702,;,3.epilogus.32,,4,470,,,
b413307f-d5c0-42a0-b40e-9f9b4516eaf3,6703,apparebunt,3.epilogus.32,0,1,470,3,,
b413307f-d5c0-42a0-b40e-9f9b4516eaf3,6704,tempore,3.epilogus.32,0,1,470,4,,
b413307f-d5c0-42a0-b40e-9f9b4516eaf3,6705,.,3.epilogus.32,,4,470,,,
b413307f-d5c0-42a0-b40e-9f9b4516eaf3,6706,Ego,3.epilogus.33,0,1,471,0,,
b413307f-d5c0-42a0-b40e-9f9b4516eaf3,6707,",",3.epilogus.33,,4,471,,,
b413307f-d5c0-42a0-b40e-9f9b4516eaf3,6708,quondam,3.epilogus.33,0,1,471,1,,
b413307f-d5c0-42a0-b40e-9f9b4516eaf3,6709,legi,3.epilogus.33,0,1,471,2,,
b413307f-d5c0-42a0-b40e-9f9b4516eaf3,6710,quam,3.epilogus.33,0,1,471,3,,
b413307f-d5c0-42a0-b40e-9f9b4516eaf3,6711,puer,3.epilogus.33,0,1,471,4,,
b413307f-d5c0-42a0-b40e-9f9b4516eaf3,6712,sententiam,3.epilogus.33,0,1,471,5,,
b413307f-d5c0-42a0-b40e-9f9b4516eaf3,6713,",",3.epilogus.33,,4,471,,,
b413307f-d5c0-42a0-b40e-9f9b4516eaf3,6714,Palam,3.epilogus.34,0,1,471,6,,
b413307f-d5c0-42a0-b40e-9f9b4516eaf3,6715,muttire,3.epilogus.34,0,1,471,7,,
b413307f-d5c0-42a0-b40e-9f9b4516eaf3,6716,plebeio,3.epilogus.34,0,1,471,8,,
b413307f-d5c0-42a0-b40e-9f9b4516eaf3,6717,piaculum,3.epilogus.34,0,1,471,9,,
b413307f-d5c0-42a0-b40e-9f9b4516eaf3,6718,est,3.epilogus.34,0,1,471,10,,
b413307f-d5c0-42a0-b40e-9f9b4516eaf3,6719,",",3.epilogus.34,,4,471,,,
b413307f-d5c0-42a0-b40e-9f9b4516eaf3,6720,Dum,3.epilogus.35,0,1,471,11,,
b413307f-d5c0-42a0-b40e-9f9b4516eaf3,6721,sanitas,3.epilogus.35,0,1,471,12,,
b413307f-d5c0-42a0-b40e-9f9b4516eaf3,6722,constabit,3.epilogus.35,0,1,471,13,,
b413307f-d5c0-42a0-b40e-9f9b4516eaf3,6723,",",3.epilogus.35,,4,471,,,
b413307f-d5c0-42a0-b40e-9f9b4516eaf3,6724,pulchre,3.epilogus.35,0,1,471,14,,
b413307f-d5c0-42a0-b40e-9f9b4516eaf3,6725,meminero,3.epilogus.35,0,1,471,15,,
b413307f-d5c0-42a0-b40e-9f9b4516eaf3,6726,.,3.epilogus.35,,4,471,,,
b413307f-d5c0-42a0-b40e-9f9b4516eaf3,6727,Liber,4,2,1,472,0,,
b413307f-d5c0-42a0-b40e-9f9b4516eaf3,6728,Quartus,4,0,1,472,1,,
b413307f-d5c0-42a0-b40e-9f9b4516eaf3,6729,Poeta,4.prologus,0,1,473,0,,
b413307f-d5c0-42a0-b40e-9f9b4516eaf3,6730,ad,4.prologus,0,1,473,1,,
b413307f-d5c0-42a0-b40e-9f9b4516eaf3,6731,Particulonem,4.prologus,0,1,473,2,,
b413307f-d5c0-42a0-b40e-9f9b4516eaf3,6732,.,4.prologus,,4,473,,,
b413307f-d5c0-42a0-b40e-9f9b4516eaf3,6733,Cum,4.prologus.1,2,1,474,0,,
b413307f-d5c0-42a0-b40e-9f9b4516eaf3,6734,destinassem,4.prologus.1,0,1,474,1,,
b413307f-d5c0-42a0-b40e-9f9b4516eaf3,6735,operis,4.prologus.1,0,1,474,2,,
b413307f-d5c0-42a0-b40e-9f9b4516eaf3,6736,habere,4.prologus.1,0,1,474,3,,
b413307f-d5c0-42a0-b40e-9f9b4516eaf3,6737,terminum,4.prologus.1,0,1,474,4,,
b413307f-d5c0-42a0-b40e-9f9b4516eaf3,6738,In,4.prologus.2,0,1,474,5,,
b413307f-d5c0-42a0-b40e-9f9b4516eaf3,6739,hoc,4.prologus.2,0,1,474,6,,
b413307f-d5c0-42a0-b40e-9f9b4516eaf3,6740,",",4.prologus.2,,4,474,,,
b413307f-d5c0-42a0-b40e-9f9b4516eaf3,6741,ut,4.prologus.2,0,1,474,7,,
b413307f-d5c0-42a0-b40e-9f9b4516eaf3,6742,aliis,4.prologus.2,0,1,474,8,,
b413307f-d5c0-42a0-b40e-9f9b4516eaf3,6743,esset,4.prologus.2,0,1,474,9,,
b413307f-d5c0-42a0-b40e-9f9b4516eaf3,6744,materiae,4.prologus.2,0,1,474,10,,
b413307f-d5c0-42a0-b40e-9f9b4516eaf3,6745,satis,4.prologus.2,0,1,474,11,,
b413307f-d5c0-42a0-b40e-9f9b4516eaf3,6746,",",4.prologus.2,,4,474,,,
b413307f-d5c0-42a0-b40e-9f9b4516eaf3,6747,Consilium,4.prologus.3,0,1,474,12,,
b413307f-d5c0-42a0-b40e-9f9b4516eaf3,6748,tacito,4.prologus.3,0,1,474,13,,
b413307f-d5c0-42a0-b40e-9f9b4516eaf3,6749,corde,4.prologus.3,0,1,474,14,,
b413307f-d5c0-42a0-b40e-9f9b4516eaf3,6750,damnavi,4.prologus.3,0,1,474,15,,
b413307f-d5c0-42a0-b40e-9f9b4516eaf3,6751,meum,4.prologus.3,0,1,474,16,,
b413307f-d5c0-42a0-b40e-9f9b4516eaf3,6752,.,4.prologus.3,,4,474,,,
b413307f-d5c0-42a0-b40e-9f9b4516eaf3,6753,Nam,4.prologus.4,0,1,475,0,,
b413307f-d5c0-42a0-b40e-9f9b4516eaf3,6754,si,4.prologus.4,0,1,475,1,,
b413307f-d5c0-42a0-b40e-9f9b4516eaf3,6755,quis,4.prologus.4,0,1,475,2,,
b413307f-d5c0-42a0-b40e-9f9b4516eaf3,6756,talis,4.prologus.4,0,1,475,3,,
b413307f-d5c0-42a0-b40e-9f9b4516eaf3,6757,etiam,4.prologus.4,0,1,475,4,,
b413307f-d5c0-42a0-b40e-9f9b4516eaf3,6758,tituli,4.prologus.4,0,1,475,5,,
b413307f-d5c0-42a0-b40e-9f9b4516eaf3,6759,est,4.prologus.4,0,1,475,6,,
b413307f-d5c0-42a0-b40e-9f9b4516eaf3,6760,appetens,4.prologus.4,0,1,475,7,,
b413307f-d5c0-42a0-b40e-9f9b4516eaf3,6761,",",4.prologus.4,,4,475,,,
b413307f-d5c0-42a0-b40e-9f9b4516eaf3,6762,Quo,4.prologus.5,0,1,475,8,,
b413307f-d5c0-42a0-b40e-9f9b4516eaf3,6763,pacto,4.prologus.5,0,1,475,9,,
b413307f-d5c0-42a0-b40e-9f9b4516eaf3,6764,divinabit,4.prologus.5,0,1,475,10,,
b413307f-d5c0-42a0-b40e-9f9b4516eaf3,6765,quidnam,4.prologus.5,0,1,475,11,,
b413307f-d5c0-42a0-b40e-9f9b4516eaf3,6766,omiserim,4.prologus.5,0,1,475,12,,
b413307f-d5c0-42a0-b40e-9f9b4516eaf3,6767,",",4.prologus.5,,4,475,,,
b413307f-d5c0-42a0-b40e-9f9b4516eaf3,6768,Ut,4.prologus.6,0,1,475,13,,
b413307f-d5c0-42a0-b40e-9f9b4516eaf3,6769,illud,4.prologus.6,0,1,475,14,,
b413307f-d5c0-42a0-b40e-9f9b4516eaf3,6770,ipsum,4.prologus.6,0,1,475,15,,
b413307f-d5c0-42a0-b40e-9f9b4516eaf3,6771,cupiat,4.prologus.6,0,1,475,16,,
b413307f-d5c0-42a0-b40e-9f9b4516eaf3,6772,famae,4.prologus.6,0,1,475,17,,
b413307f-d5c0-42a0-b40e-9f9b4516eaf3,6773,tradere,4.prologus.6,0,1,475,18,,
b413307f-d5c0-42a0-b40e-9f9b4516eaf3,6774,",",4.prologus.6,,4,475,,,
b413307f-d5c0-42a0-b40e-9f9b4516eaf3,6775,Sua,4.prologus.7,2,1,475,19,,
b413307f-d5c0-42a0-b40e-9f9b4516eaf3,6776,cuique,4.prologus.7,0,1,475,20,,
b413307f-d5c0-42a0-b40e-9f9b4516eaf3,6777,cum,4.prologus.7,0,1,475,21,,
b413307f-d5c0-42a0-b40e-9f9b4516eaf3,6778,sit,4.prologus.7,0,1,475,22,,
b413307f-d5c0-42a0-b40e-9f9b4516eaf3,6779,animi,4.prologus.7,0,1,475,23,,
b413307f-d5c0-42a0-b40e-9f9b4516eaf3,6780,cogitatio,4.prologus.7,0,1,475,24,,
b413307f-d5c0-42a0-b40e-9f9b4516eaf3,6781,Colorque,4.prologus.8,0,1,475,25,,
b413307f-d5c0-42a0-b40e-9f9b4516eaf3,6782,proprius,4.prologus.8,0,1,475,26,,
b413307f-d5c0-42a0-b40e-9f9b4516eaf3,6783,?,4.prologus.8,,4,475,,,
b413307f-d5c0-42a0-b40e-9f9b4516eaf3,6784,Ergo,4.prologus.8,0,1,476,0,,
b413307f-d5c0-42a0-b40e-9f9b4516eaf3,6785,non,4.prologus.8,0,1,476,1,,
b413307f-d5c0-42a0-b40e-9f9b4516eaf3,6786,levitas,4.prologus.8,0,1,476,2,,
b413307f-d5c0-42a0-b40e-9f9b4516eaf3,6787,mihi,4.prologus.8,0,1,476,3,,
b413307f-d5c0-42a0-b40e-9f9b4516eaf3,6788,",",4.prologus.8,,4,476,,,
b413307f-d5c0-42a0-b40e-9f9b4516eaf3,6789,Sed,4.prologus.9,0,1,476,4,,
b413307f-d5c0-42a0-b40e-9f9b4516eaf3,6790,certa,4.prologus.9,0,1,476,5,,
b413307f-d5c0-42a0-b40e-9f9b4516eaf3,6791,ratio,4.prologus.9,0,1,476,6,,
b413307f-d5c0-42a0-b40e-9f9b4516eaf3,6792,causam,4.prologus.9,0,1,476,7,,
b413307f-d5c0-42a0-b40e-9f9b4516eaf3,6793,scribendi,4.prologus.9,0,1,476,8,,
b413307f-d5c0-42a0-b40e-9f9b4516eaf3,6794,dedit,4.prologus.9,0,1,476,9,,
b413307f-d5c0-42a0-b40e-9f9b4516eaf3,6795,.,4.prologus.9,,4,476,,,
b413307f-d5c0-42a0-b40e-9f9b4516eaf3,6796,Quare,4.prologus.10,0,1,477,0,,
b413307f-d5c0-42a0-b40e-9f9b4516eaf3,6797,",",4.prologus.10,,4,477,,,
b413307f-d5c0-42a0-b40e-9f9b4516eaf3,6798,Particulo,4.prologus.10,0,1,477,1,,
b413307f-d5c0-42a0-b40e-9f9b4516eaf3,6799,",",4.prologus.10,,4,477,,,
b413307f-d5c0-42a0-b40e-9f9b4516eaf3,6800,quoniam,4.prologus.10,0,1,477,2,,
b413307f-d5c0-42a0-b40e-9f9b4516eaf3,6801,caperis,4.prologus.10,0,1,477,3,,
b413307f-d5c0-42a0-b40e-9f9b4516eaf3,6802,fabulis,4.prologus.10,0,1,477,4,,
b413307f-d5c0-42a0-b40e-9f9b4516eaf3,6803,",",4.prologus.10,,4,477,,,
b413307f-d5c0-42a0-b40e-9f9b4516eaf3,6804,(,4.prologus.11,,4,477,,,
b413307f-d5c0-42a0-b40e-9f9b4516eaf3,6805,Quas,4.prologus.11,0,1,477,5,,
b413307f-d5c0-42a0-b40e-9f9b4516eaf3,6806,Aesopias,4.prologus.11,1,1,477,6,,
b413307f-d5c0-42a0-b40e-9f9b4516eaf3,6807,",",4.prologus.11,,4,477,,,
b413307f-d5c0-42a0-b40e-9f9b4516eaf3,6808,non,4.prologus.11,0,1,477,7,,
b413307f-d5c0-42a0-b40e-9f9b4516eaf3,6809,Aesopi,4.prologus.11,1,1,477,8,,
b413307f-d5c0-42a0-b40e-9f9b4516eaf3,6810,",",4.prologus.11,,4,477,,,
b413307f-d5c0-42a0-b40e-9f9b4516eaf3,6811,nomino,4.prologus.11,0,1,477,9,,
b413307f-d5c0-42a0-b40e-9f9b4516eaf3,6812,",",4.prologus.11,,4,477,,,
b413307f-d5c0-42a0-b40e-9f9b4516eaf3,6813,Quia,4.prologus.12,0,1,477,10,,
b413307f-d5c0-42a0-b40e-9f9b4516eaf3,6814,paucas,4.prologus.12,0,1,477,11,,
b413307f-d5c0-42a0-b40e-9f9b4516eaf3,6815,ille,4.prologus.12,0,1,477,12,,
b413307f-d5c0-42a0-b40e-9f9b4516eaf3,6816,ostendit,4.prologus.12,0,1,477,13,,
b413307f-d5c0-42a0-b40e-9f9b4516eaf3,6817,",",4.prologus.12,,4,477,,,
b413307f-d5c0-42a0-b40e-9f9b4516eaf3,6818,ego,4.prologus.12,0,1,477,14,,
b413307f-d5c0-42a0-b40e-9f9b4516eaf3,6819,plures,4.prologus.12,0,1,477,15,,
b413307f-d5c0-42a0-b40e-9f9b4516eaf3,6820,fero,4.prologus.12,0,1,477,16,,
b413307f-d5c0-42a0-b40e-9f9b4516eaf3,6821,",",4.prologus.12,,4,477,,,
b413307f-d5c0-42a0-b40e-9f9b4516eaf3,6822,Usus,4.prologus.13,0,1,477,17,,
b413307f-d5c0-42a0-b40e-9f9b4516eaf3,6823,vetusto,4.prologus.13,0,1,477,18,,
b413307f-d5c0-42a0-b40e-9f9b4516eaf3,6824,genere,4.prologus.13,0,1,477,19,,
b413307f-d5c0-42a0-b40e-9f9b4516eaf3,6825,",",4.prologus.13,,4,477,,,
b413307f-d5c0-42a0-b40e-9f9b4516eaf3,6826,sed,4.prologus.13,0,1,477,20,,
b413307f-d5c0-42a0-b40e-9f9b4516eaf3,6827,rebus,4.prologus.13,0,1,477,21,,
b413307f-d5c0-42a0-b40e-9f9b4516eaf3,6828,novis,4.prologus.13,0,1,477,22,,
b413307f-d5c0-42a0-b40e-9f9b4516eaf3,6829,),4.prologus.13,,4,477,,,
b413307f-d5c0-42a0-b40e-9f9b4516eaf3,6830,",",4.prologus.13,,4,477,,,
b413307f-d5c0-42a0-b40e-9f9b4516eaf3,6831,Quartum,4.prologus.14,0,1,477,23,,
b413307f-d5c0-42a0-b40e-9f9b4516eaf3,6832,libellum,4.prologus.14,0,1,477,24,,
b413307f-d5c0-42a0-b40e-9f9b4516eaf3,6833,",",4.prologus.14,,4,477,,,
b413307f-d5c0-42a0-b40e-9f9b4516eaf3,6834,cum,4.prologus.14,0,1,477,25,,
b413307f-d5c0-42a0-b40e-9f9b4516eaf3,6835,vacarit,4.prologus.14,0,1,477,26,,
b413307f-d5c0-42a0-b40e-9f9b4516eaf3,6836,",",4.prologus.14,,4,477,,,
b413307f-d5c0-42a0-b40e-9f9b4516eaf3,6837,perleges,4.prologus.14,0,1,477,27,,
b413307f-d5c0-42a0-b40e-9f9b4516eaf3,6838,.,4.prologus.14,,4,477,,,
b413307f-d5c0-42a0-b40e-9f9b4516eaf3,6839,Hunc,4.prologus.15,0,1,478,0,,
b413307f-d5c0-42a0-b40e-9f9b4516eaf3,6840,obtrectare,4.prologus.15,0,1,478,1,,
b413307f-d5c0-42a0-b40e-9f9b4516eaf3,6841,si,4.prologus.15,0,1,478,2,,
b413307f-d5c0-42a0-b40e-9f9b4516eaf3,6842,volet,4.prologus.15,0,1,478,3,,
b413307f-d5c0-42a0-b40e-9f9b4516eaf3,6843,malignitas,4.prologus.15,0,1,478,4,,
b413307f-d5c0-42a0-b40e-9f9b4516eaf3,6844,",",4.prologus.15,,4,478,,,
b413307f-d5c0-42a0-b40e-9f9b4516eaf3,6845,Imitari,4.prologus.16,0,1,478,5,,
b413307f-d5c0-42a0-b40e-9f9b4516eaf3,6846,dum,4.prologus.16,0,1,478,6,,
b413307f-d5c0-42a0-b40e-9f9b4516eaf3,6847,non,4.prologus.16,0,1,478,7,,
b413307f-d5c0-42a0-b40e-9f9b4516eaf3,6848,possit,4.prologus.16,0,1,478,8,,
b413307f-d5c0-42a0-b40e-9f9b4516eaf3,6849,",",4.prologus.16,,4,478,,,
b413307f-d5c0-42a0-b40e-9f9b4516eaf3,6850,obtrectet,4.prologus.16,0,1,478,9,,
b413307f-d5c0-42a0-b40e-9f9b4516eaf3,6851,licet,4.prologus.16,0,1,478,10,,
b413307f-d5c0-42a0-b40e-9f9b4516eaf3,6852,.,4.prologus.16,,4,478,,,
b413307f-d5c0-42a0-b40e-9f9b4516eaf3,6853,Mihi,4.prologus.17,0,1,479,0,,
b413307f-d5c0-42a0-b40e-9f9b4516eaf3,6854,parta,4.prologus.17,0,1,479,1,,
b413307f-d5c0-42a0-b40e-9f9b4516eaf3,6855,laus,4.prologus.17,0,1,479,2,,
b413307f-d5c0-42a0-b40e-9f9b4516eaf3,6856,est,4.prologus.17,0,1,479,3,,
b413307f-d5c0-42a0-b40e-9f9b4516eaf3,6857,quod,4.prologus.17,0,1,479,4,,
b413307f-d5c0-42a0-b40e-9f9b4516eaf3,6858,tu,4.prologus.17,0,1,479,5,,
b413307f-d5c0-42a0-b40e-9f9b4516eaf3,6859,",",4.prologus.17,,4,479,,,
b413307f-d5c0-42a0-b40e-9f9b4516eaf3,6860,quod,4.prologus.17,0,1,479,6,,
b413307f-d5c0-42a0-b40e-9f9b4516eaf3,6861,similes,4.prologus.17,0,1,479,7,,
b413307f-d5c0-42a0-b40e-9f9b4516eaf3,6862,tui,4.prologus.17,0,1,479,8,,
b413307f-d5c0-42a0-b40e-9f9b4516eaf3,6863,Vestras,4.prologus.18,0,1,479,9,,
b413307f-d5c0-42a0-b40e-9f9b4516eaf3,6864,in,4.prologus.18,0,1,479,10,,
b413307f-d5c0-42a0-b40e-9f9b4516eaf3,6865,chartas,4.prologus.18,0,1,479,11,,
b413307f-d5c0-42a0-b40e-9f9b4516eaf3,6866,verba,4.prologus.18,0,1,479,12,,
b413307f-d5c0-42a0-b40e-9f9b4516eaf3,6867,transfertis,4.prologus.18,0,1,479,13,,
b413307f-d5c0-42a0-b40e-9f9b4516eaf3,6868,mea,4.prologus.18,0,1,479,14,,
b413307f-d5c0-42a0-b40e-9f9b4516eaf3,6869,",",4.prologus.18,,4,479,,,
b413307f-d5c0-42a0-b40e-9f9b4516eaf3,6870,Dignumque,4.prologus.19,0,1,479,15,,
b413307f-d5c0-42a0-b40e-9f9b4516eaf3,6871,longa,4.prologus.19,0,1,479,16,,
b413307f-d5c0-42a0-b40e-9f9b4516eaf3,6872,iudicatis,4.prologus.19,0,1,479,17,,
b413307f-d5c0-42a0-b40e-9f9b4516eaf3,6873,memoria,4.prologus.19,0,1,479,18,,
b413307f-d5c0-42a0-b40e-9f9b4516eaf3,6874,.,4.prologus.19,,4,479,,,
b413307f-d5c0-42a0-b40e-9f9b4516eaf3,6875,Illitteratum,4.prologus.20,0,1,480,0,,
b413307f-d5c0-42a0-b40e-9f9b4516eaf3,6876,plausum,4.prologus.20,0,1,480,1,,
b413307f-d5c0-42a0-b40e-9f9b4516eaf3,6877,nec,4.prologus.20,0,1,480,2,,
b413307f-d5c0-42a0-b40e-9f9b4516eaf3,6878,desidero,4.prologus.20,0,1,480,3,,
b413307f-d5c0-42a0-b40e-9f9b4516eaf3,6879,.,4.prologus.20,,4,480,,,
b413307f-d5c0-42a0-b40e-9f9b4516eaf3,6880,Asinus,4.1,0,1,481,0,,
b413307f-d5c0-42a0-b40e-9f9b4516eaf3,6881,et,4.1,0,1,481,1,,
b413307f-d5c0-42a0-b40e-9f9b4516eaf3,6882,Galli,4.1,1,1,481,2,,
b413307f-d5c0-42a0-b40e-9f9b4516eaf3,6883,.,4.1,,4,481,,,
b413307f-d5c0-42a0-b40e-9f9b4516eaf3,6884,Qui,4.1.1,0,1,482,0,,
b413307f-d5c0-42a0-b40e-9f9b4516eaf3,6885,natus,4.1.1,0,1,482,1,,
b413307f-d5c0-42a0-b40e-9f9b4516eaf3,6886,est,4.1.1,0,1,482,2,,
b413307f-d5c0-42a0-b40e-9f9b4516eaf3,6887,infelix,4.1.1,0,1,482,3,,
b413307f-d5c0-42a0-b40e-9f9b4516eaf3,6888,",",4.1.1,,4,482,,,
b413307f-d5c0-42a0-b40e-9f9b4516eaf3,6889,non,4.1.1,0,1,482,4,,
b413307f-d5c0-42a0-b40e-9f9b4516eaf3,6890,vitam,4.1.1,0,1,482,5,,
b413307f-d5c0-42a0-b40e-9f9b4516eaf3,6891,modo,4.1.1,0,1,482,6,,
b413307f-d5c0-42a0-b40e-9f9b4516eaf3,6892,Tristem,4.1.2,0,1,482,7,,
b413307f-d5c0-42a0-b40e-9f9b4516eaf3,6893,decurrit,4.1.2,0,1,482,8,,
b413307f-d5c0-42a0-b40e-9f9b4516eaf3,6894,",",4.1.2,,4,482,,,
b413307f-d5c0-42a0-b40e-9f9b4516eaf3,6895,verum,4.1.2,0,1,482,9,,
b413307f-d5c0-42a0-b40e-9f9b4516eaf3,6896,post,4.1.2,0,1,482,10,,
b413307f-d5c0-42a0-b40e-9f9b4516eaf3,6897,obitum,4.1.2,0,1,482,11,,
b413307f-d5c0-42a0-b40e-9f9b4516eaf3,6898,quoque,4.1.2,0,1,482,12,,
b413307f-d5c0-42a0-b40e-9f9b4516eaf3,6899,Persequitur,4.1.3,0,1,482,13,,
b413307f-d5c0-42a0-b40e-9f9b4516eaf3,6900,illum,4.1.3,0,1,482,14,,
b413307f-d5c0-42a0-b40e-9f9b4516eaf3,6901,dura,4.1.3,0,1,482,15,,
b413307f-d5c0-42a0-b40e-9f9b4516eaf3,6902,fati,4.1.3,0,1,482,16,,
b413307f-d5c0-42a0-b40e-9f9b4516eaf3,6903,miseria,4.1.3,0,1,482,17,,
b413307f-d5c0-42a0-b40e-9f9b4516eaf3,6904,.,4.1.3,,4,482,,,
b413307f-d5c0-42a0-b40e-9f9b4516eaf3,6905,Galli,4.1.4,2,1,483,0,,
b413307f-d5c0-42a0-b40e-9f9b4516eaf3,6906,Cybebes,4.1.4,1,1,483,1,,
b413307f-d5c0-42a0-b40e-9f9b4516eaf3,6907,circum,4.1.4,0,1,483,2,,
b413307f-d5c0-42a0-b40e-9f9b4516eaf3,6908,in,4.1.4,0,1,483,3,,
b413307f-d5c0-42a0-b40e-9f9b4516eaf3,6909,quaestus,4.1.4,0,1,483,4,,
b413307f-d5c0-42a0-b40e-9f9b4516eaf3,6910,ducere,4.1.4,0,1,483,5,,
b413307f-d5c0-42a0-b40e-9f9b4516eaf3,6911,Asinum,4.1.5,0,1,483,6,,
b413307f-d5c0-42a0-b40e-9f9b4516eaf3,6912,solebant,4.1.5,0,1,483,7,,
b413307f-d5c0-42a0-b40e-9f9b4516eaf3,6913,baiulantem,4.1.5,0,1,483,8,,
b413307f-d5c0-42a0-b40e-9f9b4516eaf3,6914,sarcinas,4.1.5,0,1,483,9,,
b413307f-d5c0-42a0-b40e-9f9b4516eaf3,6915,.,4.1.5,,4,483,,,
b413307f-d5c0-42a0-b40e-9f9b4516eaf3,6916,Is,4.1.6,0,1,484,0,,
b413307f-d5c0-42a0-b40e-9f9b4516eaf3,6917,cum,4.1.6,0,1,484,1,,
b413307f-d5c0-42a0-b40e-9f9b4516eaf3,6918,labore,4.1.6,0,1,484,2,,
b413307f-d5c0-42a0-b40e-9f9b4516eaf3,6919,et,4.1.6,0,1,484,3,,
b413307f-d5c0-42a0-b40e-9f9b4516eaf3,6920,plagis,4.1.6,0,1,484,4,,
b413307f-d5c0-42a0-b40e-9f9b4516eaf3,6921,esset,4.1.6,0,1,484,5,,
b413307f-d5c0-42a0-b40e-9f9b4516eaf3,6922,mortuus,4.1.6,0,1,484,6,,
b413307f-d5c0-42a0-b40e-9f9b4516eaf3,6923,",",4.1.6,,4,484,,,
b413307f-d5c0-42a0-b40e-9f9b4516eaf3,6924,Detracta,4.1.7,0,1,484,7,,
b413307f-d5c0-42a0-b40e-9f9b4516eaf3,6925,pelle,4.1.7,0,1,484,8,,
b413307f-d5c0-42a0-b40e-9f9b4516eaf3,6926,sibi,4.1.7,0,1,484,9,,
b413307f-d5c0-42a0-b40e-9f9b4516eaf3,6927,fecerunt,4.1.7,0,1,484,10,,
b413307f-d5c0-42a0-b40e-9f9b4516eaf3,6928,tympana,4.1.7,0,1,484,11,,
b413307f-d5c0-42a0-b40e-9f9b4516eaf3,6929,.,4.1.7,,4,484,,,
b413307f-d5c0-42a0-b40e-9f9b4516eaf3,6930,Rogati,4.1.8,0,1,485,0,,
b413307f-d5c0-42a0-b40e-9f9b4516eaf3,6931,mox,4.1.8,0,1,485,1,,
b413307f-d5c0-42a0-b40e-9f9b4516eaf3,6932,a,4.1.8,0,1,485,2,,
b413307f-d5c0-42a0-b40e-9f9b4516eaf3,6933,quodam,4.1.8,0,1,485,3,,
b413307f-d5c0-42a0-b40e-9f9b4516eaf3,6934,",",4.1.8,,4,485,,,
b413307f-d5c0-42a0-b40e-9f9b4516eaf3,6935,delicio,4.1.8,0,1,485,4,,
b413307f-d5c0-42a0-b40e-9f9b4516eaf3,6936,suo,4.1.8,0,1,485,5,,
b413307f-d5c0-42a0-b40e-9f9b4516eaf3,6937,Quidnam,4.1.9,0,1,485,6,,
b413307f-d5c0-42a0-b40e-9f9b4516eaf3,6938,fecissent,4.1.9,0,1,485,7,,
b413307f-d5c0-42a0-b40e-9f9b4516eaf3,6939,",",4.1.9,,4,485,,,
b413307f-d5c0-42a0-b40e-9f9b4516eaf3,6940,hoc,4.1.9,0,1,485,8,,
b413307f-d5c0-42a0-b40e-9f9b4516eaf3,6941,locuti,4.1.9,0,1,485,9,,
b413307f-d5c0-42a0-b40e-9f9b4516eaf3,6942,sunt,4.1.9,0,1,485,10,,
b413307f-d5c0-42a0-b40e-9f9b4516eaf3,6943,modo,4.1.9,0,1,485,11,,
b413307f-d5c0-42a0-b40e-9f9b4516eaf3,6944,:,4.1.9,,4,485,,,
b413307f-d5c0-42a0-b40e-9f9b4516eaf3,6945,Putabat,4.1.10,0,1,485,12,,
b413307f-d5c0-42a0-b40e-9f9b4516eaf3,6946,se,4.1.10,0,1,485,13,,
b413307f-d5c0-42a0-b40e-9f9b4516eaf3,6947,post,4.1.10,0,1,485,14,,
b413307f-d5c0-42a0-b40e-9f9b4516eaf3,6948,mortem,4.1.10,0,1,485,15,,
b413307f-d5c0-42a0-b40e-9f9b4516eaf3,6949,securum,4.1.10,0,1,485,16,,
b413307f-d5c0-42a0-b40e-9f9b4516eaf3,6950,fore,4.1.10,0,1,485,17,,
b413307f-d5c0-42a0-b40e-9f9b4516eaf3,6951,;,4.1.10,,4,485,,,
b413307f-d5c0-42a0-b40e-9f9b4516eaf3,6952,Ecce,4.1.11,0,1,485,18,,
b413307f-d5c0-42a0-b40e-9f9b4516eaf3,6953,aliae,4.1.11,0,1,485,19,,
b413307f-d5c0-42a0-b40e-9f9b4516eaf3,6954,plagae,4.1.11,0,1,485,20,,
b413307f-d5c0-42a0-b40e-9f9b4516eaf3,6955,congeruntur,4.1.11,0,1,485,21,,
b413307f-d5c0-42a0-b40e-9f9b4516eaf3,6956,mortuo,4.1.11,0,1,485,22,,
b413307f-d5c0-42a0-b40e-9f9b4516eaf3,6957,.,4.1.11,,4,485,,,
b413307f-d5c0-42a0-b40e-9f9b4516eaf3,6958,Poeta,4.2,0,1,486,0,,
b413307f-d5c0-42a0-b40e-9f9b4516eaf3,6959,.,4.2,,4,486,,,
b413307f-d5c0-42a0-b40e-9f9b4516eaf3,6960,Ioculare,4.2.1,0,1,487,0,,
b413307f-d5c0-42a0-b40e-9f9b4516eaf3,6961,tibi,4.2.1,0,1,487,1,,
b413307f-d5c0-42a0-b40e-9f9b4516eaf3,6962,videtur,4.2.1,0,1,487,2,,
b413307f-d5c0-42a0-b40e-9f9b4516eaf3,6963,",",4.2.1,,4,487,,,
b413307f-d5c0-42a0-b40e-9f9b4516eaf3,6964,et,4.2.1,0,1,487,3,,
b413307f-d5c0-42a0-b40e-9f9b4516eaf3,6965,sane,4.2.1,0,1,487,4,,
b413307f-d5c0-42a0-b40e-9f9b4516eaf3,6966,levi,4.2.1,0,1,487,5,,
b413307f-d5c0-42a0-b40e-9f9b4516eaf3,6967,",",4.2.1,,4,487,,,
b413307f-d5c0-42a0-b40e-9f9b4516eaf3,6968,Dum,4.2.2,0,1,487,6,,
b413307f-d5c0-42a0-b40e-9f9b4516eaf3,6969,nihil,4.2.2,0,1,487,7,,
b413307f-d5c0-42a0-b40e-9f9b4516eaf3,6970,habemus,4.2.2,0,1,487,8,,
b413307f-d5c0-42a0-b40e-9f9b4516eaf3,6971,maius,4.2.2,0,1,487,9,,
b413307f-d5c0-42a0-b40e-9f9b4516eaf3,6972,",",4.2.2,,4,487,,,
b413307f-d5c0-42a0-b40e-9f9b4516eaf3,6973,calamo,4.2.2,0,1,487,10,,
b413307f-d5c0-42a0-b40e-9f9b4516eaf3,6974,ludimus,4.2.2,0,1,487,11,,
b413307f-d5c0-42a0-b40e-9f9b4516eaf3,6975,.,4.2.2,,4,487,,,
b413307f-d5c0-42a0-b40e-9f9b4516eaf3,6976,Sed,4.2.3,0,1,488,0,,
b413307f-d5c0-42a0-b40e-9f9b4516eaf3,6977,diligenter,4.2.3,0,1,488,1,,
b413307f-d5c0-42a0-b40e-9f9b4516eaf3,6978,intuere,4.2.3,0,1,488,2,,
b413307f-d5c0-42a0-b40e-9f9b4516eaf3,6979,has,4.2.3,0,1,488,3,,
b413307f-d5c0-42a0-b40e-9f9b4516eaf3,6980,nenias,4.2.3,0,1,488,4,,
b413307f-d5c0-42a0-b40e-9f9b4516eaf3,6981,:,4.2.3,,4,488,,,
b413307f-d5c0-42a0-b40e-9f9b4516eaf3,6982,Quantam,4.2.4,0,1,488,5,,
b413307f-d5c0-42a0-b40e-9f9b4516eaf3,6983,sub,4.2.4,0,1,488,6,,
b413307f-d5c0-42a0-b40e-9f9b4516eaf3,6984,titulis,4.2.4,0,1,488,7,,
b413307f-d5c0-42a0-b40e-9f9b4516eaf3,6985,utilitatem,4.2.4,0,1,488,8,,
b413307f-d5c0-42a0-b40e-9f9b4516eaf3,6986,reperies,4.2.4,0,1,488,9,,
b413307f-d5c0-42a0-b40e-9f9b4516eaf3,6987,!,4.2.4,,4,488,,,
b413307f-d5c0-42a0-b40e-9f9b4516eaf3,6988,Non,4.2.5,0,1,489,0,,
b413307f-d5c0-42a0-b40e-9f9b4516eaf3,6989,semper,4.2.5,0,1,489,1,,
b413307f-d5c0-42a0-b40e-9f9b4516eaf3,6990,ea,4.2.5,0,1,489,2,,
b413307f-d5c0-42a0-b40e-9f9b4516eaf3,6991,sunt,4.2.5,0,1,489,3,,
b413307f-d5c0-42a0-b40e-9f9b4516eaf3,6992,quae,4.2.5,0,1,489,4,,
b413307f-d5c0-42a0-b40e-9f9b4516eaf3,6993,videntur,4.2.5,0,1,489,5,,
b413307f-d5c0-42a0-b40e-9f9b4516eaf3,6994,;,4.2.5,,4,489,,,
b413307f-d5c0-42a0-b40e-9f9b4516eaf3,6995,decipit,4.2.5,0,1,489,6,,
b413307f-d5c0-42a0-b40e-9f9b4516eaf3,6996,Frons,4.2.6,0,1,489,7,,
b413307f-d5c0-42a0-b40e-9f9b4516eaf3,6997,prima,4.2.6,0,1,489,8,,
b413307f-d5c0-42a0-b40e-9f9b4516eaf3,6998,multos,4.2.6,0,1,489,9,,
b413307f-d5c0-42a0-b40e-9f9b4516eaf3,6999,:,4.2.6,,4,489,,,
b413307f-d5c0-42a0-b40e-9f9b4516eaf3,7000,rara,4.2.6,0,1,489,10,,
b413307f-d5c0-42a0-b40e-9f9b4516eaf3,7001,mens,4.2.6,0,1,489,11,,
b413307f-d5c0-42a0-b40e-9f9b4516eaf3,7002,intellegit,4.2.6,0,1,489,12,,
b413307f-d5c0-42a0-b40e-9f9b4516eaf3,7003,Quod,4.2.7,0,1,489,13,,
b413307f-d5c0-42a0-b40e-9f9b4516eaf3,7004,interiore,4.2.7,0,1,489,14,,
b413307f-d5c0-42a0-b40e-9f9b4516eaf3,7005,condidit,4.2.7,0,1,489,15,,
b413307f-d5c0-42a0-b40e-9f9b4516eaf3,7006,cura,4.2.7,0,1,489,16,,
b413307f-d5c0-42a0-b40e-9f9b4516eaf3,7007,angulo,4.2.7,0,1,489,17,,
b413307f-d5c0-42a0-b40e-9f9b4516eaf3,7008,.,4.2.7,,4,489,,,
b413307f-d5c0-42a0-b40e-9f9b4516eaf3,7009,Hoc,4.2.8,0,1,490,0,,
b413307f-d5c0-42a0-b40e-9f9b4516eaf3,7010,ne,4.2.8,0,1,490,1,,
b413307f-d5c0-42a0-b40e-9f9b4516eaf3,7011,locutus,4.2.8,0,1,490,2,,
b413307f-d5c0-42a0-b40e-9f9b4516eaf3,7012,sine,4.2.8,0,1,490,3,,
b413307f-d5c0-42a0-b40e-9f9b4516eaf3,7013,mercede,4.2.8,0,1,490,4,,
b413307f-d5c0-42a0-b40e-9f9b4516eaf3,7014,existimer,4.2.8,0,1,490,5,,
b413307f-d5c0-42a0-b40e-9f9b4516eaf3,7015,",",4.2.8,,4,490,,,
b413307f-d5c0-42a0-b40e-9f9b4516eaf3,7016,Fabellam,4.2.9,0,1,490,6,,
b413307f-d5c0-42a0-b40e-9f9b4516eaf3,7017,adiciam,4.2.9,0,1,490,7,,
b413307f-d5c0-42a0-b40e-9f9b4516eaf3,7018,de,4.2.9,0,1,490,8,,
b413307f-d5c0-42a0-b40e-9f9b4516eaf3,7019,mustela,4.2.9,0,1,490,9,,
b413307f-d5c0-42a0-b40e-9f9b4516eaf3,7020,et,4.2.9,0,1,490,10,,
b413307f-d5c0-42a0-b40e-9f9b4516eaf3,7021,muribus,4.2.9,0,1,490,11,,
b413307f-d5c0-42a0-b40e-9f9b4516eaf3,7022,.,4.2.9,,4,490,,,
b413307f-d5c0-42a0-b40e-9f9b4516eaf3,7023,Mustela,4.2.10,0,1,491,0,,
b413307f-d5c0-42a0-b40e-9f9b4516eaf3,7024,cum,4.2.10,0,1,491,1,,
b413307f-d5c0-42a0-b40e-9f9b4516eaf3,7025,annis,4.2.10,0,1,491,2,,
b413307f-d5c0-42a0-b40e-9f9b4516eaf3,7026,et,4.2.10,0,1,491,3,,
b413307f-d5c0-42a0-b40e-9f9b4516eaf3,7027,senecta,4.2.10,0,1,491,4,,
b413307f-d5c0-42a0-b40e-9f9b4516eaf3,7028,debilis,4.2.10,0,1,491,5,,
b413307f-d5c0-42a0-b40e-9f9b4516eaf3,7029,Mures,4.2.11,0,1,491,6,,
b413307f-d5c0-42a0-b40e-9f9b4516eaf3,7030,veloces,4.2.11,0,1,491,7,,
b413307f-d5c0-42a0-b40e-9f9b4516eaf3,7031,non,4.2.11,0,1,491,8,,
b413307f-d5c0-42a0-b40e-9f9b4516eaf3,7032,valeret,4.2.11,0,1,491,9,,
b413307f-d5c0-42a0-b40e-9f9b4516eaf3,7033,assequi,4.2.11,0,1,491,10,,
b413307f-d5c0-42a0-b40e-9f9b4516eaf3,7034,",",4.2.11,,4,491,,,
b413307f-d5c0-42a0-b40e-9f9b4516eaf3,7035,Involvit,4.2.12,0,1,491,11,,
b413307f-d5c0-42a0-b40e-9f9b4516eaf3,7036,se,4.2.12,0,1,491,12,,
b413307f-d5c0-42a0-b40e-9f9b4516eaf3,7037,farina,4.2.12,0,1,491,13,,
b413307f-d5c0-42a0-b40e-9f9b4516eaf3,7038,et,4.2.12,0,1,491,14,,
b413307f-d5c0-42a0-b40e-9f9b4516eaf3,7039,obscuro,4.2.12,0,1,491,15,,
b413307f-d5c0-42a0-b40e-9f9b4516eaf3,7040,loco,4.2.12,0,1,491,16,,
b413307f-d5c0-42a0-b40e-9f9b4516eaf3,7041,Abiecit,4.2.13,0,1,491,17,,
b413307f-d5c0-42a0-b40e-9f9b4516eaf3,7042,neglegenter,4.2.13,0,1,491,18,,
b413307f-d5c0-42a0-b40e-9f9b4516eaf3,7043,.,4.2.13,,4,491,,,
b413307f-d5c0-42a0-b40e-9f9b4516eaf3,7044,Mus,4.2.13,0,1,492,0,,
b413307f-d5c0-42a0-b40e-9f9b4516eaf3,7045,escam,4.2.13,0,1,492,1,,
b413307f-d5c0-42a0-b40e-9f9b4516eaf3,7046,putans,4.2.13,0,1,492,2,,
b413307f-d5c0-42a0-b40e-9f9b4516eaf3,7047,Assiluit,4.2.14,0,1,492,3,,
b413307f-d5c0-42a0-b40e-9f9b4516eaf3,7048,et,4.2.14,0,1,492,4,,
b413307f-d5c0-42a0-b40e-9f9b4516eaf3,7049,compressus,4.2.14,0,1,492,5,,
b413307f-d5c0-42a0-b40e-9f9b4516eaf3,7050,occubuit,4.2.14,0,1,492,6,,
b413307f-d5c0-42a0-b40e-9f9b4516eaf3,7051,neci,4.2.14,0,1,492,7,,
b413307f-d5c0-42a0-b40e-9f9b4516eaf3,7052,.,4.2.14,,4,492,,,
b413307f-d5c0-42a0-b40e-9f9b4516eaf3,7053,Alter,4.2.15,0,1,493,0,,
b413307f-d5c0-42a0-b40e-9f9b4516eaf3,7054,similiter,4.2.15,0,1,493,1,,
b413307f-d5c0-42a0-b40e-9f9b4516eaf3,7055,",",4.2.15,,4,493,,,
b413307f-d5c0-42a0-b40e-9f9b4516eaf3,7056,deinde,4.2.15,0,1,493,2,,
b413307f-d5c0-42a0-b40e-9f9b4516eaf3,7057,perit,4.2.15,0,1,493,3,,
b413307f-d5c0-42a0-b40e-9f9b4516eaf3,7058,et,4.2.15,0,1,493,4,,
b413307f-d5c0-42a0-b40e-9f9b4516eaf3,7059,tertius,4.2.15,0,1,493,5,,
b413307f-d5c0-42a0-b40e-9f9b4516eaf3,7060,.,4.2.15,,4,493,,,
b413307f-d5c0-42a0-b40e-9f9b4516eaf3,7061,Mox,4.2.16,0,1,494,0,,
b413307f-d5c0-42a0-b40e-9f9b4516eaf3,7062,venit,4.2.16,0,1,494,1,,
b413307f-d5c0-42a0-b40e-9f9b4516eaf3,7063,aliquot,4.2.16,0,1,494,2,,
b413307f-d5c0-42a0-b40e-9f9b4516eaf3,7064,saeculis,4.2.16,0,1,494,3,,
b413307f-d5c0-42a0-b40e-9f9b4516eaf3,7065,retorridus,4.2.16,0,1,494,4,,
b413307f-d5c0-42a0-b40e-9f9b4516eaf3,7066,Qui,4.2.17,0,1,494,5,,
b413307f-d5c0-42a0-b40e-9f9b4516eaf3,7067,saepe,4.2.17,0,1,494,6,,
b413307f-d5c0-42a0-b40e-9f9b4516eaf3,7068,laqueos,4.2.17,0,1,494,7,,
b413307f-d5c0-42a0-b40e-9f9b4516eaf3,7069,et,4.2.17,0,1,494,8,,
b413307f-d5c0-42a0-b40e-9f9b4516eaf3,7070,muscipula,4.2.17,0,1,494,9,,
b413307f-d5c0-42a0-b40e-9f9b4516eaf3,7071,effugerat,4.2.17,0,1,494,10,,
b413307f-d5c0-42a0-b40e-9f9b4516eaf3,7072,;,4.2.17,,4,494,,,
b413307f-d5c0-42a0-b40e-9f9b4516eaf3,7073,Proculque,4.2.18,0,1,494,11,,
b413307f-d5c0-42a0-b40e-9f9b4516eaf3,7074,insidias,4.2.18,0,1,494,12,,
b413307f-d5c0-42a0-b40e-9f9b4516eaf3,7075,cernens,4.2.18,0,1,494,13,,
b413307f-d5c0-42a0-b40e-9f9b4516eaf3,7076,hostis,4.2.18,0,1,494,14,,
b413307f-d5c0-42a0-b40e-9f9b4516eaf3,7077,callidi,4.2.18,0,1,494,15,,
b413307f-d5c0-42a0-b40e-9f9b4516eaf3,7078,:,4.2.18,,4,494,,,
b413307f-d5c0-42a0-b40e-9f9b4516eaf3,7079,Sic,4.2.19,0,1,494,16,,
b413307f-d5c0-42a0-b40e-9f9b4516eaf3,7080,valeas,4.2.19,0,1,494,17,,
b413307f-d5c0-42a0-b40e-9f9b4516eaf3,7081,inquit,4.2.19,0,1,494,18,,
b413307f-d5c0-42a0-b40e-9f9b4516eaf3,7082,ut,4.2.19,0,1,494,19,,
b413307f-d5c0-42a0-b40e-9f9b4516eaf3,7083,farina,4.2.19,0,1,494,20,,
b413307f-d5c0-42a0-b40e-9f9b4516eaf3,7084,es,4.2.19,0,1,494,21,,
b413307f-d5c0-42a0-b40e-9f9b4516eaf3,7085,quae,4.2.19,0,1,494,22,,
b413307f-d5c0-42a0-b40e-9f9b4516eaf3,7086,iaces,4.2.19,0,1,494,23,,
b413307f-d5c0-42a0-b40e-9f9b4516eaf3,7087,!,4.2.19,,4,494,,,
b413307f-d5c0-42a0-b40e-9f9b4516eaf3,7088,De,4.3,0,1,495,0,,
b413307f-d5c0-42a0-b40e-9f9b4516eaf3,7089,vulpe,4.3,0,1,495,1,,
b413307f-d5c0-42a0-b40e-9f9b4516eaf3,7090,et,4.3,0,1,495,2,,
b413307f-d5c0-42a0-b40e-9f9b4516eaf3,7091,uva,4.3,0,1,495,3,,
b413307f-d5c0-42a0-b40e-9f9b4516eaf3,7092,.,4.3,,4,495,,,
b413307f-d5c0-42a0-b40e-9f9b4516eaf3,7093,Fame,4.3.1,0,1,496,0,,
b413307f-d5c0-42a0-b40e-9f9b4516eaf3,7094,coacta,4.3.1,0,1,496,1,,
b413307f-d5c0-42a0-b40e-9f9b4516eaf3,7095,vulpes,4.3.1,0,1,496,2,,
b413307f-d5c0-42a0-b40e-9f9b4516eaf3,7096,alta,4.3.1,0,1,496,3,,
b413307f-d5c0-42a0-b40e-9f9b4516eaf3,7097,in,4.3.1,0,1,496,4,,
b413307f-d5c0-42a0-b40e-9f9b4516eaf3,7098,vinea,4.3.1,0,1,496,5,,
b413307f-d5c0-42a0-b40e-9f9b4516eaf3,7099,Uvam,4.3.2,0,1,496,6,,
b413307f-d5c0-42a0-b40e-9f9b4516eaf3,7100,appetebat,4.3.2,0,1,496,7,,
b413307f-d5c0-42a0-b40e-9f9b4516eaf3,7101,summis,4.3.2,0,1,496,8,,
b413307f-d5c0-42a0-b40e-9f9b4516eaf3,7102,saliens,4.3.2,0,1,496,9,,
b413307f-d5c0-42a0-b40e-9f9b4516eaf3,7103,viribus,4.3.2,0,1,496,10,,
b413307f-d5c0-42a0-b40e-9f9b4516eaf3,7104,;,4.3.2,,4,496,,,
b413307f-d5c0-42a0-b40e-9f9b4516eaf3,7105,Quam,4.3.3,0,1,496,11,,
b413307f-d5c0-42a0-b40e-9f9b4516eaf3,7106,tangere,4.3.3,0,1,496,12,,
b413307f-d5c0-42a0-b40e-9f9b4516eaf3,7107,ut,4.3.3,0,1,496,13,,
b413307f-d5c0-42a0-b40e-9f9b4516eaf3,7108,non,4.3.3,0,1,496,14,,
b413307f-d5c0-42a0-b40e-9f9b4516eaf3,7109,potuit,4.3.3,0,1,496,15,,
b413307f-d5c0-42a0-b40e-9f9b4516eaf3,7110,",",4.3.3,,4,496,,,
b413307f-d5c0-42a0-b40e-9f9b4516eaf3,7111,discedens,4.3.3,0,1,496,16,,
b413307f-d5c0-42a0-b40e-9f9b4516eaf3,7112,ait,4.3.3,0,1,496,17,,
b413307f-d5c0-42a0-b40e-9f9b4516eaf3,7113,:,4.3.3,,4,496,,,
b413307f-d5c0-42a0-b40e-9f9b4516eaf3,7114,Nondum,4.3.4,0,1,496,18,,
b413307f-d5c0-42a0-b40e-9f9b4516eaf3,7115,matura,4.3.4,0,1,496,19,,
b413307f-d5c0-42a0-b40e-9f9b4516eaf3,7116,est,4.3.4,0,1,496,20,,
b413307f-d5c0-42a0-b40e-9f9b4516eaf3,7117,;,4.3.4,,4,496,,,
b413307f-d5c0-42a0-b40e-9f9b4516eaf3,7118,nolo,4.3.4,0,1,496,21,,
b413307f-d5c0-42a0-b40e-9f9b4516eaf3,7119,acerbam,4.3.4,0,1,496,22,,
b413307f-d5c0-42a0-b40e-9f9b4516eaf3,7120,sumere,4.3.4,0,1,496,23,,
b413307f-d5c0-42a0-b40e-9f9b4516eaf3,7121,.,4.3.4,,4,496,,,
b413307f-d5c0-42a0-b40e-9f9b4516eaf3,7122,Qui,4.3.5,0,1,497,0,,
b413307f-d5c0-42a0-b40e-9f9b4516eaf3,7123,facere,4.3.5,0,1,497,1,,
b413307f-d5c0-42a0-b40e-9f9b4516eaf3,7124,quae,4.3.5,0,1,497,2,,
b413307f-d5c0-42a0-b40e-9f9b4516eaf3,7125,non,4.3.5,0,1,497,3,,
b413307f-d5c0-42a0-b40e-9f9b4516eaf3,7126,possunt,4.3.5,0,1,497,4,,
b413307f-d5c0-42a0-b40e-9f9b4516eaf3,7127,verbis,4.3.5,0,1,497,5,,
b413307f-d5c0-42a0-b40e-9f9b4516eaf3,7128,elevant,4.3.5,0,1,497,6,,
b413307f-d5c0-42a0-b40e-9f9b4516eaf3,7129,",",4.3.5,,4,497,,,
b413307f-d5c0-42a0-b40e-9f9b4516eaf3,7130,Ascribere,4.3.6,0,1,497,7,,
b413307f-d5c0-42a0-b40e-9f9b4516eaf3,7131,hoc,4.3.6,0,1,497,8,,
b413307f-d5c0-42a0-b40e-9f9b4516eaf3,7132,debebunt,4.3.6,0,1,497,9,,
b413307f-d5c0-42a0-b40e-9f9b4516eaf3,7133,exemplum,4.3.6,0,1,497,10,,
b413307f-d5c0-42a0-b40e-9f9b4516eaf3,7134,sibi,4.3.6,0,1,497,11,,
b413307f-d5c0-42a0-b40e-9f9b4516eaf3,7135,.,4.3.6,,4,497,,,
b413307f-d5c0-42a0-b40e-9f9b4516eaf3,7136,Equus,4.4,0,1,498,0,,
b413307f-d5c0-42a0-b40e-9f9b4516eaf3,7137,et,4.4,0,1,498,1,,
b413307f-d5c0-42a0-b40e-9f9b4516eaf3,7138,aper,4.4,0,1,498,2,,
b413307f-d5c0-42a0-b40e-9f9b4516eaf3,7139,.,4.4,,4,498,,,
b413307f-d5c0-42a0-b40e-9f9b4516eaf3,7140,Equus,4.4.1,0,1,499,0,,
b413307f-d5c0-42a0-b40e-9f9b4516eaf3,7141,sedare,4.4.1,0,1,499,1,,
b413307f-d5c0-42a0-b40e-9f9b4516eaf3,7142,solitus,4.4.1,0,1,499,2,,
b413307f-d5c0-42a0-b40e-9f9b4516eaf3,7143,quo,4.4.1,0,1,499,3,,
b413307f-d5c0-42a0-b40e-9f9b4516eaf3,7144,fuerat,4.4.1,0,1,499,4,,
b413307f-d5c0-42a0-b40e-9f9b4516eaf3,7145,sitim,4.4.1,0,1,499,5,,
b413307f-d5c0-42a0-b40e-9f9b4516eaf3,7146,",",4.4.1,,4,499,,,
b413307f-d5c0-42a0-b40e-9f9b4516eaf3,7147,Dum,4.4.2,0,1,499,6,,
b413307f-d5c0-42a0-b40e-9f9b4516eaf3,7148,sese,4.4.2,0,1,499,7,,
b413307f-d5c0-42a0-b40e-9f9b4516eaf3,7149,aper,4.4.2,0,1,499,8,,
b413307f-d5c0-42a0-b40e-9f9b4516eaf3,7150,volutat,4.4.2,0,1,499,9,,
b413307f-d5c0-42a0-b40e-9f9b4516eaf3,7151,turbavit,4.4.2,0,1,499,10,,
b413307f-d5c0-42a0-b40e-9f9b4516eaf3,7152,vadum,4.4.2,0,1,499,11,,
b413307f-d5c0-42a0-b40e-9f9b4516eaf3,7153,.,4.4.2,,4,499,,,
b413307f-d5c0-42a0-b40e-9f9b4516eaf3,7154,Hinc,4.4.3,0,1,500,0,,
b413307f-d5c0-42a0-b40e-9f9b4516eaf3,7155,orta,4.4.3,0,1,500,1,,
b413307f-d5c0-42a0-b40e-9f9b4516eaf3,7156,lis,4.4.3,0,1,500,2,,
b413307f-d5c0-42a0-b40e-9f9b4516eaf3,7157,est,4.4.3,0,1,500,3,,
b413307f-d5c0-42a0-b40e-9f9b4516eaf3,7158,.,4.4.3,,4,500,,,
b413307f-d5c0-42a0-b40e-9f9b4516eaf3,7159,Sonipes,4.4.3,0,1,501,0,,
b413307f-d5c0-42a0-b40e-9f9b4516eaf3,7160,iratus,4.4.3,0,1,501,1,,
b413307f-d5c0-42a0-b40e-9f9b4516eaf3,7161,fero,4.4.3,0,1,501,2,,
b413307f-d5c0-42a0-b40e-9f9b4516eaf3,7162,Auxilium,4.4.4,0,1,501,3,,
b413307f-d5c0-42a0-b40e-9f9b4516eaf3,7163,petiit,4.4.4,0,1,501,4,,
b413307f-d5c0-42a0-b40e-9f9b4516eaf3,7164,hominis,4.4.4,0,1,501,5,,
b413307f-d5c0-42a0-b40e-9f9b4516eaf3,7165,",",4.4.4,,4,501,,,
b413307f-d5c0-42a0-b40e-9f9b4516eaf3,7166,quem,4.4.4,0,1,501,6,,
b413307f-d5c0-42a0-b40e-9f9b4516eaf3,7167,dorso,4.4.4,0,1,501,7,,
b413307f-d5c0-42a0-b40e-9f9b4516eaf3,7168,levans,4.4.4,0,1,501,8,,
b413307f-d5c0-42a0-b40e-9f9b4516eaf3,7169,Rediit,4.4.5,0,1,501,9,,
b413307f-d5c0-42a0-b40e-9f9b4516eaf3,7170,ad,4.4.5,0,1,501,10,,
b413307f-d5c0-42a0-b40e-9f9b4516eaf3,7171,hostem,4.4.5,0,1,501,11,,
b413307f-d5c0-42a0-b40e-9f9b4516eaf3,7172,.,4.4.5,,4,501,,,
b413307f-d5c0-42a0-b40e-9f9b4516eaf3,7173,Iactis,4.4.5,2,1,502,0,,
b413307f-d5c0-42a0-b40e-9f9b4516eaf3,7174,hunc,4.4.5,0,1,502,1,,
b413307f-d5c0-42a0-b40e-9f9b4516eaf3,7175,telis,4.4.5,0,1,502,2,,
b413307f-d5c0-42a0-b40e-9f9b4516eaf3,7176,eques,4.4.5,0,1,502,3,,
b413307f-d5c0-42a0-b40e-9f9b4516eaf3,7177,Postquam,4.4.6,0,1,502,4,,
b413307f-d5c0-42a0-b40e-9f9b4516eaf3,7178,interfecit,4.4.6,0,1,502,5,,
b413307f-d5c0-42a0-b40e-9f9b4516eaf3,7179,",",4.4.6,,4,502,,,
b413307f-d5c0-42a0-b40e-9f9b4516eaf3,7180,sic,4.4.6,0,1,502,6,,
b413307f-d5c0-42a0-b40e-9f9b4516eaf3,7181,locutus,4.4.6,0,1,502,7,,
b413307f-d5c0-42a0-b40e-9f9b4516eaf3,7182,traditur,4.4.6,0,1,502,8,,
b413307f-d5c0-42a0-b40e-9f9b4516eaf3,7183,:,4.4.6,,4,502,,,
b413307f-d5c0-42a0-b40e-9f9b4516eaf3,7184,Laetor,4.4.7,0,1,502,9,,
b413307f-d5c0-42a0-b40e-9f9b4516eaf3,7185,tulisse,4.4.7,0,1,502,10,,
b413307f-d5c0-42a0-b40e-9f9b4516eaf3,7186,auxilium,4.4.7,0,1,502,11,,
b413307f-d5c0-42a0-b40e-9f9b4516eaf3,7187,me,4.4.7,0,1,502,12,,
b413307f-d5c0-42a0-b40e-9f9b4516eaf3,7188,precibus,4.4.7,0,1,502,13,,
b413307f-d5c0-42a0-b40e-9f9b4516eaf3,7189,tuis,4.4.7,0,1,502,14,,
b413307f-d5c0-42a0-b40e-9f9b4516eaf3,7190,",",4.4.7,,4,502,,,
b413307f-d5c0-42a0-b40e-9f9b4516eaf3,7191,Nam,4.4.8,0,1,502,15,,
b413307f-d5c0-42a0-b40e-9f9b4516eaf3,7192,praedam,4.4.8,0,1,502,16,,
b413307f-d5c0-42a0-b40e-9f9b4516eaf3,7193,cepi,4.4.8,0,1,502,17,,
b413307f-d5c0-42a0-b40e-9f9b4516eaf3,7194,et,4.4.8,0,1,502,18,,
b413307f-d5c0-42a0-b40e-9f9b4516eaf3,7195,didici,4.4.8,0,1,502,19,,
b413307f-d5c0-42a0-b40e-9f9b4516eaf3,7196,quam,4.4.8,0,1,502,20,,
b413307f-d5c0-42a0-b40e-9f9b4516eaf3,7197,sis,4.4.8,0,1,502,21,,
b413307f-d5c0-42a0-b40e-9f9b4516eaf3,7198,utilis,4.4.8,0,1,502,22,,
b413307f-d5c0-42a0-b40e-9f9b4516eaf3,7199,.,4.4.8,,4,502,,,
b413307f-d5c0-42a0-b40e-9f9b4516eaf3,7200,Atque,4.4.9,0,1,503,0,,
b413307f-d5c0-42a0-b40e-9f9b4516eaf3,7201,ita,4.4.9,0,1,503,1,,
b413307f-d5c0-42a0-b40e-9f9b4516eaf3,7202,coegit,4.4.9,0,1,503,2,,
b413307f-d5c0-42a0-b40e-9f9b4516eaf3,7203,frenos,4.4.9,0,1,503,3,,
b413307f-d5c0-42a0-b40e-9f9b4516eaf3,7204,invitum,4.4.9,0,1,503,4,,
b413307f-d5c0-42a0-b40e-9f9b4516eaf3,7205,pati,4.4.9,0,1,503,5,,
b413307f-d5c0-42a0-b40e-9f9b4516eaf3,7206,.,4.4.9,,4,503,,,
b413307f-d5c0-42a0-b40e-9f9b4516eaf3,7207,Tum,4.4.10,0,1,504,0,,
b413307f-d5c0-42a0-b40e-9f9b4516eaf3,7208,maestus,4.4.10,0,1,504,1,,
b413307f-d5c0-42a0-b40e-9f9b4516eaf3,7209,ille,4.4.10,0,1,504,2,,
b413307f-d5c0-42a0-b40e-9f9b4516eaf3,7210,:,4.4.10,,4,504,,,
b413307f-d5c0-42a0-b40e-9f9b4516eaf3,7211,Parvae,4.4.10,0,1,504,3,,
b413307f-d5c0-42a0-b40e-9f9b4516eaf3,7212,vindictam,4.4.10,0,1,504,4,,
b413307f-d5c0-42a0-b40e-9f9b4516eaf3,7213,rei,4.4.10,0,1,504,5,,
b413307f-d5c0-42a0-b40e-9f9b4516eaf3,7214,Dum,4.4.11,0,1,504,6,,
b413307f-d5c0-42a0-b40e-9f9b4516eaf3,7215,quaero,4.4.11,0,1,504,7,,
b413307f-d5c0-42a0-b40e-9f9b4516eaf3,7216,demens,4.4.11,0,1,504,8,,
b413307f-d5c0-42a0-b40e-9f9b4516eaf3,7217,",",4.4.11,,4,504,,,
b413307f-d5c0-42a0-b40e-9f9b4516eaf3,7218,servitutem,4.4.11,0,1,504,9,,
b413307f-d5c0-42a0-b40e-9f9b4516eaf3,7219,repperi,4.4.11,0,1,504,10,,
b413307f-d5c0-42a0-b40e-9f9b4516eaf3,7220,.,4.4.11,,4,504,,,
b413307f-d5c0-42a0-b40e-9f9b4516eaf3,7221,Haec,4.4.12,0,1,505,0,,
b413307f-d5c0-42a0-b40e-9f9b4516eaf3,7222,iracundos,4.4.12,0,1,505,1,,
b413307f-d5c0-42a0-b40e-9f9b4516eaf3,7223,admonebit,4.4.12,0,1,505,2,,
b413307f-d5c0-42a0-b40e-9f9b4516eaf3,7224,fabula,4.4.12,0,1,505,3,,
b413307f-d5c0-42a0-b40e-9f9b4516eaf3,7225,Impune,4.4.13,0,1,505,4,,
b413307f-d5c0-42a0-b40e-9f9b4516eaf3,7226,potius,4.4.13,0,1,505,5,,
b413307f-d5c0-42a0-b40e-9f9b4516eaf3,7227,laedi,4.4.13,0,1,505,6,,
b413307f-d5c0-42a0-b40e-9f9b4516eaf3,7228,quam,4.4.13,0,1,505,7,,
b413307f-d5c0-42a0-b40e-9f9b4516eaf3,7229,dedi,4.4.13,0,1,505,8,,
b413307f-d5c0-42a0-b40e-9f9b4516eaf3,7230,alteri,4.4.13,0,1,505,9,,
b413307f-d5c0-42a0-b40e-9f9b4516eaf3,7231,.,4.4.13,,4,505,,,
b413307f-d5c0-42a0-b40e-9f9b4516eaf3,7232,Poeta,4.5,0,1,506,0,,
b413307f-d5c0-42a0-b40e-9f9b4516eaf3,7233,.,4.5,,4,506,,,
b413307f-d5c0-42a0-b40e-9f9b4516eaf3,7234,Plus,4.5.1,0,1,507,0,,
b413307f-d5c0-42a0-b40e-9f9b4516eaf3,7235,esse,4.5.1,0,1,507,1,,
b413307f-d5c0-42a0-b40e-9f9b4516eaf3,7236,in,4.5.1,0,1,507,2,,
b413307f-d5c0-42a0-b40e-9f9b4516eaf3,7237,uno,4.5.1,0,1,507,3,,
b413307f-d5c0-42a0-b40e-9f9b4516eaf3,7238,saepe,4.5.1,0,1,507,4,,
b413307f-d5c0-42a0-b40e-9f9b4516eaf3,7239,quam,4.5.1,0,1,507,5,,
b413307f-d5c0-42a0-b40e-9f9b4516eaf3,7240,in,4.5.1,0,1,507,6,,
b413307f-d5c0-42a0-b40e-9f9b4516eaf3,7241,turba,4.5.1,0,1,507,7,,
b413307f-d5c0-42a0-b40e-9f9b4516eaf3,7242,boni,4.5.1,0,1,507,8,,
b413307f-d5c0-42a0-b40e-9f9b4516eaf3,7243,",",4.5.1,,4,507,,,
b413307f-d5c0-42a0-b40e-9f9b4516eaf3,7244,Narratione,4.5.2,0,1,507,9,,
b413307f-d5c0-42a0-b40e-9f9b4516eaf3,7245,posteris,4.5.2,0,1,507,10,,
b413307f-d5c0-42a0-b40e-9f9b4516eaf3,7246,tradam,4.5.2,0,1,507,11,,
b413307f-d5c0-42a0-b40e-9f9b4516eaf3,7247,brevi,4.5.2,0,1,507,12,,
b413307f-d5c0-42a0-b40e-9f9b4516eaf3,7248,.,4.5.2,,4,507,,,
b413307f-d5c0-42a0-b40e-9f9b4516eaf3,7249,Quidam,4.5.3,0,1,508,0,,
b413307f-d5c0-42a0-b40e-9f9b4516eaf3,7250,decedens,4.5.3,0,1,508,1,,
b413307f-d5c0-42a0-b40e-9f9b4516eaf3,7251,tres,4.5.3,0,1,508,2,,
b413307f-d5c0-42a0-b40e-9f9b4516eaf3,7252,reliquit,4.5.3,0,1,508,3,,
b413307f-d5c0-42a0-b40e-9f9b4516eaf3,7253,filias,4.5.3,0,1,508,4,,
b413307f-d5c0-42a0-b40e-9f9b4516eaf3,7254,:,4.5.3,,4,508,,,
b413307f-d5c0-42a0-b40e-9f9b4516eaf3,7255,Unam,4.5.4,0,1,508,5,,
b413307f-d5c0-42a0-b40e-9f9b4516eaf3,7256,formosam,4.5.4,0,1,508,6,,
b413307f-d5c0-42a0-b40e-9f9b4516eaf3,7257,et,4.5.4,0,1,508,7,,
b413307f-d5c0-42a0-b40e-9f9b4516eaf3,7258,oculis,4.5.4,0,1,508,8,,
b413307f-d5c0-42a0-b40e-9f9b4516eaf3,7259,venantem,4.5.4,0,1,508,9,,
b413307f-d5c0-42a0-b40e-9f9b4516eaf3,7260,viros,4.5.4,0,1,508,10,,
b413307f-d5c0-42a0-b40e-9f9b4516eaf3,7261,;,4.5.4,,4,508,,,
b413307f-d5c0-42a0-b40e-9f9b4516eaf3,7262,At,4.5.5,0,1,508,11,,
b413307f-d5c0-42a0-b40e-9f9b4516eaf3,7263,alteram,4.5.5,0,1,508,12,,
b413307f-d5c0-42a0-b40e-9f9b4516eaf3,7264,lanificam,4.5.5,0,1,508,13,,
b413307f-d5c0-42a0-b40e-9f9b4516eaf3,7265,et,4.5.5,0,1,508,14,,
b413307f-d5c0-42a0-b40e-9f9b4516eaf3,7266,frugi,4.5.5,0,1,508,15,,
b413307f-d5c0-42a0-b40e-9f9b4516eaf3,7267,rusticam,4.5.5,0,1,508,16,,
b413307f-d5c0-42a0-b40e-9f9b4516eaf3,7268,;,4.5.5,,4,508,,,
b413307f-d5c0-42a0-b40e-9f9b4516eaf3,7269,Devotam,4.5.6,0,1,508,17,,
b413307f-d5c0-42a0-b40e-9f9b4516eaf3,7270,vino,4.5.6,0,1,508,18,,
b413307f-d5c0-42a0-b40e-9f9b4516eaf3,7271,tertiam,4.5.6,0,1,508,19,,
b413307f-d5c0-42a0-b40e-9f9b4516eaf3,7272,et,4.5.6,0,1,508,20,,
b413307f-d5c0-42a0-b40e-9f9b4516eaf3,7273,turpissimam,4.5.6,0,1,508,21,,
b413307f-d5c0-42a0-b40e-9f9b4516eaf3,7274,.,4.5.6,,4,508,,,
b413307f-d5c0-42a0-b40e-9f9b4516eaf3,7275,Harum,4.5.7,0,1,509,0,,
b413307f-d5c0-42a0-b40e-9f9b4516eaf3,7276,autem,4.5.7,0,1,509,1,,
b413307f-d5c0-42a0-b40e-9f9b4516eaf3,7277,matrem,4.5.7,0,1,509,2,,
b413307f-d5c0-42a0-b40e-9f9b4516eaf3,7278,fecit,4.5.7,0,1,509,3,,
b413307f-d5c0-42a0-b40e-9f9b4516eaf3,7279,heredem,4.5.7,0,1,509,4,,
b413307f-d5c0-42a0-b40e-9f9b4516eaf3,7280,senex,4.5.7,0,1,509,5,,
b413307f-d5c0-42a0-b40e-9f9b4516eaf3,7281,Sub,4.5.8,0,1,509,6,,
b413307f-d5c0-42a0-b40e-9f9b4516eaf3,7282,condicione,4.5.8,0,1,509,7,,
b413307f-d5c0-42a0-b40e-9f9b4516eaf3,7283,totam,4.5.8,0,1,509,8,,
b413307f-d5c0-42a0-b40e-9f9b4516eaf3,7284,ut,4.5.8,0,1,509,9,,
b413307f-d5c0-42a0-b40e-9f9b4516eaf3,7285,fortunam,4.5.8,0,1,509,10,,
b413307f-d5c0-42a0-b40e-9f9b4516eaf3,7286,tribus,4.5.8,0,1,509,11,,
b413307f-d5c0-42a0-b40e-9f9b4516eaf3,7287,Aequaliter,4.5.9,0,1,509,12,,
b413307f-d5c0-42a0-b40e-9f9b4516eaf3,7288,distribuat,4.5.9,0,1,509,13,,
b413307f-d5c0-42a0-b40e-9f9b4516eaf3,7289,",",4.5.9,,4,509,,,
b413307f-d5c0-42a0-b40e-9f9b4516eaf3,7290,sed,4.5.9,0,1,509,14,,
b413307f-d5c0-42a0-b40e-9f9b4516eaf3,7291,tali,4.5.9,0,1,509,15,,
b413307f-d5c0-42a0-b40e-9f9b4516eaf3,7292,modo,4.5.9,0,1,509,16,,
b413307f-d5c0-42a0-b40e-9f9b4516eaf3,7293,:,4.5.9,,4,509,,,
b413307f-d5c0-42a0-b40e-9f9b4516eaf3,7294,Ni,4.5.10,0,1,509,17,,
b413307f-d5c0-42a0-b40e-9f9b4516eaf3,7295,data,4.5.10,0,1,509,18,,
b413307f-d5c0-42a0-b40e-9f9b4516eaf3,7296,possideant,4.5.10,0,1,509,19,,
b413307f-d5c0-42a0-b40e-9f9b4516eaf3,7297,aut,4.5.10,0,1,509,20,,
b413307f-d5c0-42a0-b40e-9f9b4516eaf3,7298,fruantur,4.5.10,0,1,509,21,,
b413307f-d5c0-42a0-b40e-9f9b4516eaf3,7299,;,4.5.10,,4,509,,,
b413307f-d5c0-42a0-b40e-9f9b4516eaf3,7300,tum,4.5.10,0,1,509,22,,
b413307f-d5c0-42a0-b40e-9f9b4516eaf3,7301,:,4.5.10,,4,509,,,
b413307f-d5c0-42a0-b40e-9f9b4516eaf3,7302,simul,4.5.10,0,1,509,23,,
b413307f-d5c0-42a0-b40e-9f9b4516eaf3,7303,Habere,4.5.11,0,1,509,24,,
b413307f-d5c0-42a0-b40e-9f9b4516eaf3,7304,res,4.5.11,0,1,509,25,,
b413307f-d5c0-42a0-b40e-9f9b4516eaf3,7305,desierint,4.5.11,0,1,509,26,,
b413307f-d5c0-42a0-b40e-9f9b4516eaf3,7306,",",4.5.11,,4,509,,,
b413307f-d5c0-42a0-b40e-9f9b4516eaf3,7307,quas,4.5.11,0,1,509,27,,
b413307f-d5c0-42a0-b40e-9f9b4516eaf3,7308,acceperint,4.5.11,0,1,509,28,,
b413307f-d5c0-42a0-b40e-9f9b4516eaf3,7309,",",4.5.11,,4,509,,,
b413307f-d5c0-42a0-b40e-9f9b4516eaf3,7310,Centena,4.5.12,0,1,509,29,,
b413307f-d5c0-42a0-b40e-9f9b4516eaf3,7311,matri,4.5.12,0,1,509,30,,
b413307f-d5c0-42a0-b40e-9f9b4516eaf3,7312,conferant,4.5.12,0,1,509,31,,
b413307f-d5c0-42a0-b40e-9f9b4516eaf3,7313,sestertia,4.5.12,0,1,509,32,,
b413307f-d5c0-42a0-b40e-9f9b4516eaf3,7314,.,4.5.12,,4,509,,,
b413307f-d5c0-42a0-b40e-9f9b4516eaf3,7315,Athenas,4.5.13,1,1,510,0,,
b413307f-d5c0-42a0-b40e-9f9b4516eaf3,7316,rumor,4.5.13,0,1,510,1,,
b413307f-d5c0-42a0-b40e-9f9b4516eaf3,7317,implet,4.5.13,0,1,510,2,,
b413307f-d5c0-42a0-b40e-9f9b4516eaf3,7318,.,4.5.13,,4,510,,,
b413307f-d5c0-42a0-b40e-9f9b4516eaf3,7319,Mater,4.5.13,0,1,511,0,,
b413307f-d5c0-42a0-b40e-9f9b4516eaf3,7320,sedula,4.5.13,0,1,511,1,,
b413307f-d5c0-42a0-b40e-9f9b4516eaf3,7321,Iuris,4.5.14,2,1,511,2,,
b413307f-d5c0-42a0-b40e-9f9b4516eaf3,7322,peritos,4.5.14,0,1,511,3,,
b413307f-d5c0-42a0-b40e-9f9b4516eaf3,7323,consulit,4.5.14,0,1,511,4,,
b413307f-d5c0-42a0-b40e-9f9b4516eaf3,7324,;,4.5.14,,4,511,,,
b413307f-d5c0-42a0-b40e-9f9b4516eaf3,7325,nemo,4.5.14,0,1,511,5,,
b413307f-d5c0-42a0-b40e-9f9b4516eaf3,7326,expedit,4.5.14,0,1,511,6,,
b413307f-d5c0-42a0-b40e-9f9b4516eaf3,7327,Quo,4.5.15,0,1,511,7,,
b413307f-d5c0-42a0-b40e-9f9b4516eaf3,7328,pacto,4.5.15,0,1,511,8,,
b413307f-d5c0-42a0-b40e-9f9b4516eaf3,7329,non,4.5.15,0,1,511,9,,
b413307f-d5c0-42a0-b40e-9f9b4516eaf3,7330,possideant,4.5.15,0,1,511,10,,
b413307f-d5c0-42a0-b40e-9f9b4516eaf3,7331,",",4.5.15,,4,511,,,
b413307f-d5c0-42a0-b40e-9f9b4516eaf3,7332,quod,4.5.15,0,1,511,11,,
b413307f-d5c0-42a0-b40e-9f9b4516eaf3,7333,fuerit,4.5.15,0,1,511,12,,
b413307f-d5c0-42a0-b40e-9f9b4516eaf3,7334,datum,4.5.15,0,1,511,13,,
b413307f-d5c0-42a0-b40e-9f9b4516eaf3,7335,",",4.5.15,,4,511,,,
b413307f-d5c0-42a0-b40e-9f9b4516eaf3,7336,Fructumve,4.5.16,0,1,511,14,,
b413307f-d5c0-42a0-b40e-9f9b4516eaf3,7337,capiant,4.5.16,0,1,511,15,,
b413307f-d5c0-42a0-b40e-9f9b4516eaf3,7338,;,4.5.16,,4,511,,,
b413307f-d5c0-42a0-b40e-9f9b4516eaf3,7339,deinde,4.5.16,0,1,511,16,,
b413307f-d5c0-42a0-b40e-9f9b4516eaf3,7340,quae,4.5.16,0,1,511,17,,
b413307f-d5c0-42a0-b40e-9f9b4516eaf3,7341,tulerint,4.5.16,0,1,511,18,,
b413307f-d5c0-42a0-b40e-9f9b4516eaf3,7342,nihil,4.5.16,0,1,511,19,,
b413307f-d5c0-42a0-b40e-9f9b4516eaf3,7343,",",4.5.16,,4,511,,,
b413307f-d5c0-42a0-b40e-9f9b4516eaf3,7344,Quanam,4.5.17,0,1,511,20,,
b413307f-d5c0-42a0-b40e-9f9b4516eaf3,7345,ratione,4.5.17,0,1,511,21,,
b413307f-d5c0-42a0-b40e-9f9b4516eaf3,7346,conferant,4.5.17,0,1,511,22,,
b413307f-d5c0-42a0-b40e-9f9b4516eaf3,7347,pecuniam,4.5.17,0,1,511,23,,
b413307f-d5c0-42a0-b40e-9f9b4516eaf3,7348,.,4.5.17,,4,511,,,
b413307f-d5c0-42a0-b40e-9f9b4516eaf3,7349,Postquam,4.5.18,0,1,512,0,,
b413307f-d5c0-42a0-b40e-9f9b4516eaf3,7350,consumpta,4.5.18,0,1,512,1,,
b413307f-d5c0-42a0-b40e-9f9b4516eaf3,7351,est,4.5.18,0,1,512,2,,
b413307f-d5c0-42a0-b40e-9f9b4516eaf3,7352,temporis,4.5.18,0,1,512,3,,
b413307f-d5c0-42a0-b40e-9f9b4516eaf3,7353,longi,4.5.18,0,1,512,4,,
b413307f-d5c0-42a0-b40e-9f9b4516eaf3,7354,mora,4.5.18,0,1,512,5,,
b413307f-d5c0-42a0-b40e-9f9b4516eaf3,7355,",",4.5.18,,4,512,,,
b413307f-d5c0-42a0-b40e-9f9b4516eaf3,7356,Nec,4.5.19,0,1,512,6,,
b413307f-d5c0-42a0-b40e-9f9b4516eaf3,7357,testamenti,4.5.19,0,1,512,7,,
b413307f-d5c0-42a0-b40e-9f9b4516eaf3,7358,potuit,4.5.19,0,1,512,8,,
b413307f-d5c0-42a0-b40e-9f9b4516eaf3,7359,sensus,4.5.19,0,1,512,9,,
b413307f-d5c0-42a0-b40e-9f9b4516eaf3,7360,colligi,4.5.19,0,1,512,10,,
b413307f-d5c0-42a0-b40e-9f9b4516eaf3,7361,",",4.5.19,,4,512,,,
b413307f-d5c0-42a0-b40e-9f9b4516eaf3,7362,Fidem,4.5.20,0,1,512,11,,
b413307f-d5c0-42a0-b40e-9f9b4516eaf3,7363,advocavit,4.5.20,0,1,512,12,,
b413307f-d5c0-42a0-b40e-9f9b4516eaf3,7364,iure,4.5.20,0,1,512,13,,
b413307f-d5c0-42a0-b40e-9f9b4516eaf3,7365,neglecto,4.5.20,0,1,512,14,,
b413307f-d5c0-42a0-b40e-9f9b4516eaf3,7366,parens,4.5.20,0,1,512,15,,
b413307f-d5c0-42a0-b40e-9f9b4516eaf3,7367,.,4.5.20,,4,512,,,
b413307f-d5c0-42a0-b40e-9f9b4516eaf3,7368,Seponit,4.5.21,0,1,513,0,,
b413307f-d5c0-42a0-b40e-9f9b4516eaf3,7369,moechae,4.5.21,0,1,513,1,,
b413307f-d5c0-42a0-b40e-9f9b4516eaf3,7370,vestem,4.5.21,0,1,513,2,,
b413307f-d5c0-42a0-b40e-9f9b4516eaf3,7371,",",4.5.21,,4,513,,,
b413307f-d5c0-42a0-b40e-9f9b4516eaf3,7372,mundum,4.5.21,0,1,513,3,,
b413307f-d5c0-42a0-b40e-9f9b4516eaf3,7373,muliebrem,4.5.21,0,1,513,4,,
b413307f-d5c0-42a0-b40e-9f9b4516eaf3,7374,",",4.5.21,,4,513,,,
b413307f-d5c0-42a0-b40e-9f9b4516eaf3,7375,Lavationem,4.5.22,0,1,513,5,,
b413307f-d5c0-42a0-b40e-9f9b4516eaf3,7376,argenteam,4.5.22,0,1,513,6,,
b413307f-d5c0-42a0-b40e-9f9b4516eaf3,7377,",",4.5.22,,4,513,,,
b413307f-d5c0-42a0-b40e-9f9b4516eaf3,7378,eunuchos,4.5.22,0,1,513,7,,
b413307f-d5c0-42a0-b40e-9f9b4516eaf3,7379,",",4.5.22,,4,513,,,
b413307f-d5c0-42a0-b40e-9f9b4516eaf3,7380,glabros,4.5.22,0,1,513,8,,
b413307f-d5c0-42a0-b40e-9f9b4516eaf3,7381,;,4.5.22,,4,513,,,
b413307f-d5c0-42a0-b40e-9f9b4516eaf3,7382,Lanificae,4.5.23,0,1,513,9,,
b413307f-d5c0-42a0-b40e-9f9b4516eaf3,7383,agellos,4.5.23,0,1,513,10,,
b413307f-d5c0-42a0-b40e-9f9b4516eaf3,7384,",",4.5.23,,4,513,,,
b413307f-d5c0-42a0-b40e-9f9b4516eaf3,7385,pecora,4.5.23,0,1,513,11,,
b413307f-d5c0-42a0-b40e-9f9b4516eaf3,7386,",",4.5.23,,4,513,,,
b413307f-d5c0-42a0-b40e-9f9b4516eaf3,7387,villam,4.5.23,0,1,513,12,,
b413307f-d5c0-42a0-b40e-9f9b4516eaf3,7388,",",4.5.23,,4,513,,,
b413307f-d5c0-42a0-b40e-9f9b4516eaf3,7389,operarios,4.5.23,0,1,513,13,,
b413307f-d5c0-42a0-b40e-9f9b4516eaf3,7390,",",4.5.23,,4,513,,,
b413307f-d5c0-42a0-b40e-9f9b4516eaf3,7391,Boves,4.5.24,0,1,513,14,,
b413307f-d5c0-42a0-b40e-9f9b4516eaf3,7392,",",4.5.24,,4,513,,,
b413307f-d5c0-42a0-b40e-9f9b4516eaf3,7393,iumenta,4.5.24,0,1,513,15,,
b413307f-d5c0-42a0-b40e-9f9b4516eaf3,7394,et,4.5.24,0,1,513,16,,
b413307f-d5c0-42a0-b40e-9f9b4516eaf3,7395,instrumentum,4.5.24,0,1,513,17,,
b413307f-d5c0-42a0-b40e-9f9b4516eaf3,7396,rusticum,4.5.24,0,1,513,18,,
b413307f-d5c0-42a0-b40e-9f9b4516eaf3,7397,;,4.5.24,,4,513,,,
b413307f-d5c0-42a0-b40e-9f9b4516eaf3,7398,Potrici,4.5.25,0,1,513,19,,
b413307f-d5c0-42a0-b40e-9f9b4516eaf3,7399,plenam,4.5.25,0,1,513,20,,
b413307f-d5c0-42a0-b40e-9f9b4516eaf3,7400,antiquis,4.5.25,0,1,513,21,,
b413307f-d5c0-42a0-b40e-9f9b4516eaf3,7401,apothecam,4.5.25,0,1,513,22,,
b413307f-d5c0-42a0-b40e-9f9b4516eaf3,7402,cadis,4.5.25,0,1,513,23,,
b413307f-d5c0-42a0-b40e-9f9b4516eaf3,7403,",",4.5.25,,4,513,,,
b413307f-d5c0-42a0-b40e-9f9b4516eaf3,7404,Domum,4.5.26,0,1,513,24,,
b413307f-d5c0-42a0-b40e-9f9b4516eaf3,7405,politam,4.5.26,0,1,513,25,,
b413307f-d5c0-42a0-b40e-9f9b4516eaf3,7406,et,4.5.26,0,1,513,26,,
b413307f-d5c0-42a0-b40e-9f9b4516eaf3,7407,delicatos,4.5.26,0,1,513,27,,
b413307f-d5c0-42a0-b40e-9f9b4516eaf3,7408,hortulos,4.5.26,0,1,513,28,,
b413307f-d5c0-42a0-b40e-9f9b4516eaf3,7409,.,4.5.26,,4,513,,,
b413307f-d5c0-42a0-b40e-9f9b4516eaf3,7410,Sic,4.5.27,0,1,514,0,,
b413307f-d5c0-42a0-b40e-9f9b4516eaf3,7411,destinata,4.5.27,0,1,514,1,,
b413307f-d5c0-42a0-b40e-9f9b4516eaf3,7412,dare,4.5.27,0,1,514,2,,
b413307f-d5c0-42a0-b40e-9f9b4516eaf3,7413,cum,4.5.27,0,1,514,3,,
b413307f-d5c0-42a0-b40e-9f9b4516eaf3,7414,vellet,4.5.27,0,1,514,4,,
b413307f-d5c0-42a0-b40e-9f9b4516eaf3,7415,singulis,4.5.27,0,1,514,5,,
b413307f-d5c0-42a0-b40e-9f9b4516eaf3,7416,Et,4.5.28,0,1,514,6,,
b413307f-d5c0-42a0-b40e-9f9b4516eaf3,7417,approbaret,4.5.28,0,1,514,7,,
b413307f-d5c0-42a0-b40e-9f9b4516eaf3,7418,populus,4.5.28,0,1,514,8,,
b413307f-d5c0-42a0-b40e-9f9b4516eaf3,7419,",",4.5.28,,4,514,,,
b413307f-d5c0-42a0-b40e-9f9b4516eaf3,7420,qui,4.5.28,0,1,514,9,,
b413307f-d5c0-42a0-b40e-9f9b4516eaf3,7421,illas,4.5.28,0,1,514,10,,
b413307f-d5c0-42a0-b40e-9f9b4516eaf3,7422,noverat,4.5.28,0,1,514,11,,
b413307f-d5c0-42a0-b40e-9f9b4516eaf3,7423,",",4.5.28,,4,514,,,
b413307f-d5c0-42a0-b40e-9f9b4516eaf3,7424,Aesopus,4.5.29,1,1,514,12,,
b413307f-d5c0-42a0-b40e-9f9b4516eaf3,7425,media,4.5.29,0,1,514,13,,
b413307f-d5c0-42a0-b40e-9f9b4516eaf3,7426,subito,4.5.29,0,1,514,14,,
b413307f-d5c0-42a0-b40e-9f9b4516eaf3,7427,in,4.5.29,0,1,514,15,,
b413307f-d5c0-42a0-b40e-9f9b4516eaf3,7428,turba,4.5.29,0,1,514,16,,
b413307f-d5c0-42a0-b40e-9f9b4516eaf3,7429,constitit,4.5.29,0,1,514,17,,
b413307f-d5c0-42a0-b40e-9f9b4516eaf3,7430,:,4.5.29,,4,514,,,
b413307f-d5c0-42a0-b40e-9f9b4516eaf3,7431,O,4.5.30,0,1,514,18,,
b413307f-d5c0-42a0-b40e-9f9b4516eaf3,7432,si,4.5.30,0,1,514,19,,
b413307f-d5c0-42a0-b40e-9f9b4516eaf3,7433,maneret,4.5.30,0,1,514,20,,
b413307f-d5c0-42a0-b40e-9f9b4516eaf3,7434,condito,4.5.30,0,1,514,21,,
b413307f-d5c0-42a0-b40e-9f9b4516eaf3,7435,sensus,4.5.30,0,1,514,22,,
b413307f-d5c0-42a0-b40e-9f9b4516eaf3,7436,patri,4.5.30,0,1,514,23,,
b413307f-d5c0-42a0-b40e-9f9b4516eaf3,7437,",",4.5.30,,4,514,,,
b413307f-d5c0-42a0-b40e-9f9b4516eaf3,7438,Quam,4.5.31,0,1,514,24,,
b413307f-d5c0-42a0-b40e-9f9b4516eaf3,7439,graviter,4.5.31,0,1,514,25,,
b413307f-d5c0-42a0-b40e-9f9b4516eaf3,7440,ferret,4.5.31,0,1,514,26,,
b413307f-d5c0-42a0-b40e-9f9b4516eaf3,7441,",",4.5.31,,4,514,,,
b413307f-d5c0-42a0-b40e-9f9b4516eaf3,7442,quod,4.5.31,0,1,514,27,,
b413307f-d5c0-42a0-b40e-9f9b4516eaf3,7443,voluntatem,4.5.31,0,1,514,28,,
b413307f-d5c0-42a0-b40e-9f9b4516eaf3,7444,suam,4.5.31,0,1,514,29,,
b413307f-d5c0-42a0-b40e-9f9b4516eaf3,7445,Interpretari,4.5.32,0,1,514,30,,
b413307f-d5c0-42a0-b40e-9f9b4516eaf3,7446,non,4.5.32,0,1,514,31,,
b413307f-d5c0-42a0-b40e-9f9b4516eaf3,7447,potuissent,4.5.32,0,1,514,32,,
b413307f-d5c0-42a0-b40e-9f9b4516eaf3,7448,Attici,4.5.32,1,1,514,33,,
b413307f-d5c0-42a0-b40e-9f9b4516eaf3,7449,!,4.5.32,,4,514,,,
b413307f-d5c0-42a0-b40e-9f9b4516eaf3,7450,Rogatus,4.5.33,0,1,515,0,,
b413307f-d5c0-42a0-b40e-9f9b4516eaf3,7451,deinde,4.5.33,0,1,515,1,,
b413307f-d5c0-42a0-b40e-9f9b4516eaf3,7452,solvit,4.5.33,0,1,515,2,,
b413307f-d5c0-42a0-b40e-9f9b4516eaf3,7453,errorem,4.5.33,0,1,515,3,,
b413307f-d5c0-42a0-b40e-9f9b4516eaf3,7454,omnium,4.5.33,0,1,515,4,,
b413307f-d5c0-42a0-b40e-9f9b4516eaf3,7455,:,4.5.33,,4,515,,,
b413307f-d5c0-42a0-b40e-9f9b4516eaf3,7456,Domum,4.5.34,0,1,515,5,,
b413307f-d5c0-42a0-b40e-9f9b4516eaf3,7457,et,4.5.34,0,1,515,6,,
b413307f-d5c0-42a0-b40e-9f9b4516eaf3,7458,ornamenta,4.5.34,0,1,515,7,,
b413307f-d5c0-42a0-b40e-9f9b4516eaf3,7459,cum,4.5.34,0,1,515,8,,
b413307f-d5c0-42a0-b40e-9f9b4516eaf3,7460,venustis,4.5.34,0,1,515,9,,
b413307f-d5c0-42a0-b40e-9f9b4516eaf3,7461,hortulis,4.5.34,0,1,515,10,,
b413307f-d5c0-42a0-b40e-9f9b4516eaf3,7462,Et,4.5.35,0,1,515,11,,
b413307f-d5c0-42a0-b40e-9f9b4516eaf3,7463,vina,4.5.35,0,1,515,12,,
b413307f-d5c0-42a0-b40e-9f9b4516eaf3,7464,vetera,4.5.35,0,1,515,13,,
b413307f-d5c0-42a0-b40e-9f9b4516eaf3,7465,date,4.5.35,0,1,515,14,,
b413307f-d5c0-42a0-b40e-9f9b4516eaf3,7466,lanificae,4.5.35,0,1,515,15,,
b413307f-d5c0-42a0-b40e-9f9b4516eaf3,7467,rusticae,4.5.35,0,1,515,16,,
b413307f-d5c0-42a0-b40e-9f9b4516eaf3,7468,;,4.5.35,,4,515,,,
b413307f-d5c0-42a0-b40e-9f9b4516eaf3,7469,Vestem,4.5.36,0,1,515,17,,
b413307f-d5c0-42a0-b40e-9f9b4516eaf3,7470,",",4.5.36,,4,515,,,
b413307f-d5c0-42a0-b40e-9f9b4516eaf3,7471,uniones,4.5.36,0,1,515,18,,
b413307f-d5c0-42a0-b40e-9f9b4516eaf3,7472,",",4.5.36,,4,515,,,
b413307f-d5c0-42a0-b40e-9f9b4516eaf3,7473,pedisequos,4.5.36,0,1,515,19,,
b413307f-d5c0-42a0-b40e-9f9b4516eaf3,7474,et,4.5.36,0,1,515,20,,
b413307f-d5c0-42a0-b40e-9f9b4516eaf3,7475,cetera,4.5.36,0,1,515,21,,
b413307f-d5c0-42a0-b40e-9f9b4516eaf3,7476,Illi,4.5.37,0,1,515,22,,
b413307f-d5c0-42a0-b40e-9f9b4516eaf3,7477,assignate,4.5.37,0,1,515,23,,
b413307f-d5c0-42a0-b40e-9f9b4516eaf3,7478,vitam,4.5.37,0,1,515,24,,
b413307f-d5c0-42a0-b40e-9f9b4516eaf3,7479,quae,4.5.37,0,1,515,25,,
b413307f-d5c0-42a0-b40e-9f9b4516eaf3,7480,luxu,4.5.37,0,1,515,26,,
b413307f-d5c0-42a0-b40e-9f9b4516eaf3,7481,trahit,4.5.37,0,1,515,27,,
b413307f-d5c0-42a0-b40e-9f9b4516eaf3,7482,;,4.5.37,,4,515,,,
b413307f-d5c0-42a0-b40e-9f9b4516eaf3,7483,Agros,4.5.38,0,1,515,28,,
b413307f-d5c0-42a0-b40e-9f9b4516eaf3,7484,",",4.5.38,,4,515,,,
b413307f-d5c0-42a0-b40e-9f9b4516eaf3,7485,buvile,4.5.38,,1,515,29,,
b413307f-d5c0-42a0-b40e-9f9b4516eaf3,7486,et,4.5.38,0,1,515,30,,
b413307f-d5c0-42a0-b40e-9f9b4516eaf3,7487,pecora,4.5.38,0,1,515,31,,
b413307f-d5c0-42a0-b40e-9f9b4516eaf3,7488,cum,4.5.38,0,1,515,32,,
b413307f-d5c0-42a0-b40e-9f9b4516eaf3,7489,pastoribus,4.5.38,0,1,515,33,,
b413307f-d5c0-42a0-b40e-9f9b4516eaf3,7490,Donate,4.5.39,2,1,515,34,,
b413307f-d5c0-42a0-b40e-9f9b4516eaf3,7491,moechae,4.5.39,0,1,515,35,,
b413307f-d5c0-42a0-b40e-9f9b4516eaf3,7492,.,4.5.39,,4,515,,,
b413307f-d5c0-42a0-b40e-9f9b4516eaf3,7493,Nulla,4.5.39,0,1,516,0,,
b413307f-d5c0-42a0-b40e-9f9b4516eaf3,7494,poterit,4.5.39,0,1,516,1,,
b413307f-d5c0-42a0-b40e-9f9b4516eaf3,7495,perpeti,4.5.39,0,1,516,2,,
b413307f-d5c0-42a0-b40e-9f9b4516eaf3,7496,",",4.5.39,,4,516,,,
b413307f-d5c0-42a0-b40e-9f9b4516eaf3,7497,Ut,4.5.40,0,1,516,3,,
b413307f-d5c0-42a0-b40e-9f9b4516eaf3,7498,moribus,4.5.40,0,1,516,4,,
b413307f-d5c0-42a0-b40e-9f9b4516eaf3,7499,quid,4.5.40,0,1,516,5,,
b413307f-d5c0-42a0-b40e-9f9b4516eaf3,7500,teneat,4.5.40,0,1,516,6,,
b413307f-d5c0-42a0-b40e-9f9b4516eaf3,7501,alienum,4.5.40,0,1,516,7,,
b413307f-d5c0-42a0-b40e-9f9b4516eaf3,7502,suis,4.5.40,0,1,516,8,,
b413307f-d5c0-42a0-b40e-9f9b4516eaf3,7503,.,4.5.40,,4,516,,,
b413307f-d5c0-42a0-b40e-9f9b4516eaf3,7504,Deformis,4.5.41,0,1,517,0,,
b413307f-d5c0-42a0-b40e-9f9b4516eaf3,7505,cultum,4.5.41,0,1,517,1,,
b413307f-d5c0-42a0-b40e-9f9b4516eaf3,7506,vendet,4.5.41,0,1,517,2,,
b413307f-d5c0-42a0-b40e-9f9b4516eaf3,7507,ut,4.5.41,0,1,517,3,,
b413307f-d5c0-42a0-b40e-9f9b4516eaf3,7508,vinum,4.5.41,0,1,517,4,,
b413307f-d5c0-42a0-b40e-9f9b4516eaf3,7509,paret,4.5.41,0,1,517,5,,
b413307f-d5c0-42a0-b40e-9f9b4516eaf3,7510,;,4.5.41,,4,517,,,
b413307f-d5c0-42a0-b40e-9f9b4516eaf3,7511,Agros,4.5.42,0,1,517,6,,
b413307f-d5c0-42a0-b40e-9f9b4516eaf3,7512,abiciet,4.5.42,0,1,517,7,,
b413307f-d5c0-42a0-b40e-9f9b4516eaf3,7513,moecha,4.5.42,0,1,517,8,,
b413307f-d5c0-42a0-b40e-9f9b4516eaf3,7514,ut,4.5.42,0,1,517,9,,
b413307f-d5c0-42a0-b40e-9f9b4516eaf3,7515,ornatum,4.5.42,0,1,517,10,,
b413307f-d5c0-42a0-b40e-9f9b4516eaf3,7516,gerat,4.5.42,0,1,517,11,,
b413307f-d5c0-42a0-b40e-9f9b4516eaf3,7517,;,4.5.42,,4,517,,,
b413307f-d5c0-42a0-b40e-9f9b4516eaf3,7518,At,4.5.43,0,1,517,12,,
b413307f-d5c0-42a0-b40e-9f9b4516eaf3,7519,illa,4.5.43,0,1,517,13,,
b413307f-d5c0-42a0-b40e-9f9b4516eaf3,7520,gaudens,4.5.43,0,1,517,14,,
b413307f-d5c0-42a0-b40e-9f9b4516eaf3,7521,pecore,4.5.43,0,1,517,15,,
b413307f-d5c0-42a0-b40e-9f9b4516eaf3,7522,et,4.5.43,0,1,517,16,,
b413307f-d5c0-42a0-b40e-9f9b4516eaf3,7523,lanae,4.5.43,0,1,517,17,,
b413307f-d5c0-42a0-b40e-9f9b4516eaf3,7524,dedita,4.5.43,0,1,517,18,,
b413307f-d5c0-42a0-b40e-9f9b4516eaf3,7525,Quacumque,4.5.44,0,1,517,19,,
b413307f-d5c0-42a0-b40e-9f9b4516eaf3,7526,summa,4.5.44,0,1,517,20,,
b413307f-d5c0-42a0-b40e-9f9b4516eaf3,7527,tradet,4.5.44,0,1,517,21,,
b413307f-d5c0-42a0-b40e-9f9b4516eaf3,7528,luxuriae,4.5.44,0,1,517,22,,
b413307f-d5c0-42a0-b40e-9f9b4516eaf3,7529,domum,4.5.44,0,1,517,23,,
b413307f-d5c0-42a0-b40e-9f9b4516eaf3,7530,.,4.5.44,,4,517,,,
b413307f-d5c0-42a0-b40e-9f9b4516eaf3,7531,Sic,4.5.45,0,1,518,0,,
b413307f-d5c0-42a0-b40e-9f9b4516eaf3,7532,nulla,4.5.45,0,1,518,1,,
b413307f-d5c0-42a0-b40e-9f9b4516eaf3,7533,possidebit,4.5.45,0,1,518,2,,
b413307f-d5c0-42a0-b40e-9f9b4516eaf3,7534,quod,4.5.45,0,1,518,3,,
b413307f-d5c0-42a0-b40e-9f9b4516eaf3,7535,fuerit,4.5.45,0,1,518,4,,
b413307f-d5c0-42a0-b40e-9f9b4516eaf3,7536,datum,4.5.45,0,1,518,5,,
b413307f-d5c0-42a0-b40e-9f9b4516eaf3,7537,",",4.5.45,,4,518,,,
b413307f-d5c0-42a0-b40e-9f9b4516eaf3,7538,Et,4.5.46,0,1,518,6,,
b413307f-d5c0-42a0-b40e-9f9b4516eaf3,7539,dictam,4.5.46,0,1,518,7,,
b413307f-d5c0-42a0-b40e-9f9b4516eaf3,7540,matri,4.5.46,0,1,518,8,,
b413307f-d5c0-42a0-b40e-9f9b4516eaf3,7541,conferent,4.5.46,0,1,518,9,,
b413307f-d5c0-42a0-b40e-9f9b4516eaf3,7542,pecuniam,4.5.46,0,1,518,10,,
b413307f-d5c0-42a0-b40e-9f9b4516eaf3,7543,Ex,4.5.47,0,1,518,11,,
b413307f-d5c0-42a0-b40e-9f9b4516eaf3,7544,pretio,4.5.47,0,1,518,12,,
b413307f-d5c0-42a0-b40e-9f9b4516eaf3,7545,rerum,4.5.47,0,1,518,13,,
b413307f-d5c0-42a0-b40e-9f9b4516eaf3,7546,quas,4.5.47,0,1,518,14,,
b413307f-d5c0-42a0-b40e-9f9b4516eaf3,7547,vendiderint,4.5.47,0,1,518,15,,
b413307f-d5c0-42a0-b40e-9f9b4516eaf3,7548,singulae,4.5.47,0,1,518,16,,
b413307f-d5c0-42a0-b40e-9f9b4516eaf3,7549,.,4.5.47,,4,518,,,
b413307f-d5c0-42a0-b40e-9f9b4516eaf3,7550,Ita,4.5.48,0,1,519,0,,
b413307f-d5c0-42a0-b40e-9f9b4516eaf3,7551,quod,4.5.48,0,1,519,1,,
b413307f-d5c0-42a0-b40e-9f9b4516eaf3,7552,multorum,4.5.48,0,1,519,2,,
b413307f-d5c0-42a0-b40e-9f9b4516eaf3,7553,fugit,4.5.48,0,1,519,3,,
b413307f-d5c0-42a0-b40e-9f9b4516eaf3,7554,imprudentiam,4.5.48,0,1,519,4,,
b413307f-d5c0-42a0-b40e-9f9b4516eaf3,7555,Unius,4.5.49,0,1,519,5,,
b413307f-d5c0-42a0-b40e-9f9b4516eaf3,7556,hominis,4.5.49,0,1,519,6,,
b413307f-d5c0-42a0-b40e-9f9b4516eaf3,7557,repperit,4.5.49,0,1,519,7,,
b413307f-d5c0-42a0-b40e-9f9b4516eaf3,7558,sollertia,4.5.49,0,1,519,8,,
b413307f-d5c0-42a0-b40e-9f9b4516eaf3,7559,.,4.5.49,,4,519,,,
b413307f-d5c0-42a0-b40e-9f9b4516eaf3,7560,Pugna,4.6,0,1,520,0,,
b413307f-d5c0-42a0-b40e-9f9b4516eaf3,7561,murium,4.6,0,1,520,1,,
b413307f-d5c0-42a0-b40e-9f9b4516eaf3,7562,et,4.6,0,1,520,2,,
b413307f-d5c0-42a0-b40e-9f9b4516eaf3,7563,mustelarum,4.6,0,1,520,3,,
b413307f-d5c0-42a0-b40e-9f9b4516eaf3,7564,.,4.6,,4,520,,,
b413307f-d5c0-42a0-b40e-9f9b4516eaf3,7565,Cum,4.6.1,2,1,521,0,,
b413307f-d5c0-42a0-b40e-9f9b4516eaf3,7566,victi,4.6.1,0,1,521,1,,
b413307f-d5c0-42a0-b40e-9f9b4516eaf3,7567,mures,4.6.1,0,1,521,2,,
b413307f-d5c0-42a0-b40e-9f9b4516eaf3,7568,mustelarum,4.6.1,0,1,521,3,,
b413307f-d5c0-42a0-b40e-9f9b4516eaf3,7569,exercitu,4.6.1,0,1,521,4,,
b413307f-d5c0-42a0-b40e-9f9b4516eaf3,7570,(,4.6.2,,4,521,,,
b413307f-d5c0-42a0-b40e-9f9b4516eaf3,7571,Historia,4.6.2,0,1,521,5,,
b413307f-d5c0-42a0-b40e-9f9b4516eaf3,7572,quorum,4.6.2,0,1,521,6,,
b413307f-d5c0-42a0-b40e-9f9b4516eaf3,7573,et,4.6.2,0,1,521,7,,
b413307f-d5c0-42a0-b40e-9f9b4516eaf3,7574,in,4.6.2,0,1,521,8,,
b413307f-d5c0-42a0-b40e-9f9b4516eaf3,7575,tabernis,4.6.2,0,1,521,9,,
b413307f-d5c0-42a0-b40e-9f9b4516eaf3,7576,pingitur,4.6.2,0,1,521,10,,
b413307f-d5c0-42a0-b40e-9f9b4516eaf3,7577,),4.6.2,,4,521,,,
b413307f-d5c0-42a0-b40e-9f9b4516eaf3,7578,Fugerent,4.6.3,0,1,521,11,,
b413307f-d5c0-42a0-b40e-9f9b4516eaf3,7579,et,4.6.3,0,1,521,12,,
b413307f-d5c0-42a0-b40e-9f9b4516eaf3,7580,artos,4.6.3,0,1,521,13,,
b413307f-d5c0-42a0-b40e-9f9b4516eaf3,7581,circum,4.6.3,0,1,521,14,,
b413307f-d5c0-42a0-b40e-9f9b4516eaf3,7582,trepidarent,4.6.3,0,1,521,15,,
b413307f-d5c0-42a0-b40e-9f9b4516eaf3,7583,cavos,4.6.3,0,1,521,16,,
b413307f-d5c0-42a0-b40e-9f9b4516eaf3,7584,",",4.6.3,,4,521,,,
b413307f-d5c0-42a0-b40e-9f9b4516eaf3,7585,Aegre,4.6.4,0,1,521,17,,
b413307f-d5c0-42a0-b40e-9f9b4516eaf3,7586,recepti,4.6.4,0,1,521,18,,
b413307f-d5c0-42a0-b40e-9f9b4516eaf3,7587,tamen,4.6.4,0,1,521,19,,
b413307f-d5c0-42a0-b40e-9f9b4516eaf3,7588,evaserunt,4.6.4,0,1,521,20,,
b413307f-d5c0-42a0-b40e-9f9b4516eaf3,7589,necem,4.6.4,0,1,521,21,,
b413307f-d5c0-42a0-b40e-9f9b4516eaf3,7590,.,4.6.4,,4,521,,,
b413307f-d5c0-42a0-b40e-9f9b4516eaf3,7591,Duces,4.6.5,0,1,522,0,,
b413307f-d5c0-42a0-b40e-9f9b4516eaf3,7592,eorum,4.6.5,0,1,522,1,,
b413307f-d5c0-42a0-b40e-9f9b4516eaf3,7593,",",4.6.5,,4,522,,,
b413307f-d5c0-42a0-b40e-9f9b4516eaf3,7594,qui,4.6.5,0,1,522,2,,
b413307f-d5c0-42a0-b40e-9f9b4516eaf3,7595,capitibus,4.6.5,0,1,522,3,,
b413307f-d5c0-42a0-b40e-9f9b4516eaf3,7596,cornua,4.6.5,0,1,522,4,,
b413307f-d5c0-42a0-b40e-9f9b4516eaf3,7597,Suis,4.6.6,2,1,522,5,,
b413307f-d5c0-42a0-b40e-9f9b4516eaf3,7598,ligarant,4.6.6,0,1,522,6,,
b413307f-d5c0-42a0-b40e-9f9b4516eaf3,7599,",",4.6.6,,4,522,,,
b413307f-d5c0-42a0-b40e-9f9b4516eaf3,7600,ut,4.6.6,0,1,522,7,,
b413307f-d5c0-42a0-b40e-9f9b4516eaf3,7601,conspicuum,4.6.6,0,1,522,8,,
b413307f-d5c0-42a0-b40e-9f9b4516eaf3,7602,in,4.6.6,0,1,522,9,,
b413307f-d5c0-42a0-b40e-9f9b4516eaf3,7603,proelio,4.6.6,0,1,522,10,,
b413307f-d5c0-42a0-b40e-9f9b4516eaf3,7604,Haberent,4.6.7,0,1,522,11,,
b413307f-d5c0-42a0-b40e-9f9b4516eaf3,7605,signum,4.6.7,0,1,522,12,,
b413307f-d5c0-42a0-b40e-9f9b4516eaf3,7606,quod,4.6.7,0,1,522,13,,
b413307f-d5c0-42a0-b40e-9f9b4516eaf3,7607,sequerentur,4.6.7,0,1,522,14,,
b413307f-d5c0-42a0-b40e-9f9b4516eaf3,7608,milites,4.6.7,0,1,522,15,,
b413307f-d5c0-42a0-b40e-9f9b4516eaf3,7609,",",4.6.7,,4,522,,,
b413307f-d5c0-42a0-b40e-9f9b4516eaf3,7610,Haesere,4.6.8,0,1,522,16,,
b413307f-d5c0-42a0-b40e-9f9b4516eaf3,7611,in,4.6.8,0,1,522,17,,
b413307f-d5c0-42a0-b40e-9f9b4516eaf3,7612,portis,4.6.8,0,1,522,18,,
b413307f-d5c0-42a0-b40e-9f9b4516eaf3,7613,suntque,4.6.8,0,1,522,19,que,
b413307f-d5c0-42a0-b40e-9f9b4516eaf3,7614,capti,4.6.8,0,1,522,20,,
b413307f-d5c0-42a0-b40e-9f9b4516eaf3,7615,ab,4.6.8,0,1,522,21,,
b413307f-d5c0-42a0-b40e-9f9b4516eaf3,7616,hostibus,4.6.8,0,1,522,22,,
b413307f-d5c0-42a0-b40e-9f9b4516eaf3,7617,;,4.6.8,,4,522,,,
b413307f-d5c0-42a0-b40e-9f9b4516eaf3,7618,Quos,4.6.9,0,1,522,23,,
b413307f-d5c0-42a0-b40e-9f9b4516eaf3,7619,immolatos,4.6.9,0,1,522,24,,
b413307f-d5c0-42a0-b40e-9f9b4516eaf3,7620,victor,4.6.9,0,1,522,25,,
b413307f-d5c0-42a0-b40e-9f9b4516eaf3,7621,avidis,4.6.9,0,1,522,26,,
b413307f-d5c0-42a0-b40e-9f9b4516eaf3,7622,dentibus,4.6.9,0,1,522,27,,
b413307f-d5c0-42a0-b40e-9f9b4516eaf3,7623,Capacis,4.6.10,0,1,522,28,,
b413307f-d5c0-42a0-b40e-9f9b4516eaf3,7624,alvi,4.6.10,0,1,522,29,,
b413307f-d5c0-42a0-b40e-9f9b4516eaf3,7625,mersit,4.6.10,0,1,522,30,,
b413307f-d5c0-42a0-b40e-9f9b4516eaf3,7626,tartareo,4.6.10,,1,522,31,,
b413307f-d5c0-42a0-b40e-9f9b4516eaf3,7627,specu,4.6.10,0,1,522,32,,
b413307f-d5c0-42a0-b40e-9f9b4516eaf3,7628,.,4.6.10,,4,522,,,
b413307f-d5c0-42a0-b40e-9f9b4516eaf3,7629,Quemcumque,4.6.11,0,1,523,0,,
b413307f-d5c0-42a0-b40e-9f9b4516eaf3,7630,populum,4.6.11,0,1,523,1,,
b413307f-d5c0-42a0-b40e-9f9b4516eaf3,7631,tristis,4.6.11,0,1,523,2,,
b413307f-d5c0-42a0-b40e-9f9b4516eaf3,7632,eventus,4.6.11,0,1,523,3,,
b413307f-d5c0-42a0-b40e-9f9b4516eaf3,7633,premit,4.6.11,0,1,523,4,,
b413307f-d5c0-42a0-b40e-9f9b4516eaf3,7634,",",4.6.11,,4,523,,,
b413307f-d5c0-42a0-b40e-9f9b4516eaf3,7635,Periclitatur,4.6.12,0,1,523,5,,
b413307f-d5c0-42a0-b40e-9f9b4516eaf3,7636,magnitudo,4.6.12,0,1,523,6,,
b413307f-d5c0-42a0-b40e-9f9b4516eaf3,7637,principum,4.6.12,0,1,523,7,,
b413307f-d5c0-42a0-b40e-9f9b4516eaf3,7638,;,4.6.12,,4,523,,,
b413307f-d5c0-42a0-b40e-9f9b4516eaf3,7639,Minuta,4.6.13,0,1,523,8,,
b413307f-d5c0-42a0-b40e-9f9b4516eaf3,7640,plebes,4.6.13,0,1,523,9,,
b413307f-d5c0-42a0-b40e-9f9b4516eaf3,7641,facili,4.6.13,0,1,523,10,,
b413307f-d5c0-42a0-b40e-9f9b4516eaf3,7642,praesidio,4.6.13,0,1,523,11,,
b413307f-d5c0-42a0-b40e-9f9b4516eaf3,7643,latet,4.6.13,0,1,523,12,,
b413307f-d5c0-42a0-b40e-9f9b4516eaf3,7644,.,4.6.13,,4,523,,,
b413307f-d5c0-42a0-b40e-9f9b4516eaf3,7645,Phaedrus,4.7,1,1,524,0,,
b413307f-d5c0-42a0-b40e-9f9b4516eaf3,7646,.,4.7,,4,524,,,
b413307f-d5c0-42a0-b40e-9f9b4516eaf3,7647,Tu,4.7.1,0,1,525,0,,
b413307f-d5c0-42a0-b40e-9f9b4516eaf3,7648,qui,4.7.1,0,1,525,1,,
b413307f-d5c0-42a0-b40e-9f9b4516eaf3,7649,",",4.7.1,,4,525,,,
b413307f-d5c0-42a0-b40e-9f9b4516eaf3,7650,nasute,4.7.1,0,1,525,2,,
b413307f-d5c0-42a0-b40e-9f9b4516eaf3,7651,",",4.7.1,,4,525,,,
b413307f-d5c0-42a0-b40e-9f9b4516eaf3,7652,scripta,4.7.1,0,1,525,3,,
b413307f-d5c0-42a0-b40e-9f9b4516eaf3,7653,destringis,4.7.1,0,1,525,4,,
b413307f-d5c0-42a0-b40e-9f9b4516eaf3,7654,mea,4.7.1,0,1,525,5,,
b413307f-d5c0-42a0-b40e-9f9b4516eaf3,7655,Et,4.7.2,0,1,525,6,,
b413307f-d5c0-42a0-b40e-9f9b4516eaf3,7656,hoc,4.7.2,0,1,525,7,,
b413307f-d5c0-42a0-b40e-9f9b4516eaf3,7657,iocorum,4.7.2,0,1,525,8,,
b413307f-d5c0-42a0-b40e-9f9b4516eaf3,7658,legere,4.7.2,0,1,525,9,,
b413307f-d5c0-42a0-b40e-9f9b4516eaf3,7659,fastidis,4.7.2,0,1,525,10,,
b413307f-d5c0-42a0-b40e-9f9b4516eaf3,7660,genus,4.7.2,0,1,525,11,,
b413307f-d5c0-42a0-b40e-9f9b4516eaf3,7661,",",4.7.2,,4,525,,,
b413307f-d5c0-42a0-b40e-9f9b4516eaf3,7662,Parva,4.7.3,0,1,525,12,,
b413307f-d5c0-42a0-b40e-9f9b4516eaf3,7663,libellum,4.7.3,0,1,525,13,,
b413307f-d5c0-42a0-b40e-9f9b4516eaf3,7664,sustine,4.7.3,0,1,525,14,,
b413307f-d5c0-42a0-b40e-9f9b4516eaf3,7665,patientia,4.7.3,0,1,525,15,,
b413307f-d5c0-42a0-b40e-9f9b4516eaf3,7666,",",4.7.3,,4,525,,,
b413307f-d5c0-42a0-b40e-9f9b4516eaf3,7667,Severitatem,4.7.4,0,1,525,16,,
b413307f-d5c0-42a0-b40e-9f9b4516eaf3,7668,frontis,4.7.4,0,1,525,17,,
b413307f-d5c0-42a0-b40e-9f9b4516eaf3,7669,dum,4.7.4,0,1,525,18,,
b413307f-d5c0-42a0-b40e-9f9b4516eaf3,7670,placo,4.7.4,0,1,525,19,,
b413307f-d5c0-42a0-b40e-9f9b4516eaf3,7671,tuae,4.7.4,0,1,525,20,,
b413307f-d5c0-42a0-b40e-9f9b4516eaf3,7672,Et,4.7.5,0,1,525,21,,
b413307f-d5c0-42a0-b40e-9f9b4516eaf3,7673,in,4.7.5,0,1,525,22,,
b413307f-d5c0-42a0-b40e-9f9b4516eaf3,7674,cothurnis,4.7.5,0,1,525,23,,
b413307f-d5c0-42a0-b40e-9f9b4516eaf3,7675,prodit,4.7.5,0,1,525,24,,
b413307f-d5c0-42a0-b40e-9f9b4516eaf3,7676,Aesopus,4.7.5,1,1,525,25,,
b413307f-d5c0-42a0-b40e-9f9b4516eaf3,7677,novis,4.7.5,0,1,525,26,,
b413307f-d5c0-42a0-b40e-9f9b4516eaf3,7678,.,4.7.5,,4,525,,,
b413307f-d5c0-42a0-b40e-9f9b4516eaf3,7679,Utinam,4.7.6,0,1,526,0,,
b413307f-d5c0-42a0-b40e-9f9b4516eaf3,7680,nec,4.7.6,0,1,526,1,,
b413307f-d5c0-42a0-b40e-9f9b4516eaf3,7681,umquam,4.7.6,0,1,526,2,,
b413307f-d5c0-42a0-b40e-9f9b4516eaf3,7682,Pelii,4.7.6,1,1,526,3,,
b413307f-d5c0-42a0-b40e-9f9b4516eaf3,7683,nemoris,4.7.6,0,1,526,4,,
b413307f-d5c0-42a0-b40e-9f9b4516eaf3,7684,iugo,4.7.6,0,1,526,5,,
b413307f-d5c0-42a0-b40e-9f9b4516eaf3,7685,Pinus,4.7.7,0,1,526,6,,
b413307f-d5c0-42a0-b40e-9f9b4516eaf3,7686,bipenni,4.7.7,0,1,526,7,,
b413307f-d5c0-42a0-b40e-9f9b4516eaf3,7687,concidisset,4.7.7,0,1,526,8,,
b413307f-d5c0-42a0-b40e-9f9b4516eaf3,7688,Thessala,4.7.7,1,1,526,9,,
b413307f-d5c0-42a0-b40e-9f9b4516eaf3,7689,",",4.7.7,,4,526,,,
b413307f-d5c0-42a0-b40e-9f9b4516eaf3,7690,Nec,4.7.8,0,1,526,10,,
b413307f-d5c0-42a0-b40e-9f9b4516eaf3,7691,ad,4.7.8,0,1,526,11,,
b413307f-d5c0-42a0-b40e-9f9b4516eaf3,7692,professae,4.7.8,0,1,526,12,,
b413307f-d5c0-42a0-b40e-9f9b4516eaf3,7693,mortis,4.7.8,0,1,526,13,,
b413307f-d5c0-42a0-b40e-9f9b4516eaf3,7694,audacem,4.7.8,0,1,526,14,,
b413307f-d5c0-42a0-b40e-9f9b4516eaf3,7695,viam,4.7.8,0,1,526,15,,
b413307f-d5c0-42a0-b40e-9f9b4516eaf3,7696,Fabricasset,4.7.9,0,1,526,16,,
b413307f-d5c0-42a0-b40e-9f9b4516eaf3,7697,Argus,4.7.9,1,1,526,17,,
b413307f-d5c0-42a0-b40e-9f9b4516eaf3,7698,opere,4.7.9,0,1,526,18,,
b413307f-d5c0-42a0-b40e-9f9b4516eaf3,7699,Palladio,4.7.9,1,1,526,19,,
b413307f-d5c0-42a0-b40e-9f9b4516eaf3,7700,ratem,4.7.9,0,1,526,20,,
b413307f-d5c0-42a0-b40e-9f9b4516eaf3,7701,",",4.7.9,,4,526,,,
b413307f-d5c0-42a0-b40e-9f9b4516eaf3,7702,Inhospitalis,4.7.10,0,1,526,21,,
b413307f-d5c0-42a0-b40e-9f9b4516eaf3,7703,prima,4.7.10,0,1,526,22,,
b413307f-d5c0-42a0-b40e-9f9b4516eaf3,7704,quae,4.7.10,0,1,526,23,,
b413307f-d5c0-42a0-b40e-9f9b4516eaf3,7705,ponti,4.7.10,0,1,526,24,,
b413307f-d5c0-42a0-b40e-9f9b4516eaf3,7706,sinus,4.7.10,0,1,526,25,,
b413307f-d5c0-42a0-b40e-9f9b4516eaf3,7707,Patefecit,4.7.11,0,1,526,26,,
b413307f-d5c0-42a0-b40e-9f9b4516eaf3,7708,in,4.7.11,0,1,526,27,,
b413307f-d5c0-42a0-b40e-9f9b4516eaf3,7709,perniciem,4.7.11,0,1,526,28,,
b413307f-d5c0-42a0-b40e-9f9b4516eaf3,7710,Graium,4.7.11,1,1,526,29,,
b413307f-d5c0-42a0-b40e-9f9b4516eaf3,7711,et,4.7.11,0,1,526,30,,
b413307f-d5c0-42a0-b40e-9f9b4516eaf3,7712,barbarum,4.7.11,0,1,526,31,,
b413307f-d5c0-42a0-b40e-9f9b4516eaf3,7713,!,4.7.11,,4,526,,,
b413307f-d5c0-42a0-b40e-9f9b4516eaf3,7714,Namque,4.7.12,0,1,527,0,,
b413307f-d5c0-42a0-b40e-9f9b4516eaf3,7715,et,4.7.12,0,1,527,1,,
b413307f-d5c0-42a0-b40e-9f9b4516eaf3,7716,superbi,4.7.12,0,1,527,2,,
b413307f-d5c0-42a0-b40e-9f9b4516eaf3,7717,luget,4.7.12,0,1,527,3,,
b413307f-d5c0-42a0-b40e-9f9b4516eaf3,7718,Aeetae,4.7.12,1,1,527,4,,
b413307f-d5c0-42a0-b40e-9f9b4516eaf3,7719,domus,4.7.12,0,1,527,5,,
b413307f-d5c0-42a0-b40e-9f9b4516eaf3,7720,",",4.7.12,,4,527,,,
b413307f-d5c0-42a0-b40e-9f9b4516eaf3,7721,Et,4.7.13,0,1,527,6,,
b413307f-d5c0-42a0-b40e-9f9b4516eaf3,7722,regna,4.7.13,0,1,527,7,,
b413307f-d5c0-42a0-b40e-9f9b4516eaf3,7723,Peliae,4.7.13,1,1,527,8,,
b413307f-d5c0-42a0-b40e-9f9b4516eaf3,7724,scelere,4.7.13,0,1,527,9,,
b413307f-d5c0-42a0-b40e-9f9b4516eaf3,7725,Medeae,4.7.13,1,1,527,10,,
b413307f-d5c0-42a0-b40e-9f9b4516eaf3,7726,iacent,4.7.13,0,1,527,11,,
b413307f-d5c0-42a0-b40e-9f9b4516eaf3,7727,",",4.7.13,,4,527,,,
b413307f-d5c0-42a0-b40e-9f9b4516eaf3,7728,Quae,4.7.14,0,1,527,12,,
b413307f-d5c0-42a0-b40e-9f9b4516eaf3,7729,saevum,4.7.14,0,1,527,13,,
b413307f-d5c0-42a0-b40e-9f9b4516eaf3,7730,ingenium,4.7.14,0,1,527,14,,
b413307f-d5c0-42a0-b40e-9f9b4516eaf3,7731,variis,4.7.14,0,1,527,15,,
b413307f-d5c0-42a0-b40e-9f9b4516eaf3,7732,involvens,4.7.14,0,1,527,16,,
b413307f-d5c0-42a0-b40e-9f9b4516eaf3,7733,modis,4.7.14,0,1,527,17,,
b413307f-d5c0-42a0-b40e-9f9b4516eaf3,7734,Illic,4.7.15,0,1,527,18,,
b413307f-d5c0-42a0-b40e-9f9b4516eaf3,7735,per,4.7.15,0,1,527,19,,
b413307f-d5c0-42a0-b40e-9f9b4516eaf3,7736,artus,4.7.15,0,1,527,20,,
b413307f-d5c0-42a0-b40e-9f9b4516eaf3,7737,fratris,4.7.15,0,1,527,21,,
b413307f-d5c0-42a0-b40e-9f9b4516eaf3,7738,explicuit,4.7.15,0,1,527,22,,
b413307f-d5c0-42a0-b40e-9f9b4516eaf3,7739,fugam,4.7.15,0,1,527,23,,
b413307f-d5c0-42a0-b40e-9f9b4516eaf3,7740,",",4.7.15,,4,527,,,
b413307f-d5c0-42a0-b40e-9f9b4516eaf3,7741,Hic,4.7.16,0,1,527,24,,
b413307f-d5c0-42a0-b40e-9f9b4516eaf3,7742,caede,4.7.16,0,1,527,25,,
b413307f-d5c0-42a0-b40e-9f9b4516eaf3,7743,patris,4.7.16,0,1,527,26,,
b413307f-d5c0-42a0-b40e-9f9b4516eaf3,7744,Peliadum,4.7.16,1,1,527,27,,
b413307f-d5c0-42a0-b40e-9f9b4516eaf3,7745,infecit,4.7.16,0,1,527,28,,
b413307f-d5c0-42a0-b40e-9f9b4516eaf3,7746,manus,4.7.16,0,1,527,29,,
b413307f-d5c0-42a0-b40e-9f9b4516eaf3,7747,.,4.7.16,,4,527,,,
b413307f-d5c0-42a0-b40e-9f9b4516eaf3,7748,Quid,4.7.17,0,1,528,0,,
b413307f-d5c0-42a0-b40e-9f9b4516eaf3,7749,tibi,4.7.17,0,1,528,1,,
b413307f-d5c0-42a0-b40e-9f9b4516eaf3,7750,videtur,4.7.17,0,1,528,2,,
b413307f-d5c0-42a0-b40e-9f9b4516eaf3,7751,?,4.7.17,,4,528,,,
b413307f-d5c0-42a0-b40e-9f9b4516eaf3,7752,Hoc,4.7.17,0,1,529,0,,
b413307f-d5c0-42a0-b40e-9f9b4516eaf3,7753,quoque,4.7.17,0,1,529,1,,
b413307f-d5c0-42a0-b40e-9f9b4516eaf3,7754,insulsum,4.7.17,0,1,529,2,,
b413307f-d5c0-42a0-b40e-9f9b4516eaf3,7755,est,4.7.17,0,1,529,3,,
b413307f-d5c0-42a0-b40e-9f9b4516eaf3,7756,ait,4.7.17,0,1,529,4,,
b413307f-d5c0-42a0-b40e-9f9b4516eaf3,7757,Falsoque,4.7.18,0,1,529,5,,
b413307f-d5c0-42a0-b40e-9f9b4516eaf3,7758,dictum,4.7.18,0,1,529,6,,
b413307f-d5c0-42a0-b40e-9f9b4516eaf3,7759,;,4.7.18,,4,529,,,
b413307f-d5c0-42a0-b40e-9f9b4516eaf3,7760,longe,4.7.18,0,1,529,7,,
b413307f-d5c0-42a0-b40e-9f9b4516eaf3,7761,quia,4.7.18,0,1,529,8,,
b413307f-d5c0-42a0-b40e-9f9b4516eaf3,7762,vetustior,4.7.18,0,1,529,9,,
b413307f-d5c0-42a0-b40e-9f9b4516eaf3,7763,Aegaea,4.7.19,1,1,529,10,,
b413307f-d5c0-42a0-b40e-9f9b4516eaf3,7764,Minos,4.7.19,1,1,529,11,,
b413307f-d5c0-42a0-b40e-9f9b4516eaf3,7765,classe,4.7.19,0,1,529,12,,
b413307f-d5c0-42a0-b40e-9f9b4516eaf3,7766,perdomuit,4.7.19,0,1,529,13,,
b413307f-d5c0-42a0-b40e-9f9b4516eaf3,7767,freta,4.7.19,0,1,529,14,,
b413307f-d5c0-42a0-b40e-9f9b4516eaf3,7768,Iustoque,4.7.20,0,1,529,15,,
b413307f-d5c0-42a0-b40e-9f9b4516eaf3,7769,vindicavit,4.7.20,0,1,529,16,,
b413307f-d5c0-42a0-b40e-9f9b4516eaf3,7770,exemplo,4.7.20,0,1,529,17,,
b413307f-d5c0-42a0-b40e-9f9b4516eaf3,7771,impetum,4.7.20,0,1,529,18,,
b413307f-d5c0-42a0-b40e-9f9b4516eaf3,7772,.,4.7.20,,4,529,,,
b413307f-d5c0-42a0-b40e-9f9b4516eaf3,7773,Quid,4.7.21,0,1,530,0,,
b413307f-d5c0-42a0-b40e-9f9b4516eaf3,7774,ergo,4.7.21,0,1,530,1,,
b413307f-d5c0-42a0-b40e-9f9b4516eaf3,7775,possum,4.7.21,0,1,530,2,,
b413307f-d5c0-42a0-b40e-9f9b4516eaf3,7776,facere,4.7.21,0,1,530,3,,
b413307f-d5c0-42a0-b40e-9f9b4516eaf3,7777,tibi,4.7.21,0,1,530,4,,
b413307f-d5c0-42a0-b40e-9f9b4516eaf3,7778,",",4.7.21,,4,530,,,
b413307f-d5c0-42a0-b40e-9f9b4516eaf3,7779,lector,4.7.21,0,1,530,5,,
b413307f-d5c0-42a0-b40e-9f9b4516eaf3,7780,Cato,4.7.21,1,1,530,6,,
b413307f-d5c0-42a0-b40e-9f9b4516eaf3,7781,",",4.7.21,,4,530,,,
b413307f-d5c0-42a0-b40e-9f9b4516eaf3,7782,Si,4.7.22,0,1,530,7,,
b413307f-d5c0-42a0-b40e-9f9b4516eaf3,7783,nec,4.7.22,0,1,530,8,,
b413307f-d5c0-42a0-b40e-9f9b4516eaf3,7784,fabellae,4.7.22,0,1,530,9,,
b413307f-d5c0-42a0-b40e-9f9b4516eaf3,7785,te,4.7.22,0,1,530,10,,
b413307f-d5c0-42a0-b40e-9f9b4516eaf3,7786,iuvant,4.7.22,0,1,530,11,,
b413307f-d5c0-42a0-b40e-9f9b4516eaf3,7787,nec,4.7.22,0,1,530,12,,
b413307f-d5c0-42a0-b40e-9f9b4516eaf3,7788,fabulae,4.7.22,0,1,530,13,,
b413307f-d5c0-42a0-b40e-9f9b4516eaf3,7789,?,4.7.22,,4,530,,,
b413307f-d5c0-42a0-b40e-9f9b4516eaf3,7790,Noli,4.7.23,0,1,531,0,,
b413307f-d5c0-42a0-b40e-9f9b4516eaf3,7791,molestus,4.7.23,0,1,531,1,,
b413307f-d5c0-42a0-b40e-9f9b4516eaf3,7792,esse,4.7.23,0,1,531,2,,
b413307f-d5c0-42a0-b40e-9f9b4516eaf3,7793,omnino,4.7.23,0,1,531,3,,
b413307f-d5c0-42a0-b40e-9f9b4516eaf3,7794,litteris,4.7.23,0,1,531,4,,
b413307f-d5c0-42a0-b40e-9f9b4516eaf3,7795,",",4.7.23,,4,531,,,
b413307f-d5c0-42a0-b40e-9f9b4516eaf3,7796,Maiorem,4.7.24,0,1,531,5,,
b413307f-d5c0-42a0-b40e-9f9b4516eaf3,7797,exhibeant,4.7.24,0,1,531,6,,
b413307f-d5c0-42a0-b40e-9f9b4516eaf3,7798,ne,4.7.24,0,1,531,7,,
b413307f-d5c0-42a0-b40e-9f9b4516eaf3,7799,tibi,4.7.24,0,1,531,8,,
b413307f-d5c0-42a0-b40e-9f9b4516eaf3,7800,molestiam,4.7.24,0,1,531,9,,
b413307f-d5c0-42a0-b40e-9f9b4516eaf3,7801,.,4.7.24,,4,531,,,
b413307f-d5c0-42a0-b40e-9f9b4516eaf3,7802,Hoc,4.7.25,0,1,532,0,,
b413307f-d5c0-42a0-b40e-9f9b4516eaf3,7803,illis,4.7.25,0,1,532,1,,
b413307f-d5c0-42a0-b40e-9f9b4516eaf3,7804,dictum,4.7.25,0,1,532,2,,
b413307f-d5c0-42a0-b40e-9f9b4516eaf3,7805,est,4.7.25,0,1,532,3,,
b413307f-d5c0-42a0-b40e-9f9b4516eaf3,7806,",",4.7.25,,4,532,,,
b413307f-d5c0-42a0-b40e-9f9b4516eaf3,7807,qui,4.7.25,0,1,532,4,,
b413307f-d5c0-42a0-b40e-9f9b4516eaf3,7808,stultitia,4.7.25,0,1,532,5,,
b413307f-d5c0-42a0-b40e-9f9b4516eaf3,7809,nauseant,4.7.25,0,1,532,6,,
b413307f-d5c0-42a0-b40e-9f9b4516eaf3,7810,Et,4.7.26,0,1,532,7,,
b413307f-d5c0-42a0-b40e-9f9b4516eaf3,7811,ut,4.7.26,0,1,532,8,,
b413307f-d5c0-42a0-b40e-9f9b4516eaf3,7812,putentur,4.7.26,0,1,532,9,,
b413307f-d5c0-42a0-b40e-9f9b4516eaf3,7813,sapere,4.7.26,0,1,532,10,,
b413307f-d5c0-42a0-b40e-9f9b4516eaf3,7814,caelum,4.7.26,0,1,532,11,,
b413307f-d5c0-42a0-b40e-9f9b4516eaf3,7815,vituperant,4.7.26,0,1,532,12,,
b413307f-d5c0-42a0-b40e-9f9b4516eaf3,7816,.,4.7.26,,4,532,,,
b413307f-d5c0-42a0-b40e-9f9b4516eaf3,7817,Serpens,4.8,0,1,533,0,,
b413307f-d5c0-42a0-b40e-9f9b4516eaf3,7818,ad,4.8,0,1,533,1,,
b413307f-d5c0-42a0-b40e-9f9b4516eaf3,7819,fabrum,4.8,0,1,533,2,,
b413307f-d5c0-42a0-b40e-9f9b4516eaf3,7820,ferrarium,4.8,0,1,533,3,,
b413307f-d5c0-42a0-b40e-9f9b4516eaf3,7821,.,4.8,,4,533,,,
b413307f-d5c0-42a0-b40e-9f9b4516eaf3,7822,Mordaciorem,4.8.1,0,1,534,0,,
b413307f-d5c0-42a0-b40e-9f9b4516eaf3,7823,qui,4.8.1,0,1,534,1,,
b413307f-d5c0-42a0-b40e-9f9b4516eaf3,7824,improbo,4.8.1,0,1,534,2,,
b413307f-d5c0-42a0-b40e-9f9b4516eaf3,7825,dente,4.8.1,0,1,534,3,,
b413307f-d5c0-42a0-b40e-9f9b4516eaf3,7826,appetit,4.8.1,0,1,534,4,,
b413307f-d5c0-42a0-b40e-9f9b4516eaf3,7827,Hoc,4.8.2,0,1,534,5,,
b413307f-d5c0-42a0-b40e-9f9b4516eaf3,7828,argumento,4.8.2,0,1,534,6,,
b413307f-d5c0-42a0-b40e-9f9b4516eaf3,7829,se,4.8.2,0,1,534,7,,
b413307f-d5c0-42a0-b40e-9f9b4516eaf3,7830,describi,4.8.2,0,1,534,8,,
b413307f-d5c0-42a0-b40e-9f9b4516eaf3,7831,sentiat,4.8.2,0,1,534,9,,
b413307f-d5c0-42a0-b40e-9f9b4516eaf3,7832,.,4.8.2,,4,534,,,
b413307f-d5c0-42a0-b40e-9f9b4516eaf3,7833,In,4.8.3,0,1,535,0,,
b413307f-d5c0-42a0-b40e-9f9b4516eaf3,7834,officinam,4.8.3,0,1,535,1,,
b413307f-d5c0-42a0-b40e-9f9b4516eaf3,7835,fabri,4.8.3,0,1,535,2,,
b413307f-d5c0-42a0-b40e-9f9b4516eaf3,7836,venit,4.8.3,0,1,535,3,,
b413307f-d5c0-42a0-b40e-9f9b4516eaf3,7837,vipera,4.8.3,0,1,535,4,,
b413307f-d5c0-42a0-b40e-9f9b4516eaf3,7838,.,4.8.3,,4,535,,,
b413307f-d5c0-42a0-b40e-9f9b4516eaf3,7839,Haec,4.8.4,0,1,536,0,,
b413307f-d5c0-42a0-b40e-9f9b4516eaf3,7840,cum,4.8.4,0,1,536,1,,
b413307f-d5c0-42a0-b40e-9f9b4516eaf3,7841,temptaret,4.8.4,0,1,536,2,,
b413307f-d5c0-42a0-b40e-9f9b4516eaf3,7842,si,4.8.4,0,1,536,3,,
b413307f-d5c0-42a0-b40e-9f9b4516eaf3,7843,qua,4.8.4,0,1,536,4,,
b413307f-d5c0-42a0-b40e-9f9b4516eaf3,7844,res,4.8.4,0,1,536,5,,
b413307f-d5c0-42a0-b40e-9f9b4516eaf3,7845,esset,4.8.4,0,1,536,6,,
b413307f-d5c0-42a0-b40e-9f9b4516eaf3,7846,cibi,4.8.4,0,1,536,7,,
b413307f-d5c0-42a0-b40e-9f9b4516eaf3,7847,",",4.8.4,,4,536,,,
b413307f-d5c0-42a0-b40e-9f9b4516eaf3,7848,Limam,4.8.5,0,1,536,8,,
b413307f-d5c0-42a0-b40e-9f9b4516eaf3,7849,momordit,4.8.5,0,1,536,9,,
b413307f-d5c0-42a0-b40e-9f9b4516eaf3,7850,.,4.8.5,,4,536,,,
b413307f-d5c0-42a0-b40e-9f9b4516eaf3,7851,Illa,4.8.5,0,1,537,0,,
b413307f-d5c0-42a0-b40e-9f9b4516eaf3,7852,contra,4.8.5,0,1,537,1,,
b413307f-d5c0-42a0-b40e-9f9b4516eaf3,7853,contumax,4.8.5,0,1,537,2,,
b413307f-d5c0-42a0-b40e-9f9b4516eaf3,7854,:,4.8.5,,4,537,,,
b413307f-d5c0-42a0-b40e-9f9b4516eaf3,7855,Quid,4.8.6,0,1,537,3,,
b413307f-d5c0-42a0-b40e-9f9b4516eaf3,7856,me,4.8.6,0,1,537,4,,
b413307f-d5c0-42a0-b40e-9f9b4516eaf3,7857,inquit,4.8.6,0,1,537,5,,
b413307f-d5c0-42a0-b40e-9f9b4516eaf3,7858,stulta,4.8.6,0,1,537,6,,
b413307f-d5c0-42a0-b40e-9f9b4516eaf3,7859,",",4.8.6,,4,537,,,
b413307f-d5c0-42a0-b40e-9f9b4516eaf3,7860,dente,4.8.6,0,1,537,7,,
b413307f-d5c0-42a0-b40e-9f9b4516eaf3,7861,captas,4.8.6,0,1,537,8,,
b413307f-d5c0-42a0-b40e-9f9b4516eaf3,7862,laedere,4.8.6,0,1,537,9,,
b413307f-d5c0-42a0-b40e-9f9b4516eaf3,7863,",",4.8.6,,4,537,,,
b413307f-d5c0-42a0-b40e-9f9b4516eaf3,7864,Omne,4.8.7,0,1,537,10,,
b413307f-d5c0-42a0-b40e-9f9b4516eaf3,7865,assuevi,4.8.7,0,1,537,11,,
b413307f-d5c0-42a0-b40e-9f9b4516eaf3,7866,ferrum,4.8.7,0,1,537,12,,
b413307f-d5c0-42a0-b40e-9f9b4516eaf3,7867,quae,4.8.7,0,1,537,13,,
b413307f-d5c0-42a0-b40e-9f9b4516eaf3,7868,corrodere,4.8.7,0,1,537,14,,
b413307f-d5c0-42a0-b40e-9f9b4516eaf3,7869,?,4.8.7,,4,537,,,
b413307f-d5c0-42a0-b40e-9f9b4516eaf3,7870,Vulpes,4.9,0,1,538,0,,
b413307f-d5c0-42a0-b40e-9f9b4516eaf3,7871,et,4.9,0,1,538,1,,
b413307f-d5c0-42a0-b40e-9f9b4516eaf3,7872,caper,4.9,0,1,538,2,,
b413307f-d5c0-42a0-b40e-9f9b4516eaf3,7873,.,4.9,,4,538,,,
b413307f-d5c0-42a0-b40e-9f9b4516eaf3,7874,Homo,4.9.1,0,1,539,0,,
b413307f-d5c0-42a0-b40e-9f9b4516eaf3,7875,in,4.9.1,0,1,539,1,,
b413307f-d5c0-42a0-b40e-9f9b4516eaf3,7876,periclum,4.9.1,0,1,539,2,,
b413307f-d5c0-42a0-b40e-9f9b4516eaf3,7877,simul,4.9.1,0,1,539,3,,
b413307f-d5c0-42a0-b40e-9f9b4516eaf3,7878,ac,4.9.1,0,1,539,4,,
b413307f-d5c0-42a0-b40e-9f9b4516eaf3,7879,venit,4.9.1,0,1,539,5,,
b413307f-d5c0-42a0-b40e-9f9b4516eaf3,7880,callidus,4.9.1,0,1,539,6,,
b413307f-d5c0-42a0-b40e-9f9b4516eaf3,7881,",",4.9.1,,4,539,,,
b413307f-d5c0-42a0-b40e-9f9b4516eaf3,7882,Reperire,4.9.2,0,1,539,7,,
b413307f-d5c0-42a0-b40e-9f9b4516eaf3,7883,effugium,4.9.2,0,1,539,8,,
b413307f-d5c0-42a0-b40e-9f9b4516eaf3,7884,quaerit,4.9.2,0,1,539,9,,
b413307f-d5c0-42a0-b40e-9f9b4516eaf3,7885,alterius,4.9.2,0,1,539,10,,
b413307f-d5c0-42a0-b40e-9f9b4516eaf3,7886,malo,4.9.2,0,1,539,11,,
b413307f-d5c0-42a0-b40e-9f9b4516eaf3,7887,.,4.9.2,,4,539,,,
b413307f-d5c0-42a0-b40e-9f9b4516eaf3,7888,Cum,4.9.3,2,1,540,0,,
b413307f-d5c0-42a0-b40e-9f9b4516eaf3,7889,decidisset,4.9.3,0,1,540,1,,
b413307f-d5c0-42a0-b40e-9f9b4516eaf3,7890,vulpes,4.9.3,0,1,540,2,,
b413307f-d5c0-42a0-b40e-9f9b4516eaf3,7891,in,4.9.3,0,1,540,3,,
b413307f-d5c0-42a0-b40e-9f9b4516eaf3,7892,puteum,4.9.3,0,1,540,4,,
b413307f-d5c0-42a0-b40e-9f9b4516eaf3,7893,inscia,4.9.3,0,1,540,5,,
b413307f-d5c0-42a0-b40e-9f9b4516eaf3,7894,Et,4.9.4,0,1,540,6,,
b413307f-d5c0-42a0-b40e-9f9b4516eaf3,7895,altiore,4.9.4,0,1,540,7,,
b413307f-d5c0-42a0-b40e-9f9b4516eaf3,7896,clauderetur,4.9.4,0,1,540,8,,
b413307f-d5c0-42a0-b40e-9f9b4516eaf3,7897,margine,4.9.4,0,1,540,9,,
b413307f-d5c0-42a0-b40e-9f9b4516eaf3,7898,",",4.9.4,,4,540,,,
b413307f-d5c0-42a0-b40e-9f9b4516eaf3,7899,Devenit,4.9.5,0,1,540,10,,
b413307f-d5c0-42a0-b40e-9f9b4516eaf3,7900,hircus,4.9.5,0,1,540,11,,
b413307f-d5c0-42a0-b40e-9f9b4516eaf3,7901,sitiens,4.9.5,0,1,540,12,,
b413307f-d5c0-42a0-b40e-9f9b4516eaf3,7902,in,4.9.5,0,1,540,13,,
b413307f-d5c0-42a0-b40e-9f9b4516eaf3,7903,eundem,4.9.5,0,1,540,14,,
b413307f-d5c0-42a0-b40e-9f9b4516eaf3,7904,locum,4.9.5,0,1,540,15,,
b413307f-d5c0-42a0-b40e-9f9b4516eaf3,7905,;,4.9.5,,4,540,,,
b413307f-d5c0-42a0-b40e-9f9b4516eaf3,7906,Simul,4.9.6,0,1,540,16,,
b413307f-d5c0-42a0-b40e-9f9b4516eaf3,7907,rogavit,4.9.6,0,1,540,17,,
b413307f-d5c0-42a0-b40e-9f9b4516eaf3,7908,esset,4.9.6,0,1,540,18,,
b413307f-d5c0-42a0-b40e-9f9b4516eaf3,7909,an,4.9.6,0,1,540,19,,
b413307f-d5c0-42a0-b40e-9f9b4516eaf3,7910,dulcis,4.9.6,0,1,540,20,,
b413307f-d5c0-42a0-b40e-9f9b4516eaf3,7911,liquor,4.9.6,0,1,540,21,,
b413307f-d5c0-42a0-b40e-9f9b4516eaf3,7912,Et,4.9.7,0,1,540,22,,
b413307f-d5c0-42a0-b40e-9f9b4516eaf3,7913,copiosus,4.9.7,0,1,540,23,,
b413307f-d5c0-42a0-b40e-9f9b4516eaf3,7914,.,4.9.7,,4,540,,,
b413307f-d5c0-42a0-b40e-9f9b4516eaf3,7915,Illa,4.9.7,0,1,541,0,,
b413307f-d5c0-42a0-b40e-9f9b4516eaf3,7916,fraudem,4.9.7,0,1,541,1,,
b413307f-d5c0-42a0-b40e-9f9b4516eaf3,7917,moliens,4.9.7,0,1,541,2,,
b413307f-d5c0-42a0-b40e-9f9b4516eaf3,7918,:,4.9.7,,4,541,,,
b413307f-d5c0-42a0-b40e-9f9b4516eaf3,7919,Descende,4.9.8,0,1,541,3,,
b413307f-d5c0-42a0-b40e-9f9b4516eaf3,7920,",",4.9.8,,4,541,,,
b413307f-d5c0-42a0-b40e-9f9b4516eaf3,7921,amice,4.9.8,0,1,541,4,,
b413307f-d5c0-42a0-b40e-9f9b4516eaf3,7922,;,4.9.8,,4,541,,,
b413307f-d5c0-42a0-b40e-9f9b4516eaf3,7923,tanta,4.9.8,0,1,541,5,,
b413307f-d5c0-42a0-b40e-9f9b4516eaf3,7924,bonitas,4.9.8,0,1,541,6,,
b413307f-d5c0-42a0-b40e-9f9b4516eaf3,7925,est,4.9.8,0,1,541,7,,
b413307f-d5c0-42a0-b40e-9f9b4516eaf3,7926,aquae,4.9.8,0,1,541,8,,
b413307f-d5c0-42a0-b40e-9f9b4516eaf3,7927,Voluptas,4.9.9,0,1,541,9,,
b413307f-d5c0-42a0-b40e-9f9b4516eaf3,7928,ut,4.9.9,0,1,541,10,,
b413307f-d5c0-42a0-b40e-9f9b4516eaf3,7929,satiari,4.9.9,0,1,541,11,,
b413307f-d5c0-42a0-b40e-9f9b4516eaf3,7930,non,4.9.9,0,1,541,12,,
b413307f-d5c0-42a0-b40e-9f9b4516eaf3,7931,possit,4.9.9,0,1,541,13,,
b413307f-d5c0-42a0-b40e-9f9b4516eaf3,7932,mea,4.9.9,0,1,541,14,,
b413307f-d5c0-42a0-b40e-9f9b4516eaf3,7933,.,4.9.9,,4,541,,,
b413307f-d5c0-42a0-b40e-9f9b4516eaf3,7934,Immisit,4.9.10,0,1,542,0,,
b413307f-d5c0-42a0-b40e-9f9b4516eaf3,7935,se,4.9.10,0,1,542,1,,
b413307f-d5c0-42a0-b40e-9f9b4516eaf3,7936,barbatus,4.9.10,0,1,542,2,,
b413307f-d5c0-42a0-b40e-9f9b4516eaf3,7937,.,4.9.10,,4,542,,,
b413307f-d5c0-42a0-b40e-9f9b4516eaf3,7938,Tum,4.9.10,0,1,543,0,,
b413307f-d5c0-42a0-b40e-9f9b4516eaf3,7939,vulpecula,4.9.10,0,1,543,1,,
b413307f-d5c0-42a0-b40e-9f9b4516eaf3,7940,Evasit,4.9.11,0,1,543,2,,
b413307f-d5c0-42a0-b40e-9f9b4516eaf3,7941,puteo,4.9.11,0,1,543,3,,
b413307f-d5c0-42a0-b40e-9f9b4516eaf3,7942,nixa,4.9.11,0,1,543,4,,
b413307f-d5c0-42a0-b40e-9f9b4516eaf3,7943,celsis,4.9.11,0,1,543,5,,
b413307f-d5c0-42a0-b40e-9f9b4516eaf3,7944,cornibus,4.9.11,0,1,543,6,,
b413307f-d5c0-42a0-b40e-9f9b4516eaf3,7945,",",4.9.11,,4,543,,,
b413307f-d5c0-42a0-b40e-9f9b4516eaf3,7946,Hircumque,4.9.12,0,1,543,7,,
b413307f-d5c0-42a0-b40e-9f9b4516eaf3,7947,clauso,4.9.12,0,1,543,8,,
b413307f-d5c0-42a0-b40e-9f9b4516eaf3,7948,liquit,4.9.12,0,1,543,9,,
b413307f-d5c0-42a0-b40e-9f9b4516eaf3,7949,haerentem,4.9.12,0,1,543,10,,
b413307f-d5c0-42a0-b40e-9f9b4516eaf3,7950,vado,4.9.12,0,1,543,11,,
b413307f-d5c0-42a0-b40e-9f9b4516eaf3,7951,.,4.9.12,,4,543,,,
b413307f-d5c0-42a0-b40e-9f9b4516eaf3,7952,De,4.10,0,1,544,0,,
b413307f-d5c0-42a0-b40e-9f9b4516eaf3,7953,vitiis,4.10,0,1,544,1,,
b413307f-d5c0-42a0-b40e-9f9b4516eaf3,7954,hominum,4.10,0,1,544,2,,
b413307f-d5c0-42a0-b40e-9f9b4516eaf3,7955,.,4.10,,4,544,,,
b413307f-d5c0-42a0-b40e-9f9b4516eaf3,7956,Peras,4.10.1,0,1,545,0,,
b413307f-d5c0-42a0-b40e-9f9b4516eaf3,7957,imposuit,4.10.1,0,1,545,1,,
b413307f-d5c0-42a0-b40e-9f9b4516eaf3,7958,Iuppiter,4.10.1,1,1,545,2,,
b413307f-d5c0-42a0-b40e-9f9b4516eaf3,7959,nobis,4.10.1,0,1,545,3,,
b413307f-d5c0-42a0-b40e-9f9b4516eaf3,7960,duas,4.10.1,0,1,545,4,,
b413307f-d5c0-42a0-b40e-9f9b4516eaf3,7961,:,4.10.1,,4,545,,,
b413307f-d5c0-42a0-b40e-9f9b4516eaf3,7962,Propriis,4.10.2,0,1,545,5,,
b413307f-d5c0-42a0-b40e-9f9b4516eaf3,7963,repletam,4.10.2,0,1,545,6,,
b413307f-d5c0-42a0-b40e-9f9b4516eaf3,7964,vitiis,4.10.2,0,1,545,7,,
b413307f-d5c0-42a0-b40e-9f9b4516eaf3,7965,post,4.10.2,0,1,545,8,,
b413307f-d5c0-42a0-b40e-9f9b4516eaf3,7966,tergum,4.10.2,0,1,545,9,,
b413307f-d5c0-42a0-b40e-9f9b4516eaf3,7967,dedit,4.10.2,0,1,545,10,,
b413307f-d5c0-42a0-b40e-9f9b4516eaf3,7968,",",4.10.2,,4,545,,,
b413307f-d5c0-42a0-b40e-9f9b4516eaf3,7969,Alienis,4.10.3,0,1,545,11,,
b413307f-d5c0-42a0-b40e-9f9b4516eaf3,7970,ante,4.10.3,0,1,545,12,,
b413307f-d5c0-42a0-b40e-9f9b4516eaf3,7971,pectus,4.10.3,0,1,545,13,,
b413307f-d5c0-42a0-b40e-9f9b4516eaf3,7972,suspendit,4.10.3,0,1,545,14,,
b413307f-d5c0-42a0-b40e-9f9b4516eaf3,7973,gravem,4.10.3,0,1,545,15,,
b413307f-d5c0-42a0-b40e-9f9b4516eaf3,7974,.,4.10.3,,4,545,,,
b413307f-d5c0-42a0-b40e-9f9b4516eaf3,7975,Hac,4.10.4,0,1,546,0,,
b413307f-d5c0-42a0-b40e-9f9b4516eaf3,7976,re,4.10.4,0,1,546,1,,
b413307f-d5c0-42a0-b40e-9f9b4516eaf3,7977,videre,4.10.4,0,1,546,2,,
b413307f-d5c0-42a0-b40e-9f9b4516eaf3,7978,nostra,4.10.4,0,1,546,3,,
b413307f-d5c0-42a0-b40e-9f9b4516eaf3,7979,mala,4.10.4,0,1,546,4,,
b413307f-d5c0-42a0-b40e-9f9b4516eaf3,7980,non,4.10.4,0,1,546,5,,
b413307f-d5c0-42a0-b40e-9f9b4516eaf3,7981,possumus,4.10.4,0,1,546,6,,
b413307f-d5c0-42a0-b40e-9f9b4516eaf3,7982,;,4.10.4,,4,546,,,
b413307f-d5c0-42a0-b40e-9f9b4516eaf3,7983,Alii,4.10.5,2,1,546,7,,
b413307f-d5c0-42a0-b40e-9f9b4516eaf3,7984,simul,4.10.5,0,1,546,8,,
b413307f-d5c0-42a0-b40e-9f9b4516eaf3,7985,delinquunt,4.10.5,0,1,546,9,,
b413307f-d5c0-42a0-b40e-9f9b4516eaf3,7986,",",4.10.5,,4,546,,,
b413307f-d5c0-42a0-b40e-9f9b4516eaf3,7987,censores,4.10.5,0,1,546,10,,
b413307f-d5c0-42a0-b40e-9f9b4516eaf3,7988,sumus,4.10.5,0,1,546,11,,
b413307f-d5c0-42a0-b40e-9f9b4516eaf3,7989,.,4.10.5,,4,546,,,
b413307f-d5c0-42a0-b40e-9f9b4516eaf3,7990,Fur,4.11,0,1,547,0,,
b413307f-d5c0-42a0-b40e-9f9b4516eaf3,7991,et,4.11,0,1,547,1,,
b413307f-d5c0-42a0-b40e-9f9b4516eaf3,7992,lucerna,4.11,0,1,547,2,,
b413307f-d5c0-42a0-b40e-9f9b4516eaf3,7993,.,4.11,,4,547,,,
b413307f-d5c0-42a0-b40e-9f9b4516eaf3,7994,Lucernam,4.11.1,0,1,548,0,,
b413307f-d5c0-42a0-b40e-9f9b4516eaf3,7995,fur,4.11.1,0,1,548,1,,
b413307f-d5c0-42a0-b40e-9f9b4516eaf3,7996,accendit,4.11.1,0,1,548,2,,
b413307f-d5c0-42a0-b40e-9f9b4516eaf3,7997,ex,4.11.1,0,1,548,3,,
b413307f-d5c0-42a0-b40e-9f9b4516eaf3,7998,ara,4.11.1,0,1,548,4,,
b413307f-d5c0-42a0-b40e-9f9b4516eaf3,7999,Iovis,4.11.1,1,1,548,5,,
b413307f-d5c0-42a0-b40e-9f9b4516eaf3,8000,Ipsumque,4.11.2,0,1,548,6,,
b413307f-d5c0-42a0-b40e-9f9b4516eaf3,8001,compilavit,4.11.2,0,1,548,7,,
b413307f-d5c0-42a0-b40e-9f9b4516eaf3,8002,ad,4.11.2,0,1,548,8,,
b413307f-d5c0-42a0-b40e-9f9b4516eaf3,8003,lumen,4.11.2,0,1,548,9,,
b413307f-d5c0-42a0-b40e-9f9b4516eaf3,8004,suum,4.11.2,0,1,548,10,,
b413307f-d5c0-42a0-b40e-9f9b4516eaf3,8005,.,4.11.2,,4,548,,,
b413307f-d5c0-42a0-b40e-9f9b4516eaf3,8006,Onustus,4.11.3,0,1,549,0,,
b413307f-d5c0-42a0-b40e-9f9b4516eaf3,8007,qui,4.11.3,0,1,549,1,,
b413307f-d5c0-42a0-b40e-9f9b4516eaf3,8008,sacrilegio,4.11.3,0,1,549,2,,
b413307f-d5c0-42a0-b40e-9f9b4516eaf3,8009,cum,4.11.3,0,1,549,3,,
b413307f-d5c0-42a0-b40e-9f9b4516eaf3,8010,discederet,4.11.3,0,1,549,4,,
b413307f-d5c0-42a0-b40e-9f9b4516eaf3,8011,",",4.11.3,,4,549,,,
b413307f-d5c0-42a0-b40e-9f9b4516eaf3,8012,Repente,4.11.4,0,1,549,5,,
b413307f-d5c0-42a0-b40e-9f9b4516eaf3,8013,vocem,4.11.4,0,1,549,6,,
b413307f-d5c0-42a0-b40e-9f9b4516eaf3,8014,sancta,4.11.4,0,1,549,7,,
b413307f-d5c0-42a0-b40e-9f9b4516eaf3,8015,misit,4.11.4,0,1,549,8,,
b413307f-d5c0-42a0-b40e-9f9b4516eaf3,8016,Religio,4.11.4,0,1,549,9,,
b413307f-d5c0-42a0-b40e-9f9b4516eaf3,8017,:,4.11.4,,4,549,,,
b413307f-d5c0-42a0-b40e-9f9b4516eaf3,8018,Malorum,4.11.5,0,1,549,10,,
b413307f-d5c0-42a0-b40e-9f9b4516eaf3,8019,quamvis,4.11.5,0,1,549,11,,
b413307f-d5c0-42a0-b40e-9f9b4516eaf3,8020,ista,4.11.5,0,1,549,12,,
b413307f-d5c0-42a0-b40e-9f9b4516eaf3,8021,fuerint,4.11.5,0,1,549,13,,
b413307f-d5c0-42a0-b40e-9f9b4516eaf3,8022,munera,4.11.5,0,1,549,14,,
b413307f-d5c0-42a0-b40e-9f9b4516eaf3,8023,Mihique,4.11.6,0,1,549,15,,
b413307f-d5c0-42a0-b40e-9f9b4516eaf3,8024,invisa,4.11.6,0,1,549,16,,
b413307f-d5c0-42a0-b40e-9f9b4516eaf3,8025,",",4.11.6,,4,549,,,
b413307f-d5c0-42a0-b40e-9f9b4516eaf3,8026,ut,4.11.6,0,1,549,17,,
b413307f-d5c0-42a0-b40e-9f9b4516eaf3,8027,non,4.11.6,0,1,549,18,,
b413307f-d5c0-42a0-b40e-9f9b4516eaf3,8028,offendar,4.11.6,0,1,549,19,,
b413307f-d5c0-42a0-b40e-9f9b4516eaf3,8029,surripi,4.11.6,0,1,549,20,,
b413307f-d5c0-42a0-b40e-9f9b4516eaf3,8030,",",4.11.6,,4,549,,,
b413307f-d5c0-42a0-b40e-9f9b4516eaf3,8031,Tamen,4.11.7,0,1,549,21,,
b413307f-d5c0-42a0-b40e-9f9b4516eaf3,8032,",",4.11.7,,4,549,,,
b413307f-d5c0-42a0-b40e-9f9b4516eaf3,8033,sceleste,4.11.7,0,1,549,22,,
b413307f-d5c0-42a0-b40e-9f9b4516eaf3,8034,",",4.11.7,,4,549,,,
b413307f-d5c0-42a0-b40e-9f9b4516eaf3,8035,spiritu,4.11.7,0,1,549,23,,
b413307f-d5c0-42a0-b40e-9f9b4516eaf3,8036,culpam,4.11.7,0,1,549,24,,
b413307f-d5c0-42a0-b40e-9f9b4516eaf3,8037,lues,4.11.7,0,1,549,25,,
b413307f-d5c0-42a0-b40e-9f9b4516eaf3,8038,",",4.11.7,,4,549,,,
b413307f-d5c0-42a0-b40e-9f9b4516eaf3,8039,Olim,4.11.8,0,1,549,26,,
b413307f-d5c0-42a0-b40e-9f9b4516eaf3,8040,cum,4.11.8,0,1,549,27,,
b413307f-d5c0-42a0-b40e-9f9b4516eaf3,8041,ascriptus,4.11.8,0,1,549,28,,
b413307f-d5c0-42a0-b40e-9f9b4516eaf3,8042,venerit,4.11.8,0,1,549,29,,
b413307f-d5c0-42a0-b40e-9f9b4516eaf3,8043,poenae,4.11.8,0,1,549,30,,
b413307f-d5c0-42a0-b40e-9f9b4516eaf3,8044,dies,4.11.8,0,1,549,31,,
b413307f-d5c0-42a0-b40e-9f9b4516eaf3,8045,.,4.11.8,,4,549,,,
b413307f-d5c0-42a0-b40e-9f9b4516eaf3,8046,Sed,4.11.9,0,1,550,0,,
b413307f-d5c0-42a0-b40e-9f9b4516eaf3,8047,ne,4.11.9,0,1,550,1,,
b413307f-d5c0-42a0-b40e-9f9b4516eaf3,8048,ignis,4.11.9,0,1,550,2,,
b413307f-d5c0-42a0-b40e-9f9b4516eaf3,8049,noster,4.11.9,0,1,550,3,,
b413307f-d5c0-42a0-b40e-9f9b4516eaf3,8050,facinori,4.11.9,0,1,550,4,,
b413307f-d5c0-42a0-b40e-9f9b4516eaf3,8051,praeluceat,4.11.9,0,1,550,5,,
b413307f-d5c0-42a0-b40e-9f9b4516eaf3,8052,",",4.11.9,,4,550,,,
b413307f-d5c0-42a0-b40e-9f9b4516eaf3,8053,Per,4.11.10,0,1,550,6,,
b413307f-d5c0-42a0-b40e-9f9b4516eaf3,8054,quem,4.11.10,0,1,550,7,,
b413307f-d5c0-42a0-b40e-9f9b4516eaf3,8055,verendos,4.11.10,0,1,550,8,,
b413307f-d5c0-42a0-b40e-9f9b4516eaf3,8056,excolit,4.11.10,0,1,550,9,,
b413307f-d5c0-42a0-b40e-9f9b4516eaf3,8057,pietas,4.11.10,0,1,550,10,,
b413307f-d5c0-42a0-b40e-9f9b4516eaf3,8058,deos,4.11.10,0,1,550,11,,
b413307f-d5c0-42a0-b40e-9f9b4516eaf3,8059,",",4.11.10,,4,550,,,
b413307f-d5c0-42a0-b40e-9f9b4516eaf3,8060,Veto,4.11.11,0,1,550,12,,
b413307f-d5c0-42a0-b40e-9f9b4516eaf3,8061,esse,4.11.11,0,1,550,13,,
b413307f-d5c0-42a0-b40e-9f9b4516eaf3,8062,tale,4.11.11,0,1,550,14,,
b413307f-d5c0-42a0-b40e-9f9b4516eaf3,8063,luminis,4.11.11,0,1,550,15,,
b413307f-d5c0-42a0-b40e-9f9b4516eaf3,8064,commercium,4.11.11,0,1,550,16,,
b413307f-d5c0-42a0-b40e-9f9b4516eaf3,8065,.,4.11.11,,4,550,,,
b413307f-d5c0-42a0-b40e-9f9b4516eaf3,8066,Itaque,4.11.12,0,1,551,0,,
b413307f-d5c0-42a0-b40e-9f9b4516eaf3,8067,hodie,4.11.12,0,1,551,1,,
b413307f-d5c0-42a0-b40e-9f9b4516eaf3,8068,nec,4.11.12,0,1,551,2,,
b413307f-d5c0-42a0-b40e-9f9b4516eaf3,8069,lucernam,4.11.12,0,1,551,3,,
b413307f-d5c0-42a0-b40e-9f9b4516eaf3,8070,de,4.11.12,0,1,551,4,,
b413307f-d5c0-42a0-b40e-9f9b4516eaf3,8071,flamma,4.11.12,0,1,551,5,,
b413307f-d5c0-42a0-b40e-9f9b4516eaf3,8072,deum,4.11.12,0,1,551,6,,
b413307f-d5c0-42a0-b40e-9f9b4516eaf3,8073,Nec,4.11.13,0,1,551,7,,
b413307f-d5c0-42a0-b40e-9f9b4516eaf3,8074,de,4.11.13,0,1,551,8,,
b413307f-d5c0-42a0-b40e-9f9b4516eaf3,8075,lucerna,4.11.13,0,1,551,9,,
b413307f-d5c0-42a0-b40e-9f9b4516eaf3,8076,fas,4.11.13,0,1,551,10,,
b413307f-d5c0-42a0-b40e-9f9b4516eaf3,8077,est,4.11.13,0,1,551,11,,
b413307f-d5c0-42a0-b40e-9f9b4516eaf3,8078,accendi,4.11.13,0,1,551,12,,
b413307f-d5c0-42a0-b40e-9f9b4516eaf3,8079,sacrum,4.11.13,0,1,551,13,,
b413307f-d5c0-42a0-b40e-9f9b4516eaf3,8080,.,4.11.13,,4,551,,,
b413307f-d5c0-42a0-b40e-9f9b4516eaf3,8081,Quot,4.11.14,0,1,552,0,,
b413307f-d5c0-42a0-b40e-9f9b4516eaf3,8082,res,4.11.14,0,1,552,1,,
b413307f-d5c0-42a0-b40e-9f9b4516eaf3,8083,contineat,4.11.14,0,1,552,2,,
b413307f-d5c0-42a0-b40e-9f9b4516eaf3,8084,hoc,4.11.14,0,1,552,3,,
b413307f-d5c0-42a0-b40e-9f9b4516eaf3,8085,argumentum,4.11.14,0,1,552,4,,
b413307f-d5c0-42a0-b40e-9f9b4516eaf3,8086,utiles,4.11.14,0,1,552,5,,
b413307f-d5c0-42a0-b40e-9f9b4516eaf3,8087,",",4.11.14,,4,552,,,
b413307f-d5c0-42a0-b40e-9f9b4516eaf3,8088,Non,4.11.15,0,1,552,6,,
b413307f-d5c0-42a0-b40e-9f9b4516eaf3,8089,explicabit,4.11.15,0,1,552,7,,
b413307f-d5c0-42a0-b40e-9f9b4516eaf3,8090,alius,4.11.15,0,1,552,8,,
b413307f-d5c0-42a0-b40e-9f9b4516eaf3,8091,quam,4.11.15,0,1,552,9,,
b413307f-d5c0-42a0-b40e-9f9b4516eaf3,8092,qui,4.11.15,0,1,552,10,,
b413307f-d5c0-42a0-b40e-9f9b4516eaf3,8093,repperit,4.11.15,0,1,552,11,,
b413307f-d5c0-42a0-b40e-9f9b4516eaf3,8094,.,4.11.15,,4,552,,,
b413307f-d5c0-42a0-b40e-9f9b4516eaf3,8095,Significat,4.11.16,0,1,553,0,,
b413307f-d5c0-42a0-b40e-9f9b4516eaf3,8096,primo,4.11.16,0,1,553,1,,
b413307f-d5c0-42a0-b40e-9f9b4516eaf3,8097,saepe,4.11.16,0,1,553,2,,
b413307f-d5c0-42a0-b40e-9f9b4516eaf3,8098,quos,4.11.16,0,1,553,3,,
b413307f-d5c0-42a0-b40e-9f9b4516eaf3,8099,ipse,4.11.16,0,1,553,4,,
b413307f-d5c0-42a0-b40e-9f9b4516eaf3,8100,alueris,4.11.16,0,1,553,5,,
b413307f-d5c0-42a0-b40e-9f9b4516eaf3,8101,",",4.11.16,,4,553,,,
b413307f-d5c0-42a0-b40e-9f9b4516eaf3,8102,Tibi,4.11.17,0,1,553,6,,
b413307f-d5c0-42a0-b40e-9f9b4516eaf3,8103,inveniri,4.11.17,0,1,553,7,,
b413307f-d5c0-42a0-b40e-9f9b4516eaf3,8104,maxime,4.11.17,0,1,553,8,,
b413307f-d5c0-42a0-b40e-9f9b4516eaf3,8105,contrarios,4.11.17,0,1,553,9,,
b413307f-d5c0-42a0-b40e-9f9b4516eaf3,8106,;,4.11.17,,4,553,,,
b413307f-d5c0-42a0-b40e-9f9b4516eaf3,8107,Secundum,4.11.18,2,1,553,10,,
b413307f-d5c0-42a0-b40e-9f9b4516eaf3,8108,ostendit,4.11.18,0,1,553,11,,
b413307f-d5c0-42a0-b40e-9f9b4516eaf3,8109,scelera,4.11.18,0,1,553,12,,
b413307f-d5c0-42a0-b40e-9f9b4516eaf3,8110,non,4.11.18,0,1,553,13,,
b413307f-d5c0-42a0-b40e-9f9b4516eaf3,8111,ira,4.11.18,0,1,553,14,,
b413307f-d5c0-42a0-b40e-9f9b4516eaf3,8112,deum,4.11.18,0,1,553,15,,
b413307f-d5c0-42a0-b40e-9f9b4516eaf3,8113,",",4.11.18,,4,553,,,
b413307f-d5c0-42a0-b40e-9f9b4516eaf3,8114,Fatorum,4.11.19,2,1,553,16,,
b413307f-d5c0-42a0-b40e-9f9b4516eaf3,8115,dicto,4.11.19,0,1,553,17,,
b413307f-d5c0-42a0-b40e-9f9b4516eaf3,8116,sed,4.11.19,0,1,553,18,,
b413307f-d5c0-42a0-b40e-9f9b4516eaf3,8117,puniri,4.11.19,0,1,553,19,,
b413307f-d5c0-42a0-b40e-9f9b4516eaf3,8118,tempore,4.11.19,0,1,553,20,,
b413307f-d5c0-42a0-b40e-9f9b4516eaf3,8119,;,4.11.19,,4,553,,,
b413307f-d5c0-42a0-b40e-9f9b4516eaf3,8120,Novissime,4.11.20,0,1,553,21,,
b413307f-d5c0-42a0-b40e-9f9b4516eaf3,8121,interdicit,4.11.20,0,1,553,22,,
b413307f-d5c0-42a0-b40e-9f9b4516eaf3,8122,ne,4.11.20,0,1,553,23,,
b413307f-d5c0-42a0-b40e-9f9b4516eaf3,8123,cum,4.11.20,0,1,553,24,,
b413307f-d5c0-42a0-b40e-9f9b4516eaf3,8124,malefico,4.11.20,0,1,553,25,,
b413307f-d5c0-42a0-b40e-9f9b4516eaf3,8125,Usum,4.11.21,0,1,553,26,,
b413307f-d5c0-42a0-b40e-9f9b4516eaf3,8126,bonus,4.11.21,0,1,553,27,,
b413307f-d5c0-42a0-b40e-9f9b4516eaf3,8127,consociet,4.11.21,0,1,553,28,,
b413307f-d5c0-42a0-b40e-9f9b4516eaf3,8128,ullius,4.11.21,0,1,553,29,,
b413307f-d5c0-42a0-b40e-9f9b4516eaf3,8129,rei,4.11.21,0,1,553,30,,
b413307f-d5c0-42a0-b40e-9f9b4516eaf3,8130,.,4.11.21,,4,553,,,
b413307f-d5c0-42a0-b40e-9f9b4516eaf3,8131,Malas,4.12,0,1,554,0,,
b413307f-d5c0-42a0-b40e-9f9b4516eaf3,8132,esse,4.12,0,1,554,1,,
b413307f-d5c0-42a0-b40e-9f9b4516eaf3,8133,divitias,4.12,0,1,554,2,,
b413307f-d5c0-42a0-b40e-9f9b4516eaf3,8134,.,4.12,,4,554,,,
b413307f-d5c0-42a0-b40e-9f9b4516eaf3,8135,Opes,4.12.1,2,1,555,0,,
b413307f-d5c0-42a0-b40e-9f9b4516eaf3,8136,invisae,4.12.1,0,1,555,1,,
b413307f-d5c0-42a0-b40e-9f9b4516eaf3,8137,merito,4.12.1,0,1,555,2,,
b413307f-d5c0-42a0-b40e-9f9b4516eaf3,8138,sunt,4.12.1,0,1,555,3,,
b413307f-d5c0-42a0-b40e-9f9b4516eaf3,8139,forti,4.12.1,0,1,555,4,,
b413307f-d5c0-42a0-b40e-9f9b4516eaf3,8140,viro,4.12.1,0,1,555,5,,
b413307f-d5c0-42a0-b40e-9f9b4516eaf3,8141,",",4.12.1,,4,555,,,
b413307f-d5c0-42a0-b40e-9f9b4516eaf3,8142,Quia,4.12.2,0,1,555,6,,
b413307f-d5c0-42a0-b40e-9f9b4516eaf3,8143,dives,4.12.2,0,1,555,7,,
b413307f-d5c0-42a0-b40e-9f9b4516eaf3,8144,arca,4.12.2,0,1,555,8,,
b413307f-d5c0-42a0-b40e-9f9b4516eaf3,8145,veram,4.12.2,0,1,555,9,,
b413307f-d5c0-42a0-b40e-9f9b4516eaf3,8146,laudem,4.12.2,0,1,555,10,,
b413307f-d5c0-42a0-b40e-9f9b4516eaf3,8147,intercipit,4.12.2,0,1,555,11,,
b413307f-d5c0-42a0-b40e-9f9b4516eaf3,8148,.,4.12.2,,4,555,,,
b413307f-d5c0-42a0-b40e-9f9b4516eaf3,8149,Caelo,4.12.3,0,1,556,0,,
b413307f-d5c0-42a0-b40e-9f9b4516eaf3,8150,receptus,4.12.3,0,1,556,1,,
b413307f-d5c0-42a0-b40e-9f9b4516eaf3,8151,propter,4.12.3,0,1,556,2,,
b413307f-d5c0-42a0-b40e-9f9b4516eaf3,8152,virtutem,4.12.3,0,1,556,3,,
b413307f-d5c0-42a0-b40e-9f9b4516eaf3,8153,Hercules,4.12.3,1,1,556,4,,
b413307f-d5c0-42a0-b40e-9f9b4516eaf3,8154,Cum,4.12.4,2,1,556,5,,
b413307f-d5c0-42a0-b40e-9f9b4516eaf3,8155,gratulantes,4.12.4,0,1,556,6,,
b413307f-d5c0-42a0-b40e-9f9b4516eaf3,8156,persalutasset,4.12.4,0,1,556,7,,
b413307f-d5c0-42a0-b40e-9f9b4516eaf3,8157,deos,4.12.4,0,1,556,8,,
b413307f-d5c0-42a0-b40e-9f9b4516eaf3,8158,",",4.12.4,,4,556,,,
b413307f-d5c0-42a0-b40e-9f9b4516eaf3,8159,Veniente,4.12.5,0,1,556,9,,
b413307f-d5c0-42a0-b40e-9f9b4516eaf3,8160,Pluto,4.12.5,1,1,556,10,,
b413307f-d5c0-42a0-b40e-9f9b4516eaf3,8161,",",4.12.5,,4,556,,,
b413307f-d5c0-42a0-b40e-9f9b4516eaf3,8162,qui,4.12.5,0,1,556,11,,
b413307f-d5c0-42a0-b40e-9f9b4516eaf3,8163,Fortunae,4.12.5,1,1,556,12,,
b413307f-d5c0-42a0-b40e-9f9b4516eaf3,8164,est,4.12.5,0,1,556,13,,
b413307f-d5c0-42a0-b40e-9f9b4516eaf3,8165,filius,4.12.5,0,1,556,14,,
b413307f-d5c0-42a0-b40e-9f9b4516eaf3,8166,",",4.12.5,,4,556,,,
b413307f-d5c0-42a0-b40e-9f9b4516eaf3,8167,Avertit,4.12.6,0,1,556,15,,
b413307f-d5c0-42a0-b40e-9f9b4516eaf3,8168,oculos,4.12.6,0,1,556,16,,
b413307f-d5c0-42a0-b40e-9f9b4516eaf3,8169,.,4.12.6,,4,556,,,
b413307f-d5c0-42a0-b40e-9f9b4516eaf3,8170,Causam,4.12.6,0,1,557,0,,
b413307f-d5c0-42a0-b40e-9f9b4516eaf3,8171,quaesivit,4.12.6,0,1,557,1,,
b413307f-d5c0-42a0-b40e-9f9b4516eaf3,8172,pater,4.12.6,0,1,557,2,,
b413307f-d5c0-42a0-b40e-9f9b4516eaf3,8173,.,4.12.6,,4,557,,,
b413307f-d5c0-42a0-b40e-9f9b4516eaf3,8174,Odi,4.12.7,0,1,558,0,,
b413307f-d5c0-42a0-b40e-9f9b4516eaf3,8175,inquit,4.12.7,0,1,558,1,,
b413307f-d5c0-42a0-b40e-9f9b4516eaf3,8176,illum,4.12.7,0,1,558,2,,
b413307f-d5c0-42a0-b40e-9f9b4516eaf3,8177,",",4.12.7,,4,558,,,
b413307f-d5c0-42a0-b40e-9f9b4516eaf3,8178,quia,4.12.7,0,1,558,3,,
b413307f-d5c0-42a0-b40e-9f9b4516eaf3,8179,malis,4.12.7,0,1,558,4,,
b413307f-d5c0-42a0-b40e-9f9b4516eaf3,8180,amicus,4.12.7,0,1,558,5,,
b413307f-d5c0-42a0-b40e-9f9b4516eaf3,8181,est,4.12.7,0,1,558,6,,
b413307f-d5c0-42a0-b40e-9f9b4516eaf3,8182,Simulque,4.12.8,0,1,558,7,,
b413307f-d5c0-42a0-b40e-9f9b4516eaf3,8183,obiecto,4.12.8,0,1,558,8,,
b413307f-d5c0-42a0-b40e-9f9b4516eaf3,8184,cuncta,4.12.8,0,1,558,9,,
b413307f-d5c0-42a0-b40e-9f9b4516eaf3,8185,corrumpit,4.12.8,0,1,558,10,,
b413307f-d5c0-42a0-b40e-9f9b4516eaf3,8186,lucro,4.12.8,0,1,558,11,,
b413307f-d5c0-42a0-b40e-9f9b4516eaf3,8187,.,4.12.8,,4,558,,,
b413307f-d5c0-42a0-b40e-9f9b4516eaf3,8188,De,4.13,0,1,559,0,,
b413307f-d5c0-42a0-b40e-9f9b4516eaf3,8189,leone,4.13,0,1,559,1,,
b413307f-d5c0-42a0-b40e-9f9b4516eaf3,8190,regnante,4.13,0,1,559,2,,
b413307f-d5c0-42a0-b40e-9f9b4516eaf3,8191,.,4.13,,4,559,,,
b413307f-d5c0-42a0-b40e-9f9b4516eaf3,8192,Utilius,4.13.1,0,1,560,0,,
b413307f-d5c0-42a0-b40e-9f9b4516eaf3,8193,homini,4.13.1,0,1,560,1,,
b413307f-d5c0-42a0-b40e-9f9b4516eaf3,8194,nihil,4.13.1,0,1,560,2,,
b413307f-d5c0-42a0-b40e-9f9b4516eaf3,8195,est,4.13.1,0,1,560,3,,
b413307f-d5c0-42a0-b40e-9f9b4516eaf3,8196,quam,4.13.1,0,1,560,4,,
b413307f-d5c0-42a0-b40e-9f9b4516eaf3,8197,recte,4.13.1,0,1,560,5,,
b413307f-d5c0-42a0-b40e-9f9b4516eaf3,8198,loqui,4.13.1,0,1,560,6,,
b413307f-d5c0-42a0-b40e-9f9b4516eaf3,8199,:,4.13.1,,4,560,,,
b413307f-d5c0-42a0-b40e-9f9b4516eaf3,8200,Probanda,4.13.2,0,1,560,7,,
b413307f-d5c0-42a0-b40e-9f9b4516eaf3,8201,cunctis,4.13.2,0,1,560,8,,
b413307f-d5c0-42a0-b40e-9f9b4516eaf3,8202,est,4.13.2,0,1,560,9,,
b413307f-d5c0-42a0-b40e-9f9b4516eaf3,8203,quidem,4.13.2,0,1,560,10,,
b413307f-d5c0-42a0-b40e-9f9b4516eaf3,8204,sententia,4.13.2,0,1,560,11,,
b413307f-d5c0-42a0-b40e-9f9b4516eaf3,8205,",",4.13.2,,4,560,,,
b413307f-d5c0-42a0-b40e-9f9b4516eaf3,8206,Sed,4.13.3,0,1,560,12,,
b413307f-d5c0-42a0-b40e-9f9b4516eaf3,8207,ad,4.13.3,0,1,560,13,,
b413307f-d5c0-42a0-b40e-9f9b4516eaf3,8208,perniciem,4.13.3,0,1,560,14,,
b413307f-d5c0-42a0-b40e-9f9b4516eaf3,8209,solet,4.13.3,0,1,560,15,,
b413307f-d5c0-42a0-b40e-9f9b4516eaf3,8210,agi,4.13.3,0,1,560,16,,
b413307f-d5c0-42a0-b40e-9f9b4516eaf3,8211,sinceritas,4.13.3,0,1,560,17,,
b413307f-d5c0-42a0-b40e-9f9b4516eaf3,8212,.,4.13.3,,4,560,,,
b413307f-d5c0-42a0-b40e-9f9b4516eaf3,8213,Cum,4.13.4,2,1,561,0,,
b413307f-d5c0-42a0-b40e-9f9b4516eaf3,8214,se,4.13.4,0,1,561,1,,
b413307f-d5c0-42a0-b40e-9f9b4516eaf3,8215,ferarum,4.13.4,0,1,561,2,,
b413307f-d5c0-42a0-b40e-9f9b4516eaf3,8216,regem,4.13.4,0,1,561,3,,
b413307f-d5c0-42a0-b40e-9f9b4516eaf3,8217,fecissit,4.13.4,,1,561,4,,
b413307f-d5c0-42a0-b40e-9f9b4516eaf3,8218,leo,4.13.4,0,1,561,5,,
b413307f-d5c0-42a0-b40e-9f9b4516eaf3,8219,Et,4.13.5,0,1,561,6,,
b413307f-d5c0-42a0-b40e-9f9b4516eaf3,8220,aequitatis,4.13.5,0,1,561,7,,
b413307f-d5c0-42a0-b40e-9f9b4516eaf3,8221,vellet,4.13.5,0,1,561,8,,
b413307f-d5c0-42a0-b40e-9f9b4516eaf3,8222,famam,4.13.5,0,1,561,9,,
b413307f-d5c0-42a0-b40e-9f9b4516eaf3,8223,consequi,4.13.5,0,1,561,10,,
b413307f-d5c0-42a0-b40e-9f9b4516eaf3,8224,",",4.13.5,,4,561,,,
b413307f-d5c0-42a0-b40e-9f9b4516eaf3,8225,A,4.13.6,0,1,561,11,,
b413307f-d5c0-42a0-b40e-9f9b4516eaf3,8226,pristina,4.13.6,0,1,561,12,,
b413307f-d5c0-42a0-b40e-9f9b4516eaf3,8227,deflexit,4.13.6,0,1,561,13,,
b413307f-d5c0-42a0-b40e-9f9b4516eaf3,8228,consuetudine,4.13.6,0,1,561,14,,
b413307f-d5c0-42a0-b40e-9f9b4516eaf3,8229,Atque,4.13.7,0,1,561,15,,
b413307f-d5c0-42a0-b40e-9f9b4516eaf3,8230,inter,4.13.7,0,1,561,16,,
b413307f-d5c0-42a0-b40e-9f9b4516eaf3,8231,illas,4.13.7,0,1,561,17,,
b413307f-d5c0-42a0-b40e-9f9b4516eaf3,8232,tenui,4.13.7,0,1,561,18,,
b413307f-d5c0-42a0-b40e-9f9b4516eaf3,8233,contentus,4.13.7,0,1,561,19,,
b413307f-d5c0-42a0-b40e-9f9b4516eaf3,8234,cibo,4.13.7,0,1,561,20,,
b413307f-d5c0-42a0-b40e-9f9b4516eaf3,8235,Sancta,4.13.8,0,1,561,21,,
b413307f-d5c0-42a0-b40e-9f9b4516eaf3,8236,incorrupta,4.13.8,0,1,561,22,,
b413307f-d5c0-42a0-b40e-9f9b4516eaf3,8237,iura,4.13.8,0,1,561,23,,
b413307f-d5c0-42a0-b40e-9f9b4516eaf3,8238,reddebat,4.13.8,0,1,561,24,,
b413307f-d5c0-42a0-b40e-9f9b4516eaf3,8239,fide,4.13.8,0,1,561,25,,
b413307f-d5c0-42a0-b40e-9f9b4516eaf3,8240,.,4.13.8,,4,561,,,
b413307f-d5c0-42a0-b40e-9f9b4516eaf3,8241,Postquam,4.13.9,0,1,562,0,,
b413307f-d5c0-42a0-b40e-9f9b4516eaf3,8242,labare,4.13.9,0,1,562,1,,
b413307f-d5c0-42a0-b40e-9f9b4516eaf3,8243,coepit,4.13.9,0,1,562,2,,
b413307f-d5c0-42a0-b40e-9f9b4516eaf3,8244,paenitentia,4.13.9,0,1,562,3,,
b413307f-d5c0-42a0-b40e-9f9b4516eaf3,8245,",",4.13.9,,4,562,,,
b413307f-d5c0-42a0-b40e-9f9b4516eaf3,8246,,4.13.10,,6,562,,,
b413307f-d5c0-42a0-b40e-9f9b4516eaf3,8247,Prometheus,4.14,1,1,563,0,,
b413307f-d5c0-42a0-b40e-9f9b4516eaf3,8248,.,4.14,,4,563,,,
b413307f-d5c0-42a0-b40e-9f9b4516eaf3,8249,,4.14.1,,6,564,,,
b413307f-d5c0-42a0-b40e-9f9b4516eaf3,8250,A,4.14.2,0,1,564,0,,
b413307f-d5c0-42a0-b40e-9f9b4516eaf3,8251,fictione,4.14.2,0,1,564,1,,
b413307f-d5c0-42a0-b40e-9f9b4516eaf3,8252,veretri,4.14.2,0,1,564,2,,
b413307f-d5c0-42a0-b40e-9f9b4516eaf3,8253,linguam,4.14.2,0,1,564,3,,
b413307f-d5c0-42a0-b40e-9f9b4516eaf3,8254,mulieris,4.14.2,0,1,564,4,,
b413307f-d5c0-42a0-b40e-9f9b4516eaf3,8255,.,4.14.2,,4,564,,,
b413307f-d5c0-42a0-b40e-9f9b4516eaf3,8256,Affinitatem,4.14.3,0,1,565,0,,
b413307f-d5c0-42a0-b40e-9f9b4516eaf3,8257,traxit,4.14.3,0,1,565,1,,
b413307f-d5c0-42a0-b40e-9f9b4516eaf3,8258,inde,4.14.3,0,1,565,2,,
b413307f-d5c0-42a0-b40e-9f9b4516eaf3,8259,obscenitas,4.14.3,0,1,565,3,,
b413307f-d5c0-42a0-b40e-9f9b4516eaf3,8260,.,4.14.3,,4,565,,,
b413307f-d5c0-42a0-b40e-9f9b4516eaf3,8261,Idem,4.15,2,1,566,0,,
b413307f-d5c0-42a0-b40e-9f9b4516eaf3,8262,.,4.15,,4,566,,,
b413307f-d5c0-42a0-b40e-9f9b4516eaf3,8263,Rogavit,4.15.1,0,1,567,0,,
b413307f-d5c0-42a0-b40e-9f9b4516eaf3,8264,alter,4.15.1,0,1,567,1,,
b413307f-d5c0-42a0-b40e-9f9b4516eaf3,8265,",",4.15.1,,4,567,,,
b413307f-d5c0-42a0-b40e-9f9b4516eaf3,8266,tribadas,4.15.1,0,1,567,2,,
b413307f-d5c0-42a0-b40e-9f9b4516eaf3,8267,et,4.15.1,0,1,567,3,,
b413307f-d5c0-42a0-b40e-9f9b4516eaf3,8268,molles,4.15.1,0,1,567,4,,
b413307f-d5c0-42a0-b40e-9f9b4516eaf3,8269,mares,4.15.1,0,1,567,5,,
b413307f-d5c0-42a0-b40e-9f9b4516eaf3,8270,Quae,4.15.2,0,1,567,6,,
b413307f-d5c0-42a0-b40e-9f9b4516eaf3,8271,ratio,4.15.2,0,1,567,7,,
b413307f-d5c0-42a0-b40e-9f9b4516eaf3,8272,procreasset,4.15.2,0,1,567,8,,
b413307f-d5c0-42a0-b40e-9f9b4516eaf3,8273,.,4.15.2,,4,567,,,
b413307f-d5c0-42a0-b40e-9f9b4516eaf3,8274,Exposuit,4.15.2,0,1,568,0,,
b413307f-d5c0-42a0-b40e-9f9b4516eaf3,8275,senex,4.15.2,0,1,568,1,,
b413307f-d5c0-42a0-b40e-9f9b4516eaf3,8276,:,4.15.2,,4,568,,,
b413307f-d5c0-42a0-b40e-9f9b4516eaf3,8277,Idem,4.15.3,2,1,568,2,,
b413307f-d5c0-42a0-b40e-9f9b4516eaf3,8278,Prometheus,4.15.3,1,1,568,3,,
b413307f-d5c0-42a0-b40e-9f9b4516eaf3,8279,",",4.15.3,,4,568,,,
b413307f-d5c0-42a0-b40e-9f9b4516eaf3,8280,auctor,4.15.3,0,1,568,4,,
b413307f-d5c0-42a0-b40e-9f9b4516eaf3,8281,vulgi,4.15.3,0,1,568,5,,
b413307f-d5c0-42a0-b40e-9f9b4516eaf3,8282,fictilis,4.15.3,0,1,568,6,,
b413307f-d5c0-42a0-b40e-9f9b4516eaf3,8283,Qui,4.15.4,0,1,568,7,,
b413307f-d5c0-42a0-b40e-9f9b4516eaf3,8284,simul,4.15.4,0,1,568,8,,
b413307f-d5c0-42a0-b40e-9f9b4516eaf3,8285,offendit,4.15.4,0,1,568,9,,
b413307f-d5c0-42a0-b40e-9f9b4516eaf3,8286,ad,4.15.4,0,1,568,10,,
b413307f-d5c0-42a0-b40e-9f9b4516eaf3,8287,fortunam,4.15.4,0,1,568,11,,
b413307f-d5c0-42a0-b40e-9f9b4516eaf3,8288,frangitur,4.15.4,0,1,568,12,,
b413307f-d5c0-42a0-b40e-9f9b4516eaf3,8289,",",4.15.4,,4,568,,,
b413307f-d5c0-42a0-b40e-9f9b4516eaf3,8290,Naturae,4.15.5,0,1,568,13,,
b413307f-d5c0-42a0-b40e-9f9b4516eaf3,8291,partis,4.15.5,0,1,568,14,,
b413307f-d5c0-42a0-b40e-9f9b4516eaf3,8292,veste,4.15.5,0,1,568,15,,
b413307f-d5c0-42a0-b40e-9f9b4516eaf3,8293,quas,4.15.5,0,1,568,16,,
b413307f-d5c0-42a0-b40e-9f9b4516eaf3,8294,celat,4.15.5,0,1,568,17,,
b413307f-d5c0-42a0-b40e-9f9b4516eaf3,8295,pudor,4.15.5,0,1,568,18,,
b413307f-d5c0-42a0-b40e-9f9b4516eaf3,8296,",",4.15.5,,4,568,,,
b413307f-d5c0-42a0-b40e-9f9b4516eaf3,8297,Cum,4.15.6,2,1,568,19,,
b413307f-d5c0-42a0-b40e-9f9b4516eaf3,8298,separatim,4.15.6,0,1,568,20,,
b413307f-d5c0-42a0-b40e-9f9b4516eaf3,8299,toto,4.15.6,0,1,568,21,,
b413307f-d5c0-42a0-b40e-9f9b4516eaf3,8300,finxisset,4.15.6,0,1,568,22,,
b413307f-d5c0-42a0-b40e-9f9b4516eaf3,8301,die,4.15.6,0,1,568,23,,
b413307f-d5c0-42a0-b40e-9f9b4516eaf3,8302,",",4.15.6,,4,568,,,
b413307f-d5c0-42a0-b40e-9f9b4516eaf3,8303,Aptare,4.15.7,0,1,568,24,,
b413307f-d5c0-42a0-b40e-9f9b4516eaf3,8304,mox,4.15.7,0,1,568,25,,
b413307f-d5c0-42a0-b40e-9f9b4516eaf3,8305,ut,4.15.7,0,1,568,26,,
b413307f-d5c0-42a0-b40e-9f9b4516eaf3,8306,posset,4.15.7,0,1,568,27,,
b413307f-d5c0-42a0-b40e-9f9b4516eaf3,8307,corporibus,4.15.7,0,1,568,28,,
b413307f-d5c0-42a0-b40e-9f9b4516eaf3,8308,suis,4.15.7,0,1,568,29,,
b413307f-d5c0-42a0-b40e-9f9b4516eaf3,8309,",",4.15.7,,4,568,,,
b413307f-d5c0-42a0-b40e-9f9b4516eaf3,8310,Ad,4.15.8,0,1,568,30,,
b413307f-d5c0-42a0-b40e-9f9b4516eaf3,8311,cenam,4.15.8,0,1,568,31,,
b413307f-d5c0-42a0-b40e-9f9b4516eaf3,8312,est,4.15.8,0,1,568,32,,
b413307f-d5c0-42a0-b40e-9f9b4516eaf3,8313,invitatus,4.15.8,0,1,568,33,,
b413307f-d5c0-42a0-b40e-9f9b4516eaf3,8314,subito,4.15.8,0,1,568,34,,
b413307f-d5c0-42a0-b40e-9f9b4516eaf3,8315,a,4.15.8,0,1,568,35,,
b413307f-d5c0-42a0-b40e-9f9b4516eaf3,8316,Libero,4.15.8,1,1,568,36,,
b413307f-d5c0-42a0-b40e-9f9b4516eaf3,8317,.,4.15.8,,4,568,,,
b413307f-d5c0-42a0-b40e-9f9b4516eaf3,8318,Ubi,4.15.9,2,1,569,0,,
b413307f-d5c0-42a0-b40e-9f9b4516eaf3,8319,irrigatus,4.15.9,0,1,569,1,,
b413307f-d5c0-42a0-b40e-9f9b4516eaf3,8320,multo,4.15.9,0,1,569,2,,
b413307f-d5c0-42a0-b40e-9f9b4516eaf3,8321,venas,4.15.9,0,1,569,3,,
b413307f-d5c0-42a0-b40e-9f9b4516eaf3,8322,nectare,4.15.9,0,1,569,4,,
b413307f-d5c0-42a0-b40e-9f9b4516eaf3,8323,",",4.15.9,,4,569,,,
b413307f-d5c0-42a0-b40e-9f9b4516eaf3,8324,Sero,4.15.10,0,1,569,5,,
b413307f-d5c0-42a0-b40e-9f9b4516eaf3,8325,domum,4.15.10,0,1,569,6,,
b413307f-d5c0-42a0-b40e-9f9b4516eaf3,8326,est,4.15.10,0,1,569,7,,
b413307f-d5c0-42a0-b40e-9f9b4516eaf3,8327,reversus,4.15.10,0,1,569,8,,
b413307f-d5c0-42a0-b40e-9f9b4516eaf3,8328,titubanti,4.15.10,0,1,569,9,,
b413307f-d5c0-42a0-b40e-9f9b4516eaf3,8329,pede,4.15.10,0,1,569,10,,
b413307f-d5c0-42a0-b40e-9f9b4516eaf3,8330,.,4.15.10,,4,569,,,
b413307f-d5c0-42a0-b40e-9f9b4516eaf3,8331,Tum,4.15.11,0,1,570,0,,
b413307f-d5c0-42a0-b40e-9f9b4516eaf3,8332,semisomno,4.15.11,0,1,570,1,,
b413307f-d5c0-42a0-b40e-9f9b4516eaf3,8333,corde,4.15.11,0,1,570,2,,
b413307f-d5c0-42a0-b40e-9f9b4516eaf3,8334,et,4.15.11,0,1,570,3,,
b413307f-d5c0-42a0-b40e-9f9b4516eaf3,8335,errore,4.15.11,0,1,570,4,,
b413307f-d5c0-42a0-b40e-9f9b4516eaf3,8336,ebrio,4.15.11,0,1,570,5,,
b413307f-d5c0-42a0-b40e-9f9b4516eaf3,8337,Applicuit,4.15.12,0,1,570,6,,
b413307f-d5c0-42a0-b40e-9f9b4516eaf3,8338,virginale,4.15.12,0,1,570,7,,
b413307f-d5c0-42a0-b40e-9f9b4516eaf3,8339,generi,4.15.12,0,1,570,8,,
b413307f-d5c0-42a0-b40e-9f9b4516eaf3,8340,masculo,4.15.12,0,1,570,9,,
b413307f-d5c0-42a0-b40e-9f9b4516eaf3,8341,Et,4.15.13,0,1,570,10,,
b413307f-d5c0-42a0-b40e-9f9b4516eaf3,8342,masculina,4.15.13,0,1,570,11,,
b413307f-d5c0-42a0-b40e-9f9b4516eaf3,8343,membra,4.15.13,0,1,570,12,,
b413307f-d5c0-42a0-b40e-9f9b4516eaf3,8344,applicuit,4.15.13,0,1,570,13,,
b413307f-d5c0-42a0-b40e-9f9b4516eaf3,8345,feminis,4.15.13,0,1,570,14,,
b413307f-d5c0-42a0-b40e-9f9b4516eaf3,8346,.,4.15.13,,4,570,,,
b413307f-d5c0-42a0-b40e-9f9b4516eaf3,8347,Ita,4.15.14,0,1,571,0,,
b413307f-d5c0-42a0-b40e-9f9b4516eaf3,8348,nunc,4.15.14,0,1,571,1,,
b413307f-d5c0-42a0-b40e-9f9b4516eaf3,8349,libido,4.15.14,0,1,571,2,,
b413307f-d5c0-42a0-b40e-9f9b4516eaf3,8350,pravo,4.15.14,0,1,571,3,,
b413307f-d5c0-42a0-b40e-9f9b4516eaf3,8351,fruitur,4.15.14,0,1,571,4,,
b413307f-d5c0-42a0-b40e-9f9b4516eaf3,8352,gaudio,4.15.14,0,1,571,5,,
b413307f-d5c0-42a0-b40e-9f9b4516eaf3,8353,.,4.15.14,,4,571,,,
b413307f-d5c0-42a0-b40e-9f9b4516eaf3,8354,De,4.16,0,1,572,0,,
b413307f-d5c0-42a0-b40e-9f9b4516eaf3,8355,capris,4.16,0,1,572,1,,
b413307f-d5c0-42a0-b40e-9f9b4516eaf3,8356,barbatis,4.16,0,1,572,2,,
b413307f-d5c0-42a0-b40e-9f9b4516eaf3,8357,.,4.16,,4,572,,,
b413307f-d5c0-42a0-b40e-9f9b4516eaf3,8358,Barbam,4.16.1,2,1,573,0,,
b413307f-d5c0-42a0-b40e-9f9b4516eaf3,8359,capellae,4.16.1,0,1,573,1,,
b413307f-d5c0-42a0-b40e-9f9b4516eaf3,8360,cum,4.16.1,0,1,573,2,,
b413307f-d5c0-42a0-b40e-9f9b4516eaf3,8361,impetrassent,4.16.1,0,1,573,3,,
b413307f-d5c0-42a0-b40e-9f9b4516eaf3,8362,ab,4.16.1,0,1,573,4,,
b413307f-d5c0-42a0-b40e-9f9b4516eaf3,8363,Iove,4.16.1,1,1,573,5,,
b413307f-d5c0-42a0-b40e-9f9b4516eaf3,8364,",",4.16.1,,4,573,,,
b413307f-d5c0-42a0-b40e-9f9b4516eaf3,8365,Hirci,4.16.2,0,1,573,6,,
b413307f-d5c0-42a0-b40e-9f9b4516eaf3,8366,maerentes,4.16.2,0,1,573,7,,
b413307f-d5c0-42a0-b40e-9f9b4516eaf3,8367,indignari,4.16.2,0,1,573,8,,
b413307f-d5c0-42a0-b40e-9f9b4516eaf3,8368,coeperunt,4.16.2,0,1,573,9,,
b413307f-d5c0-42a0-b40e-9f9b4516eaf3,8369,Quod,4.16.3,0,1,573,10,,
b413307f-d5c0-42a0-b40e-9f9b4516eaf3,8370,dignitatem,4.16.3,0,1,573,11,,
b413307f-d5c0-42a0-b40e-9f9b4516eaf3,8371,feminae,4.16.3,0,1,573,12,,
b413307f-d5c0-42a0-b40e-9f9b4516eaf3,8372,aequassent,4.16.3,0,1,573,13,,
b413307f-d5c0-42a0-b40e-9f9b4516eaf3,8373,suam,4.16.3,0,1,573,14,,
b413307f-d5c0-42a0-b40e-9f9b4516eaf3,8374,.,4.16.3,,4,573,,,
b413307f-d5c0-42a0-b40e-9f9b4516eaf3,8375,Sinite,4.16.4,0,1,574,0,,
b413307f-d5c0-42a0-b40e-9f9b4516eaf3,8376,inquit,4.16.4,0,1,574,1,,
b413307f-d5c0-42a0-b40e-9f9b4516eaf3,8377,illas,4.16.4,0,1,574,2,,
b413307f-d5c0-42a0-b40e-9f9b4516eaf3,8378,gloria,4.16.4,0,1,574,3,,
b413307f-d5c0-42a0-b40e-9f9b4516eaf3,8379,vana,4.16.4,0,1,574,4,,
b413307f-d5c0-42a0-b40e-9f9b4516eaf3,8380,frui,4.16.4,0,1,574,5,,
b413307f-d5c0-42a0-b40e-9f9b4516eaf3,8381,Et,4.16.5,0,1,574,6,,
b413307f-d5c0-42a0-b40e-9f9b4516eaf3,8382,usurpare,4.16.5,0,1,574,7,,
b413307f-d5c0-42a0-b40e-9f9b4516eaf3,8383,vestri,4.16.5,0,1,574,8,,
b413307f-d5c0-42a0-b40e-9f9b4516eaf3,8384,ornatum,4.16.5,0,1,574,9,,
b413307f-d5c0-42a0-b40e-9f9b4516eaf3,8385,muneris,4.16.5,0,1,574,10,,
b413307f-d5c0-42a0-b40e-9f9b4516eaf3,8386,",",4.16.5,,4,574,,,
b413307f-d5c0-42a0-b40e-9f9b4516eaf3,8387,Pares,4.16.6,0,1,574,11,,
b413307f-d5c0-42a0-b40e-9f9b4516eaf3,8388,dum,4.16.6,0,1,574,12,,
b413307f-d5c0-42a0-b40e-9f9b4516eaf3,8389,non,4.16.6,0,1,574,13,,
b413307f-d5c0-42a0-b40e-9f9b4516eaf3,8390,sint,4.16.6,0,1,574,14,,
b413307f-d5c0-42a0-b40e-9f9b4516eaf3,8391,vestrae,4.16.6,0,1,574,15,,
b413307f-d5c0-42a0-b40e-9f9b4516eaf3,8392,fortitudinis,4.16.6,0,1,574,16,,
b413307f-d5c0-42a0-b40e-9f9b4516eaf3,8393,.,4.16.6,,4,574,,,
b413307f-d5c0-42a0-b40e-9f9b4516eaf3,8394,Hoc,4.16.7,0,1,575,0,,
b413307f-d5c0-42a0-b40e-9f9b4516eaf3,8395,argumentum,4.16.7,0,1,575,1,,
b413307f-d5c0-42a0-b40e-9f9b4516eaf3,8396,monet,4.16.7,0,1,575,2,,
b413307f-d5c0-42a0-b40e-9f9b4516eaf3,8397,ut,4.16.7,0,1,575,3,,
b413307f-d5c0-42a0-b40e-9f9b4516eaf3,8398,sustineas,4.16.7,0,1,575,4,,
b413307f-d5c0-42a0-b40e-9f9b4516eaf3,8399,tibi,4.16.7,0,1,575,5,,
b413307f-d5c0-42a0-b40e-9f9b4516eaf3,8400,Habitu,4.16.8,0,1,575,6,,
b413307f-d5c0-42a0-b40e-9f9b4516eaf3,8401,esse,4.16.8,0,1,575,7,,
b413307f-d5c0-42a0-b40e-9f9b4516eaf3,8402,similes,4.16.8,0,1,575,8,,
b413307f-d5c0-42a0-b40e-9f9b4516eaf3,8403,qui,4.16.8,0,1,575,9,,
b413307f-d5c0-42a0-b40e-9f9b4516eaf3,8404,sint,4.16.8,0,1,575,10,,
b413307f-d5c0-42a0-b40e-9f9b4516eaf3,8405,virtute,4.16.8,0,1,575,11,,
b413307f-d5c0-42a0-b40e-9f9b4516eaf3,8406,impares,4.16.8,0,1,575,12,,
b413307f-d5c0-42a0-b40e-9f9b4516eaf3,8407,.,4.16.8,,4,575,,,
b413307f-d5c0-42a0-b40e-9f9b4516eaf3,8408,De,4.17,0,1,576,0,,
b413307f-d5c0-42a0-b40e-9f9b4516eaf3,8409,fortunis,4.17,0,1,576,1,,
b413307f-d5c0-42a0-b40e-9f9b4516eaf3,8410,hominum,4.17,0,1,576,2,,
b413307f-d5c0-42a0-b40e-9f9b4516eaf3,8411,.,4.17,,4,576,,,
b413307f-d5c0-42a0-b40e-9f9b4516eaf3,8412,Cum,4.17.1,2,1,577,0,,
b413307f-d5c0-42a0-b40e-9f9b4516eaf3,8413,de,4.17.1,0,1,577,1,,
b413307f-d5c0-42a0-b40e-9f9b4516eaf3,8414,fortunis,4.17.1,0,1,577,2,,
b413307f-d5c0-42a0-b40e-9f9b4516eaf3,8415,quidam,4.17.1,0,1,577,3,,
b413307f-d5c0-42a0-b40e-9f9b4516eaf3,8416,quereretur,4.17.1,0,1,577,4,,
b413307f-d5c0-42a0-b40e-9f9b4516eaf3,8417,suis,4.17.1,0,1,577,5,,
b413307f-d5c0-42a0-b40e-9f9b4516eaf3,8418,",",4.17.1,,4,577,,,
b413307f-d5c0-42a0-b40e-9f9b4516eaf3,8419,Aesopus,4.17.2,1,1,577,6,,
b413307f-d5c0-42a0-b40e-9f9b4516eaf3,8420,finxit,4.17.2,0,1,577,7,,
b413307f-d5c0-42a0-b40e-9f9b4516eaf3,8421,consolandi,4.17.2,0,1,577,8,,
b413307f-d5c0-42a0-b40e-9f9b4516eaf3,8422,gratia,4.17.2,0,1,577,9,,
b413307f-d5c0-42a0-b40e-9f9b4516eaf3,8423,:,4.17.2,,4,577,,,
b413307f-d5c0-42a0-b40e-9f9b4516eaf3,8424,Vexata,4.17.3,0,1,577,10,,
b413307f-d5c0-42a0-b40e-9f9b4516eaf3,8425,saevis,4.17.3,0,1,577,11,,
b413307f-d5c0-42a0-b40e-9f9b4516eaf3,8426,navis,4.17.3,0,1,577,12,,
b413307f-d5c0-42a0-b40e-9f9b4516eaf3,8427,tempestatibus,4.17.3,0,1,577,13,,
b413307f-d5c0-42a0-b40e-9f9b4516eaf3,8428,",",4.17.3,,4,577,,,
b413307f-d5c0-42a0-b40e-9f9b4516eaf3,8429,Inter,4.17.4,0,1,577,14,,
b413307f-d5c0-42a0-b40e-9f9b4516eaf3,8430,vectorum,4.17.4,0,1,577,15,,
b413307f-d5c0-42a0-b40e-9f9b4516eaf3,8431,lacrimas,4.17.4,0,1,577,16,,
b413307f-d5c0-42a0-b40e-9f9b4516eaf3,8432,et,4.17.4,0,1,577,17,,
b413307f-d5c0-42a0-b40e-9f9b4516eaf3,8433,mortis,4.17.4,0,1,577,18,,
b413307f-d5c0-42a0-b40e-9f9b4516eaf3,8434,metum,4.17.4,0,1,577,19,,
b413307f-d5c0-42a0-b40e-9f9b4516eaf3,8435,Faciem,4.17.5,0,1,577,20,,
b413307f-d5c0-42a0-b40e-9f9b4516eaf3,8436,ad,4.17.5,0,1,577,21,,
b413307f-d5c0-42a0-b40e-9f9b4516eaf3,8437,serenam,4.17.5,0,1,577,22,,
b413307f-d5c0-42a0-b40e-9f9b4516eaf3,8438,subito,4.17.5,0,1,577,23,,
b413307f-d5c0-42a0-b40e-9f9b4516eaf3,8439,ut,4.17.5,0,1,577,24,,
b413307f-d5c0-42a0-b40e-9f9b4516eaf3,8440,mutatur,4.17.5,0,1,577,25,,
b413307f-d5c0-42a0-b40e-9f9b4516eaf3,8441,dies,4.17.5,0,1,577,26,,
b413307f-d5c0-42a0-b40e-9f9b4516eaf3,8442,",",4.17.5,,4,577,,,
b413307f-d5c0-42a0-b40e-9f9b4516eaf3,8443,Ferri,4.17.6,0,1,577,27,,
b413307f-d5c0-42a0-b40e-9f9b4516eaf3,8444,secundis,4.17.6,0,1,577,28,,
b413307f-d5c0-42a0-b40e-9f9b4516eaf3,8445,tuta,4.17.6,0,1,577,29,,
b413307f-d5c0-42a0-b40e-9f9b4516eaf3,8446,coepit,4.17.6,0,1,577,30,,
b413307f-d5c0-42a0-b40e-9f9b4516eaf3,8447,flatibus,4.17.6,0,1,577,31,,
b413307f-d5c0-42a0-b40e-9f9b4516eaf3,8448,Nimiaque,4.17.7,0,1,577,32,,
b413307f-d5c0-42a0-b40e-9f9b4516eaf3,8449,nautas,4.17.7,0,1,577,33,,
b413307f-d5c0-42a0-b40e-9f9b4516eaf3,8450,hilaritate,4.17.7,0,1,577,34,,
b413307f-d5c0-42a0-b40e-9f9b4516eaf3,8451,extollere,4.17.7,0,1,577,35,,
b413307f-d5c0-42a0-b40e-9f9b4516eaf3,8452,.,4.17.7,,4,577,,,
b413307f-d5c0-42a0-b40e-9f9b4516eaf3,8453,Factus,4.17.8,0,1,578,0,,
b413307f-d5c0-42a0-b40e-9f9b4516eaf3,8454,periclis,4.17.8,0,1,578,1,,
b413307f-d5c0-42a0-b40e-9f9b4516eaf3,8455,tum,4.17.8,0,1,578,2,,
b413307f-d5c0-42a0-b40e-9f9b4516eaf3,8456,gubernator,4.17.8,0,1,578,3,,
b413307f-d5c0-42a0-b40e-9f9b4516eaf3,8457,sophus,4.17.8,0,1,578,4,,
b413307f-d5c0-42a0-b40e-9f9b4516eaf3,8458,:,4.17.8,,4,578,,,
b413307f-d5c0-42a0-b40e-9f9b4516eaf3,8459,Parce,4.17.9,0,1,578,5,,
b413307f-d5c0-42a0-b40e-9f9b4516eaf3,8460,gaudere,4.17.9,0,1,578,6,,
b413307f-d5c0-42a0-b40e-9f9b4516eaf3,8461,oportet,4.17.9,0,1,578,7,,
b413307f-d5c0-42a0-b40e-9f9b4516eaf3,8462,et,4.17.9,0,1,578,8,,
b413307f-d5c0-42a0-b40e-9f9b4516eaf3,8463,sensim,4.17.9,0,1,578,9,,
b413307f-d5c0-42a0-b40e-9f9b4516eaf3,8464,queri,4.17.9,0,1,578,10,,
b413307f-d5c0-42a0-b40e-9f9b4516eaf3,8465,",",4.17.9,,4,578,,,
b413307f-d5c0-42a0-b40e-9f9b4516eaf3,8466,Totam,4.17.10,0,1,578,11,,
b413307f-d5c0-42a0-b40e-9f9b4516eaf3,8467,aeque,4.17.10,0,1,578,12,,
b413307f-d5c0-42a0-b40e-9f9b4516eaf3,8468,vitam,4.17.10,0,1,578,13,,
b413307f-d5c0-42a0-b40e-9f9b4516eaf3,8469,miscet,4.17.10,0,1,578,14,,
b413307f-d5c0-42a0-b40e-9f9b4516eaf3,8470,dolor,4.17.10,0,1,578,15,,
b413307f-d5c0-42a0-b40e-9f9b4516eaf3,8471,et,4.17.10,0,1,578,16,,
b413307f-d5c0-42a0-b40e-9f9b4516eaf3,8472,gaudium,4.17.10,0,1,578,17,,
b413307f-d5c0-42a0-b40e-9f9b4516eaf3,8473,.,4.17.10,,4,578,,,
b413307f-d5c0-42a0-b40e-9f9b4516eaf3,8474,Canum,4.18,0,1,579,0,,
b413307f-d5c0-42a0-b40e-9f9b4516eaf3,8475,legati,4.18,0,1,579,1,,
b413307f-d5c0-42a0-b40e-9f9b4516eaf3,8476,ad,4.18,0,1,579,2,,
b413307f-d5c0-42a0-b40e-9f9b4516eaf3,8477,Iovem,4.18,1,1,579,3,,
b413307f-d5c0-42a0-b40e-9f9b4516eaf3,8478,.,4.18,,4,579,,,
b413307f-d5c0-42a0-b40e-9f9b4516eaf3,8479,Canes,4.18.1,2,1,580,0,,
b413307f-d5c0-42a0-b40e-9f9b4516eaf3,8480,legatos,4.18.1,0,1,580,1,,
b413307f-d5c0-42a0-b40e-9f9b4516eaf3,8481,olim,4.18.1,0,1,580,2,,
b413307f-d5c0-42a0-b40e-9f9b4516eaf3,8482,misere,4.18.1,0,1,580,3,,
b413307f-d5c0-42a0-b40e-9f9b4516eaf3,8483,ad,4.18.1,0,1,580,4,,
b413307f-d5c0-42a0-b40e-9f9b4516eaf3,8484,Iovem,4.18.1,1,1,580,5,,
b413307f-d5c0-42a0-b40e-9f9b4516eaf3,8485,Melioris,4.18.2,0,1,580,6,,
b413307f-d5c0-42a0-b40e-9f9b4516eaf3,8486,vitae,4.18.2,0,1,580,7,,
b413307f-d5c0-42a0-b40e-9f9b4516eaf3,8487,tempus,4.18.2,0,1,580,8,,
b413307f-d5c0-42a0-b40e-9f9b4516eaf3,8488,oratum,4.18.2,0,1,580,9,,
b413307f-d5c0-42a0-b40e-9f9b4516eaf3,8489,suae,4.18.2,0,1,580,10,,
b413307f-d5c0-42a0-b40e-9f9b4516eaf3,8490,",",4.18.2,,4,580,,,
b413307f-d5c0-42a0-b40e-9f9b4516eaf3,8491,Ut,4.18.3,0,1,580,11,,
b413307f-d5c0-42a0-b40e-9f9b4516eaf3,8492,sese,4.18.3,0,1,580,12,,
b413307f-d5c0-42a0-b40e-9f9b4516eaf3,8493,eriperet,4.18.3,0,1,580,13,,
b413307f-d5c0-42a0-b40e-9f9b4516eaf3,8494,hominum,4.18.3,0,1,580,14,,
b413307f-d5c0-42a0-b40e-9f9b4516eaf3,8495,contumeliis,4.18.3,0,1,580,15,,
b413307f-d5c0-42a0-b40e-9f9b4516eaf3,8496,",",4.18.3,,4,580,,,
b413307f-d5c0-42a0-b40e-9f9b4516eaf3,8497,Furfuribus,4.18.4,0,1,580,16,,
b413307f-d5c0-42a0-b40e-9f9b4516eaf3,8498,sibi,4.18.4,0,1,580,17,,
b413307f-d5c0-42a0-b40e-9f9b4516eaf3,8499,consparsum,4.18.4,0,1,580,18,,
b413307f-d5c0-42a0-b40e-9f9b4516eaf3,8500,quod,4.18.4,0,1,580,19,,
b413307f-d5c0-42a0-b40e-9f9b4516eaf3,8501,panem,4.18.4,0,1,580,20,,
b413307f-d5c0-42a0-b40e-9f9b4516eaf3,8502,darent,4.18.4,0,1,580,21,,
b413307f-d5c0-42a0-b40e-9f9b4516eaf3,8503,Fimoque,4.18.5,0,1,580,22,,
b413307f-d5c0-42a0-b40e-9f9b4516eaf3,8504,turpi,4.18.5,0,1,580,23,,
b413307f-d5c0-42a0-b40e-9f9b4516eaf3,8505,maximam,4.18.5,0,1,580,24,,
b413307f-d5c0-42a0-b40e-9f9b4516eaf3,8506,explerent,4.18.5,0,1,580,25,,
b413307f-d5c0-42a0-b40e-9f9b4516eaf3,8507,famem,4.18.5,0,1,580,26,,
b413307f-d5c0-42a0-b40e-9f9b4516eaf3,8508,.,4.18.5,,4,580,,,
b413307f-d5c0-42a0-b40e-9f9b4516eaf3,8509,Profecti,4.18.6,0,1,581,0,,
b413307f-d5c0-42a0-b40e-9f9b4516eaf3,8510,sunt,4.18.6,0,1,581,1,,
b413307f-d5c0-42a0-b40e-9f9b4516eaf3,8511,legati,4.18.6,0,1,581,2,,
b413307f-d5c0-42a0-b40e-9f9b4516eaf3,8512,non,4.18.6,0,1,581,3,,
b413307f-d5c0-42a0-b40e-9f9b4516eaf3,8513,celeri,4.18.6,0,1,581,4,,
b413307f-d5c0-42a0-b40e-9f9b4516eaf3,8514,pede,4.18.6,0,1,581,5,,
b413307f-d5c0-42a0-b40e-9f9b4516eaf3,8515,.,4.18.6,,4,581,,,
b413307f-d5c0-42a0-b40e-9f9b4516eaf3,8516,Dum,4.18.7,0,1,582,0,,
b413307f-d5c0-42a0-b40e-9f9b4516eaf3,8517,naribus,4.18.7,0,1,582,1,,
b413307f-d5c0-42a0-b40e-9f9b4516eaf3,8518,scrutantur,4.18.7,0,1,582,2,,
b413307f-d5c0-42a0-b40e-9f9b4516eaf3,8519,escam,4.18.7,0,1,582,3,,
b413307f-d5c0-42a0-b40e-9f9b4516eaf3,8520,in,4.18.7,0,1,582,4,,
b413307f-d5c0-42a0-b40e-9f9b4516eaf3,8521,stercore,4.18.7,0,1,582,5,,
b413307f-d5c0-42a0-b40e-9f9b4516eaf3,8522,",",4.18.7,,4,582,,,
b413307f-d5c0-42a0-b40e-9f9b4516eaf3,8523,Citati,4.18.8,0,1,582,6,,
b413307f-d5c0-42a0-b40e-9f9b4516eaf3,8524,non,4.18.8,0,1,582,7,,
b413307f-d5c0-42a0-b40e-9f9b4516eaf3,8525,respondent,4.18.8,0,1,582,8,,
b413307f-d5c0-42a0-b40e-9f9b4516eaf3,8526,.,4.18.8,,4,582,,,
b413307f-d5c0-42a0-b40e-9f9b4516eaf3,8527,Vix,4.18.8,0,1,583,0,,
b413307f-d5c0-42a0-b40e-9f9b4516eaf3,8528,tandem,4.18.8,0,1,583,1,,
b413307f-d5c0-42a0-b40e-9f9b4516eaf3,8529,invenit,4.18.8,0,1,583,2,,
b413307f-d5c0-42a0-b40e-9f9b4516eaf3,8530,Eos,4.18.9,2,1,583,3,,
b413307f-d5c0-42a0-b40e-9f9b4516eaf3,8531,Mercurius,4.18.9,1,1,583,4,,
b413307f-d5c0-42a0-b40e-9f9b4516eaf3,8532,et,4.18.9,0,1,583,5,,
b413307f-d5c0-42a0-b40e-9f9b4516eaf3,8533,turbatos,4.18.9,0,1,583,6,,
b413307f-d5c0-42a0-b40e-9f9b4516eaf3,8534,attrahit,4.18.9,0,1,583,7,,
b413307f-d5c0-42a0-b40e-9f9b4516eaf3,8535,.,4.18.9,,4,583,,,
b413307f-d5c0-42a0-b40e-9f9b4516eaf3,8536,Tum,4.18.10,0,1,584,0,,
b413307f-d5c0-42a0-b40e-9f9b4516eaf3,8537,vero,4.18.10,0,1,584,1,,
b413307f-d5c0-42a0-b40e-9f9b4516eaf3,8538,vultum,4.18.10,0,1,584,2,,
b413307f-d5c0-42a0-b40e-9f9b4516eaf3,8539,magni,4.18.10,0,1,584,3,,
b413307f-d5c0-42a0-b40e-9f9b4516eaf3,8540,ut,4.18.10,0,1,584,4,,
b413307f-d5c0-42a0-b40e-9f9b4516eaf3,8541,viderunt,4.18.10,0,1,584,5,,
b413307f-d5c0-42a0-b40e-9f9b4516eaf3,8542,Iovis,4.18.10,1,1,584,6,,
b413307f-d5c0-42a0-b40e-9f9b4516eaf3,8543,",",4.18.10,,4,584,,,
b413307f-d5c0-42a0-b40e-9f9b4516eaf3,8544,Totam,4.18.11,0,1,584,7,,
b413307f-d5c0-42a0-b40e-9f9b4516eaf3,8545,timentes,4.18.11,0,1,584,8,,
b413307f-d5c0-42a0-b40e-9f9b4516eaf3,8546,concacarunt,4.18.11,0,1,584,9,,
b413307f-d5c0-42a0-b40e-9f9b4516eaf3,8547,regiam,4.18.11,0,1,584,10,,
b413307f-d5c0-42a0-b40e-9f9b4516eaf3,8548,;,4.18.11,,4,584,,,
b413307f-d5c0-42a0-b40e-9f9b4516eaf3,8549,Propulsi,4.18.12,0,1,584,11,,
b413307f-d5c0-42a0-b40e-9f9b4516eaf3,8550,vero,4.18.12,0,1,584,12,,
b413307f-d5c0-42a0-b40e-9f9b4516eaf3,8551,fustibus,4.18.12,0,1,584,13,,
b413307f-d5c0-42a0-b40e-9f9b4516eaf3,8552,vadunt,4.18.12,0,1,584,14,,
b413307f-d5c0-42a0-b40e-9f9b4516eaf3,8553,foras,4.18.12,0,1,584,15,,
b413307f-d5c0-42a0-b40e-9f9b4516eaf3,8554,.,4.18.12,,4,584,,,
b413307f-d5c0-42a0-b40e-9f9b4516eaf3,8555,Vetat,4.18.13,0,1,585,0,,
b413307f-d5c0-42a0-b40e-9f9b4516eaf3,8556,dimitti,4.18.13,0,1,585,1,,
b413307f-d5c0-42a0-b40e-9f9b4516eaf3,8557,magnus,4.18.13,0,1,585,2,,
b413307f-d5c0-42a0-b40e-9f9b4516eaf3,8558,illos,4.18.13,0,1,585,3,,
b413307f-d5c0-42a0-b40e-9f9b4516eaf3,8559,Iuppiter,4.18.13,1,1,585,4,,
b413307f-d5c0-42a0-b40e-9f9b4516eaf3,8560,.,4.18.13,,4,585,,,
b413307f-d5c0-42a0-b40e-9f9b4516eaf3,8561,Mirati,4.18.14,0,1,586,0,,
b413307f-d5c0-42a0-b40e-9f9b4516eaf3,8562,sibi,4.18.14,0,1,586,1,,
b413307f-d5c0-42a0-b40e-9f9b4516eaf3,8563,legatos,4.18.14,0,1,586,2,,
b413307f-d5c0-42a0-b40e-9f9b4516eaf3,8564,non,4.18.14,0,1,586,3,,
b413307f-d5c0-42a0-b40e-9f9b4516eaf3,8565,revertier,4.18.14,0,1,586,4,,
b413307f-d5c0-42a0-b40e-9f9b4516eaf3,8566,",",4.18.14,,4,586,,,
b413307f-d5c0-42a0-b40e-9f9b4516eaf3,8567,Turpe,4.18.15,0,1,586,5,,
b413307f-d5c0-42a0-b40e-9f9b4516eaf3,8568,aestimantes,4.18.15,0,1,586,6,,
b413307f-d5c0-42a0-b40e-9f9b4516eaf3,8569,aliquid,4.18.15,0,1,586,7,,
b413307f-d5c0-42a0-b40e-9f9b4516eaf3,8570,commissum,4.18.15,0,1,586,8,,
b413307f-d5c0-42a0-b40e-9f9b4516eaf3,8571,a,4.18.15,0,1,586,9,,
b413307f-d5c0-42a0-b40e-9f9b4516eaf3,8572,suis,4.18.15,0,1,586,10,,
b413307f-d5c0-42a0-b40e-9f9b4516eaf3,8573,",",4.18.15,,4,586,,,
b413307f-d5c0-42a0-b40e-9f9b4516eaf3,8574,Post,4.18.16,0,1,586,11,,
b413307f-d5c0-42a0-b40e-9f9b4516eaf3,8575,aliquod,4.18.16,0,1,586,12,,
b413307f-d5c0-42a0-b40e-9f9b4516eaf3,8576,tempus,4.18.16,0,1,586,13,,
b413307f-d5c0-42a0-b40e-9f9b4516eaf3,8577,alios,4.18.16,0,1,586,14,,
b413307f-d5c0-42a0-b40e-9f9b4516eaf3,8578,ascribi,4.18.16,0,1,586,15,,
b413307f-d5c0-42a0-b40e-9f9b4516eaf3,8579,iubent,4.18.16,0,1,586,16,,
b413307f-d5c0-42a0-b40e-9f9b4516eaf3,8580,.,4.18.16,,4,586,,,
b413307f-d5c0-42a0-b40e-9f9b4516eaf3,8581,Rumor,4.18.17,0,1,587,0,,
b413307f-d5c0-42a0-b40e-9f9b4516eaf3,8582,legatos,4.18.17,0,1,587,1,,
b413307f-d5c0-42a0-b40e-9f9b4516eaf3,8583,superiores,4.18.17,0,1,587,2,,
b413307f-d5c0-42a0-b40e-9f9b4516eaf3,8584,prodidit,4.18.17,0,1,587,3,,
b413307f-d5c0-42a0-b40e-9f9b4516eaf3,8585,.,4.18.17,,4,587,,,
b413307f-d5c0-42a0-b40e-9f9b4516eaf3,8586,Timentes,4.18.18,0,1,588,0,,
b413307f-d5c0-42a0-b40e-9f9b4516eaf3,8587,rursus,4.18.18,0,1,588,1,,
b413307f-d5c0-42a0-b40e-9f9b4516eaf3,8588,aliquid,4.18.18,0,1,588,2,,
b413307f-d5c0-42a0-b40e-9f9b4516eaf3,8589,ne,4.18.18,0,1,588,3,,
b413307f-d5c0-42a0-b40e-9f9b4516eaf3,8590,simile,4.18.18,0,1,588,4,,
b413307f-d5c0-42a0-b40e-9f9b4516eaf3,8591,accidat,4.18.18,0,1,588,5,,
b413307f-d5c0-42a0-b40e-9f9b4516eaf3,8592,",",4.18.18,,4,588,,,
b413307f-d5c0-42a0-b40e-9f9b4516eaf3,8593,Odore,4.18.19,0,1,588,6,,
b413307f-d5c0-42a0-b40e-9f9b4516eaf3,8594,canibus,4.18.19,0,1,588,7,,
b413307f-d5c0-42a0-b40e-9f9b4516eaf3,8595,anum,4.18.19,0,1,588,8,,
b413307f-d5c0-42a0-b40e-9f9b4516eaf3,8596,",",4.18.19,,4,588,,,
b413307f-d5c0-42a0-b40e-9f9b4516eaf3,8597,sed,4.18.19,0,1,588,9,,
b413307f-d5c0-42a0-b40e-9f9b4516eaf3,8598,multo,4.18.19,0,1,588,10,,
b413307f-d5c0-42a0-b40e-9f9b4516eaf3,8599,",",4.18.19,,4,588,,,
b413307f-d5c0-42a0-b40e-9f9b4516eaf3,8600,replent,4.18.19,0,1,588,11,,
b413307f-d5c0-42a0-b40e-9f9b4516eaf3,8601,.,4.18.19,,4,588,,,
b413307f-d5c0-42a0-b40e-9f9b4516eaf3,8602,Mandata,4.18.20,0,1,589,0,,
b413307f-d5c0-42a0-b40e-9f9b4516eaf3,8603,dantur,4.18.20,0,1,589,1,,
b413307f-d5c0-42a0-b40e-9f9b4516eaf3,8604,et,4.18.20,0,1,589,2,,
b413307f-d5c0-42a0-b40e-9f9b4516eaf3,8605,dimittuntur,4.18.20,0,1,589,3,,
b413307f-d5c0-42a0-b40e-9f9b4516eaf3,8606,statim,4.18.20,0,1,589,4,,
b413307f-d5c0-42a0-b40e-9f9b4516eaf3,8607,.,4.18.20,,4,589,,,
b413307f-d5c0-42a0-b40e-9f9b4516eaf3,8608,Adeunt,4.18.21,0,1,590,0,,
b413307f-d5c0-42a0-b40e-9f9b4516eaf3,8609,.,4.18.21,,4,590,,,
b413307f-d5c0-42a0-b40e-9f9b4516eaf3,8610,Rogantes,4.18.21,0,1,591,0,,
b413307f-d5c0-42a0-b40e-9f9b4516eaf3,8611,aditum,4.18.21,0,1,591,1,,
b413307f-d5c0-42a0-b40e-9f9b4516eaf3,8612,continuo,4.18.21,0,1,591,2,,
b413307f-d5c0-42a0-b40e-9f9b4516eaf3,8613,impetrant,4.18.21,0,1,591,3,,
b413307f-d5c0-42a0-b40e-9f9b4516eaf3,8614,.,4.18.21,,4,591,,,
b413307f-d5c0-42a0-b40e-9f9b4516eaf3,8615,Consedit,4.18.22,0,1,592,0,,
b413307f-d5c0-42a0-b40e-9f9b4516eaf3,8616,genitor,4.18.22,0,1,592,1,,
b413307f-d5c0-42a0-b40e-9f9b4516eaf3,8617,tum,4.18.22,0,1,592,2,,
b413307f-d5c0-42a0-b40e-9f9b4516eaf3,8618,deorum,4.18.22,0,1,592,3,,
b413307f-d5c0-42a0-b40e-9f9b4516eaf3,8619,maximus,4.18.22,0,1,592,4,,
b413307f-d5c0-42a0-b40e-9f9b4516eaf3,8620,Quassatque,4.18.23,0,1,592,5,,
b413307f-d5c0-42a0-b40e-9f9b4516eaf3,8621,fulmen,4.18.23,0,1,592,6,,
b413307f-d5c0-42a0-b40e-9f9b4516eaf3,8622,:,4.18.23,,4,592,,,
b413307f-d5c0-42a0-b40e-9f9b4516eaf3,8623,tremere,4.18.23,0,1,592,7,,
b413307f-d5c0-42a0-b40e-9f9b4516eaf3,8624,coepere,4.18.23,0,1,592,8,,
b413307f-d5c0-42a0-b40e-9f9b4516eaf3,8625,omnia,4.18.23,0,1,592,9,,
b413307f-d5c0-42a0-b40e-9f9b4516eaf3,8626,.,4.18.23,,4,592,,,
b413307f-d5c0-42a0-b40e-9f9b4516eaf3,8627,Canes,4.18.24,2,1,593,0,,
b413307f-d5c0-42a0-b40e-9f9b4516eaf3,8628,",",4.18.24,,4,593,,,
b413307f-d5c0-42a0-b40e-9f9b4516eaf3,8629,confusus,4.18.24,0,1,593,1,,
b413307f-d5c0-42a0-b40e-9f9b4516eaf3,8630,subito,4.18.24,0,1,593,2,,
b413307f-d5c0-42a0-b40e-9f9b4516eaf3,8631,quod,4.18.24,0,1,593,3,,
b413307f-d5c0-42a0-b40e-9f9b4516eaf3,8632,fuerat,4.18.24,0,1,593,4,,
b413307f-d5c0-42a0-b40e-9f9b4516eaf3,8633,fragor,4.18.24,0,1,593,5,,
b413307f-d5c0-42a0-b40e-9f9b4516eaf3,8634,",",4.18.24,,4,593,,,
b413307f-d5c0-42a0-b40e-9f9b4516eaf3,8635,Repente,4.18.25,0,1,593,6,,
b413307f-d5c0-42a0-b40e-9f9b4516eaf3,8636,odorem,4.18.25,0,1,593,7,,
b413307f-d5c0-42a0-b40e-9f9b4516eaf3,8637,mixtum,4.18.25,0,1,593,8,,
b413307f-d5c0-42a0-b40e-9f9b4516eaf3,8638,cum,4.18.25,0,1,593,9,,
b413307f-d5c0-42a0-b40e-9f9b4516eaf3,8639,merdis,4.18.25,0,1,593,10,,
b413307f-d5c0-42a0-b40e-9f9b4516eaf3,8640,cacant,4.18.25,0,1,593,11,,
b413307f-d5c0-42a0-b40e-9f9b4516eaf3,8641,.,4.18.25,,4,593,,,
b413307f-d5c0-42a0-b40e-9f9b4516eaf3,8642,Reclamant,4.18.26,0,1,594,0,,
b413307f-d5c0-42a0-b40e-9f9b4516eaf3,8643,omnes,4.18.26,0,1,594,1,,
b413307f-d5c0-42a0-b40e-9f9b4516eaf3,8644,vindicandam,4.18.26,0,1,594,2,,
b413307f-d5c0-42a0-b40e-9f9b4516eaf3,8645,iniuriam,4.18.26,0,1,594,3,,
b413307f-d5c0-42a0-b40e-9f9b4516eaf3,8646,.,4.18.26,,4,594,,,
b413307f-d5c0-42a0-b40e-9f9b4516eaf3,8647,Sic,4.18.27,0,1,595,0,,
b413307f-d5c0-42a0-b40e-9f9b4516eaf3,8648,est,4.18.27,0,1,595,1,,
b413307f-d5c0-42a0-b40e-9f9b4516eaf3,8649,locutus,4.18.27,0,1,595,2,,
b413307f-d5c0-42a0-b40e-9f9b4516eaf3,8650,ante,4.18.27,0,1,595,3,,
b413307f-d5c0-42a0-b40e-9f9b4516eaf3,8651,poenam,4.18.27,0,1,595,4,,
b413307f-d5c0-42a0-b40e-9f9b4516eaf3,8652,Iuppiter,4.18.27,1,1,595,5,,
b413307f-d5c0-42a0-b40e-9f9b4516eaf3,8653,:,4.18.27,,4,595,,,
b413307f-d5c0-42a0-b40e-9f9b4516eaf3,8654,Legatos,4.18.28,0,1,595,6,,
b413307f-d5c0-42a0-b40e-9f9b4516eaf3,8655,non,4.18.28,0,1,595,7,,
b413307f-d5c0-42a0-b40e-9f9b4516eaf3,8656,est,4.18.28,0,1,595,8,,
b413307f-d5c0-42a0-b40e-9f9b4516eaf3,8657,regis,4.18.28,0,1,595,9,,
b413307f-d5c0-42a0-b40e-9f9b4516eaf3,8658,non,4.18.28,0,1,595,10,,
b413307f-d5c0-42a0-b40e-9f9b4516eaf3,8659,dimittere,4.18.28,0,1,595,11,,
b413307f-d5c0-42a0-b40e-9f9b4516eaf3,8660,",",4.18.28,,4,595,,,
b413307f-d5c0-42a0-b40e-9f9b4516eaf3,8661,Nec,4.18.29,0,1,595,12,,
b413307f-d5c0-42a0-b40e-9f9b4516eaf3,8662,est,4.18.29,0,1,595,13,,
b413307f-d5c0-42a0-b40e-9f9b4516eaf3,8663,difficile,4.18.29,0,1,595,14,,
b413307f-d5c0-42a0-b40e-9f9b4516eaf3,8664,poenas,4.18.29,0,1,595,15,,
b413307f-d5c0-42a0-b40e-9f9b4516eaf3,8665,culpae,4.18.29,0,1,595,16,,
b413307f-d5c0-42a0-b40e-9f9b4516eaf3,8666,imponere,4.18.29,0,1,595,17,,
b413307f-d5c0-42a0-b40e-9f9b4516eaf3,8667,;,4.18.29,,4,595,,,
b413307f-d5c0-42a0-b40e-9f9b4516eaf3,8668,Sed,4.18.30,0,1,595,18,,
b413307f-d5c0-42a0-b40e-9f9b4516eaf3,8669,hoc,4.18.30,0,1,595,19,,
b413307f-d5c0-42a0-b40e-9f9b4516eaf3,8670,feretis,4.18.30,0,1,595,20,,
b413307f-d5c0-42a0-b40e-9f9b4516eaf3,8671,pro,4.18.30,0,1,595,21,,
b413307f-d5c0-42a0-b40e-9f9b4516eaf3,8672,iudicio,4.18.30,0,1,595,22,,
b413307f-d5c0-42a0-b40e-9f9b4516eaf3,8673,praemium,4.18.30,0,1,595,23,,
b413307f-d5c0-42a0-b40e-9f9b4516eaf3,8674,:,4.18.30,,4,595,,,
b413307f-d5c0-42a0-b40e-9f9b4516eaf3,8675,Non,4.18.31,0,1,595,24,,
b413307f-d5c0-42a0-b40e-9f9b4516eaf3,8676,veto,4.18.31,0,1,595,25,,
b413307f-d5c0-42a0-b40e-9f9b4516eaf3,8677,dimitti,4.18.31,0,1,595,26,,
b413307f-d5c0-42a0-b40e-9f9b4516eaf3,8678,",",4.18.31,,4,595,,,
b413307f-d5c0-42a0-b40e-9f9b4516eaf3,8679,verum,4.18.31,0,1,595,27,,
b413307f-d5c0-42a0-b40e-9f9b4516eaf3,8680,cruciari,4.18.31,0,1,595,28,,
b413307f-d5c0-42a0-b40e-9f9b4516eaf3,8681,fame,4.18.31,0,1,595,29,,
b413307f-d5c0-42a0-b40e-9f9b4516eaf3,8682,",",4.18.31,,4,595,,,
b413307f-d5c0-42a0-b40e-9f9b4516eaf3,8683,Ne,4.18.32,0,1,595,30,,
b413307f-d5c0-42a0-b40e-9f9b4516eaf3,8684,ventrem,4.18.32,0,1,595,31,,
b413307f-d5c0-42a0-b40e-9f9b4516eaf3,8685,continere,4.18.32,0,1,595,32,,
b413307f-d5c0-42a0-b40e-9f9b4516eaf3,8686,non,4.18.32,0,1,595,33,,
b413307f-d5c0-42a0-b40e-9f9b4516eaf3,8687,possint,4.18.32,0,1,595,34,,
b413307f-d5c0-42a0-b40e-9f9b4516eaf3,8688,suum,4.18.32,0,1,595,35,,
b413307f-d5c0-42a0-b40e-9f9b4516eaf3,8689,.,4.18.32,,4,595,,,
b413307f-d5c0-42a0-b40e-9f9b4516eaf3,8690,Illi,4.18.33,0,1,596,0,,
b413307f-d5c0-42a0-b40e-9f9b4516eaf3,8691,autem,4.18.33,0,1,596,1,,
b413307f-d5c0-42a0-b40e-9f9b4516eaf3,8692,qui,4.18.33,0,1,596,2,,
b413307f-d5c0-42a0-b40e-9f9b4516eaf3,8693,miserunt,4.18.33,0,1,596,3,,
b413307f-d5c0-42a0-b40e-9f9b4516eaf3,8694,vos,4.18.33,0,1,596,4,,
b413307f-d5c0-42a0-b40e-9f9b4516eaf3,8695,tam,4.18.33,0,1,596,5,,
b413307f-d5c0-42a0-b40e-9f9b4516eaf3,8696,futtiles,4.18.33,0,1,596,6,,
b413307f-d5c0-42a0-b40e-9f9b4516eaf3,8697,Numquam,4.18.34,0,1,596,7,,
b413307f-d5c0-42a0-b40e-9f9b4516eaf3,8698,carebunt,4.18.34,0,1,596,8,,
b413307f-d5c0-42a0-b40e-9f9b4516eaf3,8699,hominis,4.18.34,0,1,596,9,,
b413307f-d5c0-42a0-b40e-9f9b4516eaf3,8700,contumelia,4.18.34,0,1,596,10,,
b413307f-d5c0-42a0-b40e-9f9b4516eaf3,8701,.,4.18.34,,4,596,,,
b413307f-d5c0-42a0-b40e-9f9b4516eaf3,8702,Ita,4.18.35,0,1,597,0,,
b413307f-d5c0-42a0-b40e-9f9b4516eaf3,8703,nunc,4.18.35,0,1,597,1,,
b413307f-d5c0-42a0-b40e-9f9b4516eaf3,8704,legatos,4.18.35,0,1,597,2,,
b413307f-d5c0-42a0-b40e-9f9b4516eaf3,8705,exspectant,4.18.35,0,1,597,3,,
b413307f-d5c0-42a0-b40e-9f9b4516eaf3,8706,et,4.18.35,0,1,597,4,,
b413307f-d5c0-42a0-b40e-9f9b4516eaf3,8707,posteri,4.18.35,0,1,597,5,,
b413307f-d5c0-42a0-b40e-9f9b4516eaf3,8708,Novum,4.18.36,0,1,597,6,,
b413307f-d5c0-42a0-b40e-9f9b4516eaf3,8709,et,4.18.36,0,1,597,7,,
b413307f-d5c0-42a0-b40e-9f9b4516eaf3,8710,venire,4.18.36,0,1,597,8,,
b413307f-d5c0-42a0-b40e-9f9b4516eaf3,8711,qui,4.18.36,0,1,597,9,,
b413307f-d5c0-42a0-b40e-9f9b4516eaf3,8712,videt,4.18.36,0,1,597,10,,
b413307f-d5c0-42a0-b40e-9f9b4516eaf3,8713,culum,4.18.36,0,1,597,11,,
b413307f-d5c0-42a0-b40e-9f9b4516eaf3,8714,olfacit,4.18.36,0,1,597,12,,
b413307f-d5c0-42a0-b40e-9f9b4516eaf3,8715,.,4.18.36,,4,597,,,
b413307f-d5c0-42a0-b40e-9f9b4516eaf3,8716,Serpens,4.19,0,1,598,0,,
b413307f-d5c0-42a0-b40e-9f9b4516eaf3,8717,.,4.19,,4,598,,,
b413307f-d5c0-42a0-b40e-9f9b4516eaf3,8718,Misericordia,4.19,0,1,599,0,,
b413307f-d5c0-42a0-b40e-9f9b4516eaf3,8719,nociva,4.19,0,1,599,1,,
b413307f-d5c0-42a0-b40e-9f9b4516eaf3,8720,.,4.19,,4,599,,,
b413307f-d5c0-42a0-b40e-9f9b4516eaf3,8721,Qui,4.19.1,0,1,600,0,,
b413307f-d5c0-42a0-b40e-9f9b4516eaf3,8722,fert,4.19.1,0,1,600,1,,
b413307f-d5c0-42a0-b40e-9f9b4516eaf3,8723,malis,4.19.1,0,1,600,2,,
b413307f-d5c0-42a0-b40e-9f9b4516eaf3,8724,auxilium,4.19.1,0,1,600,3,,
b413307f-d5c0-42a0-b40e-9f9b4516eaf3,8725,post,4.19.1,0,1,600,4,,
b413307f-d5c0-42a0-b40e-9f9b4516eaf3,8726,tempus,4.19.1,0,1,600,5,,
b413307f-d5c0-42a0-b40e-9f9b4516eaf3,8727,dolet,4.19.1,0,1,600,6,,
b413307f-d5c0-42a0-b40e-9f9b4516eaf3,8728,.,4.19.1,,4,600,,,
b413307f-d5c0-42a0-b40e-9f9b4516eaf3,8729,Gelu,4.19.2,0,1,601,0,,
b413307f-d5c0-42a0-b40e-9f9b4516eaf3,8730,rigentem,4.19.2,0,1,601,1,,
b413307f-d5c0-42a0-b40e-9f9b4516eaf3,8731,quidam,4.19.2,0,1,601,2,,
b413307f-d5c0-42a0-b40e-9f9b4516eaf3,8732,colubram,4.19.2,0,1,601,3,,
b413307f-d5c0-42a0-b40e-9f9b4516eaf3,8733,sustulit,4.19.2,0,1,601,4,,
b413307f-d5c0-42a0-b40e-9f9b4516eaf3,8734,Sinuque,4.19.3,0,1,601,5,,
b413307f-d5c0-42a0-b40e-9f9b4516eaf3,8735,fovit,4.19.3,0,1,601,6,,
b413307f-d5c0-42a0-b40e-9f9b4516eaf3,8736,contra,4.19.3,0,1,601,7,,
b413307f-d5c0-42a0-b40e-9f9b4516eaf3,8737,se,4.19.3,0,1,601,8,,
b413307f-d5c0-42a0-b40e-9f9b4516eaf3,8738,ipse,4.19.3,0,1,601,9,,
b413307f-d5c0-42a0-b40e-9f9b4516eaf3,8739,misericors,4.19.3,0,1,601,10,,
b413307f-d5c0-42a0-b40e-9f9b4516eaf3,8740,:,4.19.3,,4,601,,,
b413307f-d5c0-42a0-b40e-9f9b4516eaf3,8741,Namque,4.19.4,0,1,601,11,,
b413307f-d5c0-42a0-b40e-9f9b4516eaf3,8742,ut,4.19.4,0,1,601,12,,
b413307f-d5c0-42a0-b40e-9f9b4516eaf3,8743,refecta,4.19.4,0,1,601,13,,
b413307f-d5c0-42a0-b40e-9f9b4516eaf3,8744,est,4.19.4,0,1,601,14,,
b413307f-d5c0-42a0-b40e-9f9b4516eaf3,8745,necuit,4.19.4,0,1,601,15,,
b413307f-d5c0-42a0-b40e-9f9b4516eaf3,8746,hominem,4.19.4,0,1,601,16,,
b413307f-d5c0-42a0-b40e-9f9b4516eaf3,8747,protinus,4.19.4,0,1,601,17,,
b413307f-d5c0-42a0-b40e-9f9b4516eaf3,8748,.,4.19.4,,4,601,,,
b413307f-d5c0-42a0-b40e-9f9b4516eaf3,8749,Hanc,4.19.5,0,1,602,0,,
b413307f-d5c0-42a0-b40e-9f9b4516eaf3,8750,alia,4.19.5,0,1,602,1,,
b413307f-d5c0-42a0-b40e-9f9b4516eaf3,8751,cum,4.19.5,0,1,602,2,,
b413307f-d5c0-42a0-b40e-9f9b4516eaf3,8752,rogaret,4.19.5,0,1,602,3,,
b413307f-d5c0-42a0-b40e-9f9b4516eaf3,8753,causam,4.19.5,0,1,602,4,,
b413307f-d5c0-42a0-b40e-9f9b4516eaf3,8754,facinoris,4.19.5,0,1,602,5,,
b413307f-d5c0-42a0-b40e-9f9b4516eaf3,8755,",",4.19.5,,4,602,,,
b413307f-d5c0-42a0-b40e-9f9b4516eaf3,8756,Respondit,4.19.6,0,1,602,6,,
b413307f-d5c0-42a0-b40e-9f9b4516eaf3,8757,:,4.19.6,,4,602,,,
b413307f-d5c0-42a0-b40e-9f9b4516eaf3,8758,Ne,4.19.6,0,1,602,7,,
b413307f-d5c0-42a0-b40e-9f9b4516eaf3,8759,quis,4.19.6,0,1,602,8,,
b413307f-d5c0-42a0-b40e-9f9b4516eaf3,8760,discat,4.19.6,0,1,602,9,,
b413307f-d5c0-42a0-b40e-9f9b4516eaf3,8761,prodesse,4.19.6,0,1,602,10,,
b413307f-d5c0-42a0-b40e-9f9b4516eaf3,8762,improbis,4.19.6,0,1,602,11,,
b413307f-d5c0-42a0-b40e-9f9b4516eaf3,8763,.,4.19.6,,4,602,,,
b413307f-d5c0-42a0-b40e-9f9b4516eaf3,8764,Vulpes,4.20,0,1,603,0,,
b413307f-d5c0-42a0-b40e-9f9b4516eaf3,8765,et,4.20,0,1,603,1,,
b413307f-d5c0-42a0-b40e-9f9b4516eaf3,8766,draco,4.20,0,1,603,2,,
b413307f-d5c0-42a0-b40e-9f9b4516eaf3,8767,.,4.20,,4,603,,,
b413307f-d5c0-42a0-b40e-9f9b4516eaf3,8768,Vulpes,4.20.1,0,1,604,0,,
b413307f-d5c0-42a0-b40e-9f9b4516eaf3,8769,",",4.20.1,,4,604,,,
b413307f-d5c0-42a0-b40e-9f9b4516eaf3,8770,cubile,4.20.1,0,1,604,1,,
b413307f-d5c0-42a0-b40e-9f9b4516eaf3,8771,fodiens,4.20.1,0,1,604,2,,
b413307f-d5c0-42a0-b40e-9f9b4516eaf3,8772,",",4.20.1,,4,604,,,
b413307f-d5c0-42a0-b40e-9f9b4516eaf3,8773,dum,4.20.1,0,1,604,3,,
b413307f-d5c0-42a0-b40e-9f9b4516eaf3,8774,terram,4.20.1,0,1,604,4,,
b413307f-d5c0-42a0-b40e-9f9b4516eaf3,8775,eruit,4.20.1,0,1,604,5,,
b413307f-d5c0-42a0-b40e-9f9b4516eaf3,8776,Agitque,4.20.2,0,1,604,6,,
b413307f-d5c0-42a0-b40e-9f9b4516eaf3,8777,pluris,4.20.2,0,1,604,7,,
b413307f-d5c0-42a0-b40e-9f9b4516eaf3,8778,altius,4.20.2,0,1,604,8,,
b413307f-d5c0-42a0-b40e-9f9b4516eaf3,8779,cuniculos,4.20.2,0,1,604,9,,
b413307f-d5c0-42a0-b40e-9f9b4516eaf3,8780,",",4.20.2,,4,604,,,
b413307f-d5c0-42a0-b40e-9f9b4516eaf3,8781,Pervenit,4.20.3,0,1,604,10,,
b413307f-d5c0-42a0-b40e-9f9b4516eaf3,8782,ad,4.20.3,0,1,604,11,,
b413307f-d5c0-42a0-b40e-9f9b4516eaf3,8783,draconis,4.20.3,0,1,604,12,,
b413307f-d5c0-42a0-b40e-9f9b4516eaf3,8784,speluncam,4.20.3,0,1,604,13,,
b413307f-d5c0-42a0-b40e-9f9b4516eaf3,8785,ultimam,4.20.3,0,1,604,14,,
b413307f-d5c0-42a0-b40e-9f9b4516eaf3,8786,",",4.20.3,,4,604,,,
b413307f-d5c0-42a0-b40e-9f9b4516eaf3,8787,Custodiebat,4.20.4,0,1,604,15,,
b413307f-d5c0-42a0-b40e-9f9b4516eaf3,8788,qui,4.20.4,0,1,604,16,,
b413307f-d5c0-42a0-b40e-9f9b4516eaf3,8789,thesauros,4.20.4,0,1,604,17,,
b413307f-d5c0-42a0-b40e-9f9b4516eaf3,8790,abditos,4.20.4,0,1,604,18,,
b413307f-d5c0-42a0-b40e-9f9b4516eaf3,8791,.,4.20.4,,4,604,,,
b413307f-d5c0-42a0-b40e-9f9b4516eaf3,8792,Hunc,4.20.5,0,1,605,0,,
b413307f-d5c0-42a0-b40e-9f9b4516eaf3,8793,simul,4.20.5,0,1,605,1,,
b413307f-d5c0-42a0-b40e-9f9b4516eaf3,8794,aspexit,4.20.5,0,1,605,2,,
b413307f-d5c0-42a0-b40e-9f9b4516eaf3,8795,:,4.20.5,,4,605,,,
b413307f-d5c0-42a0-b40e-9f9b4516eaf3,8796,Oro,4.20.5,0,1,605,3,,
b413307f-d5c0-42a0-b40e-9f9b4516eaf3,8797,ut,4.20.5,0,1,605,4,,
b413307f-d5c0-42a0-b40e-9f9b4516eaf3,8798,imprudentiae,4.20.5,0,1,605,5,,
b413307f-d5c0-42a0-b40e-9f9b4516eaf3,8799,Des,4.20.6,0,1,605,6,,
b413307f-d5c0-42a0-b40e-9f9b4516eaf3,8800,primum,4.20.6,0,1,605,7,,
b413307f-d5c0-42a0-b40e-9f9b4516eaf3,8801,veniam,4.20.6,0,1,605,8,,
b413307f-d5c0-42a0-b40e-9f9b4516eaf3,8802,;,4.20.6,,4,605,,,
b413307f-d5c0-42a0-b40e-9f9b4516eaf3,8803,deinde,4.20.6,0,1,605,9,,
b413307f-d5c0-42a0-b40e-9f9b4516eaf3,8804,si,4.20.6,0,1,605,10,,
b413307f-d5c0-42a0-b40e-9f9b4516eaf3,8805,pulchre,4.20.6,0,1,605,11,,
b413307f-d5c0-42a0-b40e-9f9b4516eaf3,8806,vides,4.20.6,0,1,605,12,,
b413307f-d5c0-42a0-b40e-9f9b4516eaf3,8807,",",4.20.6,,4,605,,,
b413307f-d5c0-42a0-b40e-9f9b4516eaf3,8808,Quam,4.20.7,0,1,605,13,,
b413307f-d5c0-42a0-b40e-9f9b4516eaf3,8809,non,4.20.7,0,1,605,14,,
b413307f-d5c0-42a0-b40e-9f9b4516eaf3,8810,conveniens,4.20.7,0,1,605,15,,
b413307f-d5c0-42a0-b40e-9f9b4516eaf3,8811,aurum,4.20.7,0,1,605,16,,
b413307f-d5c0-42a0-b40e-9f9b4516eaf3,8812,sit,4.20.7,0,1,605,17,,
b413307f-d5c0-42a0-b40e-9f9b4516eaf3,8813,vitae,4.20.7,0,1,605,18,,
b413307f-d5c0-42a0-b40e-9f9b4516eaf3,8814,meae,4.20.7,0,1,605,19,,
b413307f-d5c0-42a0-b40e-9f9b4516eaf3,8815,",",4.20.7,,4,605,,,
b413307f-d5c0-42a0-b40e-9f9b4516eaf3,8816,Respondeas,4.20.8,0,1,605,20,,
b413307f-d5c0-42a0-b40e-9f9b4516eaf3,8817,clementer,4.20.8,0,1,605,21,,
b413307f-d5c0-42a0-b40e-9f9b4516eaf3,8818,.,4.20.8,,4,605,,,
b413307f-d5c0-42a0-b40e-9f9b4516eaf3,8819,Quem,4.20.8,0,1,606,0,,
b413307f-d5c0-42a0-b40e-9f9b4516eaf3,8820,fructum,4.20.8,0,1,606,1,,
b413307f-d5c0-42a0-b40e-9f9b4516eaf3,8821,capis,4.20.8,0,1,606,2,,
b413307f-d5c0-42a0-b40e-9f9b4516eaf3,8822,Hoc,4.20.9,0,1,606,3,,
b413307f-d5c0-42a0-b40e-9f9b4516eaf3,8823,ex,4.20.9,0,1,606,4,,
b413307f-d5c0-42a0-b40e-9f9b4516eaf3,8824,labore,4.20.9,0,1,606,5,,
b413307f-d5c0-42a0-b40e-9f9b4516eaf3,8825,",",4.20.9,,4,606,,,
b413307f-d5c0-42a0-b40e-9f9b4516eaf3,8826,quodve,4.20.9,0,1,606,6,ve,
b413307f-d5c0-42a0-b40e-9f9b4516eaf3,8827,tantum,4.20.9,0,1,606,7,,
b413307f-d5c0-42a0-b40e-9f9b4516eaf3,8828,est,4.20.9,0,1,606,8,,
b413307f-d5c0-42a0-b40e-9f9b4516eaf3,8829,praemium,4.20.9,0,1,606,9,,
b413307f-d5c0-42a0-b40e-9f9b4516eaf3,8830,Ut,4.20.10,0,1,606,10,,
b413307f-d5c0-42a0-b40e-9f9b4516eaf3,8831,careas,4.20.10,0,1,606,11,,
b413307f-d5c0-42a0-b40e-9f9b4516eaf3,8832,somno,4.20.10,0,1,606,12,,
b413307f-d5c0-42a0-b40e-9f9b4516eaf3,8833,et,4.20.10,0,1,606,13,,
b413307f-d5c0-42a0-b40e-9f9b4516eaf3,8834,aevum,4.20.10,0,1,606,14,,
b413307f-d5c0-42a0-b40e-9f9b4516eaf3,8835,in,4.20.10,0,1,606,15,,
b413307f-d5c0-42a0-b40e-9f9b4516eaf3,8836,tenebris,4.20.10,0,1,606,16,,
b413307f-d5c0-42a0-b40e-9f9b4516eaf3,8837,exigas,4.20.10,0,1,606,17,,
b413307f-d5c0-42a0-b40e-9f9b4516eaf3,8838,?,4.20.10,,4,606,,,
b413307f-d5c0-42a0-b40e-9f9b4516eaf3,8839,Nullum,4.20.11,0,1,607,0,,
b413307f-d5c0-42a0-b40e-9f9b4516eaf3,8840,inquit,4.20.11,0,1,607,1,,
b413307f-d5c0-42a0-b40e-9f9b4516eaf3,8841,ille,4.20.11,0,1,607,2,,
b413307f-d5c0-42a0-b40e-9f9b4516eaf3,8842,verum,4.20.11,0,1,607,3,,
b413307f-d5c0-42a0-b40e-9f9b4516eaf3,8843,hoc,4.20.11,0,1,607,4,,
b413307f-d5c0-42a0-b40e-9f9b4516eaf3,8844,ab,4.20.11,0,1,607,5,,
b413307f-d5c0-42a0-b40e-9f9b4516eaf3,8845,summo,4.20.11,0,1,607,6,,
b413307f-d5c0-42a0-b40e-9f9b4516eaf3,8846,mihi,4.20.11,0,1,607,7,,
b413307f-d5c0-42a0-b40e-9f9b4516eaf3,8847,Iove,4.20.12,2,1,607,8,,
b413307f-d5c0-42a0-b40e-9f9b4516eaf3,8848,attributum,4.20.12,0,1,607,9,,
b413307f-d5c0-42a0-b40e-9f9b4516eaf3,8849,est,4.20.12,0,1,607,10,,
b413307f-d5c0-42a0-b40e-9f9b4516eaf3,8850,.,4.20.12,,4,607,,,
b413307f-d5c0-42a0-b40e-9f9b4516eaf3,8851,Ergo,4.20.12,0,1,608,0,,
b413307f-d5c0-42a0-b40e-9f9b4516eaf3,8852,nec,4.20.12,0,1,608,1,,
b413307f-d5c0-42a0-b40e-9f9b4516eaf3,8853,sumis,4.20.12,0,1,608,2,,
b413307f-d5c0-42a0-b40e-9f9b4516eaf3,8854,tibi,4.20.12,0,1,608,3,,
b413307f-d5c0-42a0-b40e-9f9b4516eaf3,8855,Nec,4.20.13,0,1,608,4,,
b413307f-d5c0-42a0-b40e-9f9b4516eaf3,8856,ulli,4.20.13,0,1,608,5,,
b413307f-d5c0-42a0-b40e-9f9b4516eaf3,8857,donas,4.20.13,0,1,608,6,,
b413307f-d5c0-42a0-b40e-9f9b4516eaf3,8858,quicquam,4.20.13,0,1,608,7,,
b413307f-d5c0-42a0-b40e-9f9b4516eaf3,8859,?,4.20.13,,4,608,,,
b413307f-d5c0-42a0-b40e-9f9b4516eaf3,8860,Sic,4.20.13,0,1,609,0,,
b413307f-d5c0-42a0-b40e-9f9b4516eaf3,8861,fatis,4.20.13,0,1,609,1,,
b413307f-d5c0-42a0-b40e-9f9b4516eaf3,8862,placet,4.20.13,0,1,609,2,,
b413307f-d5c0-42a0-b40e-9f9b4516eaf3,8863,.,4.20.13,,4,609,,,
b413307f-d5c0-42a0-b40e-9f9b4516eaf3,8864,Nolo,4.20.14,0,1,610,0,,
b413307f-d5c0-42a0-b40e-9f9b4516eaf3,8865,irascaris,4.20.14,0,1,610,1,,
b413307f-d5c0-42a0-b40e-9f9b4516eaf3,8866,",",4.20.14,,4,610,,,
b413307f-d5c0-42a0-b40e-9f9b4516eaf3,8867,libere,4.20.14,0,1,610,2,,
b413307f-d5c0-42a0-b40e-9f9b4516eaf3,8868,si,4.20.14,0,1,610,3,,
b413307f-d5c0-42a0-b40e-9f9b4516eaf3,8869,dixero,4.20.14,0,1,610,4,,
b413307f-d5c0-42a0-b40e-9f9b4516eaf3,8870,:,4.20.14,,4,610,,,
b413307f-d5c0-42a0-b40e-9f9b4516eaf3,8871,Dis,4.20.15,2,1,610,5,,
b413307f-d5c0-42a0-b40e-9f9b4516eaf3,8872,est,4.20.15,0,1,610,6,,
b413307f-d5c0-42a0-b40e-9f9b4516eaf3,8873,iratis,4.20.15,0,1,610,7,,
b413307f-d5c0-42a0-b40e-9f9b4516eaf3,8874,natus,4.20.15,0,1,610,8,,
b413307f-d5c0-42a0-b40e-9f9b4516eaf3,8875,",",4.20.15,,4,610,,,
b413307f-d5c0-42a0-b40e-9f9b4516eaf3,8876,qui,4.20.15,0,1,610,9,,
b413307f-d5c0-42a0-b40e-9f9b4516eaf3,8877,est,4.20.15,0,1,610,10,,
b413307f-d5c0-42a0-b40e-9f9b4516eaf3,8878,similis,4.20.15,0,1,610,11,,
b413307f-d5c0-42a0-b40e-9f9b4516eaf3,8879,tibi,4.20.15,0,1,610,12,,
b413307f-d5c0-42a0-b40e-9f9b4516eaf3,8880,.,4.20.15,,4,610,,,
b413307f-d5c0-42a0-b40e-9f9b4516eaf3,8881,Abiturus,4.20.16,0,1,611,0,,
b413307f-d5c0-42a0-b40e-9f9b4516eaf3,8882,illuc,4.20.16,0,1,611,1,,
b413307f-d5c0-42a0-b40e-9f9b4516eaf3,8883,",",4.20.16,,4,611,,,
b413307f-d5c0-42a0-b40e-9f9b4516eaf3,8884,quo,4.20.16,0,1,611,2,,
b413307f-d5c0-42a0-b40e-9f9b4516eaf3,8885,priores,4.20.16,0,1,611,3,,
b413307f-d5c0-42a0-b40e-9f9b4516eaf3,8886,abierunt,4.20.16,0,1,611,4,,
b413307f-d5c0-42a0-b40e-9f9b4516eaf3,8887,",",4.20.16,,4,611,,,
b413307f-d5c0-42a0-b40e-9f9b4516eaf3,8888,Quid,4.20.17,0,1,611,5,,
b413307f-d5c0-42a0-b40e-9f9b4516eaf3,8889,mente,4.20.17,0,1,611,6,,
b413307f-d5c0-42a0-b40e-9f9b4516eaf3,8890,caeca,4.20.17,0,1,611,7,,
b413307f-d5c0-42a0-b40e-9f9b4516eaf3,8891,miserum,4.20.17,0,1,611,8,,
b413307f-d5c0-42a0-b40e-9f9b4516eaf3,8892,torques,4.20.17,0,1,611,9,,
b413307f-d5c0-42a0-b40e-9f9b4516eaf3,8893,spiritum,4.20.17,0,1,611,10,,
b413307f-d5c0-42a0-b40e-9f9b4516eaf3,8894,?,4.20.17,,4,611,,,
b413307f-d5c0-42a0-b40e-9f9b4516eaf3,8895,Tibi,4.20.18,0,1,612,0,,
b413307f-d5c0-42a0-b40e-9f9b4516eaf3,8896,dico,4.20.18,0,1,612,1,,
b413307f-d5c0-42a0-b40e-9f9b4516eaf3,8897,",",4.20.18,,4,612,,,
b413307f-d5c0-42a0-b40e-9f9b4516eaf3,8898,avare,4.20.18,0,1,612,2,,
b413307f-d5c0-42a0-b40e-9f9b4516eaf3,8899,",",4.20.18,,4,612,,,
b413307f-d5c0-42a0-b40e-9f9b4516eaf3,8900,gaudium,4.20.18,0,1,612,3,,
b413307f-d5c0-42a0-b40e-9f9b4516eaf3,8901,heredis,4.20.18,0,1,612,4,,
b413307f-d5c0-42a0-b40e-9f9b4516eaf3,8902,tui,4.20.18,0,1,612,5,,
b413307f-d5c0-42a0-b40e-9f9b4516eaf3,8903,",",4.20.18,,4,612,,,
b413307f-d5c0-42a0-b40e-9f9b4516eaf3,8904,Qui,4.20.19,0,1,612,6,,
b413307f-d5c0-42a0-b40e-9f9b4516eaf3,8905,ture,4.20.19,0,1,612,7,,
b413307f-d5c0-42a0-b40e-9f9b4516eaf3,8906,superos,4.20.19,0,1,612,8,,
b413307f-d5c0-42a0-b40e-9f9b4516eaf3,8907,",",4.20.19,,4,612,,,
b413307f-d5c0-42a0-b40e-9f9b4516eaf3,8908,ipsum,4.20.19,0,1,612,9,,
b413307f-d5c0-42a0-b40e-9f9b4516eaf3,8909,te,4.20.19,0,1,612,10,,
b413307f-d5c0-42a0-b40e-9f9b4516eaf3,8910,fraudas,4.20.19,0,1,612,11,,
b413307f-d5c0-42a0-b40e-9f9b4516eaf3,8911,cibo,4.20.19,0,1,612,12,,
b413307f-d5c0-42a0-b40e-9f9b4516eaf3,8912,",",4.20.19,,4,612,,,
b413307f-d5c0-42a0-b40e-9f9b4516eaf3,8913,Qui,4.20.20,0,1,612,13,,
b413307f-d5c0-42a0-b40e-9f9b4516eaf3,8914,tristis,4.20.20,0,1,612,14,,
b413307f-d5c0-42a0-b40e-9f9b4516eaf3,8915,audis,4.20.20,0,1,612,15,,
b413307f-d5c0-42a0-b40e-9f9b4516eaf3,8916,musicum,4.20.20,0,1,612,16,,
b413307f-d5c0-42a0-b40e-9f9b4516eaf3,8917,citharae,4.20.20,0,1,612,17,,
b413307f-d5c0-42a0-b40e-9f9b4516eaf3,8918,sonum,4.20.20,0,1,612,18,,
b413307f-d5c0-42a0-b40e-9f9b4516eaf3,8919,",",4.20.20,,4,612,,,
b413307f-d5c0-42a0-b40e-9f9b4516eaf3,8920,Quem,4.20.21,0,1,612,19,,
b413307f-d5c0-42a0-b40e-9f9b4516eaf3,8921,tibiarum,4.20.21,0,1,612,20,,
b413307f-d5c0-42a0-b40e-9f9b4516eaf3,8922,macerat,4.20.21,0,1,612,21,,
b413307f-d5c0-42a0-b40e-9f9b4516eaf3,8923,iucunditas,4.20.21,0,1,612,22,,
b413307f-d5c0-42a0-b40e-9f9b4516eaf3,8924,",",4.20.21,,4,612,,,
b413307f-d5c0-42a0-b40e-9f9b4516eaf3,8925,Obsoniorum,4.20.22,0,1,612,23,,
b413307f-d5c0-42a0-b40e-9f9b4516eaf3,8926,pretia,4.20.22,0,1,612,24,,
b413307f-d5c0-42a0-b40e-9f9b4516eaf3,8927,cui,4.20.22,0,1,612,25,,
b413307f-d5c0-42a0-b40e-9f9b4516eaf3,8928,gemitum,4.20.22,0,1,612,26,,
b413307f-d5c0-42a0-b40e-9f9b4516eaf3,8929,exprimunt,4.20.22,0,1,612,27,,
b413307f-d5c0-42a0-b40e-9f9b4516eaf3,8930,",",4.20.22,,4,612,,,
b413307f-d5c0-42a0-b40e-9f9b4516eaf3,8931,Qui,4.20.23,0,1,612,28,,
b413307f-d5c0-42a0-b40e-9f9b4516eaf3,8932,dum,4.20.23,0,1,612,29,,
b413307f-d5c0-42a0-b40e-9f9b4516eaf3,8933,quadrantes,4.20.23,0,1,612,30,,
b413307f-d5c0-42a0-b40e-9f9b4516eaf3,8934,aggeras,4.20.23,0,1,612,31,,
b413307f-d5c0-42a0-b40e-9f9b4516eaf3,8935,patrimonio,4.20.23,0,1,612,32,,
b413307f-d5c0-42a0-b40e-9f9b4516eaf3,8936,Caelum,4.20.24,0,1,612,33,,
b413307f-d5c0-42a0-b40e-9f9b4516eaf3,8937,fatigas,4.20.24,0,1,612,34,,
b413307f-d5c0-42a0-b40e-9f9b4516eaf3,8938,sordido,4.20.24,0,1,612,35,,
b413307f-d5c0-42a0-b40e-9f9b4516eaf3,8939,periurio,4.20.24,0,1,612,36,,
b413307f-d5c0-42a0-b40e-9f9b4516eaf3,8940,",",4.20.24,,4,612,,,
b413307f-d5c0-42a0-b40e-9f9b4516eaf3,8941,Qui,4.20.25,0,1,612,37,,
b413307f-d5c0-42a0-b40e-9f9b4516eaf3,8942,circumcidis,4.20.25,0,1,612,38,,
b413307f-d5c0-42a0-b40e-9f9b4516eaf3,8943,omnem,4.20.25,0,1,612,39,,
b413307f-d5c0-42a0-b40e-9f9b4516eaf3,8944,impensam,4.20.25,0,1,612,40,,
b413307f-d5c0-42a0-b40e-9f9b4516eaf3,8945,funeri,4.20.25,0,1,612,41,,
b413307f-d5c0-42a0-b40e-9f9b4516eaf3,8946,Libitina,4.20.26,1,1,612,42,,
b413307f-d5c0-42a0-b40e-9f9b4516eaf3,8947,ne,4.20.26,0,1,612,43,,
b413307f-d5c0-42a0-b40e-9f9b4516eaf3,8948,quid,4.20.26,0,1,612,44,,
b413307f-d5c0-42a0-b40e-9f9b4516eaf3,8949,de,4.20.26,0,1,612,45,,
b413307f-d5c0-42a0-b40e-9f9b4516eaf3,8950,tuo,4.20.26,0,1,612,46,,
b413307f-d5c0-42a0-b40e-9f9b4516eaf3,8951,faciat,4.20.26,0,1,612,47,,
b413307f-d5c0-42a0-b40e-9f9b4516eaf3,8952,lucri,4.20.26,0,1,612,48,,
b413307f-d5c0-42a0-b40e-9f9b4516eaf3,8953,.,4.20.26,,4,612,,,
b413307f-d5c0-42a0-b40e-9f9b4516eaf3,8954,Phaedrus,4.21,1,1,613,0,,
b413307f-d5c0-42a0-b40e-9f9b4516eaf3,8955,.,4.21,,4,613,,,
b413307f-d5c0-42a0-b40e-9f9b4516eaf3,8956,Quid,4.21.1,0,1,614,0,,
b413307f-d5c0-42a0-b40e-9f9b4516eaf3,8957,iudicare,4.21.1,0,1,614,1,,
b413307f-d5c0-42a0-b40e-9f9b4516eaf3,8958,cogitet,4.21.1,0,1,614,2,,
b413307f-d5c0-42a0-b40e-9f9b4516eaf3,8959,livor,4.21.1,0,1,614,3,,
b413307f-d5c0-42a0-b40e-9f9b4516eaf3,8960,modo,4.21.1,0,1,614,4,,
b413307f-d5c0-42a0-b40e-9f9b4516eaf3,8961,",",4.21.1,,4,614,,,
b413307f-d5c0-42a0-b40e-9f9b4516eaf3,8962,Licet,4.21.2,0,1,614,5,,
b413307f-d5c0-42a0-b40e-9f9b4516eaf3,8963,dissimulet,4.21.2,0,1,614,6,,
b413307f-d5c0-42a0-b40e-9f9b4516eaf3,8964,",",4.21.2,,4,614,,,
b413307f-d5c0-42a0-b40e-9f9b4516eaf3,8965,pulchre,4.21.2,0,1,614,7,,
b413307f-d5c0-42a0-b40e-9f9b4516eaf3,8966,tamen,4.21.2,0,1,614,8,,
b413307f-d5c0-42a0-b40e-9f9b4516eaf3,8967,intellego,4.21.2,0,1,614,9,,
b413307f-d5c0-42a0-b40e-9f9b4516eaf3,8968,.,4.21.2,,4,614,,,
b413307f-d5c0-42a0-b40e-9f9b4516eaf3,8969,Quicquid,4.21.3,0,1,615,0,,
b413307f-d5c0-42a0-b40e-9f9b4516eaf3,8970,putabit,4.21.3,0,1,615,1,,
b413307f-d5c0-42a0-b40e-9f9b4516eaf3,8971,esse,4.21.3,0,1,615,2,,
b413307f-d5c0-42a0-b40e-9f9b4516eaf3,8972,dignum,4.21.3,0,1,615,3,,
b413307f-d5c0-42a0-b40e-9f9b4516eaf3,8973,memoria,4.21.3,0,1,615,4,,
b413307f-d5c0-42a0-b40e-9f9b4516eaf3,8974,",",4.21.3,,4,615,,,
b413307f-d5c0-42a0-b40e-9f9b4516eaf3,8975,Aesopi,4.21.4,1,1,615,5,,
b413307f-d5c0-42a0-b40e-9f9b4516eaf3,8976,dicet,4.21.4,0,1,615,6,,
b413307f-d5c0-42a0-b40e-9f9b4516eaf3,8977,;,4.21.4,,4,615,,,
b413307f-d5c0-42a0-b40e-9f9b4516eaf3,8978,si,4.21.4,0,1,615,7,,
b413307f-d5c0-42a0-b40e-9f9b4516eaf3,8979,quid,4.21.4,0,1,615,8,,
b413307f-d5c0-42a0-b40e-9f9b4516eaf3,8980,minus,4.21.4,0,1,615,9,,
b413307f-d5c0-42a0-b40e-9f9b4516eaf3,8981,arriserit,4.21.4,0,1,615,10,,
b413307f-d5c0-42a0-b40e-9f9b4516eaf3,8982,",",4.21.4,,4,615,,,
b413307f-d5c0-42a0-b40e-9f9b4516eaf3,8983,A,4.21.5,0,1,615,11,,
b413307f-d5c0-42a0-b40e-9f9b4516eaf3,8984,me,4.21.5,0,1,615,12,,
b413307f-d5c0-42a0-b40e-9f9b4516eaf3,8985,contendet,4.21.5,0,1,615,13,,
b413307f-d5c0-42a0-b40e-9f9b4516eaf3,8986,fictum,4.21.5,0,1,615,14,,
b413307f-d5c0-42a0-b40e-9f9b4516eaf3,8987,quovis,4.21.5,0,1,615,15,,
b413307f-d5c0-42a0-b40e-9f9b4516eaf3,8988,pignore,4.21.5,0,1,615,16,,
b413307f-d5c0-42a0-b40e-9f9b4516eaf3,8989,.,4.21.5,,4,615,,,
b413307f-d5c0-42a0-b40e-9f9b4516eaf3,8990,Quem,4.21.6,0,1,616,0,,
b413307f-d5c0-42a0-b40e-9f9b4516eaf3,8991,volo,4.21.6,0,1,616,1,,
b413307f-d5c0-42a0-b40e-9f9b4516eaf3,8992,refelli,4.21.6,0,1,616,2,,
b413307f-d5c0-42a0-b40e-9f9b4516eaf3,8993,iam,4.21.6,0,1,616,3,,
b413307f-d5c0-42a0-b40e-9f9b4516eaf3,8994,nunc,4.21.6,0,1,616,4,,
b413307f-d5c0-42a0-b40e-9f9b4516eaf3,8995,responso,4.21.6,0,1,616,5,,
b413307f-d5c0-42a0-b40e-9f9b4516eaf3,8996,meo,4.21.6,0,1,616,6,,
b413307f-d5c0-42a0-b40e-9f9b4516eaf3,8997,:,4.21.6,,4,616,,,
b413307f-d5c0-42a0-b40e-9f9b4516eaf3,8998,Sive,4.21.7,0,1,616,7,,
b413307f-d5c0-42a0-b40e-9f9b4516eaf3,8999,hoc,4.21.7,0,1,616,8,,
b413307f-d5c0-42a0-b40e-9f9b4516eaf3,9000,ineptum,4.21.7,0,1,616,9,,
b413307f-d5c0-42a0-b40e-9f9b4516eaf3,9001,sive,4.21.7,0,1,616,10,,
b413307f-d5c0-42a0-b40e-9f9b4516eaf3,9002,laudandum,4.21.7,0,1,616,11,,
b413307f-d5c0-42a0-b40e-9f9b4516eaf3,9003,est,4.21.7,0,1,616,12,,
b413307f-d5c0-42a0-b40e-9f9b4516eaf3,9004,opus,4.21.7,0,1,616,13,,
b413307f-d5c0-42a0-b40e-9f9b4516eaf3,9005,",",4.21.7,,4,616,,,
b413307f-d5c0-42a0-b40e-9f9b4516eaf3,9006,Invenit,4.21.8,0,1,616,14,,
b413307f-d5c0-42a0-b40e-9f9b4516eaf3,9007,ille,4.21.8,0,1,616,15,,
b413307f-d5c0-42a0-b40e-9f9b4516eaf3,9008,",",4.21.8,,4,616,,,
b413307f-d5c0-42a0-b40e-9f9b4516eaf3,9009,nostra,4.21.8,0,1,616,16,,
b413307f-d5c0-42a0-b40e-9f9b4516eaf3,9010,perfecit,4.21.8,0,1,616,17,,
b413307f-d5c0-42a0-b40e-9f9b4516eaf3,9011,manus,4.21.8,0,1,616,18,,
b413307f-d5c0-42a0-b40e-9f9b4516eaf3,9012,.,4.21.8,,4,616,,,
b413307f-d5c0-42a0-b40e-9f9b4516eaf3,9013,Sed,4.21.9,0,1,617,0,,
b413307f-d5c0-42a0-b40e-9f9b4516eaf3,9014,exsequamur,4.21.9,0,1,617,1,,
b413307f-d5c0-42a0-b40e-9f9b4516eaf3,9015,coepti,4.21.9,0,1,617,2,,
b413307f-d5c0-42a0-b40e-9f9b4516eaf3,9016,propositum,4.21.9,0,1,617,3,,
b413307f-d5c0-42a0-b40e-9f9b4516eaf3,9017,ordinem,4.21.9,0,1,617,4,,
b413307f-d5c0-42a0-b40e-9f9b4516eaf3,9018,.,4.21.9,,4,617,,,
b413307f-d5c0-42a0-b40e-9f9b4516eaf3,9019,De,4.22,0,1,618,0,,
b413307f-d5c0-42a0-b40e-9f9b4516eaf3,9020,Simonide,4.22,1,1,618,1,,
b413307f-d5c0-42a0-b40e-9f9b4516eaf3,9021,.,4.22,,4,618,,,
b413307f-d5c0-42a0-b40e-9f9b4516eaf3,9022,Homo,4.22.1,0,1,619,0,,
b413307f-d5c0-42a0-b40e-9f9b4516eaf3,9023,doctus,4.22.1,0,1,619,1,,
b413307f-d5c0-42a0-b40e-9f9b4516eaf3,9024,in,4.22.1,0,1,619,2,,
b413307f-d5c0-42a0-b40e-9f9b4516eaf3,9025,se,4.22.1,0,1,619,3,,
b413307f-d5c0-42a0-b40e-9f9b4516eaf3,9026,semper,4.22.1,0,1,619,4,,
b413307f-d5c0-42a0-b40e-9f9b4516eaf3,9027,divitias,4.22.1,0,1,619,5,,
b413307f-d5c0-42a0-b40e-9f9b4516eaf3,9028,habet,4.22.1,0,1,619,6,,
b413307f-d5c0-42a0-b40e-9f9b4516eaf3,9029,.,4.22.1,,4,619,,,
b413307f-d5c0-42a0-b40e-9f9b4516eaf3,9030,Simonides,4.22.2,1,1,620,0,,
b413307f-d5c0-42a0-b40e-9f9b4516eaf3,9031,",",4.22.2,,4,620,,,
b413307f-d5c0-42a0-b40e-9f9b4516eaf3,9032,qui,4.22.2,0,1,620,1,,
b413307f-d5c0-42a0-b40e-9f9b4516eaf3,9033,scripsit,4.22.2,0,1,620,2,,
b413307f-d5c0-42a0-b40e-9f9b4516eaf3,9034,egregium,4.22.2,0,1,620,3,,
b413307f-d5c0-42a0-b40e-9f9b4516eaf3,9035,melos,4.22.2,0,1,620,4,,
b413307f-d5c0-42a0-b40e-9f9b4516eaf3,9036,",",4.22.2,,4,620,,,
b413307f-d5c0-42a0-b40e-9f9b4516eaf3,9037,Quo,4.22.3,0,1,620,5,,
b413307f-d5c0-42a0-b40e-9f9b4516eaf3,9038,paupertatem,4.22.3,0,1,620,6,,
b413307f-d5c0-42a0-b40e-9f9b4516eaf3,9039,sustineret,4.22.3,0,1,620,7,,
b413307f-d5c0-42a0-b40e-9f9b4516eaf3,9040,facilius,4.22.3,0,1,620,8,,
b413307f-d5c0-42a0-b40e-9f9b4516eaf3,9041,",",4.22.3,,4,620,,,
b413307f-d5c0-42a0-b40e-9f9b4516eaf3,9042,Circum,4.22.4,0,1,620,9,,
b413307f-d5c0-42a0-b40e-9f9b4516eaf3,9043,ire,4.22.4,0,1,620,10,,
b413307f-d5c0-42a0-b40e-9f9b4516eaf3,9044,coepit,4.22.4,0,1,620,11,,
b413307f-d5c0-42a0-b40e-9f9b4516eaf3,9045,urbes,4.22.4,0,1,620,12,,
b413307f-d5c0-42a0-b40e-9f9b4516eaf3,9046,Asiae,4.22.4,1,1,620,13,,
b413307f-d5c0-42a0-b40e-9f9b4516eaf3,9047,nobiles,4.22.4,0,1,620,14,,
b413307f-d5c0-42a0-b40e-9f9b4516eaf3,9048,",",4.22.4,,4,620,,,
b413307f-d5c0-42a0-b40e-9f9b4516eaf3,9049,Mercede,4.22.5,0,1,620,15,,
b413307f-d5c0-42a0-b40e-9f9b4516eaf3,9050,accepta,4.22.5,0,1,620,16,,
b413307f-d5c0-42a0-b40e-9f9b4516eaf3,9051,laudem,4.22.5,0,1,620,17,,
b413307f-d5c0-42a0-b40e-9f9b4516eaf3,9052,victorum,4.22.5,0,1,620,18,,
b413307f-d5c0-42a0-b40e-9f9b4516eaf3,9053,canens,4.22.5,0,1,620,19,,
b413307f-d5c0-42a0-b40e-9f9b4516eaf3,9054,.,4.22.5,,4,620,,,
b413307f-d5c0-42a0-b40e-9f9b4516eaf3,9055,Hoc,4.22.6,0,1,621,0,,
b413307f-d5c0-42a0-b40e-9f9b4516eaf3,9056,genere,4.22.6,0,1,621,1,,
b413307f-d5c0-42a0-b40e-9f9b4516eaf3,9057,quaestus,4.22.6,0,1,621,2,,
b413307f-d5c0-42a0-b40e-9f9b4516eaf3,9058,postquam,4.22.6,0,1,621,3,,
b413307f-d5c0-42a0-b40e-9f9b4516eaf3,9059,locuples,4.22.6,0,1,621,4,,
b413307f-d5c0-42a0-b40e-9f9b4516eaf3,9060,factus,4.22.6,0,1,621,5,,
b413307f-d5c0-42a0-b40e-9f9b4516eaf3,9061,est,4.22.6,0,1,621,6,,
b413307f-d5c0-42a0-b40e-9f9b4516eaf3,9062,",",4.22.6,,4,621,,,
b413307f-d5c0-42a0-b40e-9f9b4516eaf3,9063,Redire,4.22.7,0,1,621,7,,
b413307f-d5c0-42a0-b40e-9f9b4516eaf3,9064,in,4.22.7,0,1,621,8,,
b413307f-d5c0-42a0-b40e-9f9b4516eaf3,9065,patriam,4.22.7,0,1,621,9,,
b413307f-d5c0-42a0-b40e-9f9b4516eaf3,9066,voluit,4.22.7,0,1,621,10,,
b413307f-d5c0-42a0-b40e-9f9b4516eaf3,9067,cursu,4.22.7,0,1,621,11,,
b413307f-d5c0-42a0-b40e-9f9b4516eaf3,9068,pelagio,4.22.7,0,1,621,12,,
b413307f-d5c0-42a0-b40e-9f9b4516eaf3,9069,;,4.22.7,,4,621,,,
b413307f-d5c0-42a0-b40e-9f9b4516eaf3,9070,Erat,4.22.8,0,1,621,13,,
b413307f-d5c0-42a0-b40e-9f9b4516eaf3,9071,autem,4.22.8,0,1,621,14,,
b413307f-d5c0-42a0-b40e-9f9b4516eaf3,9072,",",4.22.8,,4,621,,,
b413307f-d5c0-42a0-b40e-9f9b4516eaf3,9073,ut,4.22.8,0,1,621,15,,
b413307f-d5c0-42a0-b40e-9f9b4516eaf3,9074,aiunt,4.22.8,0,1,621,16,,
b413307f-d5c0-42a0-b40e-9f9b4516eaf3,9075,",",4.22.8,,4,621,,,
b413307f-d5c0-42a0-b40e-9f9b4516eaf3,9076,natus,4.22.8,0,1,621,17,,
b413307f-d5c0-42a0-b40e-9f9b4516eaf3,9077,in,4.22.8,0,1,621,18,,
b413307f-d5c0-42a0-b40e-9f9b4516eaf3,9078,Cia,4.22.8,1,1,621,19,,
b413307f-d5c0-42a0-b40e-9f9b4516eaf3,9079,insula,4.22.8,0,1,621,20,,
b413307f-d5c0-42a0-b40e-9f9b4516eaf3,9080,:,4.22.8,,4,621,,,
b413307f-d5c0-42a0-b40e-9f9b4516eaf3,9081,Ascendit,4.22.9,0,1,621,21,,
b413307f-d5c0-42a0-b40e-9f9b4516eaf3,9082,navem,4.22.9,0,1,621,22,,
b413307f-d5c0-42a0-b40e-9f9b4516eaf3,9083,",",4.22.9,,4,621,,,
b413307f-d5c0-42a0-b40e-9f9b4516eaf3,9084,quam,4.22.9,0,1,621,23,,
b413307f-d5c0-42a0-b40e-9f9b4516eaf3,9085,tempestas,4.22.9,0,1,621,24,,
b413307f-d5c0-42a0-b40e-9f9b4516eaf3,9086,horrida,4.22.9,0,1,621,25,,
b413307f-d5c0-42a0-b40e-9f9b4516eaf3,9087,Simul,4.22.10,0,1,621,26,,
b413307f-d5c0-42a0-b40e-9f9b4516eaf3,9088,et,4.22.10,0,1,621,27,,
b413307f-d5c0-42a0-b40e-9f9b4516eaf3,9089,vetustas,4.22.10,0,1,621,28,,
b413307f-d5c0-42a0-b40e-9f9b4516eaf3,9090,medio,4.22.10,0,1,621,29,,
b413307f-d5c0-42a0-b40e-9f9b4516eaf3,9091,dissolvit,4.22.10,0,1,621,30,,
b413307f-d5c0-42a0-b40e-9f9b4516eaf3,9092,mari,4.22.10,0,1,621,31,,
b413307f-d5c0-42a0-b40e-9f9b4516eaf3,9093,.,4.22.10,,4,621,,,
b413307f-d5c0-42a0-b40e-9f9b4516eaf3,9094,Hi,4.22.11,0,1,622,0,,
b413307f-d5c0-42a0-b40e-9f9b4516eaf3,9095,zonas,4.22.11,0,1,622,1,,
b413307f-d5c0-42a0-b40e-9f9b4516eaf3,9096,",",4.22.11,,4,622,,,
b413307f-d5c0-42a0-b40e-9f9b4516eaf3,9097,illi,4.22.11,0,1,622,2,,
b413307f-d5c0-42a0-b40e-9f9b4516eaf3,9098,res,4.22.11,0,1,622,3,,
b413307f-d5c0-42a0-b40e-9f9b4516eaf3,9099,pretiosas,4.22.11,0,1,622,4,,
b413307f-d5c0-42a0-b40e-9f9b4516eaf3,9100,colligunt,4.22.11,0,1,622,5,,
b413307f-d5c0-42a0-b40e-9f9b4516eaf3,9101,",",4.22.11,,4,622,,,
b413307f-d5c0-42a0-b40e-9f9b4516eaf3,9102,Subsidium,4.22.12,0,1,622,6,,
b413307f-d5c0-42a0-b40e-9f9b4516eaf3,9103,vitae,4.22.12,0,1,622,7,,
b413307f-d5c0-42a0-b40e-9f9b4516eaf3,9104,.,4.22.12,,4,622,,,
b413307f-d5c0-42a0-b40e-9f9b4516eaf3,9105,Quidam,4.22.12,0,1,623,0,,
b413307f-d5c0-42a0-b40e-9f9b4516eaf3,9106,curiosior,4.22.12,0,1,623,1,,
b413307f-d5c0-42a0-b40e-9f9b4516eaf3,9107,:,4.22.12,,4,623,,,
b413307f-d5c0-42a0-b40e-9f9b4516eaf3,9108,Simonide,4.22.13,1,1,623,2,,
b413307f-d5c0-42a0-b40e-9f9b4516eaf3,9109,",",4.22.13,,4,623,,,
b413307f-d5c0-42a0-b40e-9f9b4516eaf3,9110,tu,4.22.13,0,1,623,3,,
b413307f-d5c0-42a0-b40e-9f9b4516eaf3,9111,ex,4.22.13,0,1,623,4,,
b413307f-d5c0-42a0-b40e-9f9b4516eaf3,9112,opibus,4.22.13,0,1,623,5,,
b413307f-d5c0-42a0-b40e-9f9b4516eaf3,9113,nil,4.22.13,0,1,623,6,,
b413307f-d5c0-42a0-b40e-9f9b4516eaf3,9114,sumis,4.22.13,0,1,623,7,,
b413307f-d5c0-42a0-b40e-9f9b4516eaf3,9115,tuis,4.22.13,0,1,623,8,,
b413307f-d5c0-42a0-b40e-9f9b4516eaf3,9116,?,4.22.13,,4,623,,,
b413307f-d5c0-42a0-b40e-9f9b4516eaf3,9117,Mecum,4.22.14,0,1,624,0,,
b413307f-d5c0-42a0-b40e-9f9b4516eaf3,9118,inquit,4.22.14,0,1,624,1,,
b413307f-d5c0-42a0-b40e-9f9b4516eaf3,9119,mea,4.22.14,0,1,624,2,,
b413307f-d5c0-42a0-b40e-9f9b4516eaf3,9120,sunt,4.22.14,0,1,624,3,,
b413307f-d5c0-42a0-b40e-9f9b4516eaf3,9121,cuncta,4.22.14,0,1,624,4,,
b413307f-d5c0-42a0-b40e-9f9b4516eaf3,9122,.,4.22.14,,4,624,,,
b413307f-d5c0-42a0-b40e-9f9b4516eaf3,9123,Tunc,4.22.14,0,1,625,0,,
b413307f-d5c0-42a0-b40e-9f9b4516eaf3,9124,pauci,4.22.14,0,1,625,1,,
b413307f-d5c0-42a0-b40e-9f9b4516eaf3,9125,enatant,4.22.14,0,1,625,2,,
b413307f-d5c0-42a0-b40e-9f9b4516eaf3,9126,",",4.22.14,,4,625,,,
b413307f-d5c0-42a0-b40e-9f9b4516eaf3,9127,Quia,4.22.15,0,1,625,3,,
b413307f-d5c0-42a0-b40e-9f9b4516eaf3,9128,plures,4.22.15,0,1,625,4,,
b413307f-d5c0-42a0-b40e-9f9b4516eaf3,9129,onere,4.22.15,0,1,625,5,,
b413307f-d5c0-42a0-b40e-9f9b4516eaf3,9130,degravati,4.22.15,0,1,625,6,,
b413307f-d5c0-42a0-b40e-9f9b4516eaf3,9131,perierant,4.22.15,0,1,625,7,,
b413307f-d5c0-42a0-b40e-9f9b4516eaf3,9132,.,4.22.15,,4,625,,,
b413307f-d5c0-42a0-b40e-9f9b4516eaf3,9133,Praedones,4.22.16,0,1,626,0,,
b413307f-d5c0-42a0-b40e-9f9b4516eaf3,9134,adsunt,4.22.16,0,1,626,1,,
b413307f-d5c0-42a0-b40e-9f9b4516eaf3,9135,",",4.22.16,,4,626,,,
b413307f-d5c0-42a0-b40e-9f9b4516eaf3,9136,rapiunt,4.22.16,0,1,626,2,,
b413307f-d5c0-42a0-b40e-9f9b4516eaf3,9137,",",4.22.16,,4,626,,,
b413307f-d5c0-42a0-b40e-9f9b4516eaf3,9138,quod,4.22.16,0,1,626,3,,
b413307f-d5c0-42a0-b40e-9f9b4516eaf3,9139,quisque,4.22.16,0,1,626,4,,
b413307f-d5c0-42a0-b40e-9f9b4516eaf3,9140,extulit,4.22.16,0,1,626,5,,
b413307f-d5c0-42a0-b40e-9f9b4516eaf3,9141,",",4.22.16,,4,626,,,
b413307f-d5c0-42a0-b40e-9f9b4516eaf3,9142,Nudos,4.22.17,0,1,626,6,,
b413307f-d5c0-42a0-b40e-9f9b4516eaf3,9143,relinquunt,4.22.17,0,1,626,7,,
b413307f-d5c0-42a0-b40e-9f9b4516eaf3,9144,.,4.22.17,,4,626,,,
b413307f-d5c0-42a0-b40e-9f9b4516eaf3,9145,Forte,4.22.17,0,1,627,0,,
b413307f-d5c0-42a0-b40e-9f9b4516eaf3,9146,Clazomenae,4.22.17,1,1,627,1,,
b413307f-d5c0-42a0-b40e-9f9b4516eaf3,9147,prope,4.22.17,0,1,627,2,,
b413307f-d5c0-42a0-b40e-9f9b4516eaf3,9148,Antiqua,4.22.18,0,1,627,3,,
b413307f-d5c0-42a0-b40e-9f9b4516eaf3,9149,fuit,4.22.18,0,1,627,4,,
b413307f-d5c0-42a0-b40e-9f9b4516eaf3,9150,urbs,4.22.18,0,1,627,5,,
b413307f-d5c0-42a0-b40e-9f9b4516eaf3,9151,",",4.22.18,,4,627,,,
b413307f-d5c0-42a0-b40e-9f9b4516eaf3,9152,quam,4.22.18,0,1,627,6,,
b413307f-d5c0-42a0-b40e-9f9b4516eaf3,9153,petierunt,4.22.18,0,1,627,7,,
b413307f-d5c0-42a0-b40e-9f9b4516eaf3,9154,naufragi,4.22.18,0,1,627,8,,
b413307f-d5c0-42a0-b40e-9f9b4516eaf3,9155,.,4.22.18,,4,627,,,
b413307f-d5c0-42a0-b40e-9f9b4516eaf3,9156,Hic,4.22.19,0,1,628,0,,
b413307f-d5c0-42a0-b40e-9f9b4516eaf3,9157,litterarum,4.22.19,0,1,628,1,,
b413307f-d5c0-42a0-b40e-9f9b4516eaf3,9158,quidam,4.22.19,0,1,628,2,,
b413307f-d5c0-42a0-b40e-9f9b4516eaf3,9159,studio,4.22.19,0,1,628,3,,
b413307f-d5c0-42a0-b40e-9f9b4516eaf3,9160,deditus,4.22.19,0,1,628,4,,
b413307f-d5c0-42a0-b40e-9f9b4516eaf3,9161,",",4.22.19,,4,628,,,
b413307f-d5c0-42a0-b40e-9f9b4516eaf3,9162,Simonidis,4.22.20,1,1,628,5,,
b413307f-d5c0-42a0-b40e-9f9b4516eaf3,9163,qui,4.22.20,0,1,628,6,,
b413307f-d5c0-42a0-b40e-9f9b4516eaf3,9164,saepe,4.22.20,0,1,628,7,,
b413307f-d5c0-42a0-b40e-9f9b4516eaf3,9165,versus,4.22.20,0,1,628,8,,
b413307f-d5c0-42a0-b40e-9f9b4516eaf3,9166,legerat,4.22.20,0,1,628,9,,
b413307f-d5c0-42a0-b40e-9f9b4516eaf3,9167,Eratque,4.22.21,0,1,628,10,,
b413307f-d5c0-42a0-b40e-9f9b4516eaf3,9168,absentis,4.22.21,0,1,628,11,,
b413307f-d5c0-42a0-b40e-9f9b4516eaf3,9169,admirator,4.22.21,0,1,628,12,,
b413307f-d5c0-42a0-b40e-9f9b4516eaf3,9170,maximus,4.22.21,0,1,628,13,,
b413307f-d5c0-42a0-b40e-9f9b4516eaf3,9171,",",4.22.21,,4,628,,,
b413307f-d5c0-42a0-b40e-9f9b4516eaf3,9172,Sermone,4.22.22,0,1,628,14,,
b413307f-d5c0-42a0-b40e-9f9b4516eaf3,9173,ab,4.22.22,0,1,628,15,,
b413307f-d5c0-42a0-b40e-9f9b4516eaf3,9174,ipso,4.22.22,0,1,628,16,,
b413307f-d5c0-42a0-b40e-9f9b4516eaf3,9175,cognitum,4.22.22,0,1,628,17,,
b413307f-d5c0-42a0-b40e-9f9b4516eaf3,9176,cupidissime,4.22.22,0,1,628,18,,
b413307f-d5c0-42a0-b40e-9f9b4516eaf3,9177,Ad,4.22.23,0,1,628,19,,
b413307f-d5c0-42a0-b40e-9f9b4516eaf3,9178,se,4.22.23,0,1,628,20,,
b413307f-d5c0-42a0-b40e-9f9b4516eaf3,9179,recepit,4.22.23,0,1,628,21,,
b413307f-d5c0-42a0-b40e-9f9b4516eaf3,9180,;,4.22.23,,4,628,,,
b413307f-d5c0-42a0-b40e-9f9b4516eaf3,9181,veste,4.22.23,0,1,628,22,,
b413307f-d5c0-42a0-b40e-9f9b4516eaf3,9182,",",4.22.23,,4,628,,,
b413307f-d5c0-42a0-b40e-9f9b4516eaf3,9183,nummis,4.22.23,0,1,628,23,,
b413307f-d5c0-42a0-b40e-9f9b4516eaf3,9184,",",4.22.23,,4,628,,,
b413307f-d5c0-42a0-b40e-9f9b4516eaf3,9185,familia,4.22.23,0,1,628,24,,
b413307f-d5c0-42a0-b40e-9f9b4516eaf3,9186,Hominem,4.22.24,0,1,628,25,,
b413307f-d5c0-42a0-b40e-9f9b4516eaf3,9187,exornavit,4.22.24,0,1,628,26,,
b413307f-d5c0-42a0-b40e-9f9b4516eaf3,9188,.,4.22.24,,4,628,,,
b413307f-d5c0-42a0-b40e-9f9b4516eaf3,9189,Ceteri,4.22.24,0,1,629,0,,
b413307f-d5c0-42a0-b40e-9f9b4516eaf3,9190,tabulam,4.22.24,0,1,629,1,,
b413307f-d5c0-42a0-b40e-9f9b4516eaf3,9191,suam,4.22.24,0,1,629,2,,
b413307f-d5c0-42a0-b40e-9f9b4516eaf3,9192,Portant,4.22.25,0,1,629,3,,
b413307f-d5c0-42a0-b40e-9f9b4516eaf3,9193,rogantes,4.22.25,0,1,629,4,,
b413307f-d5c0-42a0-b40e-9f9b4516eaf3,9194,victum,4.22.25,0,1,629,5,,
b413307f-d5c0-42a0-b40e-9f9b4516eaf3,9195,.,4.22.25,,4,629,,,
b413307f-d5c0-42a0-b40e-9f9b4516eaf3,9196,Quos,4.22.25,0,1,630,0,,
b413307f-d5c0-42a0-b40e-9f9b4516eaf3,9197,casu,4.22.25,0,1,630,1,,
b413307f-d5c0-42a0-b40e-9f9b4516eaf3,9198,obvios,4.22.25,0,1,630,2,,
b413307f-d5c0-42a0-b40e-9f9b4516eaf3,9199,Simonides,4.22.26,1,1,630,3,,
b413307f-d5c0-42a0-b40e-9f9b4516eaf3,9200,ut,4.22.26,0,1,630,4,,
b413307f-d5c0-42a0-b40e-9f9b4516eaf3,9201,vidit,4.22.26,0,1,630,5,,
b413307f-d5c0-42a0-b40e-9f9b4516eaf3,9202,:,4.22.26,,4,630,,,
b413307f-d5c0-42a0-b40e-9f9b4516eaf3,9203,Dixi,4.22.26,0,1,630,6,,
b413307f-d5c0-42a0-b40e-9f9b4516eaf3,9204,",",4.22.26,,4,630,,,
b413307f-d5c0-42a0-b40e-9f9b4516eaf3,9205,inquit,4.22.26,0,1,630,7,,
b413307f-d5c0-42a0-b40e-9f9b4516eaf3,9206,",",4.22.26,,4,630,,,
b413307f-d5c0-42a0-b40e-9f9b4516eaf3,9207,mea,4.22.26,0,1,630,8,,
b413307f-d5c0-42a0-b40e-9f9b4516eaf3,9208,Mecum,4.22.27,0,1,630,9,,
b413307f-d5c0-42a0-b40e-9f9b4516eaf3,9209,esse,4.22.27,0,1,630,10,,
b413307f-d5c0-42a0-b40e-9f9b4516eaf3,9210,cuncta,4.22.27,0,1,630,11,,
b413307f-d5c0-42a0-b40e-9f9b4516eaf3,9211,;,4.22.27,,4,630,,,
b413307f-d5c0-42a0-b40e-9f9b4516eaf3,9212,vos,4.22.27,0,1,630,12,,
b413307f-d5c0-42a0-b40e-9f9b4516eaf3,9213,quod,4.22.27,0,1,630,13,,
b413307f-d5c0-42a0-b40e-9f9b4516eaf3,9214,rapuistis,4.22.27,0,1,630,14,,
b413307f-d5c0-42a0-b40e-9f9b4516eaf3,9215,perit,4.22.27,0,1,630,15,,
b413307f-d5c0-42a0-b40e-9f9b4516eaf3,9216,.,4.22.27,,4,630,,,
b413307f-d5c0-42a0-b40e-9f9b4516eaf3,9217,Mons,4.23,0,1,631,0,,
b413307f-d5c0-42a0-b40e-9f9b4516eaf3,9218,parturiens,4.23,0,1,631,1,,
b413307f-d5c0-42a0-b40e-9f9b4516eaf3,9219,.,4.23,,4,631,,,
b413307f-d5c0-42a0-b40e-9f9b4516eaf3,9220,Mons,4.23.1,0,1,632,0,,
b413307f-d5c0-42a0-b40e-9f9b4516eaf3,9221,parturibat,4.23.1,0,1,632,1,,
b413307f-d5c0-42a0-b40e-9f9b4516eaf3,9222,",",4.23.1,,4,632,,,
b413307f-d5c0-42a0-b40e-9f9b4516eaf3,9223,gemitus,4.23.1,0,1,632,2,,
b413307f-d5c0-42a0-b40e-9f9b4516eaf3,9224,immanes,4.23.1,0,1,632,3,,
b413307f-d5c0-42a0-b40e-9f9b4516eaf3,9225,ciens,4.23.1,0,1,632,4,,
b413307f-d5c0-42a0-b40e-9f9b4516eaf3,9226,",",4.23.1,,4,632,,,
b413307f-d5c0-42a0-b40e-9f9b4516eaf3,9227,Eratque,4.23.2,0,1,632,5,,
b413307f-d5c0-42a0-b40e-9f9b4516eaf3,9228,in,4.23.2,0,1,632,6,,
b413307f-d5c0-42a0-b40e-9f9b4516eaf3,9229,terris,4.23.2,0,1,632,7,,
b413307f-d5c0-42a0-b40e-9f9b4516eaf3,9230,maxima,4.23.2,0,1,632,8,,
b413307f-d5c0-42a0-b40e-9f9b4516eaf3,9231,exspectatio,4.23.2,0,1,632,9,,
b413307f-d5c0-42a0-b40e-9f9b4516eaf3,9232,.,4.23.2,,4,632,,,
b413307f-d5c0-42a0-b40e-9f9b4516eaf3,9233,At,4.23.3,0,1,633,0,,
b413307f-d5c0-42a0-b40e-9f9b4516eaf3,9234,ille,4.23.3,0,1,633,1,,
b413307f-d5c0-42a0-b40e-9f9b4516eaf3,9235,murem,4.23.3,0,1,633,2,,
b413307f-d5c0-42a0-b40e-9f9b4516eaf3,9236,peperit,4.23.3,0,1,633,3,,
b413307f-d5c0-42a0-b40e-9f9b4516eaf3,9237,.,4.23.3,,4,633,,,
b413307f-d5c0-42a0-b40e-9f9b4516eaf3,9238,†,4.23.3,,5,634,,,
b413307f-d5c0-42a0-b40e-9f9b4516eaf3,9239,Hoc,4.23.3,0,1,634,0,,
b413307f-d5c0-42a0-b40e-9f9b4516eaf3,9240,scriptum,4.23.3,0,1,634,1,,
b413307f-d5c0-42a0-b40e-9f9b4516eaf3,9241,est,4.23.3,0,1,634,2,,
b413307f-d5c0-42a0-b40e-9f9b4516eaf3,9242,tibi,4.23.3,0,1,634,3,,
b413307f-d5c0-42a0-b40e-9f9b4516eaf3,9243,",",4.23.3,,4,634,,,
b413307f-d5c0-42a0-b40e-9f9b4516eaf3,9244,Qui,4.23.4,0,1,634,4,,
b413307f-d5c0-42a0-b40e-9f9b4516eaf3,9245,",",4.23.4,,4,634,,,
b413307f-d5c0-42a0-b40e-9f9b4516eaf3,9246,magna,4.23.4,0,1,634,5,,
b413307f-d5c0-42a0-b40e-9f9b4516eaf3,9247,cum,4.23.4,0,1,634,6,,
b413307f-d5c0-42a0-b40e-9f9b4516eaf3,9248,minaris,4.23.4,0,1,634,7,,
b413307f-d5c0-42a0-b40e-9f9b4516eaf3,9249,",",4.23.4,,4,634,,,
b413307f-d5c0-42a0-b40e-9f9b4516eaf3,9250,extricas,4.23.4,0,1,634,8,,
b413307f-d5c0-42a0-b40e-9f9b4516eaf3,9251,nihil,4.23.4,0,1,634,9,,
b413307f-d5c0-42a0-b40e-9f9b4516eaf3,9252,.,4.23.4,,4,634,,,
b413307f-d5c0-42a0-b40e-9f9b4516eaf3,9253,Formica,4.24,0,1,635,0,,
b413307f-d5c0-42a0-b40e-9f9b4516eaf3,9254,et,4.24,0,1,635,1,,
b413307f-d5c0-42a0-b40e-9f9b4516eaf3,9255,musca,4.24,0,1,635,2,,
b413307f-d5c0-42a0-b40e-9f9b4516eaf3,9256,.,4.24,,4,635,,,
b413307f-d5c0-42a0-b40e-9f9b4516eaf3,9257,Nihil,4.24,0,1,636,0,,
b413307f-d5c0-42a0-b40e-9f9b4516eaf3,9258,agere,4.24,0,1,636,1,,
b413307f-d5c0-42a0-b40e-9f9b4516eaf3,9259,quod,4.24,0,1,636,2,,
b413307f-d5c0-42a0-b40e-9f9b4516eaf3,9260,non,4.24,0,1,636,3,,
b413307f-d5c0-42a0-b40e-9f9b4516eaf3,9261,prosit,4.24,0,1,636,4,,
b413307f-d5c0-42a0-b40e-9f9b4516eaf3,9262,fabella,4.24,0,1,636,5,,
b413307f-d5c0-42a0-b40e-9f9b4516eaf3,9263,admonet,4.24,0,1,636,6,,
b413307f-d5c0-42a0-b40e-9f9b4516eaf3,9264,.,4.24,,4,636,,,
b413307f-d5c0-42a0-b40e-9f9b4516eaf3,9265,Formica,4.24.1,0,1,637,0,,
b413307f-d5c0-42a0-b40e-9f9b4516eaf3,9266,et,4.24.1,0,1,637,1,,
b413307f-d5c0-42a0-b40e-9f9b4516eaf3,9267,musca,4.24.1,0,1,637,2,,
b413307f-d5c0-42a0-b40e-9f9b4516eaf3,9268,contendebant,4.24.1,0,1,637,3,,
b413307f-d5c0-42a0-b40e-9f9b4516eaf3,9269,acriter,4.24.1,0,1,637,4,,
b413307f-d5c0-42a0-b40e-9f9b4516eaf3,9270,Quae,4.24.2,0,1,637,5,,
b413307f-d5c0-42a0-b40e-9f9b4516eaf3,9271,pluris,4.24.2,0,1,637,6,,
b413307f-d5c0-42a0-b40e-9f9b4516eaf3,9272,esset,4.24.2,0,1,637,7,,
b413307f-d5c0-42a0-b40e-9f9b4516eaf3,9273,.,4.24.2,,4,637,,,
b413307f-d5c0-42a0-b40e-9f9b4516eaf3,9274,Musca,4.24.2,2,1,638,0,,
b413307f-d5c0-42a0-b40e-9f9b4516eaf3,9275,sic,4.24.2,0,1,638,1,,
b413307f-d5c0-42a0-b40e-9f9b4516eaf3,9276,coepit,4.24.2,0,1,638,2,,
b413307f-d5c0-42a0-b40e-9f9b4516eaf3,9277,prior,4.24.2,0,1,638,3,,
b413307f-d5c0-42a0-b40e-9f9b4516eaf3,9278,:,4.24.2,,4,638,,,
b413307f-d5c0-42a0-b40e-9f9b4516eaf3,9279,Conferre,4.24.3,0,1,638,4,,
b413307f-d5c0-42a0-b40e-9f9b4516eaf3,9280,nostris,4.24.3,0,1,638,5,,
b413307f-d5c0-42a0-b40e-9f9b4516eaf3,9281,tu,4.24.3,0,1,638,6,,
b413307f-d5c0-42a0-b40e-9f9b4516eaf3,9282,potes,4.24.3,0,1,638,7,,
b413307f-d5c0-42a0-b40e-9f9b4516eaf3,9283,te,4.24.3,0,1,638,8,,
b413307f-d5c0-42a0-b40e-9f9b4516eaf3,9284,laudibus,4.24.3,0,1,638,9,,
b413307f-d5c0-42a0-b40e-9f9b4516eaf3,9285,?,4.24.3,,4,638,,,
b413307f-d5c0-42a0-b40e-9f9b4516eaf3,9286,Moror,4.24.5,0,1,639,0,,
b413307f-d5c0-42a0-b40e-9f9b4516eaf3,9287,inter,4.24.5,0,1,639,1,,
b413307f-d5c0-42a0-b40e-9f9b4516eaf3,9288,aras,4.24.5,0,1,639,2,,
b413307f-d5c0-42a0-b40e-9f9b4516eaf3,9289,",",4.24.5,,4,639,,,
b413307f-d5c0-42a0-b40e-9f9b4516eaf3,9290,templa,4.24.5,0,1,639,3,,
b413307f-d5c0-42a0-b40e-9f9b4516eaf3,9291,perlustro,4.24.5,0,1,639,4,,
b413307f-d5c0-42a0-b40e-9f9b4516eaf3,9292,omnia,4.24.5,0,1,639,5,,
b413307f-d5c0-42a0-b40e-9f9b4516eaf3,9293,",",4.24.5,,4,639,,,
b413307f-d5c0-42a0-b40e-9f9b4516eaf3,9294,Ubi,4.24.6,2,1,639,6,,
b413307f-d5c0-42a0-b40e-9f9b4516eaf3,9295,immolatur,4.24.6,0,1,639,7,,
b413307f-d5c0-42a0-b40e-9f9b4516eaf3,9296,",",4.24.6,,4,639,,,
b413307f-d5c0-42a0-b40e-9f9b4516eaf3,9297,exta,4.24.6,0,1,639,8,,
b413307f-d5c0-42a0-b40e-9f9b4516eaf3,9298,praegusto,4.24.6,0,1,639,9,,
b413307f-d5c0-42a0-b40e-9f9b4516eaf3,9299,deum,4.24.6,0,1,639,10,,
b413307f-d5c0-42a0-b40e-9f9b4516eaf3,9300,.,4.24.6,,4,639,,,
b413307f-d5c0-42a0-b40e-9f9b4516eaf3,9301,In,4.24.7,0,1,640,0,,
b413307f-d5c0-42a0-b40e-9f9b4516eaf3,9302,capite,4.24.7,0,1,640,1,,
b413307f-d5c0-42a0-b40e-9f9b4516eaf3,9303,regis,4.24.7,0,1,640,2,,
b413307f-d5c0-42a0-b40e-9f9b4516eaf3,9304,sedeo,4.24.7,0,1,640,3,,
b413307f-d5c0-42a0-b40e-9f9b4516eaf3,9305,cum,4.24.7,0,1,640,4,,
b413307f-d5c0-42a0-b40e-9f9b4516eaf3,9306,visum,4.24.7,0,1,640,5,,
b413307f-d5c0-42a0-b40e-9f9b4516eaf3,9307,est,4.24.7,0,1,640,6,,
b413307f-d5c0-42a0-b40e-9f9b4516eaf3,9308,mihi,4.24.7,0,1,640,7,,
b413307f-d5c0-42a0-b40e-9f9b4516eaf3,9309,",",4.24.7,,4,640,,,
b413307f-d5c0-42a0-b40e-9f9b4516eaf3,9310,Et,4.24.8,0,1,640,8,,
b413307f-d5c0-42a0-b40e-9f9b4516eaf3,9311,matronarum,4.24.8,0,1,640,9,,
b413307f-d5c0-42a0-b40e-9f9b4516eaf3,9312,casta,4.24.8,0,1,640,10,,
b413307f-d5c0-42a0-b40e-9f9b4516eaf3,9313,delibo,4.24.8,0,1,640,11,,
b413307f-d5c0-42a0-b40e-9f9b4516eaf3,9314,oscula,4.24.8,0,1,640,12,,
b413307f-d5c0-42a0-b40e-9f9b4516eaf3,9315,.,4.24.8,,4,640,,,
b413307f-d5c0-42a0-b40e-9f9b4516eaf3,9316,Laboro,4.24.9,0,1,641,0,,
b413307f-d5c0-42a0-b40e-9f9b4516eaf3,9317,nihil,4.24.9,0,1,641,1,,
b413307f-d5c0-42a0-b40e-9f9b4516eaf3,9318,atque,4.24.9,0,1,641,2,,
b413307f-d5c0-42a0-b40e-9f9b4516eaf3,9319,optimis,4.24.9,0,1,641,3,,
b413307f-d5c0-42a0-b40e-9f9b4516eaf3,9320,rebus,4.24.9,0,1,641,4,,
b413307f-d5c0-42a0-b40e-9f9b4516eaf3,9321,fruor,4.24.9,0,1,641,5,,
b413307f-d5c0-42a0-b40e-9f9b4516eaf3,9322,.,4.24.9,,4,641,,,
b413307f-d5c0-42a0-b40e-9f9b4516eaf3,9323,Quid,4.24.10,0,1,642,0,,
b413307f-d5c0-42a0-b40e-9f9b4516eaf3,9324,horum,4.24.10,0,1,642,1,,
b413307f-d5c0-42a0-b40e-9f9b4516eaf3,9325,simile,4.24.10,0,1,642,2,,
b413307f-d5c0-42a0-b40e-9f9b4516eaf3,9326,tibi,4.24.10,0,1,642,3,,
b413307f-d5c0-42a0-b40e-9f9b4516eaf3,9327,contingit,4.24.10,0,1,642,4,,
b413307f-d5c0-42a0-b40e-9f9b4516eaf3,9328,",",4.24.10,,4,642,,,
b413307f-d5c0-42a0-b40e-9f9b4516eaf3,9329,rustica,4.24.10,0,1,642,5,,
b413307f-d5c0-42a0-b40e-9f9b4516eaf3,9330,?,4.24.10,,4,642,,,
b413307f-d5c0-42a0-b40e-9f9b4516eaf3,9331,Est,4.24.11,0,1,643,0,,
b413307f-d5c0-42a0-b40e-9f9b4516eaf3,9332,gloriosus,4.24.11,0,1,643,1,,
b413307f-d5c0-42a0-b40e-9f9b4516eaf3,9333,sane,4.24.11,0,1,643,2,,
b413307f-d5c0-42a0-b40e-9f9b4516eaf3,9334,convictus,4.24.11,0,1,643,3,,
b413307f-d5c0-42a0-b40e-9f9b4516eaf3,9335,deum,4.24.11,0,1,643,4,,
b413307f-d5c0-42a0-b40e-9f9b4516eaf3,9336,",",4.24.11,,4,643,,,
b413307f-d5c0-42a0-b40e-9f9b4516eaf3,9337,Sed,4.24.12,0,1,643,5,,
b413307f-d5c0-42a0-b40e-9f9b4516eaf3,9338,illi,4.24.12,0,1,643,6,,
b413307f-d5c0-42a0-b40e-9f9b4516eaf3,9339,qui,4.24.12,0,1,643,7,,
b413307f-d5c0-42a0-b40e-9f9b4516eaf3,9340,invitatur,4.24.12,0,1,643,8,,
b413307f-d5c0-42a0-b40e-9f9b4516eaf3,9341,",",4.24.12,,4,643,,,
b413307f-d5c0-42a0-b40e-9f9b4516eaf3,9342,non,4.24.12,0,1,643,9,,
b413307f-d5c0-42a0-b40e-9f9b4516eaf3,9343,qui,4.24.12,0,1,643,10,,
b413307f-d5c0-42a0-b40e-9f9b4516eaf3,9344,invisus,4.24.12,0,1,643,11,,
b413307f-d5c0-42a0-b40e-9f9b4516eaf3,9345,est,4.24.12,0,1,643,12,,
b413307f-d5c0-42a0-b40e-9f9b4516eaf3,9346,.,4.24.12,,4,643,,,
b413307f-d5c0-42a0-b40e-9f9b4516eaf3,9347,Aras,4.24.13,0,1,644,0,,
b413307f-d5c0-42a0-b40e-9f9b4516eaf3,9348,frequentas,4.24.13,0,1,644,1,,
b413307f-d5c0-42a0-b40e-9f9b4516eaf3,9349,?,4.24.13,,4,644,,,
b413307f-d5c0-42a0-b40e-9f9b4516eaf3,9350,nempe,4.24.13,0,1,645,0,,
b413307f-d5c0-42a0-b40e-9f9b4516eaf3,9351,abigeris,4.24.13,0,1,645,1,,
b413307f-d5c0-42a0-b40e-9f9b4516eaf3,9352,",",4.24.13,,4,645,,,
b413307f-d5c0-42a0-b40e-9f9b4516eaf3,9353,quom,4.24.13,0,1,645,2,,
b413307f-d5c0-42a0-b40e-9f9b4516eaf3,9354,venis,4.24.13,0,1,645,3,,
b413307f-d5c0-42a0-b40e-9f9b4516eaf3,9355,.,4.24.13,,4,645,,,
b413307f-d5c0-42a0-b40e-9f9b4516eaf3,9356,Reges,4.24.14,2,1,646,0,,
b413307f-d5c0-42a0-b40e-9f9b4516eaf3,9357,commemoras,4.24.14,0,1,646,1,,
b413307f-d5c0-42a0-b40e-9f9b4516eaf3,9358,et,4.24.14,0,1,646,2,,
b413307f-d5c0-42a0-b40e-9f9b4516eaf3,9359,matronarum,4.24.14,0,1,646,3,,
b413307f-d5c0-42a0-b40e-9f9b4516eaf3,9360,oscula,4.24.14,0,1,646,4,,
b413307f-d5c0-42a0-b40e-9f9b4516eaf3,9361,?,4.24.14,,4,646,,,
b413307f-d5c0-42a0-b40e-9f9b4516eaf3,9362,Super,4.24.15,0,1,647,0,,
b413307f-d5c0-42a0-b40e-9f9b4516eaf3,9363,etiam,4.24.15,0,1,647,1,,
b413307f-d5c0-42a0-b40e-9f9b4516eaf3,9364,iactas,4.24.15,0,1,647,2,,
b413307f-d5c0-42a0-b40e-9f9b4516eaf3,9365,tegere,4.24.15,0,1,647,3,,
b413307f-d5c0-42a0-b40e-9f9b4516eaf3,9366,quod,4.24.15,0,1,647,4,,
b413307f-d5c0-42a0-b40e-9f9b4516eaf3,9367,debet,4.24.15,0,1,647,5,,
b413307f-d5c0-42a0-b40e-9f9b4516eaf3,9368,pudor,4.24.15,0,1,647,6,,
b413307f-d5c0-42a0-b40e-9f9b4516eaf3,9369,.,4.24.15,,4,647,,,
b413307f-d5c0-42a0-b40e-9f9b4516eaf3,9370,Nihil,4.24.16,0,1,648,0,,
b413307f-d5c0-42a0-b40e-9f9b4516eaf3,9371,laboras,4.24.16,0,1,648,1,,
b413307f-d5c0-42a0-b40e-9f9b4516eaf3,9372,?,4.24.16,,4,648,,,
b413307f-d5c0-42a0-b40e-9f9b4516eaf3,9373,ideo,4.24.16,0,1,649,0,,
b413307f-d5c0-42a0-b40e-9f9b4516eaf3,9374,",",4.24.16,,4,649,,,
b413307f-d5c0-42a0-b40e-9f9b4516eaf3,9375,cum,4.24.16,0,1,649,1,,
b413307f-d5c0-42a0-b40e-9f9b4516eaf3,9376,opus,4.24.16,0,1,649,2,,
b413307f-d5c0-42a0-b40e-9f9b4516eaf3,9377,est,4.24.16,0,1,649,3,,
b413307f-d5c0-42a0-b40e-9f9b4516eaf3,9378,",",4.24.16,,4,649,,,
b413307f-d5c0-42a0-b40e-9f9b4516eaf3,9379,nil,4.24.16,0,1,649,4,,
b413307f-d5c0-42a0-b40e-9f9b4516eaf3,9380,habes,4.24.16,0,1,649,5,,
b413307f-d5c0-42a0-b40e-9f9b4516eaf3,9381,.,4.24.16,,4,649,,,
b413307f-d5c0-42a0-b40e-9f9b4516eaf3,9382,Ego,4.24.17,0,1,650,0,,
b413307f-d5c0-42a0-b40e-9f9b4516eaf3,9383,granum,4.24.17,0,1,650,1,,
b413307f-d5c0-42a0-b40e-9f9b4516eaf3,9384,in,4.24.17,0,1,650,2,,
b413307f-d5c0-42a0-b40e-9f9b4516eaf3,9385,hiemem,4.24.17,0,1,650,3,,
b413307f-d5c0-42a0-b40e-9f9b4516eaf3,9386,cum,4.24.17,0,1,650,4,,
b413307f-d5c0-42a0-b40e-9f9b4516eaf3,9387,studiose,4.24.17,0,1,650,5,,
b413307f-d5c0-42a0-b40e-9f9b4516eaf3,9388,congero,4.24.17,0,1,650,6,,
b413307f-d5c0-42a0-b40e-9f9b4516eaf3,9389,",",4.24.17,,4,650,,,
b413307f-d5c0-42a0-b40e-9f9b4516eaf3,9390,Te,4.24.18,0,1,650,7,,
b413307f-d5c0-42a0-b40e-9f9b4516eaf3,9391,circa,4.24.18,0,1,650,8,,
b413307f-d5c0-42a0-b40e-9f9b4516eaf3,9392,murum,4.24.18,0,1,650,9,,
b413307f-d5c0-42a0-b40e-9f9b4516eaf3,9393,pasci,4.24.18,0,1,650,10,,
b413307f-d5c0-42a0-b40e-9f9b4516eaf3,9394,video,4.24.18,0,1,650,11,,
b413307f-d5c0-42a0-b40e-9f9b4516eaf3,9395,stercore,4.24.18,0,1,650,12,,
b413307f-d5c0-42a0-b40e-9f9b4516eaf3,9396,.,4.24.18,,4,650,,,
b413307f-d5c0-42a0-b40e-9f9b4516eaf3,9397,Aestate,4.24.19,0,1,651,0,,
b413307f-d5c0-42a0-b40e-9f9b4516eaf3,9398,me,4.24.19,0,1,651,1,,
b413307f-d5c0-42a0-b40e-9f9b4516eaf3,9399,lacessis,4.24.19,0,1,651,2,,
b413307f-d5c0-42a0-b40e-9f9b4516eaf3,9400,;,4.24.19,,4,651,,,
b413307f-d5c0-42a0-b40e-9f9b4516eaf3,9401,cum,4.24.19,0,1,651,3,,
b413307f-d5c0-42a0-b40e-9f9b4516eaf3,9402,bruma,4.24.19,0,1,651,4,,
b413307f-d5c0-42a0-b40e-9f9b4516eaf3,9403,est,4.24.19,0,1,651,5,,
b413307f-d5c0-42a0-b40e-9f9b4516eaf3,9404,siles,4.24.19,0,1,651,6,,
b413307f-d5c0-42a0-b40e-9f9b4516eaf3,9405,.,4.24.19,,4,651,,,
b413307f-d5c0-42a0-b40e-9f9b4516eaf3,9406,Mori,4.24.20,0,1,652,0,,
b413307f-d5c0-42a0-b40e-9f9b4516eaf3,9407,contractam,4.24.20,0,1,652,1,,
b413307f-d5c0-42a0-b40e-9f9b4516eaf3,9408,cum,4.24.20,0,1,652,2,,
b413307f-d5c0-42a0-b40e-9f9b4516eaf3,9409,te,4.24.20,0,1,652,3,,
b413307f-d5c0-42a0-b40e-9f9b4516eaf3,9410,cogunt,4.24.20,0,1,652,4,,
b413307f-d5c0-42a0-b40e-9f9b4516eaf3,9411,frigora,4.24.20,0,1,652,5,,
b413307f-d5c0-42a0-b40e-9f9b4516eaf3,9412,",",4.24.20,,4,652,,,
b413307f-d5c0-42a0-b40e-9f9b4516eaf3,9413,Me,4.24.21,0,1,652,6,,
b413307f-d5c0-42a0-b40e-9f9b4516eaf3,9414,copiosa,4.24.21,0,1,652,7,,
b413307f-d5c0-42a0-b40e-9f9b4516eaf3,9415,recipit,4.24.21,0,1,652,8,,
b413307f-d5c0-42a0-b40e-9f9b4516eaf3,9416,incolumem,4.24.21,0,1,652,9,,
b413307f-d5c0-42a0-b40e-9f9b4516eaf3,9417,domus,4.24.21,0,1,652,10,,
b413307f-d5c0-42a0-b40e-9f9b4516eaf3,9418,.,4.24.21,,4,652,,,
b413307f-d5c0-42a0-b40e-9f9b4516eaf3,9419,Satis,4.24.22,0,1,653,0,,
b413307f-d5c0-42a0-b40e-9f9b4516eaf3,9420,profecto,4.24.22,0,1,653,1,,
b413307f-d5c0-42a0-b40e-9f9b4516eaf3,9421,rettudi,4.24.22,0,1,653,2,,
b413307f-d5c0-42a0-b40e-9f9b4516eaf3,9422,superbiam,4.24.22,0,1,653,3,,
b413307f-d5c0-42a0-b40e-9f9b4516eaf3,9423,.,4.24.22,,4,653,,,
b413307f-d5c0-42a0-b40e-9f9b4516eaf3,9424,Fabella,4.24.23,0,1,654,0,,
b413307f-d5c0-42a0-b40e-9f9b4516eaf3,9425,talis,4.24.23,0,1,654,1,,
b413307f-d5c0-42a0-b40e-9f9b4516eaf3,9426,hominum,4.24.23,0,1,654,2,,
b413307f-d5c0-42a0-b40e-9f9b4516eaf3,9427,discernit,4.24.23,0,1,654,3,,
b413307f-d5c0-42a0-b40e-9f9b4516eaf3,9428,notas,4.24.23,0,1,654,4,,
b413307f-d5c0-42a0-b40e-9f9b4516eaf3,9429,Eorum,4.24.24,2,1,654,5,,
b413307f-d5c0-42a0-b40e-9f9b4516eaf3,9430,qui,4.24.24,0,1,654,6,,
b413307f-d5c0-42a0-b40e-9f9b4516eaf3,9431,se,4.24.24,0,1,654,7,,
b413307f-d5c0-42a0-b40e-9f9b4516eaf3,9432,falsis,4.24.24,0,1,654,8,,
b413307f-d5c0-42a0-b40e-9f9b4516eaf3,9433,ornant,4.24.24,0,1,654,9,,
b413307f-d5c0-42a0-b40e-9f9b4516eaf3,9434,laudibus,4.24.24,0,1,654,10,,
b413307f-d5c0-42a0-b40e-9f9b4516eaf3,9435,",",4.24.24,,4,654,,,
b413307f-d5c0-42a0-b40e-9f9b4516eaf3,9436,Et,4.24.25,0,1,654,11,,
b413307f-d5c0-42a0-b40e-9f9b4516eaf3,9437,quorum,4.24.25,0,1,654,12,,
b413307f-d5c0-42a0-b40e-9f9b4516eaf3,9438,virtus,4.24.25,0,1,654,13,,
b413307f-d5c0-42a0-b40e-9f9b4516eaf3,9439,exhibet,4.24.25,0,1,654,14,,
b413307f-d5c0-42a0-b40e-9f9b4516eaf3,9440,solidum,4.24.25,0,1,654,15,,
b413307f-d5c0-42a0-b40e-9f9b4516eaf3,9441,decus,4.24.25,0,1,654,16,,
b413307f-d5c0-42a0-b40e-9f9b4516eaf3,9442,.,4.24.25,,4,654,,,
b413307f-d5c0-42a0-b40e-9f9b4516eaf3,9443,Poeta,4.25,0,1,655,0,,
b413307f-d5c0-42a0-b40e-9f9b4516eaf3,9444,.,4.25,,4,655,,,
b413307f-d5c0-42a0-b40e-9f9b4516eaf3,9445,Quantum,4.25.1,0,1,656,0,,
b413307f-d5c0-42a0-b40e-9f9b4516eaf3,9446,valerent,4.25.1,0,1,656,1,,
b413307f-d5c0-42a0-b40e-9f9b4516eaf3,9447,inter,4.25.1,0,1,656,2,,
b413307f-d5c0-42a0-b40e-9f9b4516eaf3,9448,homines,4.25.1,0,1,656,3,,
b413307f-d5c0-42a0-b40e-9f9b4516eaf3,9449,litterae,4.25.1,0,1,656,4,,
b413307f-d5c0-42a0-b40e-9f9b4516eaf3,9450,",",4.25.1,,4,656,,,
b413307f-d5c0-42a0-b40e-9f9b4516eaf3,9451,Dixi,4.25.2,0,1,656,5,,
b413307f-d5c0-42a0-b40e-9f9b4516eaf3,9452,superius,4.25.2,0,1,656,6,,
b413307f-d5c0-42a0-b40e-9f9b4516eaf3,9453,:,4.25.2,,4,656,,,
b413307f-d5c0-42a0-b40e-9f9b4516eaf3,9454,quantus,4.25.2,0,1,656,7,,
b413307f-d5c0-42a0-b40e-9f9b4516eaf3,9455,nunc,4.25.2,0,1,656,8,,
b413307f-d5c0-42a0-b40e-9f9b4516eaf3,9456,illis,4.25.2,0,1,656,9,,
b413307f-d5c0-42a0-b40e-9f9b4516eaf3,9457,honos,4.25.2,0,1,656,10,,
b413307f-d5c0-42a0-b40e-9f9b4516eaf3,9458,A,4.25.3,0,1,656,11,,
b413307f-d5c0-42a0-b40e-9f9b4516eaf3,9459,superis,4.25.3,0,1,656,12,,
b413307f-d5c0-42a0-b40e-9f9b4516eaf3,9460,sit,4.25.3,0,1,656,13,,
b413307f-d5c0-42a0-b40e-9f9b4516eaf3,9461,tributus,4.25.3,0,1,656,14,,
b413307f-d5c0-42a0-b40e-9f9b4516eaf3,9462,tradam,4.25.3,0,1,656,15,,
b413307f-d5c0-42a0-b40e-9f9b4516eaf3,9463,memoriae,4.25.3,0,1,656,16,,
b413307f-d5c0-42a0-b40e-9f9b4516eaf3,9464,.,4.25.3,,4,656,,,
b413307f-d5c0-42a0-b40e-9f9b4516eaf3,9465,Simonides,4.25.4,1,1,657,0,,
b413307f-d5c0-42a0-b40e-9f9b4516eaf3,9466,idem,4.25.4,0,1,657,1,,
b413307f-d5c0-42a0-b40e-9f9b4516eaf3,9467,ille,4.25.4,0,1,657,2,,
b413307f-d5c0-42a0-b40e-9f9b4516eaf3,9468,de,4.25.4,0,1,657,3,,
b413307f-d5c0-42a0-b40e-9f9b4516eaf3,9469,quo,4.25.4,0,1,657,4,,
b413307f-d5c0-42a0-b40e-9f9b4516eaf3,9470,rettuli,4.25.4,0,1,657,5,,
b413307f-d5c0-42a0-b40e-9f9b4516eaf3,9471,",",4.25.4,,4,657,,,
b413307f-d5c0-42a0-b40e-9f9b4516eaf3,9472,Victori,4.25.5,2,1,657,6,,
b413307f-d5c0-42a0-b40e-9f9b4516eaf3,9473,laudem,4.25.5,0,1,657,7,,
b413307f-d5c0-42a0-b40e-9f9b4516eaf3,9474,cuidam,4.25.5,0,1,657,8,,
b413307f-d5c0-42a0-b40e-9f9b4516eaf3,9475,pyctae,4.25.5,0,1,657,9,,
b413307f-d5c0-42a0-b40e-9f9b4516eaf3,9476,ut,4.25.5,0,1,657,10,,
b413307f-d5c0-42a0-b40e-9f9b4516eaf3,9477,scriberet,4.25.5,0,1,657,11,,
b413307f-d5c0-42a0-b40e-9f9b4516eaf3,9478,Certo,4.25.6,0,1,657,12,,
b413307f-d5c0-42a0-b40e-9f9b4516eaf3,9479,conduxit,4.25.6,0,1,657,13,,
b413307f-d5c0-42a0-b40e-9f9b4516eaf3,9480,pretio,4.25.6,0,1,657,14,,
b413307f-d5c0-42a0-b40e-9f9b4516eaf3,9481,",",4.25.6,,4,657,,,
b413307f-d5c0-42a0-b40e-9f9b4516eaf3,9482,secretum,4.25.6,0,1,657,15,,
b413307f-d5c0-42a0-b40e-9f9b4516eaf3,9483,petit,4.25.6,0,1,657,16,,
b413307f-d5c0-42a0-b40e-9f9b4516eaf3,9484,.,4.25.6,,4,657,,,
b413307f-d5c0-42a0-b40e-9f9b4516eaf3,9485,Exigua,4.25.7,0,1,658,0,,
b413307f-d5c0-42a0-b40e-9f9b4516eaf3,9486,cum,4.25.7,0,1,658,1,,
b413307f-d5c0-42a0-b40e-9f9b4516eaf3,9487,frenaret,4.25.7,0,1,658,2,,
b413307f-d5c0-42a0-b40e-9f9b4516eaf3,9488,materia,4.25.7,0,1,658,3,,
b413307f-d5c0-42a0-b40e-9f9b4516eaf3,9489,impetum,4.25.7,0,1,658,4,,
b413307f-d5c0-42a0-b40e-9f9b4516eaf3,9490,",",4.25.7,,4,658,,,
b413307f-d5c0-42a0-b40e-9f9b4516eaf3,9491,Usus,4.25.8,0,1,658,5,,
b413307f-d5c0-42a0-b40e-9f9b4516eaf3,9492,poeta,4.25.8,0,1,658,6,,
b413307f-d5c0-42a0-b40e-9f9b4516eaf3,9493,moris,4.25.8,0,1,658,7,,
b413307f-d5c0-42a0-b40e-9f9b4516eaf3,9494,est,4.25.8,0,1,658,8,,
b413307f-d5c0-42a0-b40e-9f9b4516eaf3,9495,licentia,4.25.8,0,1,658,9,,
b413307f-d5c0-42a0-b40e-9f9b4516eaf3,9496,Atque,4.25.9,0,1,658,10,,
b413307f-d5c0-42a0-b40e-9f9b4516eaf3,9497,interposuit,4.25.9,0,1,658,11,,
b413307f-d5c0-42a0-b40e-9f9b4516eaf3,9498,gemina,4.25.9,0,1,658,12,,
b413307f-d5c0-42a0-b40e-9f9b4516eaf3,9499,Ledae,4.25.9,1,1,658,13,,
b413307f-d5c0-42a0-b40e-9f9b4516eaf3,9500,sidera,4.25.9,0,1,658,14,,
b413307f-d5c0-42a0-b40e-9f9b4516eaf3,9501,",",4.25.9,,4,658,,,
b413307f-d5c0-42a0-b40e-9f9b4516eaf3,9502,Auctoritatem,4.25.10,0,1,658,15,,
b413307f-d5c0-42a0-b40e-9f9b4516eaf3,9503,similis,4.25.10,0,1,658,16,,
b413307f-d5c0-42a0-b40e-9f9b4516eaf3,9504,referens,4.25.10,0,1,658,17,,
b413307f-d5c0-42a0-b40e-9f9b4516eaf3,9505,gloriae,4.25.10,0,1,658,18,,
b413307f-d5c0-42a0-b40e-9f9b4516eaf3,9506,.,4.25.10,,4,658,,,
b413307f-d5c0-42a0-b40e-9f9b4516eaf3,9507,Opus,4.25.11,2,1,659,0,,
b413307f-d5c0-42a0-b40e-9f9b4516eaf3,9508,approbavit,4.25.11,0,1,659,1,,
b413307f-d5c0-42a0-b40e-9f9b4516eaf3,9509,;,4.25.11,,4,659,,,
b413307f-d5c0-42a0-b40e-9f9b4516eaf3,9510,sed,4.25.11,0,1,659,2,,
b413307f-d5c0-42a0-b40e-9f9b4516eaf3,9511,mercedis,4.25.11,0,1,659,3,,
b413307f-d5c0-42a0-b40e-9f9b4516eaf3,9512,tertiam,4.25.11,0,1,659,4,,
b413307f-d5c0-42a0-b40e-9f9b4516eaf3,9513,Accepit,4.25.12,0,1,659,5,,
b413307f-d5c0-42a0-b40e-9f9b4516eaf3,9514,partem,4.25.12,0,1,659,6,,
b413307f-d5c0-42a0-b40e-9f9b4516eaf3,9515,.,4.25.12,,4,659,,,
b413307f-d5c0-42a0-b40e-9f9b4516eaf3,9516,Cum,4.25.12,2,1,660,0,,
b413307f-d5c0-42a0-b40e-9f9b4516eaf3,9517,reliquum,4.25.12,0,1,660,1,,
b413307f-d5c0-42a0-b40e-9f9b4516eaf3,9518,posceret,4.25.12,0,1,660,2,,
b413307f-d5c0-42a0-b40e-9f9b4516eaf3,9519,:,4.25.12,,4,660,,,
b413307f-d5c0-42a0-b40e-9f9b4516eaf3,9520,Illi,4.25.13,0,1,660,3,,
b413307f-d5c0-42a0-b40e-9f9b4516eaf3,9521,inquit,4.25.13,0,1,660,4,,
b413307f-d5c0-42a0-b40e-9f9b4516eaf3,9522,reddent,4.25.13,0,1,660,5,,
b413307f-d5c0-42a0-b40e-9f9b4516eaf3,9523,quorum,4.25.13,0,1,660,6,,
b413307f-d5c0-42a0-b40e-9f9b4516eaf3,9524,sunt,4.25.13,0,1,660,7,,
b413307f-d5c0-42a0-b40e-9f9b4516eaf3,9525,laudis,4.25.13,0,1,660,8,,
b413307f-d5c0-42a0-b40e-9f9b4516eaf3,9526,duae,4.25.13,0,1,660,9,,
b413307f-d5c0-42a0-b40e-9f9b4516eaf3,9527,.,4.25.13,,4,660,,,
b413307f-d5c0-42a0-b40e-9f9b4516eaf3,9528,Verum,4.25.14,0,1,661,0,,
b413307f-d5c0-42a0-b40e-9f9b4516eaf3,9529,ut,4.25.14,0,1,661,1,,
b413307f-d5c0-42a0-b40e-9f9b4516eaf3,9530,ne,4.25.14,0,1,661,2,,
b413307f-d5c0-42a0-b40e-9f9b4516eaf3,9531,irate,4.25.14,0,1,661,3,,
b413307f-d5c0-42a0-b40e-9f9b4516eaf3,9532,te,4.25.14,0,1,661,4,,
b413307f-d5c0-42a0-b40e-9f9b4516eaf3,9533,dimissum,4.25.14,0,1,661,5,,
b413307f-d5c0-42a0-b40e-9f9b4516eaf3,9534,sentiant,4.25.14,0,1,661,6,,
b413307f-d5c0-42a0-b40e-9f9b4516eaf3,9535,",",4.25.14,,4,661,,,
b413307f-d5c0-42a0-b40e-9f9b4516eaf3,9536,Ad,4.25.15,0,1,661,7,,
b413307f-d5c0-42a0-b40e-9f9b4516eaf3,9537,cenam,4.25.15,0,1,661,8,,
b413307f-d5c0-42a0-b40e-9f9b4516eaf3,9538,mihi,4.25.15,0,1,661,9,,
b413307f-d5c0-42a0-b40e-9f9b4516eaf3,9539,promitte,4.25.15,0,1,661,10,,
b413307f-d5c0-42a0-b40e-9f9b4516eaf3,9540,;,4.25.15,,4,661,,,
b413307f-d5c0-42a0-b40e-9f9b4516eaf3,9541,cognatos,4.25.15,0,1,661,11,,
b413307f-d5c0-42a0-b40e-9f9b4516eaf3,9542,volo,4.25.15,0,1,661,12,,
b413307f-d5c0-42a0-b40e-9f9b4516eaf3,9543,Hodie,4.25.16,0,1,661,13,,
b413307f-d5c0-42a0-b40e-9f9b4516eaf3,9544,invitare,4.25.16,0,1,661,14,,
b413307f-d5c0-42a0-b40e-9f9b4516eaf3,9545,",",4.25.16,,4,661,,,
b413307f-d5c0-42a0-b40e-9f9b4516eaf3,9546,quorum,4.25.16,0,1,661,15,,
b413307f-d5c0-42a0-b40e-9f9b4516eaf3,9547,es,4.25.16,0,1,661,16,,
b413307f-d5c0-42a0-b40e-9f9b4516eaf3,9548,in,4.25.16,0,1,661,17,,
b413307f-d5c0-42a0-b40e-9f9b4516eaf3,9549,numero,4.25.16,0,1,661,18,,
b413307f-d5c0-42a0-b40e-9f9b4516eaf3,9550,mihi,4.25.16,0,1,661,19,,
b413307f-d5c0-42a0-b40e-9f9b4516eaf3,9551,.,4.25.16,,4,661,,,
b413307f-d5c0-42a0-b40e-9f9b4516eaf3,9552,Fraudatus,4.25.17,0,1,662,0,,
b413307f-d5c0-42a0-b40e-9f9b4516eaf3,9553,quamvis,4.25.17,0,1,662,1,,
b413307f-d5c0-42a0-b40e-9f9b4516eaf3,9554,et,4.25.17,0,1,662,2,,
b413307f-d5c0-42a0-b40e-9f9b4516eaf3,9555,dolens,4.25.17,0,1,662,3,,
b413307f-d5c0-42a0-b40e-9f9b4516eaf3,9556,iniuria,4.25.17,0,1,662,4,,
b413307f-d5c0-42a0-b40e-9f9b4516eaf3,9557,",",4.25.17,,4,662,,,
b413307f-d5c0-42a0-b40e-9f9b4516eaf3,9558,Ne,4.25.18,0,1,662,5,,
b413307f-d5c0-42a0-b40e-9f9b4516eaf3,9559,male,4.25.18,0,1,662,6,,
b413307f-d5c0-42a0-b40e-9f9b4516eaf3,9560,dimissam,4.25.18,0,1,662,7,,
b413307f-d5c0-42a0-b40e-9f9b4516eaf3,9561,gratiam,4.25.18,0,1,662,8,,
b413307f-d5c0-42a0-b40e-9f9b4516eaf3,9562,corrumperet,4.25.18,0,1,662,9,,
b413307f-d5c0-42a0-b40e-9f9b4516eaf3,9563,",",4.25.18,,4,662,,,
b413307f-d5c0-42a0-b40e-9f9b4516eaf3,9564,Promisit,4.25.19,0,1,662,10,,
b413307f-d5c0-42a0-b40e-9f9b4516eaf3,9565,.,4.25.19,,4,662,,,
b413307f-d5c0-42a0-b40e-9f9b4516eaf3,9566,Rediit,4.25.19,0,1,663,0,,
b413307f-d5c0-42a0-b40e-9f9b4516eaf3,9567,hora,4.25.19,0,1,663,1,,
b413307f-d5c0-42a0-b40e-9f9b4516eaf3,9568,dicta,4.25.19,0,1,663,2,,
b413307f-d5c0-42a0-b40e-9f9b4516eaf3,9569,",",4.25.19,,4,663,,,
b413307f-d5c0-42a0-b40e-9f9b4516eaf3,9570,recubuit,4.25.19,0,1,663,3,,
b413307f-d5c0-42a0-b40e-9f9b4516eaf3,9571,.,4.25.19,,4,663,,,
b413307f-d5c0-42a0-b40e-9f9b4516eaf3,9572,Splendebat,4.25.20,0,1,664,0,,
b413307f-d5c0-42a0-b40e-9f9b4516eaf3,9573,hilare,4.25.20,0,1,664,1,,
b413307f-d5c0-42a0-b40e-9f9b4516eaf3,9574,poculis,4.25.20,0,1,664,2,,
b413307f-d5c0-42a0-b40e-9f9b4516eaf3,9575,convivium,4.25.20,0,1,664,3,,
b413307f-d5c0-42a0-b40e-9f9b4516eaf3,9576,",",4.25.20,,4,664,,,
b413307f-d5c0-42a0-b40e-9f9b4516eaf3,9577,Magno,4.25.21,2,1,664,4,,
b413307f-d5c0-42a0-b40e-9f9b4516eaf3,9578,apparatu,4.25.21,0,1,664,5,,
b413307f-d5c0-42a0-b40e-9f9b4516eaf3,9579,laeta,4.25.21,0,1,664,6,,
b413307f-d5c0-42a0-b40e-9f9b4516eaf3,9580,resonabat,4.25.21,0,1,664,7,,
b413307f-d5c0-42a0-b40e-9f9b4516eaf3,9581,domus,4.25.21,0,1,664,8,,
b413307f-d5c0-42a0-b40e-9f9b4516eaf3,9582,",",4.25.21,,4,664,,,
b413307f-d5c0-42a0-b40e-9f9b4516eaf3,9583,Repente,4.25.22,0,1,664,9,,
b413307f-d5c0-42a0-b40e-9f9b4516eaf3,9584,duo,4.25.22,0,1,664,10,,
b413307f-d5c0-42a0-b40e-9f9b4516eaf3,9585,cum,4.25.22,0,1,664,11,,
b413307f-d5c0-42a0-b40e-9f9b4516eaf3,9586,iuvenes,4.25.22,0,1,664,12,,
b413307f-d5c0-42a0-b40e-9f9b4516eaf3,9587,sparsi,4.25.22,0,1,664,13,,
b413307f-d5c0-42a0-b40e-9f9b4516eaf3,9588,pulvere,4.25.22,0,1,664,14,,
b413307f-d5c0-42a0-b40e-9f9b4516eaf3,9589,",",4.25.22,,4,664,,,
b413307f-d5c0-42a0-b40e-9f9b4516eaf3,9590,Sudore,4.25.23,0,1,664,15,,
b413307f-d5c0-42a0-b40e-9f9b4516eaf3,9591,multo,4.25.23,0,1,664,16,,
b413307f-d5c0-42a0-b40e-9f9b4516eaf3,9592,diffluentes,4.25.23,0,1,664,17,,
b413307f-d5c0-42a0-b40e-9f9b4516eaf3,9593,corpora,4.25.23,0,1,664,18,,
b413307f-d5c0-42a0-b40e-9f9b4516eaf3,9594,",",4.25.23,,4,664,,,
b413307f-d5c0-42a0-b40e-9f9b4516eaf3,9595,Humanam,4.25.24,0,1,664,19,,
b413307f-d5c0-42a0-b40e-9f9b4516eaf3,9596,supra,4.25.24,0,1,664,20,,
b413307f-d5c0-42a0-b40e-9f9b4516eaf3,9597,formam,4.25.24,0,1,664,21,,
b413307f-d5c0-42a0-b40e-9f9b4516eaf3,9598,",",4.25.24,,4,664,,,
b413307f-d5c0-42a0-b40e-9f9b4516eaf3,9599,cuidam,4.25.24,0,1,664,22,,
b413307f-d5c0-42a0-b40e-9f9b4516eaf3,9600,servulo,4.25.24,0,1,664,23,,
b413307f-d5c0-42a0-b40e-9f9b4516eaf3,9601,Mandant,4.25.25,0,1,664,24,,
b413307f-d5c0-42a0-b40e-9f9b4516eaf3,9602,ut,4.25.25,0,1,664,25,,
b413307f-d5c0-42a0-b40e-9f9b4516eaf3,9603,ad,4.25.25,0,1,664,26,,
b413307f-d5c0-42a0-b40e-9f9b4516eaf3,9604,se,4.25.25,0,1,664,27,,
b413307f-d5c0-42a0-b40e-9f9b4516eaf3,9605,provocet,4.25.25,0,1,664,28,,
b413307f-d5c0-42a0-b40e-9f9b4516eaf3,9606,Simonidem,4.25.25,1,1,664,29,,
b413307f-d5c0-42a0-b40e-9f9b4516eaf3,9607,;,4.25.25,,4,664,,,
b413307f-d5c0-42a0-b40e-9f9b4516eaf3,9608,Illius,4.25.26,0,1,664,30,,
b413307f-d5c0-42a0-b40e-9f9b4516eaf3,9609,interesse,4.25.26,0,1,664,31,,
b413307f-d5c0-42a0-b40e-9f9b4516eaf3,9610,",",4.25.26,,4,664,,,
b413307f-d5c0-42a0-b40e-9f9b4516eaf3,9611,ne,4.25.26,0,1,664,32,,
b413307f-d5c0-42a0-b40e-9f9b4516eaf3,9612,faciat,4.25.26,0,1,664,33,,
b413307f-d5c0-42a0-b40e-9f9b4516eaf3,9613,moram,4.25.26,0,1,664,34,,
b413307f-d5c0-42a0-b40e-9f9b4516eaf3,9614,.,4.25.26,,4,664,,,
b413307f-d5c0-42a0-b40e-9f9b4516eaf3,9615,Homo,4.25.27,0,1,665,0,,
b413307f-d5c0-42a0-b40e-9f9b4516eaf3,9616,perturbatus,4.25.27,0,1,665,1,,
b413307f-d5c0-42a0-b40e-9f9b4516eaf3,9617,excitat,4.25.27,0,1,665,2,,
b413307f-d5c0-42a0-b40e-9f9b4516eaf3,9618,Simonidem,4.25.27,1,1,665,3,,
b413307f-d5c0-42a0-b40e-9f9b4516eaf3,9619,.,4.25.27,,4,665,,,
b413307f-d5c0-42a0-b40e-9f9b4516eaf3,9620,Unum,4.25.28,0,1,666,0,,
b413307f-d5c0-42a0-b40e-9f9b4516eaf3,9621,promorat,4.25.28,,1,666,1,,
b413307f-d5c0-42a0-b40e-9f9b4516eaf3,9622,vix,4.25.28,0,1,666,2,,
b413307f-d5c0-42a0-b40e-9f9b4516eaf3,9623,pedem,4.25.28,0,1,666,3,,
b413307f-d5c0-42a0-b40e-9f9b4516eaf3,9624,triclinio,4.25.28,0,1,666,4,,
b413307f-d5c0-42a0-b40e-9f9b4516eaf3,9625,",",4.25.28,,4,666,,,
b413307f-d5c0-42a0-b40e-9f9b4516eaf3,9626,Ruina,4.25.29,0,1,666,5,,
b413307f-d5c0-42a0-b40e-9f9b4516eaf3,9627,camerae,4.25.29,0,1,666,6,,
b413307f-d5c0-42a0-b40e-9f9b4516eaf3,9628,subito,4.25.29,0,1,666,7,,
b413307f-d5c0-42a0-b40e-9f9b4516eaf3,9629,oppressit,4.25.29,0,1,666,8,,
b413307f-d5c0-42a0-b40e-9f9b4516eaf3,9630,ceteros,4.25.29,0,1,666,9,,
b413307f-d5c0-42a0-b40e-9f9b4516eaf3,9631,;,4.25.29,,4,666,,,
b413307f-d5c0-42a0-b40e-9f9b4516eaf3,9632,Nec,4.25.30,0,1,666,10,,
b413307f-d5c0-42a0-b40e-9f9b4516eaf3,9633,ulli,4.25.30,0,1,666,11,,
b413307f-d5c0-42a0-b40e-9f9b4516eaf3,9634,iuvenes,4.25.30,0,1,666,12,,
b413307f-d5c0-42a0-b40e-9f9b4516eaf3,9635,sunt,4.25.30,0,1,666,13,,
b413307f-d5c0-42a0-b40e-9f9b4516eaf3,9636,reperti,4.25.30,0,1,666,14,,
b413307f-d5c0-42a0-b40e-9f9b4516eaf3,9637,ad,4.25.30,0,1,666,15,,
b413307f-d5c0-42a0-b40e-9f9b4516eaf3,9638,ianuam,4.25.30,0,1,666,16,,
b413307f-d5c0-42a0-b40e-9f9b4516eaf3,9639,.,4.25.30,,4,666,,,
b413307f-d5c0-42a0-b40e-9f9b4516eaf3,9640,Ut,4.25.31,0,1,667,0,,
b413307f-d5c0-42a0-b40e-9f9b4516eaf3,9641,est,4.25.31,0,1,667,1,,
b413307f-d5c0-42a0-b40e-9f9b4516eaf3,9642,vulgatus,4.25.31,0,1,667,2,,
b413307f-d5c0-42a0-b40e-9f9b4516eaf3,9643,ordo,4.25.31,0,1,667,3,,
b413307f-d5c0-42a0-b40e-9f9b4516eaf3,9644,narratae,4.25.31,0,1,667,4,,
b413307f-d5c0-42a0-b40e-9f9b4516eaf3,9645,rei,4.25.31,0,1,667,5,,
b413307f-d5c0-42a0-b40e-9f9b4516eaf3,9646,",",4.25.31,,4,667,,,
b413307f-d5c0-42a0-b40e-9f9b4516eaf3,9647,Omnes,4.25.32,0,1,667,6,,
b413307f-d5c0-42a0-b40e-9f9b4516eaf3,9648,scierunt,4.25.32,0,1,667,7,,
b413307f-d5c0-42a0-b40e-9f9b4516eaf3,9649,numinum,4.25.32,0,1,667,8,,
b413307f-d5c0-42a0-b40e-9f9b4516eaf3,9650,praesentiam,4.25.32,0,1,667,9,,
b413307f-d5c0-42a0-b40e-9f9b4516eaf3,9651,Vati,4.25.33,0,1,667,10,,
b413307f-d5c0-42a0-b40e-9f9b4516eaf3,9652,dedisse,4.25.33,0,1,667,11,,
b413307f-d5c0-42a0-b40e-9f9b4516eaf3,9653,vitam,4.25.33,0,1,667,12,,
b413307f-d5c0-42a0-b40e-9f9b4516eaf3,9654,mercedis,4.25.33,0,1,667,13,,
b413307f-d5c0-42a0-b40e-9f9b4516eaf3,9655,loco,4.25.33,0,1,667,14,,
b413307f-d5c0-42a0-b40e-9f9b4516eaf3,9656,.,4.25.33,,4,667,,,
b413307f-d5c0-42a0-b40e-9f9b4516eaf3,9657,Poeta,4.epilogus,0,1,668,0,,
b413307f-d5c0-42a0-b40e-9f9b4516eaf3,9658,ad,4.epilogus,0,1,668,1,,
b413307f-d5c0-42a0-b40e-9f9b4516eaf3,9659,Particulonem,4.epilogus,0,1,668,2,,
b413307f-d5c0-42a0-b40e-9f9b4516eaf3,9660,.,4.epilogus,,4,668,,,
b413307f-d5c0-42a0-b40e-9f9b4516eaf3,9661,Adhuc,4.epilogus.1,0,1,669,0,,
b413307f-d5c0-42a0-b40e-9f9b4516eaf3,9662,supersunt,4.epilogus.1,0,1,669,1,,
b413307f-d5c0-42a0-b40e-9f9b4516eaf3,9663,multa,4.epilogus.1,0,1,669,2,,
b413307f-d5c0-42a0-b40e-9f9b4516eaf3,9664,quae,4.epilogus.1,0,1,669,3,,
b413307f-d5c0-42a0-b40e-9f9b4516eaf3,9665,possim,4.epilogus.1,0,1,669,4,,
b413307f-d5c0-42a0-b40e-9f9b4516eaf3,9666,loqui,4.epilogus.1,0,1,669,5,,
b413307f-d5c0-42a0-b40e-9f9b4516eaf3,9667,",",4.epilogus.1,,4,669,,,
b413307f-d5c0-42a0-b40e-9f9b4516eaf3,9668,Et,4.epilogus.2,0,1,669,6,,
b413307f-d5c0-42a0-b40e-9f9b4516eaf3,9669,copiosa,4.epilogus.2,0,1,669,7,,
b413307f-d5c0-42a0-b40e-9f9b4516eaf3,9670,abundat,4.epilogus.2,0,1,669,8,,
b413307f-d5c0-42a0-b40e-9f9b4516eaf3,9671,rerum,4.epilogus.2,0,1,669,9,,
b413307f-d5c0-42a0-b40e-9f9b4516eaf3,9672,varietas,4.epilogus.2,0,1,669,10,,
b413307f-d5c0-42a0-b40e-9f9b4516eaf3,9673,;,4.epilogus.2,,4,669,,,
b413307f-d5c0-42a0-b40e-9f9b4516eaf3,9674,Sed,4.epilogus.3,0,1,669,11,,
b413307f-d5c0-42a0-b40e-9f9b4516eaf3,9675,temperatae,4.epilogus.3,0,1,669,12,,
b413307f-d5c0-42a0-b40e-9f9b4516eaf3,9676,suaves,4.epilogus.3,0,1,669,13,,
b413307f-d5c0-42a0-b40e-9f9b4516eaf3,9677,sunt,4.epilogus.3,0,1,669,14,,
b413307f-d5c0-42a0-b40e-9f9b4516eaf3,9678,argutiae,4.epilogus.3,0,1,669,15,,
b413307f-d5c0-42a0-b40e-9f9b4516eaf3,9679,",",4.epilogus.3,,4,669,,,
b413307f-d5c0-42a0-b40e-9f9b4516eaf3,9680,Immodicae,4.epilogus.4,0,1,669,16,,
b413307f-d5c0-42a0-b40e-9f9b4516eaf3,9681,offendunt,4.epilogus.4,0,1,669,17,,
b413307f-d5c0-42a0-b40e-9f9b4516eaf3,9682,.,4.epilogus.4,,4,669,,,
b413307f-d5c0-42a0-b40e-9f9b4516eaf3,9683,Quare,4.epilogus.4,0,1,670,0,,
b413307f-d5c0-42a0-b40e-9f9b4516eaf3,9684,",",4.epilogus.4,,4,670,,,
b413307f-d5c0-42a0-b40e-9f9b4516eaf3,9685,vir,4.epilogus.4,0,1,670,1,,
b413307f-d5c0-42a0-b40e-9f9b4516eaf3,9686,sanctissime,4.epilogus.4,0,1,670,2,,
b413307f-d5c0-42a0-b40e-9f9b4516eaf3,9687,",",4.epilogus.4,,4,670,,,
b413307f-d5c0-42a0-b40e-9f9b4516eaf3,9688,Particulo,4.epilogus.5,0,1,670,3,,
b413307f-d5c0-42a0-b40e-9f9b4516eaf3,9689,",",4.epilogus.5,,4,670,,,
b413307f-d5c0-42a0-b40e-9f9b4516eaf3,9690,chartis,4.epilogus.5,0,1,670,4,,
b413307f-d5c0-42a0-b40e-9f9b4516eaf3,9691,nomen,4.epilogus.5,0,1,670,5,,
b413307f-d5c0-42a0-b40e-9f9b4516eaf3,9692,victurum,4.epilogus.5,0,1,670,6,,
b413307f-d5c0-42a0-b40e-9f9b4516eaf3,9693,meis,4.epilogus.5,0,1,670,7,,
b413307f-d5c0-42a0-b40e-9f9b4516eaf3,9694,Latinis,4.epilogus.6,1,1,670,8,,
b413307f-d5c0-42a0-b40e-9f9b4516eaf3,9695,dum,4.epilogus.6,0,1,670,9,,
b413307f-d5c0-42a0-b40e-9f9b4516eaf3,9696,manebit,4.epilogus.6,0,1,670,10,,
b413307f-d5c0-42a0-b40e-9f9b4516eaf3,9697,pretium,4.epilogus.6,0,1,670,11,,
b413307f-d5c0-42a0-b40e-9f9b4516eaf3,9698,litteris,4.epilogus.6,0,1,670,12,,
b413307f-d5c0-42a0-b40e-9f9b4516eaf3,9699,",",4.epilogus.6,,4,670,,,
b413307f-d5c0-42a0-b40e-9f9b4516eaf3,9700,Si,4.epilogus.7,0,1,670,13,,
b413307f-d5c0-42a0-b40e-9f9b4516eaf3,9701,non,4.epilogus.7,0,1,670,14,,
b413307f-d5c0-42a0-b40e-9f9b4516eaf3,9702,ingenium,4.epilogus.7,0,1,670,15,,
b413307f-d5c0-42a0-b40e-9f9b4516eaf3,9703,",",4.epilogus.7,,4,670,,,
b413307f-d5c0-42a0-b40e-9f9b4516eaf3,9704,certe,4.epilogus.7,0,1,670,16,,
b413307f-d5c0-42a0-b40e-9f9b4516eaf3,9705,brevitatem,4.epilogus.7,0,1,670,17,,
b413307f-d5c0-42a0-b40e-9f9b4516eaf3,9706,approba,4.epilogus.7,0,1,670,18,,
b413307f-d5c0-42a0-b40e-9f9b4516eaf3,9707,",",4.epilogus.7,,4,670,,,
b413307f-d5c0-42a0-b40e-9f9b4516eaf3,9708,Quae,4.epilogus.8,0,1,670,19,,
b413307f-d5c0-42a0-b40e-9f9b4516eaf3,9709,commendari,4.epilogus.8,0,1,670,20,,
b413307f-d5c0-42a0-b40e-9f9b4516eaf3,9710,tanto,4.epilogus.8,0,1,670,21,,
b413307f-d5c0-42a0-b40e-9f9b4516eaf3,9711,debet,4.epilogus.8,0,1,670,22,,
b413307f-d5c0-42a0-b40e-9f9b4516eaf3,9712,iustius,4.epilogus.8,0,1,670,23,,
b413307f-d5c0-42a0-b40e-9f9b4516eaf3,9713,Quanto,4.epilogus.9,0,1,670,24,,
b413307f-d5c0-42a0-b40e-9f9b4516eaf3,9714,poetae,4.epilogus.9,0,1,670,25,,
b413307f-d5c0-42a0-b40e-9f9b4516eaf3,9715,sunt,4.epilogus.9,0,1,670,26,,
b413307f-d5c0-42a0-b40e-9f9b4516eaf3,9716,molesti,4.epilogus.9,0,1,670,27,,
b413307f-d5c0-42a0-b40e-9f9b4516eaf3,9717,validius,4.epilogus.9,0,1,670,28,,
b413307f-d5c0-42a0-b40e-9f9b4516eaf3,9718,.,4.epilogus.9,,4,670,,,
b413307f-d5c0-42a0-b40e-9f9b4516eaf3,9719,Liber,5,2,1,671,0,,
b413307f-d5c0-42a0-b40e-9f9b4516eaf3,9720,Quintus,5,2,1,671,1,,
b413307f-d5c0-42a0-b40e-9f9b4516eaf3,9721,Idem,5.prologus,2,1,672,0,,
b413307f-d5c0-42a0-b40e-9f9b4516eaf3,9722,poeta,5.prologus,0,1,672,1,,
b413307f-d5c0-42a0-b40e-9f9b4516eaf3,9723,.,5.prologus,,4,672,,,
b413307f-d5c0-42a0-b40e-9f9b4516eaf3,9724,Aesopi,5.prologus.1,1,1,673,0,,
b413307f-d5c0-42a0-b40e-9f9b4516eaf3,9725,nomen,5.prologus.1,0,1,673,1,,
b413307f-d5c0-42a0-b40e-9f9b4516eaf3,9726,sicubi,5.prologus.1,0,1,673,2,,
b413307f-d5c0-42a0-b40e-9f9b4516eaf3,9727,interposuero,5.prologus.1,0,1,673,3,,
b413307f-d5c0-42a0-b40e-9f9b4516eaf3,9728,",",5.prologus.1,,4,673,,,
b413307f-d5c0-42a0-b40e-9f9b4516eaf3,9729,Cui,5.prologus.2,0,1,673,4,,
b413307f-d5c0-42a0-b40e-9f9b4516eaf3,9730,reddidi,5.prologus.2,0,1,673,5,,
b413307f-d5c0-42a0-b40e-9f9b4516eaf3,9731,iam,5.prologus.2,0,1,673,6,,
b413307f-d5c0-42a0-b40e-9f9b4516eaf3,9732,pridem,5.prologus.2,0,1,673,7,,
b413307f-d5c0-42a0-b40e-9f9b4516eaf3,9733,quicquid,5.prologus.2,0,1,673,8,,
b413307f-d5c0-42a0-b40e-9f9b4516eaf3,9734,debui,5.prologus.2,0,1,673,9,,
b413307f-d5c0-42a0-b40e-9f9b4516eaf3,9735,",",5.prologus.2,,4,673,,,
b413307f-d5c0-42a0-b40e-9f9b4516eaf3,9736,Auctoritatis,5.prologus.3,0,1,673,10,,
b413307f-d5c0-42a0-b40e-9f9b4516eaf3,9737,esse,5.prologus.3,0,1,673,11,,
b413307f-d5c0-42a0-b40e-9f9b4516eaf3,9738,scito,5.prologus.3,0,1,673,12,,
b413307f-d5c0-42a0-b40e-9f9b4516eaf3,9739,gratia,5.prologus.3,0,1,673,13,,
b413307f-d5c0-42a0-b40e-9f9b4516eaf3,9740,:,5.prologus.3,,4,673,,,
b413307f-d5c0-42a0-b40e-9f9b4516eaf3,9741,Ut,5.prologus.4,0,1,673,14,,
b413307f-d5c0-42a0-b40e-9f9b4516eaf3,9742,quidam,5.prologus.4,0,1,673,15,,
b413307f-d5c0-42a0-b40e-9f9b4516eaf3,9743,artifices,5.prologus.4,0,1,673,16,,
b413307f-d5c0-42a0-b40e-9f9b4516eaf3,9744,nostro,5.prologus.4,0,1,673,17,,
b413307f-d5c0-42a0-b40e-9f9b4516eaf3,9745,faciunt,5.prologus.4,0,1,673,18,,
b413307f-d5c0-42a0-b40e-9f9b4516eaf3,9746,saeculo,5.prologus.4,0,1,673,19,,
b413307f-d5c0-42a0-b40e-9f9b4516eaf3,9747,",",5.prologus.4,,4,673,,,
b413307f-d5c0-42a0-b40e-9f9b4516eaf3,9748,Qui,5.prologus.5,0,1,673,20,,
b413307f-d5c0-42a0-b40e-9f9b4516eaf3,9749,pretium,5.prologus.5,0,1,673,21,,
b413307f-d5c0-42a0-b40e-9f9b4516eaf3,9750,operibus,5.prologus.5,0,1,673,22,,
b413307f-d5c0-42a0-b40e-9f9b4516eaf3,9751,maius,5.prologus.5,0,1,673,23,,
b413307f-d5c0-42a0-b40e-9f9b4516eaf3,9752,inveniunt,5.prologus.5,0,1,673,24,,
b413307f-d5c0-42a0-b40e-9f9b4516eaf3,9753,novis,5.prologus.5,0,1,673,25,,
b413307f-d5c0-42a0-b40e-9f9b4516eaf3,9754,",",5.prologus.5,,4,673,,,
b413307f-d5c0-42a0-b40e-9f9b4516eaf3,9755,Si,5.prologus.6,0,1,673,26,,
b413307f-d5c0-42a0-b40e-9f9b4516eaf3,9756,marmori,5.prologus.6,0,1,673,27,,
b413307f-d5c0-42a0-b40e-9f9b4516eaf3,9757,ascripserunt,5.prologus.6,0,1,673,28,,
b413307f-d5c0-42a0-b40e-9f9b4516eaf3,9758,Praxitelen,5.prologus.6,1,1,673,29,,
b413307f-d5c0-42a0-b40e-9f9b4516eaf3,9759,suo,5.prologus.6,0,1,673,30,,
b413307f-d5c0-42a0-b40e-9f9b4516eaf3,9760,",",5.prologus.6,,4,673,,,
b413307f-d5c0-42a0-b40e-9f9b4516eaf3,9761,Trito,5.prologus.7,0,1,673,31,,
b413307f-d5c0-42a0-b40e-9f9b4516eaf3,9762,Myronem,5.prologus.7,1,1,673,32,,
b413307f-d5c0-42a0-b40e-9f9b4516eaf3,9763,argento,5.prologus.7,0,1,673,33,,
b413307f-d5c0-42a0-b40e-9f9b4516eaf3,9764,",",5.prologus.7,,4,673,,,
b413307f-d5c0-42a0-b40e-9f9b4516eaf3,9765,tabulae,5.prologus.7,0,1,673,34,,
b413307f-d5c0-42a0-b40e-9f9b4516eaf3,9766,Zeuxidem,5.prologus.7,1,1,673,35,,
b413307f-d5c0-42a0-b40e-9f9b4516eaf3,9767,.,5.prologus.7,,4,673,,,
b413307f-d5c0-42a0-b40e-9f9b4516eaf3,9768,Adeo,5.prologus.8,0,1,674,0,,
b413307f-d5c0-42a0-b40e-9f9b4516eaf3,9769,fucatae,5.prologus.8,0,1,674,1,,
b413307f-d5c0-42a0-b40e-9f9b4516eaf3,9770,plus,5.prologus.8,0,1,674,2,,
b413307f-d5c0-42a0-b40e-9f9b4516eaf3,9771,vetustati,5.prologus.8,0,1,674,3,,
b413307f-d5c0-42a0-b40e-9f9b4516eaf3,9772,favet,5.prologus.8,0,1,674,4,,
b413307f-d5c0-42a0-b40e-9f9b4516eaf3,9773,Invidia,5.prologus.9,0,1,674,5,,
b413307f-d5c0-42a0-b40e-9f9b4516eaf3,9774,mordax,5.prologus.9,0,1,674,6,,
b413307f-d5c0-42a0-b40e-9f9b4516eaf3,9775,quam,5.prologus.9,0,1,674,7,,
b413307f-d5c0-42a0-b40e-9f9b4516eaf3,9776,bonis,5.prologus.9,0,1,674,8,,
b413307f-d5c0-42a0-b40e-9f9b4516eaf3,9777,praesentibus,5.prologus.9,0,1,674,9,,
b413307f-d5c0-42a0-b40e-9f9b4516eaf3,9778,.,5.prologus.9,,4,674,,,
b413307f-d5c0-42a0-b40e-9f9b4516eaf3,9779,Sed,5.prologus.10,0,1,675,0,,
b413307f-d5c0-42a0-b40e-9f9b4516eaf3,9780,iam,5.prologus.10,0,1,675,1,,
b413307f-d5c0-42a0-b40e-9f9b4516eaf3,9781,ad,5.prologus.10,0,1,675,2,,
b413307f-d5c0-42a0-b40e-9f9b4516eaf3,9782,fabellam,5.prologus.10,0,1,675,3,,
b413307f-d5c0-42a0-b40e-9f9b4516eaf3,9783,talis,5.prologus.10,0,1,675,4,,
b413307f-d5c0-42a0-b40e-9f9b4516eaf3,9784,exempli,5.prologus.10,0,1,675,5,,
b413307f-d5c0-42a0-b40e-9f9b4516eaf3,9785,feror,5.prologus.10,0,1,675,6,,
b413307f-d5c0-42a0-b40e-9f9b4516eaf3,9786,.,5.prologus.10,,4,675,,,
b413307f-d5c0-42a0-b40e-9f9b4516eaf3,9787,Demetrius,5.1,1,1,676,0,,
b413307f-d5c0-42a0-b40e-9f9b4516eaf3,9788,rex,5.1,0,1,676,1,,
b413307f-d5c0-42a0-b40e-9f9b4516eaf3,9789,et,5.1,0,1,676,2,,
b413307f-d5c0-42a0-b40e-9f9b4516eaf3,9790,Menander,5.1,1,1,676,3,,
b413307f-d5c0-42a0-b40e-9f9b4516eaf3,9791,poeta,5.1,0,1,676,4,,
b413307f-d5c0-42a0-b40e-9f9b4516eaf3,9792,:,5.1,,4,676,,,
b413307f-d5c0-42a0-b40e-9f9b4516eaf3,9793,Quomodo,5.1,0,1,676,5,,
b413307f-d5c0-42a0-b40e-9f9b4516eaf3,9794,saepe,5.1,0,1,676,6,,
b413307f-d5c0-42a0-b40e-9f9b4516eaf3,9795,fallatur,5.1,0,1,676,7,,
b413307f-d5c0-42a0-b40e-9f9b4516eaf3,9796,hominum,5.1,0,1,676,8,,
b413307f-d5c0-42a0-b40e-9f9b4516eaf3,9797,iudicium,5.1,0,1,676,9,,
b413307f-d5c0-42a0-b40e-9f9b4516eaf3,9798,.,5.1,,4,676,,,
b413307f-d5c0-42a0-b40e-9f9b4516eaf3,9799,Demetrius,5.1.1,1,1,677,0,,
b413307f-d5c0-42a0-b40e-9f9b4516eaf3,9800,qui,5.1.1,0,1,677,1,,
b413307f-d5c0-42a0-b40e-9f9b4516eaf3,9801,dictus,5.1.1,0,1,677,2,,
b413307f-d5c0-42a0-b40e-9f9b4516eaf3,9802,est,5.1.1,0,1,677,3,,
b413307f-d5c0-42a0-b40e-9f9b4516eaf3,9803,Phalereus,5.1.1,1,1,677,4,,
b413307f-d5c0-42a0-b40e-9f9b4516eaf3,9804,",",5.1.1,,4,677,,,
b413307f-d5c0-42a0-b40e-9f9b4516eaf3,9805,Athenas,5.1.2,1,1,677,5,,
b413307f-d5c0-42a0-b40e-9f9b4516eaf3,9806,occupavit,5.1.2,0,1,677,6,,
b413307f-d5c0-42a0-b40e-9f9b4516eaf3,9807,imperio,5.1.2,0,1,677,7,,
b413307f-d5c0-42a0-b40e-9f9b4516eaf3,9808,improbo,5.1.2,0,1,677,8,,
b413307f-d5c0-42a0-b40e-9f9b4516eaf3,9809,.,5.1.2,,4,677,,,
b413307f-d5c0-42a0-b40e-9f9b4516eaf3,9810,Ut,5.1.3,0,1,678,0,,
b413307f-d5c0-42a0-b40e-9f9b4516eaf3,9811,mos,5.1.3,0,1,678,1,,
b413307f-d5c0-42a0-b40e-9f9b4516eaf3,9812,est,5.1.3,0,1,678,2,,
b413307f-d5c0-42a0-b40e-9f9b4516eaf3,9813,vulgi,5.1.3,0,1,678,3,,
b413307f-d5c0-42a0-b40e-9f9b4516eaf3,9814,",",5.1.3,,4,678,,,
b413307f-d5c0-42a0-b40e-9f9b4516eaf3,9815,passim,5.1.3,0,1,678,4,,
b413307f-d5c0-42a0-b40e-9f9b4516eaf3,9816,et,5.1.3,0,1,678,5,,
b413307f-d5c0-42a0-b40e-9f9b4516eaf3,9817,certatim,5.1.3,0,1,678,6,,
b413307f-d5c0-42a0-b40e-9f9b4516eaf3,9818,ruit,5.1.3,0,1,678,7,,
b413307f-d5c0-42a0-b40e-9f9b4516eaf3,9819,",",5.1.3,,4,678,,,
b413307f-d5c0-42a0-b40e-9f9b4516eaf3,9820,"""",5.1.4,,4,678,,,
b413307f-d5c0-42a0-b40e-9f9b4516eaf3,9821,Feliciter,5.1.4,0,1,678,8,,
b413307f-d5c0-42a0-b40e-9f9b4516eaf3,9822,!,5.1.4,,4,678,,,
b413307f-d5c0-42a0-b40e-9f9b4516eaf3,9823,"""",5.1.4,,4,679,,,
b413307f-d5c0-42a0-b40e-9f9b4516eaf3,9824,succlamans,5.1.4,0,1,679,0,,
b413307f-d5c0-42a0-b40e-9f9b4516eaf3,9825,.,5.1.4,,4,679,,,
b413307f-d5c0-42a0-b40e-9f9b4516eaf3,9826,Ipsi,5.1.4,0,1,680,0,,
b413307f-d5c0-42a0-b40e-9f9b4516eaf3,9827,principes,5.1.4,0,1,680,1,,
b413307f-d5c0-42a0-b40e-9f9b4516eaf3,9828,Illam,5.1.5,0,1,680,2,,
b413307f-d5c0-42a0-b40e-9f9b4516eaf3,9829,osculantur,5.1.5,0,1,680,3,,
b413307f-d5c0-42a0-b40e-9f9b4516eaf3,9830,",",5.1.5,,4,680,,,
b413307f-d5c0-42a0-b40e-9f9b4516eaf3,9831,qua,5.1.5,0,1,680,4,,
b413307f-d5c0-42a0-b40e-9f9b4516eaf3,9832,sunt,5.1.5,0,1,680,5,,
b413307f-d5c0-42a0-b40e-9f9b4516eaf3,9833,oppressi,5.1.5,0,1,680,6,,
b413307f-d5c0-42a0-b40e-9f9b4516eaf3,9834,",",5.1.5,,4,680,,,
b413307f-d5c0-42a0-b40e-9f9b4516eaf3,9835,manum,5.1.5,0,1,680,7,,
b413307f-d5c0-42a0-b40e-9f9b4516eaf3,9836,",",5.1.5,,4,680,,,
b413307f-d5c0-42a0-b40e-9f9b4516eaf3,9837,Tacite,5.1.6,2,1,680,8,,
b413307f-d5c0-42a0-b40e-9f9b4516eaf3,9838,gementes,5.1.6,0,1,680,9,,
b413307f-d5c0-42a0-b40e-9f9b4516eaf3,9839,tristem,5.1.6,0,1,680,10,,
b413307f-d5c0-42a0-b40e-9f9b4516eaf3,9840,fortunae,5.1.6,0,1,680,11,,
b413307f-d5c0-42a0-b40e-9f9b4516eaf3,9841,vicem,5.1.6,0,1,680,12,,
b413307f-d5c0-42a0-b40e-9f9b4516eaf3,9842,.,5.1.6,,4,680,,,
b413307f-d5c0-42a0-b40e-9f9b4516eaf3,9843,Quin,5.1.7,0,1,681,0,,
b413307f-d5c0-42a0-b40e-9f9b4516eaf3,9844,etiam,5.1.7,0,1,681,1,,
b413307f-d5c0-42a0-b40e-9f9b4516eaf3,9845,resides,5.1.7,0,1,681,2,,
b413307f-d5c0-42a0-b40e-9f9b4516eaf3,9846,et,5.1.7,0,1,681,3,,
b413307f-d5c0-42a0-b40e-9f9b4516eaf3,9847,sequentes,5.1.7,0,1,681,4,,
b413307f-d5c0-42a0-b40e-9f9b4516eaf3,9848,otium,5.1.7,0,1,681,5,,
b413307f-d5c0-42a0-b40e-9f9b4516eaf3,9849,",",5.1.7,,4,681,,,
b413307f-d5c0-42a0-b40e-9f9b4516eaf3,9850,Ni,5.1.8,0,1,681,6,,
b413307f-d5c0-42a0-b40e-9f9b4516eaf3,9851,defuisse,5.1.8,0,1,681,7,,
b413307f-d5c0-42a0-b40e-9f9b4516eaf3,9852,noceat,5.1.8,0,1,681,8,,
b413307f-d5c0-42a0-b40e-9f9b4516eaf3,9853,",",5.1.8,,4,681,,,
b413307f-d5c0-42a0-b40e-9f9b4516eaf3,9854,repunt,5.1.8,0,1,681,9,,
b413307f-d5c0-42a0-b40e-9f9b4516eaf3,9855,ultimi,5.1.8,0,1,681,10,,
b413307f-d5c0-42a0-b40e-9f9b4516eaf3,9856,;,5.1.8,,4,681,,,
b413307f-d5c0-42a0-b40e-9f9b4516eaf3,9857,In,5.1.9,0,1,681,11,,
b413307f-d5c0-42a0-b40e-9f9b4516eaf3,9858,quis,5.1.9,0,1,681,12,,
b413307f-d5c0-42a0-b40e-9f9b4516eaf3,9859,Menander,5.1.9,1,1,681,13,,
b413307f-d5c0-42a0-b40e-9f9b4516eaf3,9860,",",5.1.9,,4,681,,,
b413307f-d5c0-42a0-b40e-9f9b4516eaf3,9861,nobilis,5.1.9,0,1,681,14,,
b413307f-d5c0-42a0-b40e-9f9b4516eaf3,9862,comoediis,5.1.9,0,1,681,15,,
b413307f-d5c0-42a0-b40e-9f9b4516eaf3,9863,Quas,5.1.10,0,1,681,16,,
b413307f-d5c0-42a0-b40e-9f9b4516eaf3,9864,",",5.1.10,,4,681,,,
b413307f-d5c0-42a0-b40e-9f9b4516eaf3,9865,ipsum,5.1.10,0,1,681,17,,
b413307f-d5c0-42a0-b40e-9f9b4516eaf3,9866,ignorans,5.1.10,0,1,681,18,,
b413307f-d5c0-42a0-b40e-9f9b4516eaf3,9867,",",5.1.10,,4,681,,,
b413307f-d5c0-42a0-b40e-9f9b4516eaf3,9868,legerat,5.1.10,0,1,681,19,,
b413307f-d5c0-42a0-b40e-9f9b4516eaf3,9869,Demetrius,5.1.10,1,1,681,20,,
b413307f-d5c0-42a0-b40e-9f9b4516eaf3,9870,Et,5.1.11,0,1,681,21,,
b413307f-d5c0-42a0-b40e-9f9b4516eaf3,9871,admiratus,5.1.11,0,1,681,22,,
b413307f-d5c0-42a0-b40e-9f9b4516eaf3,9872,fuerat,5.1.11,0,1,681,23,,
b413307f-d5c0-42a0-b40e-9f9b4516eaf3,9873,ingenium,5.1.11,0,1,681,24,,
b413307f-d5c0-42a0-b40e-9f9b4516eaf3,9874,viri,5.1.11,0,1,681,25,,
b413307f-d5c0-42a0-b40e-9f9b4516eaf3,9875,",",5.1.11,,4,681,,,
b413307f-d5c0-42a0-b40e-9f9b4516eaf3,9876,Unguento,5.1.12,0,1,681,26,,
b413307f-d5c0-42a0-b40e-9f9b4516eaf3,9877,delibutus,5.1.12,0,1,681,27,,
b413307f-d5c0-42a0-b40e-9f9b4516eaf3,9878,",",5.1.12,,4,681,,,
b413307f-d5c0-42a0-b40e-9f9b4516eaf3,9879,vestitu,5.1.12,0,1,681,28,,
b413307f-d5c0-42a0-b40e-9f9b4516eaf3,9880,fluens,5.1.12,0,1,681,29,,
b413307f-d5c0-42a0-b40e-9f9b4516eaf3,9881,",",5.1.12,,4,681,,,
b413307f-d5c0-42a0-b40e-9f9b4516eaf3,9882,Veniebat,5.1.13,0,1,681,30,,
b413307f-d5c0-42a0-b40e-9f9b4516eaf3,9883,gressu,5.1.13,0,1,681,31,,
b413307f-d5c0-42a0-b40e-9f9b4516eaf3,9884,delicato,5.1.13,0,1,681,32,,
b413307f-d5c0-42a0-b40e-9f9b4516eaf3,9885,et,5.1.13,0,1,681,33,,
b413307f-d5c0-42a0-b40e-9f9b4516eaf3,9886,languido,5.1.13,0,1,681,34,,
b413307f-d5c0-42a0-b40e-9f9b4516eaf3,9887,.,5.1.13,,4,681,,,
b413307f-d5c0-42a0-b40e-9f9b4516eaf3,9888,Hunc,5.1.14,0,1,682,0,,
b413307f-d5c0-42a0-b40e-9f9b4516eaf3,9889,ubi,5.1.14,0,1,682,1,,
b413307f-d5c0-42a0-b40e-9f9b4516eaf3,9890,tyrannus,5.1.14,0,1,682,2,,
b413307f-d5c0-42a0-b40e-9f9b4516eaf3,9891,vidit,5.1.14,0,1,682,3,,
b413307f-d5c0-42a0-b40e-9f9b4516eaf3,9892,extremo,5.1.14,0,1,682,4,,
b413307f-d5c0-42a0-b40e-9f9b4516eaf3,9893,agmine,5.1.14,0,1,682,5,,
b413307f-d5c0-42a0-b40e-9f9b4516eaf3,9894,:,5.1.14,,4,682,,,
b413307f-d5c0-42a0-b40e-9f9b4516eaf3,9895,Quisnam,5.1.15,0,1,682,6,,
b413307f-d5c0-42a0-b40e-9f9b4516eaf3,9896,cinaedus,5.1.15,0,1,682,7,,
b413307f-d5c0-42a0-b40e-9f9b4516eaf3,9897,ille,5.1.15,0,1,682,8,,
b413307f-d5c0-42a0-b40e-9f9b4516eaf3,9898,in,5.1.15,0,1,682,9,,
b413307f-d5c0-42a0-b40e-9f9b4516eaf3,9899,conspectum,5.1.15,0,1,682,10,,
b413307f-d5c0-42a0-b40e-9f9b4516eaf3,9900,meum,5.1.15,0,1,682,11,,
b413307f-d5c0-42a0-b40e-9f9b4516eaf3,9901,Audet,5.1.16,0,1,682,12,,
b413307f-d5c0-42a0-b40e-9f9b4516eaf3,9902,venire,5.1.16,0,1,682,13,,
b413307f-d5c0-42a0-b40e-9f9b4516eaf3,9903,?,5.1.16,,4,682,,,
b413307f-d5c0-42a0-b40e-9f9b4516eaf3,9904,Responderunt,5.1.16,0,1,683,0,,
b413307f-d5c0-42a0-b40e-9f9b4516eaf3,9905,proximi,5.1.16,0,1,683,1,,
b413307f-d5c0-42a0-b40e-9f9b4516eaf3,9906,:,5.1.16,,4,683,,,
b413307f-d5c0-42a0-b40e-9f9b4516eaf3,9907,Hic,5.1.17,0,1,683,2,,
b413307f-d5c0-42a0-b40e-9f9b4516eaf3,9908,est,5.1.17,0,1,683,3,,
b413307f-d5c0-42a0-b40e-9f9b4516eaf3,9909,Menander,5.1.17,1,1,683,4,,
b413307f-d5c0-42a0-b40e-9f9b4516eaf3,9910,scriptor,5.1.17,0,1,683,5,,
b413307f-d5c0-42a0-b40e-9f9b4516eaf3,9911,.,5.1.17,,4,683,,,
b413307f-d5c0-42a0-b40e-9f9b4516eaf3,9912,Mutatus,5.1.17,0,1,684,0,,
b413307f-d5c0-42a0-b40e-9f9b4516eaf3,9913,statim,5.1.17,0,1,684,1,,
b413307f-d5c0-42a0-b40e-9f9b4516eaf3,9914,:,5.1.17,,4,684,,,
b413307f-d5c0-42a0-b40e-9f9b4516eaf3,9915,Homo,5.1.18,0,1,684,2,,
b413307f-d5c0-42a0-b40e-9f9b4516eaf3,9916,inquit,5.1.18,0,1,684,3,,
b413307f-d5c0-42a0-b40e-9f9b4516eaf3,9917,fieri,5.1.18,0,1,684,4,,
b413307f-d5c0-42a0-b40e-9f9b4516eaf3,9918,non,5.1.18,0,1,684,5,,
b413307f-d5c0-42a0-b40e-9f9b4516eaf3,9919,potest,5.1.18,0,1,684,6,,
b413307f-d5c0-42a0-b40e-9f9b4516eaf3,9920,formosior,5.1.18,0,1,684,7,,
b413307f-d5c0-42a0-b40e-9f9b4516eaf3,9921,.,5.1.18,,4,684,,,
b413307f-d5c0-42a0-b40e-9f9b4516eaf3,9922,Viatores,5.2,0,1,685,0,,
b413307f-d5c0-42a0-b40e-9f9b4516eaf3,9923,et,5.2,0,1,685,1,,
b413307f-d5c0-42a0-b40e-9f9b4516eaf3,9924,latro,5.2,0,1,685,2,,
b413307f-d5c0-42a0-b40e-9f9b4516eaf3,9925,.,5.2,,4,685,,,
b413307f-d5c0-42a0-b40e-9f9b4516eaf3,9926,Duo,5.2.1,0,1,686,0,,
b413307f-d5c0-42a0-b40e-9f9b4516eaf3,9927,cum,5.2.1,0,1,686,1,,
b413307f-d5c0-42a0-b40e-9f9b4516eaf3,9928,incidissent,5.2.1,0,1,686,2,,
b413307f-d5c0-42a0-b40e-9f9b4516eaf3,9929,in,5.2.1,0,1,686,3,,
b413307f-d5c0-42a0-b40e-9f9b4516eaf3,9930,latronem,5.2.1,0,1,686,4,,
b413307f-d5c0-42a0-b40e-9f9b4516eaf3,9931,milites,5.2.1,0,1,686,5,,
b413307f-d5c0-42a0-b40e-9f9b4516eaf3,9932,",",5.2.1,,4,686,,,
b413307f-d5c0-42a0-b40e-9f9b4516eaf3,9933,Unus,5.2.2,0,1,686,6,,
b413307f-d5c0-42a0-b40e-9f9b4516eaf3,9934,profugit,5.2.2,0,1,686,7,,
b413307f-d5c0-42a0-b40e-9f9b4516eaf3,9935,",",5.2.2,,4,686,,,
b413307f-d5c0-42a0-b40e-9f9b4516eaf3,9936,alter,5.2.2,0,1,686,8,,
b413307f-d5c0-42a0-b40e-9f9b4516eaf3,9937,autem,5.2.2,0,1,686,9,,
b413307f-d5c0-42a0-b40e-9f9b4516eaf3,9938,restitit,5.2.2,0,1,686,10,,
b413307f-d5c0-42a0-b40e-9f9b4516eaf3,9939,Et,5.2.3,0,1,686,11,,
b413307f-d5c0-42a0-b40e-9f9b4516eaf3,9940,vindicavit,5.2.3,0,1,686,12,,
b413307f-d5c0-42a0-b40e-9f9b4516eaf3,9941,sese,5.2.3,0,1,686,13,,
b413307f-d5c0-42a0-b40e-9f9b4516eaf3,9942,forti,5.2.3,0,1,686,14,,
b413307f-d5c0-42a0-b40e-9f9b4516eaf3,9943,dextera,5.2.3,0,1,686,15,,
b413307f-d5c0-42a0-b40e-9f9b4516eaf3,9944,.,5.2.3,,4,686,,,
b413307f-d5c0-42a0-b40e-9f9b4516eaf3,9945,Latrone,5.2.4,2,1,687,0,,
b413307f-d5c0-42a0-b40e-9f9b4516eaf3,9946,exciso,5.2.4,0,1,687,1,,
b413307f-d5c0-42a0-b40e-9f9b4516eaf3,9947,timidus,5.2.4,0,1,687,2,,
b413307f-d5c0-42a0-b40e-9f9b4516eaf3,9948,accurrit,5.2.4,0,1,687,3,,
b413307f-d5c0-42a0-b40e-9f9b4516eaf3,9949,comes,5.2.4,0,1,687,4,,
b413307f-d5c0-42a0-b40e-9f9b4516eaf3,9950,Stringitque,5.2.5,0,1,687,5,,
b413307f-d5c0-42a0-b40e-9f9b4516eaf3,9951,gladium,5.2.5,0,1,687,6,,
b413307f-d5c0-42a0-b40e-9f9b4516eaf3,9952,",",5.2.5,,4,687,,,
b413307f-d5c0-42a0-b40e-9f9b4516eaf3,9953,dein,5.2.5,0,1,687,7,,
b413307f-d5c0-42a0-b40e-9f9b4516eaf3,9954,reiecta,5.2.5,0,1,687,8,,
b413307f-d5c0-42a0-b40e-9f9b4516eaf3,9955,paenula,5.2.5,0,1,687,9,,
b413307f-d5c0-42a0-b40e-9f9b4516eaf3,9956,:,5.2.5,,4,687,,,
b413307f-d5c0-42a0-b40e-9f9b4516eaf3,9957,Cedo,5.2.6,0,1,687,10,,
b413307f-d5c0-42a0-b40e-9f9b4516eaf3,9958,inquit,5.2.6,0,1,687,11,,
b413307f-d5c0-42a0-b40e-9f9b4516eaf3,9959,illum,5.2.6,0,1,687,12,,
b413307f-d5c0-42a0-b40e-9f9b4516eaf3,9960,;,5.2.6,,4,687,,,
b413307f-d5c0-42a0-b40e-9f9b4516eaf3,9961,iam,5.2.6,0,1,687,13,,
b413307f-d5c0-42a0-b40e-9f9b4516eaf3,9962,curabo,5.2.6,0,1,687,14,,
b413307f-d5c0-42a0-b40e-9f9b4516eaf3,9963,sentiat,5.2.6,0,1,687,15,,
b413307f-d5c0-42a0-b40e-9f9b4516eaf3,9964,",",5.2.6,,4,687,,,
b413307f-d5c0-42a0-b40e-9f9b4516eaf3,9965,Quos,5.2.7,0,1,687,16,,
b413307f-d5c0-42a0-b40e-9f9b4516eaf3,9966,attentarit,5.2.7,0,1,687,17,,
b413307f-d5c0-42a0-b40e-9f9b4516eaf3,9967,.,5.2.7,,4,687,,,
b413307f-d5c0-42a0-b40e-9f9b4516eaf3,9968,Tunc,5.2.7,0,1,688,0,,
b413307f-d5c0-42a0-b40e-9f9b4516eaf3,9969,",",5.2.7,,4,688,,,
b413307f-d5c0-42a0-b40e-9f9b4516eaf3,9970,qui,5.2.7,0,1,688,1,,
b413307f-d5c0-42a0-b40e-9f9b4516eaf3,9971,depugnaverat,5.2.7,0,1,688,2,,
b413307f-d5c0-42a0-b40e-9f9b4516eaf3,9972,:,5.2.7,,4,688,,,
b413307f-d5c0-42a0-b40e-9f9b4516eaf3,9973,Vellem,5.2.8,0,1,688,3,,
b413307f-d5c0-42a0-b40e-9f9b4516eaf3,9974,istis,5.2.8,0,1,688,4,,
b413307f-d5c0-42a0-b40e-9f9b4516eaf3,9975,verbis,5.2.8,0,1,688,5,,
b413307f-d5c0-42a0-b40e-9f9b4516eaf3,9976,saltem,5.2.8,0,1,688,6,,
b413307f-d5c0-42a0-b40e-9f9b4516eaf3,9977,adiuvisses,5.2.8,0,1,688,7,,
b413307f-d5c0-42a0-b40e-9f9b4516eaf3,9978,modo,5.2.8,0,1,688,8,,
b413307f-d5c0-42a0-b40e-9f9b4516eaf3,9979,;,5.2.8,,4,688,,,
b413307f-d5c0-42a0-b40e-9f9b4516eaf3,9980,Constantior,5.2.9,0,1,688,9,,
b413307f-d5c0-42a0-b40e-9f9b4516eaf3,9981,fuissem,5.2.9,0,1,688,10,,
b413307f-d5c0-42a0-b40e-9f9b4516eaf3,9982,vera,5.2.9,0,1,688,11,,
b413307f-d5c0-42a0-b40e-9f9b4516eaf3,9983,existimans,5.2.9,0,1,688,12,,
b413307f-d5c0-42a0-b40e-9f9b4516eaf3,9984,.,5.2.9,,4,688,,,
b413307f-d5c0-42a0-b40e-9f9b4516eaf3,9985,Nunc,5.2.10,0,1,689,0,,
b413307f-d5c0-42a0-b40e-9f9b4516eaf3,9986,conde,5.2.10,0,1,689,1,,
b413307f-d5c0-42a0-b40e-9f9b4516eaf3,9987,ferrum,5.2.10,0,1,689,2,,
b413307f-d5c0-42a0-b40e-9f9b4516eaf3,9988,et,5.2.10,0,1,689,3,,
b413307f-d5c0-42a0-b40e-9f9b4516eaf3,9989,linguam,5.2.10,0,1,689,4,,
b413307f-d5c0-42a0-b40e-9f9b4516eaf3,9990,pariter,5.2.10,0,1,689,5,,
b413307f-d5c0-42a0-b40e-9f9b4516eaf3,9991,futtilem,5.2.10,0,1,689,6,,
b413307f-d5c0-42a0-b40e-9f9b4516eaf3,9992,.,5.2.10,,4,689,,,
b413307f-d5c0-42a0-b40e-9f9b4516eaf3,9993,Ut,5.2.11,0,1,690,0,,
b413307f-d5c0-42a0-b40e-9f9b4516eaf3,9994,possis,5.2.11,0,1,690,1,,
b413307f-d5c0-42a0-b40e-9f9b4516eaf3,9995,alios,5.2.11,0,1,690,2,,
b413307f-d5c0-42a0-b40e-9f9b4516eaf3,9996,ignorantes,5.2.11,0,1,690,3,,
b413307f-d5c0-42a0-b40e-9f9b4516eaf3,9997,fallere,5.2.11,0,1,690,4,,
b413307f-d5c0-42a0-b40e-9f9b4516eaf3,9998,",",5.2.11,,4,690,,,
b413307f-d5c0-42a0-b40e-9f9b4516eaf3,9999,Ego,5.2.12,0,1,690,5,,
b413307f-d5c0-42a0-b40e-9f9b4516eaf3,10000,qui,5.2.12,0,1,690,6,,
b413307f-d5c0-42a0-b40e-9f9b4516eaf3,10001,sum,5.2.12,0,1,690,7,,
b413307f-d5c0-42a0-b40e-9f9b4516eaf3,10002,expertus,5.2.12,0,1,690,8,,
b413307f-d5c0-42a0-b40e-9f9b4516eaf3,10003,quantis,5.2.12,0,1,690,9,,
b413307f-d5c0-42a0-b40e-9f9b4516eaf3,10004,fugias,5.2.12,0,1,690,10,,
b413307f-d5c0-42a0-b40e-9f9b4516eaf3,10005,viribus,5.2.12,0,1,690,11,,
b413307f-d5c0-42a0-b40e-9f9b4516eaf3,10006,",",5.2.12,,4,690,,,
b413307f-d5c0-42a0-b40e-9f9b4516eaf3,10007,Scio,5.2.13,0,1,690,12,,
b413307f-d5c0-42a0-b40e-9f9b4516eaf3,10008,quam,5.2.13,0,1,690,13,,
b413307f-d5c0-42a0-b40e-9f9b4516eaf3,10009,virtuti,5.2.13,0,1,690,14,,
b413307f-d5c0-42a0-b40e-9f9b4516eaf3,10010,non,5.2.13,0,1,690,15,,
b413307f-d5c0-42a0-b40e-9f9b4516eaf3,10011,sit,5.2.13,0,1,690,16,,
b413307f-d5c0-42a0-b40e-9f9b4516eaf3,10012,credendum,5.2.13,0,1,690,17,,
b413307f-d5c0-42a0-b40e-9f9b4516eaf3,10013,tuae,5.2.13,0,1,690,18,,
b413307f-d5c0-42a0-b40e-9f9b4516eaf3,10014,.,5.2.13,,4,690,,,
b413307f-d5c0-42a0-b40e-9f9b4516eaf3,10015,Illi,5.2.14,0,1,691,0,,
b413307f-d5c0-42a0-b40e-9f9b4516eaf3,10016,assignari,5.2.14,0,1,691,1,,
b413307f-d5c0-42a0-b40e-9f9b4516eaf3,10017,debet,5.2.14,0,1,691,2,,
b413307f-d5c0-42a0-b40e-9f9b4516eaf3,10018,haec,5.2.14,0,1,691,3,,
b413307f-d5c0-42a0-b40e-9f9b4516eaf3,10019,narratio,5.2.14,0,1,691,4,,
b413307f-d5c0-42a0-b40e-9f9b4516eaf3,10020,Qui,5.2.15,0,1,691,5,,
b413307f-d5c0-42a0-b40e-9f9b4516eaf3,10021,re,5.2.15,0,1,691,6,,
b413307f-d5c0-42a0-b40e-9f9b4516eaf3,10022,secunda,5.2.15,0,1,691,7,,
b413307f-d5c0-42a0-b40e-9f9b4516eaf3,10023,fortis,5.2.15,0,1,691,8,,
b413307f-d5c0-42a0-b40e-9f9b4516eaf3,10024,est,5.2.15,0,1,691,9,,
b413307f-d5c0-42a0-b40e-9f9b4516eaf3,10025,",",5.2.15,,4,691,,,
b413307f-d5c0-42a0-b40e-9f9b4516eaf3,10026,dubia,5.2.15,0,1,691,10,,
b413307f-d5c0-42a0-b40e-9f9b4516eaf3,10027,fugax,5.2.15,0,1,691,11,,
b413307f-d5c0-42a0-b40e-9f9b4516eaf3,10028,.,5.2.15,,4,691,,,
b413307f-d5c0-42a0-b40e-9f9b4516eaf3,10029,Calvus,5.3,2,1,692,0,,
b413307f-d5c0-42a0-b40e-9f9b4516eaf3,10030,et,5.3,0,1,692,1,,
b413307f-d5c0-42a0-b40e-9f9b4516eaf3,10031,musca,5.3,0,1,692,2,,
b413307f-d5c0-42a0-b40e-9f9b4516eaf3,10032,.,5.3,,4,692,,,
b413307f-d5c0-42a0-b40e-9f9b4516eaf3,10033,Calvi,5.3.1,2,1,693,0,,
b413307f-d5c0-42a0-b40e-9f9b4516eaf3,10034,momordit,5.3.1,0,1,693,1,,
b413307f-d5c0-42a0-b40e-9f9b4516eaf3,10035,musca,5.3.1,0,1,693,2,,
b413307f-d5c0-42a0-b40e-9f9b4516eaf3,10036,nudatum,5.3.1,0,1,693,3,,
b413307f-d5c0-42a0-b40e-9f9b4516eaf3,10037,caput,5.3.1,0,1,693,4,,
b413307f-d5c0-42a0-b40e-9f9b4516eaf3,10038,;,5.3.1,,4,693,,,
b413307f-d5c0-42a0-b40e-9f9b4516eaf3,10039,Quam,5.3.2,0,1,693,5,,
b413307f-d5c0-42a0-b40e-9f9b4516eaf3,10040,opprimere,5.3.2,0,1,693,6,,
b413307f-d5c0-42a0-b40e-9f9b4516eaf3,10041,captans,5.3.2,0,1,693,7,,
b413307f-d5c0-42a0-b40e-9f9b4516eaf3,10042,alapam,5.3.2,0,1,693,8,,
b413307f-d5c0-42a0-b40e-9f9b4516eaf3,10043,sibi,5.3.2,0,1,693,9,,
b413307f-d5c0-42a0-b40e-9f9b4516eaf3,10044,duxit,5.3.2,0,1,693,10,,
b413307f-d5c0-42a0-b40e-9f9b4516eaf3,10045,gravem,5.3.2,0,1,693,11,,
b413307f-d5c0-42a0-b40e-9f9b4516eaf3,10046,.,5.3.2,,4,693,,,
b413307f-d5c0-42a0-b40e-9f9b4516eaf3,10047,Tunc,5.3.3,0,1,694,0,,
b413307f-d5c0-42a0-b40e-9f9b4516eaf3,10048,illa,5.3.3,0,1,694,1,,
b413307f-d5c0-42a0-b40e-9f9b4516eaf3,10049,irridens,5.3.3,0,1,694,2,,
b413307f-d5c0-42a0-b40e-9f9b4516eaf3,10050,:,5.3.3,,4,694,,,
b413307f-d5c0-42a0-b40e-9f9b4516eaf3,10051,Punctum,5.3.3,0,1,694,3,,
b413307f-d5c0-42a0-b40e-9f9b4516eaf3,10052,volucris,5.3.3,0,1,694,4,,
b413307f-d5c0-42a0-b40e-9f9b4516eaf3,10053,parvulae,5.3.3,0,1,694,5,,
b413307f-d5c0-42a0-b40e-9f9b4516eaf3,10054,Voluisti,5.3.4,0,1,694,6,,
b413307f-d5c0-42a0-b40e-9f9b4516eaf3,10055,morte,5.3.4,0,1,694,7,,
b413307f-d5c0-42a0-b40e-9f9b4516eaf3,10056,ulcisci,5.3.4,0,1,694,8,,
b413307f-d5c0-42a0-b40e-9f9b4516eaf3,10057,;,5.3.4,,4,694,,,
b413307f-d5c0-42a0-b40e-9f9b4516eaf3,10058,quid,5.3.4,0,1,694,9,,
b413307f-d5c0-42a0-b40e-9f9b4516eaf3,10059,facies,5.3.4,0,1,694,10,,
b413307f-d5c0-42a0-b40e-9f9b4516eaf3,10060,tibi,5.3.4,0,1,694,11,,
b413307f-d5c0-42a0-b40e-9f9b4516eaf3,10061,",",5.3.4,,4,694,,,
b413307f-d5c0-42a0-b40e-9f9b4516eaf3,10062,Iniuriae,5.3.5,0,1,694,12,,
b413307f-d5c0-42a0-b40e-9f9b4516eaf3,10063,qui,5.3.5,0,1,694,13,,
b413307f-d5c0-42a0-b40e-9f9b4516eaf3,10064,addideris,5.3.5,0,1,694,14,,
b413307f-d5c0-42a0-b40e-9f9b4516eaf3,10065,contumeliam,5.3.5,0,1,694,15,,
b413307f-d5c0-42a0-b40e-9f9b4516eaf3,10066,?,5.3.5,,4,694,,,
b413307f-d5c0-42a0-b40e-9f9b4516eaf3,10067,Respondit,5.3.6,0,1,695,0,,
b413307f-d5c0-42a0-b40e-9f9b4516eaf3,10068,:,5.3.6,,4,695,,,
b413307f-d5c0-42a0-b40e-9f9b4516eaf3,10069,Mecum,5.3.6,0,1,695,1,,
b413307f-d5c0-42a0-b40e-9f9b4516eaf3,10070,facile,5.3.6,0,1,695,2,,
b413307f-d5c0-42a0-b40e-9f9b4516eaf3,10071,redeo,5.3.6,0,1,695,3,,
b413307f-d5c0-42a0-b40e-9f9b4516eaf3,10072,in,5.3.6,0,1,695,4,,
b413307f-d5c0-42a0-b40e-9f9b4516eaf3,10073,gratiam,5.3.6,0,1,695,5,,
b413307f-d5c0-42a0-b40e-9f9b4516eaf3,10074,",",5.3.6,,4,695,,,
b413307f-d5c0-42a0-b40e-9f9b4516eaf3,10075,Quia,5.3.7,0,1,695,6,,
b413307f-d5c0-42a0-b40e-9f9b4516eaf3,10076,non,5.3.7,0,1,695,7,,
b413307f-d5c0-42a0-b40e-9f9b4516eaf3,10077,fuisse,5.3.7,0,1,695,8,,
b413307f-d5c0-42a0-b40e-9f9b4516eaf3,10078,mentem,5.3.7,0,1,695,9,,
b413307f-d5c0-42a0-b40e-9f9b4516eaf3,10079,laedendi,5.3.7,0,1,695,10,,
b413307f-d5c0-42a0-b40e-9f9b4516eaf3,10080,scio,5.3.7,0,1,695,11,,
b413307f-d5c0-42a0-b40e-9f9b4516eaf3,10081,.,5.3.7,,4,695,,,
b413307f-d5c0-42a0-b40e-9f9b4516eaf3,10082,Sed,5.3.8,0,1,696,0,,
b413307f-d5c0-42a0-b40e-9f9b4516eaf3,10083,te,5.3.8,0,1,696,1,,
b413307f-d5c0-42a0-b40e-9f9b4516eaf3,10084,",",5.3.8,,4,696,,,
b413307f-d5c0-42a0-b40e-9f9b4516eaf3,10085,contempti,5.3.8,0,1,696,2,,
b413307f-d5c0-42a0-b40e-9f9b4516eaf3,10086,generis,5.3.8,0,1,696,3,,
b413307f-d5c0-42a0-b40e-9f9b4516eaf3,10087,animal,5.3.8,0,1,696,4,,
b413307f-d5c0-42a0-b40e-9f9b4516eaf3,10088,improbum,5.3.8,0,1,696,5,,
b413307f-d5c0-42a0-b40e-9f9b4516eaf3,10089,",",5.3.8,,4,696,,,
b413307f-d5c0-42a0-b40e-9f9b4516eaf3,10090,Quae,5.3.9,0,1,696,6,,
b413307f-d5c0-42a0-b40e-9f9b4516eaf3,10091,delectaris,5.3.9,0,1,696,7,,
b413307f-d5c0-42a0-b40e-9f9b4516eaf3,10092,bibere,5.3.9,0,1,696,8,,
b413307f-d5c0-42a0-b40e-9f9b4516eaf3,10093,humanum,5.3.9,0,1,696,9,,
b413307f-d5c0-42a0-b40e-9f9b4516eaf3,10094,sanguinem,5.3.9,0,1,696,10,,
b413307f-d5c0-42a0-b40e-9f9b4516eaf3,10095,",",5.3.9,,4,696,,,
b413307f-d5c0-42a0-b40e-9f9b4516eaf3,10096,Optem,5.3.10,0,1,696,11,,
b413307f-d5c0-42a0-b40e-9f9b4516eaf3,10097,necare,5.3.10,0,1,696,12,,
b413307f-d5c0-42a0-b40e-9f9b4516eaf3,10098,vel,5.3.10,0,1,696,13,,
b413307f-d5c0-42a0-b40e-9f9b4516eaf3,10099,maiore,5.3.10,0,1,696,14,,
b413307f-d5c0-42a0-b40e-9f9b4516eaf3,10100,incommodo,5.3.10,0,1,696,15,,
b413307f-d5c0-42a0-b40e-9f9b4516eaf3,10101,.,5.3.10,,4,696,,,
b413307f-d5c0-42a0-b40e-9f9b4516eaf3,10102,†,5.3.11,,5,697,,,
b413307f-d5c0-42a0-b40e-9f9b4516eaf3,10103,Hoc,5.3.11,0,1,697,0,,
b413307f-d5c0-42a0-b40e-9f9b4516eaf3,10104,argumentum,5.3.11,0,1,697,1,,
b413307f-d5c0-42a0-b40e-9f9b4516eaf3,10105,veniam,5.3.11,0,1,697,2,,
b413307f-d5c0-42a0-b40e-9f9b4516eaf3,10106,ei,5.3.11,0,1,697,3,,
b413307f-d5c0-42a0-b40e-9f9b4516eaf3,10107,dari,5.3.11,0,1,697,4,,
b413307f-d5c0-42a0-b40e-9f9b4516eaf3,10108,docet,5.3.11,0,1,697,5,,
b413307f-d5c0-42a0-b40e-9f9b4516eaf3,10109,Qui,5.3.12,0,1,697,6,,
b413307f-d5c0-42a0-b40e-9f9b4516eaf3,10110,casu,5.3.12,0,1,697,7,,
b413307f-d5c0-42a0-b40e-9f9b4516eaf3,10111,peccat,5.3.12,0,1,697,8,,
b413307f-d5c0-42a0-b40e-9f9b4516eaf3,10112,.,5.3.12,,4,697,,,
b413307f-d5c0-42a0-b40e-9f9b4516eaf3,10113,Nam,5.3.12,0,1,698,0,,
b413307f-d5c0-42a0-b40e-9f9b4516eaf3,10114,qui,5.3.12,0,1,698,1,,
b413307f-d5c0-42a0-b40e-9f9b4516eaf3,10115,consilio,5.3.12,0,1,698,2,,
b413307f-d5c0-42a0-b40e-9f9b4516eaf3,10116,est,5.3.12,0,1,698,3,,
b413307f-d5c0-42a0-b40e-9f9b4516eaf3,10117,nocens,5.3.12,0,1,698,4,,
b413307f-d5c0-42a0-b40e-9f9b4516eaf3,10118,",",5.3.12,,4,698,,,
b413307f-d5c0-42a0-b40e-9f9b4516eaf3,10119,Illum,5.3.13,0,1,698,5,,
b413307f-d5c0-42a0-b40e-9f9b4516eaf3,10120,esse,5.3.13,0,1,698,6,,
b413307f-d5c0-42a0-b40e-9f9b4516eaf3,10121,quamvis,5.3.13,0,1,698,7,,
b413307f-d5c0-42a0-b40e-9f9b4516eaf3,10122,dignum,5.3.13,0,1,698,8,,
b413307f-d5c0-42a0-b40e-9f9b4516eaf3,10123,poena,5.3.13,0,1,698,9,,
b413307f-d5c0-42a0-b40e-9f9b4516eaf3,10124,iudico,5.3.13,0,1,698,10,,
b413307f-d5c0-42a0-b40e-9f9b4516eaf3,10125,.,5.3.13,,4,698,,,
b413307f-d5c0-42a0-b40e-9f9b4516eaf3,10126,Asinus,5.4,0,1,699,0,,
b413307f-d5c0-42a0-b40e-9f9b4516eaf3,10127,et,5.4,0,1,699,1,,
b413307f-d5c0-42a0-b40e-9f9b4516eaf3,10128,porcellus,5.4,0,1,699,2,,
b413307f-d5c0-42a0-b40e-9f9b4516eaf3,10129,.,5.4,,4,699,,,
b413307f-d5c0-42a0-b40e-9f9b4516eaf3,10130,Quidam,5.4.1,0,1,700,0,,
b413307f-d5c0-42a0-b40e-9f9b4516eaf3,10131,immolasset,5.4.1,0,1,700,1,,
b413307f-d5c0-42a0-b40e-9f9b4516eaf3,10132,verrem,5.4.1,0,1,700,2,,
b413307f-d5c0-42a0-b40e-9f9b4516eaf3,10133,cum,5.4.1,0,1,700,3,,
b413307f-d5c0-42a0-b40e-9f9b4516eaf3,10134,sancto,5.4.1,0,1,700,4,,
b413307f-d5c0-42a0-b40e-9f9b4516eaf3,10135,Herculi,5.4.1,1,1,700,5,,
b413307f-d5c0-42a0-b40e-9f9b4516eaf3,10136,",",5.4.1,,4,700,,,
b413307f-d5c0-42a0-b40e-9f9b4516eaf3,10137,Cui,5.4.2,0,1,700,6,,
b413307f-d5c0-42a0-b40e-9f9b4516eaf3,10138,pro,5.4.2,0,1,700,7,,
b413307f-d5c0-42a0-b40e-9f9b4516eaf3,10139,salute,5.4.2,0,1,700,8,,
b413307f-d5c0-42a0-b40e-9f9b4516eaf3,10140,votum,5.4.2,0,1,700,9,,
b413307f-d5c0-42a0-b40e-9f9b4516eaf3,10141,debebat,5.4.2,0,1,700,10,,
b413307f-d5c0-42a0-b40e-9f9b4516eaf3,10142,sua,5.4.2,0,1,700,11,,
b413307f-d5c0-42a0-b40e-9f9b4516eaf3,10143,",",5.4.2,,4,700,,,
b413307f-d5c0-42a0-b40e-9f9b4516eaf3,10144,Asello,5.4.3,0,1,700,12,,
b413307f-d5c0-42a0-b40e-9f9b4516eaf3,10145,iussit,5.4.3,0,1,700,13,,
b413307f-d5c0-42a0-b40e-9f9b4516eaf3,10146,reliquias,5.4.3,0,1,700,14,,
b413307f-d5c0-42a0-b40e-9f9b4516eaf3,10147,poni,5.4.3,0,1,700,15,,
b413307f-d5c0-42a0-b40e-9f9b4516eaf3,10148,hordei,5.4.3,0,1,700,16,,
b413307f-d5c0-42a0-b40e-9f9b4516eaf3,10149,.,5.4.3,,4,700,,,
b413307f-d5c0-42a0-b40e-9f9b4516eaf3,10150,Quas,5.4.4,0,1,701,0,,
b413307f-d5c0-42a0-b40e-9f9b4516eaf3,10151,aspernatus,5.4.4,0,1,701,1,,
b413307f-d5c0-42a0-b40e-9f9b4516eaf3,10152,ille,5.4.4,0,1,701,2,,
b413307f-d5c0-42a0-b40e-9f9b4516eaf3,10153,sic,5.4.4,0,1,701,3,,
b413307f-d5c0-42a0-b40e-9f9b4516eaf3,10154,locutus,5.4.4,0,1,701,4,,
b413307f-d5c0-42a0-b40e-9f9b4516eaf3,10155,est,5.4.4,0,1,701,5,,
b413307f-d5c0-42a0-b40e-9f9b4516eaf3,10156,:,5.4.4,,4,701,,,
b413307f-d5c0-42a0-b40e-9f9b4516eaf3,10157,Libenter,5.4.5,0,1,701,6,,
b413307f-d5c0-42a0-b40e-9f9b4516eaf3,10158,istum,5.4.5,0,1,701,7,,
b413307f-d5c0-42a0-b40e-9f9b4516eaf3,10159,prorsus,5.4.5,0,1,701,8,,
b413307f-d5c0-42a0-b40e-9f9b4516eaf3,10160,appeterem,5.4.5,0,1,701,9,,
b413307f-d5c0-42a0-b40e-9f9b4516eaf3,10161,cibum,5.4.5,0,1,701,10,,
b413307f-d5c0-42a0-b40e-9f9b4516eaf3,10162,",",5.4.5,,4,701,,,
b413307f-d5c0-42a0-b40e-9f9b4516eaf3,10163,Nisi,5.4.6,2,1,701,11,,
b413307f-d5c0-42a0-b40e-9f9b4516eaf3,10164,",",5.4.6,,4,701,,,
b413307f-d5c0-42a0-b40e-9f9b4516eaf3,10165,qui,5.4.6,0,1,701,12,,
b413307f-d5c0-42a0-b40e-9f9b4516eaf3,10166,nutritus,5.4.6,0,1,701,13,,
b413307f-d5c0-42a0-b40e-9f9b4516eaf3,10167,illo,5.4.6,0,1,701,14,,
b413307f-d5c0-42a0-b40e-9f9b4516eaf3,10168,est,5.4.6,0,1,701,15,,
b413307f-d5c0-42a0-b40e-9f9b4516eaf3,10169,",",5.4.6,,4,701,,,
b413307f-d5c0-42a0-b40e-9f9b4516eaf3,10170,iugulatus,5.4.6,0,1,701,16,,
b413307f-d5c0-42a0-b40e-9f9b4516eaf3,10171,foret,5.4.6,0,1,701,17,,
b413307f-d5c0-42a0-b40e-9f9b4516eaf3,10172,.,5.4.6,,4,701,,,
b413307f-d5c0-42a0-b40e-9f9b4516eaf3,10173,Huius,5.4.7,0,1,702,0,,
b413307f-d5c0-42a0-b40e-9f9b4516eaf3,10174,respectu,5.4.7,0,1,702,1,,
b413307f-d5c0-42a0-b40e-9f9b4516eaf3,10175,fabulae,5.4.7,0,1,702,2,,
b413307f-d5c0-42a0-b40e-9f9b4516eaf3,10176,deterritus,5.4.7,0,1,702,3,,
b413307f-d5c0-42a0-b40e-9f9b4516eaf3,10177,Periculosum,5.4.8,0,1,702,4,,
b413307f-d5c0-42a0-b40e-9f9b4516eaf3,10178,semper,5.4.8,0,1,702,5,,
b413307f-d5c0-42a0-b40e-9f9b4516eaf3,10179,vitavi,5.4.8,0,1,702,6,,
b413307f-d5c0-42a0-b40e-9f9b4516eaf3,10180,lucrum,5.4.8,0,1,702,7,,
b413307f-d5c0-42a0-b40e-9f9b4516eaf3,10181,.,5.4.8,,4,702,,,
b413307f-d5c0-42a0-b40e-9f9b4516eaf3,10182,Sed,5.4.9,0,1,703,0,,
b413307f-d5c0-42a0-b40e-9f9b4516eaf3,10183,dicis,5.4.9,0,1,703,1,,
b413307f-d5c0-42a0-b40e-9f9b4516eaf3,10184,:,5.4.9,,4,703,,,
b413307f-d5c0-42a0-b40e-9f9b4516eaf3,10185,Qui,5.4.9,0,1,703,2,,
b413307f-d5c0-42a0-b40e-9f9b4516eaf3,10186,rapuere,5.4.9,0,1,703,3,,
b413307f-d5c0-42a0-b40e-9f9b4516eaf3,10187,divitias,5.4.9,0,1,703,4,,
b413307f-d5c0-42a0-b40e-9f9b4516eaf3,10188,",",5.4.9,,4,703,,,
b413307f-d5c0-42a0-b40e-9f9b4516eaf3,10189,habent,5.4.9,0,1,703,5,,
b413307f-d5c0-42a0-b40e-9f9b4516eaf3,10190,.,5.4.9,,4,703,,,
b413307f-d5c0-42a0-b40e-9f9b4516eaf3,10191,Numeremus,5.4.10,0,1,704,0,,
b413307f-d5c0-42a0-b40e-9f9b4516eaf3,10192,agedum,5.4.10,0,1,704,1,,
b413307f-d5c0-42a0-b40e-9f9b4516eaf3,10193,qui,5.4.10,0,1,704,2,,
b413307f-d5c0-42a0-b40e-9f9b4516eaf3,10194,deprensi,5.4.10,0,1,704,3,,
b413307f-d5c0-42a0-b40e-9f9b4516eaf3,10195,perierunt,5.4.10,0,1,704,4,,
b413307f-d5c0-42a0-b40e-9f9b4516eaf3,10196,:,5.4.10,,4,704,,,
b413307f-d5c0-42a0-b40e-9f9b4516eaf3,10197,Maiorem,5.4.11,0,1,704,5,,
b413307f-d5c0-42a0-b40e-9f9b4516eaf3,10198,turbam,5.4.11,0,1,704,6,,
b413307f-d5c0-42a0-b40e-9f9b4516eaf3,10199,punitorum,5.4.11,0,1,704,7,,
b413307f-d5c0-42a0-b40e-9f9b4516eaf3,10200,reperies,5.4.11,0,1,704,8,,
b413307f-d5c0-42a0-b40e-9f9b4516eaf3,10201,.,5.4.11,,4,704,,,
b413307f-d5c0-42a0-b40e-9f9b4516eaf3,10202,Paucis,5.4.12,0,1,705,0,,
b413307f-d5c0-42a0-b40e-9f9b4516eaf3,10203,temeritas,5.4.12,0,1,705,1,,
b413307f-d5c0-42a0-b40e-9f9b4516eaf3,10204,est,5.4.12,0,1,705,2,,
b413307f-d5c0-42a0-b40e-9f9b4516eaf3,10205,bono,5.4.12,0,1,705,3,,
b413307f-d5c0-42a0-b40e-9f9b4516eaf3,10206,",",5.4.12,,4,705,,,
b413307f-d5c0-42a0-b40e-9f9b4516eaf3,10207,multis,5.4.12,0,1,705,4,,
b413307f-d5c0-42a0-b40e-9f9b4516eaf3,10208,malo,5.4.12,0,1,705,5,,
b413307f-d5c0-42a0-b40e-9f9b4516eaf3,10209,.,5.4.12,,4,705,,,
b413307f-d5c0-42a0-b40e-9f9b4516eaf3,10210,Scurra,5.5,0,1,706,0,,
b413307f-d5c0-42a0-b40e-9f9b4516eaf3,10211,et,5.5,0,1,706,1,,
b413307f-d5c0-42a0-b40e-9f9b4516eaf3,10212,rusticus,5.5,0,1,706,2,,
b413307f-d5c0-42a0-b40e-9f9b4516eaf3,10213,.,5.5,,4,706,,,
b413307f-d5c0-42a0-b40e-9f9b4516eaf3,10214,Pravo,5.5.1,0,1,707,0,,
b413307f-d5c0-42a0-b40e-9f9b4516eaf3,10215,favore,5.5.1,0,1,707,1,,
b413307f-d5c0-42a0-b40e-9f9b4516eaf3,10216,labi,5.5.1,0,1,707,2,,
b413307f-d5c0-42a0-b40e-9f9b4516eaf3,10217,mortales,5.5.1,0,1,707,3,,
b413307f-d5c0-42a0-b40e-9f9b4516eaf3,10218,solent,5.5.1,0,1,707,4,,
b413307f-d5c0-42a0-b40e-9f9b4516eaf3,10219,Et,5.5.2,0,1,707,5,,
b413307f-d5c0-42a0-b40e-9f9b4516eaf3,10220,",",5.5.2,,4,707,,,
b413307f-d5c0-42a0-b40e-9f9b4516eaf3,10221,pro,5.5.2,0,1,707,6,,
b413307f-d5c0-42a0-b40e-9f9b4516eaf3,10222,iudicio,5.5.2,0,1,707,7,,
b413307f-d5c0-42a0-b40e-9f9b4516eaf3,10223,dum,5.5.2,0,1,707,8,,
b413307f-d5c0-42a0-b40e-9f9b4516eaf3,10224,stant,5.5.2,0,1,707,9,,
b413307f-d5c0-42a0-b40e-9f9b4516eaf3,10225,erroris,5.5.2,0,1,707,10,,
b413307f-d5c0-42a0-b40e-9f9b4516eaf3,10226,sui,5.5.2,0,1,707,11,,
b413307f-d5c0-42a0-b40e-9f9b4516eaf3,10227,",",5.5.2,,4,707,,,
b413307f-d5c0-42a0-b40e-9f9b4516eaf3,10228,Ad,5.5.3,0,1,707,12,,
b413307f-d5c0-42a0-b40e-9f9b4516eaf3,10229,paenitendum,5.5.3,0,1,707,13,,
b413307f-d5c0-42a0-b40e-9f9b4516eaf3,10230,rebus,5.5.3,0,1,707,14,,
b413307f-d5c0-42a0-b40e-9f9b4516eaf3,10231,manifestis,5.5.3,0,1,707,15,,
b413307f-d5c0-42a0-b40e-9f9b4516eaf3,10232,agi,5.5.3,0,1,707,16,,
b413307f-d5c0-42a0-b40e-9f9b4516eaf3,10233,.,5.5.3,,4,707,,,
b413307f-d5c0-42a0-b40e-9f9b4516eaf3,10234,Facturus,5.5.4,0,1,708,0,,
b413307f-d5c0-42a0-b40e-9f9b4516eaf3,10235,ludos,5.5.4,0,1,708,1,,
b413307f-d5c0-42a0-b40e-9f9b4516eaf3,10236,dives,5.5.4,0,1,708,2,,
b413307f-d5c0-42a0-b40e-9f9b4516eaf3,10237,quidam,5.5.4,0,1,708,3,,
b413307f-d5c0-42a0-b40e-9f9b4516eaf3,10238,nobilis,5.5.4,0,1,708,4,,
b413307f-d5c0-42a0-b40e-9f9b4516eaf3,10239,Proposito,5.5.5,0,1,708,5,,
b413307f-d5c0-42a0-b40e-9f9b4516eaf3,10240,cunctos,5.5.5,0,1,708,6,,
b413307f-d5c0-42a0-b40e-9f9b4516eaf3,10241,invitavit,5.5.5,0,1,708,7,,
b413307f-d5c0-42a0-b40e-9f9b4516eaf3,10242,praemio,5.5.5,0,1,708,8,,
b413307f-d5c0-42a0-b40e-9f9b4516eaf3,10243,Quam,5.5.6,0,1,708,9,,
b413307f-d5c0-42a0-b40e-9f9b4516eaf3,10244,quisque,5.5.6,0,1,708,10,,
b413307f-d5c0-42a0-b40e-9f9b4516eaf3,10245,posset,5.5.6,0,1,708,11,,
b413307f-d5c0-42a0-b40e-9f9b4516eaf3,10246,ut,5.5.6,0,1,708,12,,
b413307f-d5c0-42a0-b40e-9f9b4516eaf3,10247,novitatem,5.5.6,0,1,708,13,,
b413307f-d5c0-42a0-b40e-9f9b4516eaf3,10248,ostenderet,5.5.6,0,1,708,14,,
b413307f-d5c0-42a0-b40e-9f9b4516eaf3,10249,.,5.5.6,,4,708,,,
b413307f-d5c0-42a0-b40e-9f9b4516eaf3,10250,Venere,5.5.7,2,1,709,0,,
b413307f-d5c0-42a0-b40e-9f9b4516eaf3,10251,artifices,5.5.7,0,1,709,1,,
b413307f-d5c0-42a0-b40e-9f9b4516eaf3,10252,laudis,5.5.7,0,1,709,2,,
b413307f-d5c0-42a0-b40e-9f9b4516eaf3,10253,ad,5.5.7,0,1,709,3,,
b413307f-d5c0-42a0-b40e-9f9b4516eaf3,10254,certamina,5.5.7,0,1,709,4,,
b413307f-d5c0-42a0-b40e-9f9b4516eaf3,10255,;,5.5.7,,4,709,,,
b413307f-d5c0-42a0-b40e-9f9b4516eaf3,10256,Quos,5.5.8,0,1,709,5,,
b413307f-d5c0-42a0-b40e-9f9b4516eaf3,10257,inter,5.5.8,0,1,709,6,,
b413307f-d5c0-42a0-b40e-9f9b4516eaf3,10258,scurra,5.5.8,0,1,709,7,,
b413307f-d5c0-42a0-b40e-9f9b4516eaf3,10259,",",5.5.8,,4,709,,,
b413307f-d5c0-42a0-b40e-9f9b4516eaf3,10260,notus,5.5.8,0,1,709,8,,
b413307f-d5c0-42a0-b40e-9f9b4516eaf3,10261,urbano,5.5.8,0,1,709,9,,
b413307f-d5c0-42a0-b40e-9f9b4516eaf3,10262,sale,5.5.8,0,1,709,10,,
b413307f-d5c0-42a0-b40e-9f9b4516eaf3,10263,",",5.5.8,,4,709,,,
b413307f-d5c0-42a0-b40e-9f9b4516eaf3,10264,Habere,5.5.9,0,1,709,11,,
b413307f-d5c0-42a0-b40e-9f9b4516eaf3,10265,dixit,5.5.9,0,1,709,12,,
b413307f-d5c0-42a0-b40e-9f9b4516eaf3,10266,se,5.5.9,0,1,709,13,,
b413307f-d5c0-42a0-b40e-9f9b4516eaf3,10267,genus,5.5.9,0,1,709,14,,
b413307f-d5c0-42a0-b40e-9f9b4516eaf3,10268,spectaculi,5.5.9,0,1,709,15,,
b413307f-d5c0-42a0-b40e-9f9b4516eaf3,10269,Quod,5.5.10,0,1,709,16,,
b413307f-d5c0-42a0-b40e-9f9b4516eaf3,10270,in,5.5.10,0,1,709,17,,
b413307f-d5c0-42a0-b40e-9f9b4516eaf3,10271,theatro,5.5.10,0,1,709,18,,
b413307f-d5c0-42a0-b40e-9f9b4516eaf3,10272,numquam,5.5.10,0,1,709,19,,
b413307f-d5c0-42a0-b40e-9f9b4516eaf3,10273,prolatum,5.5.10,0,1,709,20,,
b413307f-d5c0-42a0-b40e-9f9b4516eaf3,10274,foret,5.5.10,0,1,709,21,,
b413307f-d5c0-42a0-b40e-9f9b4516eaf3,10275,.,5.5.10,,4,709,,,
b413307f-d5c0-42a0-b40e-9f9b4516eaf3,10276,Dispersus,5.5.11,0,1,710,0,,
b413307f-d5c0-42a0-b40e-9f9b4516eaf3,10277,rumor,5.5.11,0,1,710,1,,
b413307f-d5c0-42a0-b40e-9f9b4516eaf3,10278,civitatem,5.5.11,0,1,710,2,,
b413307f-d5c0-42a0-b40e-9f9b4516eaf3,10279,concitat,5.5.11,0,1,710,3,,
b413307f-d5c0-42a0-b40e-9f9b4516eaf3,10280,.,5.5.11,,4,710,,,
b413307f-d5c0-42a0-b40e-9f9b4516eaf3,10281,Paulo,5.5.12,2,1,711,0,,
b413307f-d5c0-42a0-b40e-9f9b4516eaf3,10282,ante,5.5.12,0,1,711,1,,
b413307f-d5c0-42a0-b40e-9f9b4516eaf3,10283,vacua,5.5.12,0,1,711,2,,
b413307f-d5c0-42a0-b40e-9f9b4516eaf3,10284,turbam,5.5.12,0,1,711,3,,
b413307f-d5c0-42a0-b40e-9f9b4516eaf3,10285,deficiunt,5.5.12,0,1,711,4,,
b413307f-d5c0-42a0-b40e-9f9b4516eaf3,10286,loca,5.5.12,0,1,711,5,,
b413307f-d5c0-42a0-b40e-9f9b4516eaf3,10287,.,5.5.12,,4,711,,,
b413307f-d5c0-42a0-b40e-9f9b4516eaf3,10288,In,5.5.13,0,1,712,0,,
b413307f-d5c0-42a0-b40e-9f9b4516eaf3,10289,scaena,5.5.13,0,1,712,1,,
b413307f-d5c0-42a0-b40e-9f9b4516eaf3,10290,vero,5.5.13,0,1,712,2,,
b413307f-d5c0-42a0-b40e-9f9b4516eaf3,10291,postquam,5.5.13,0,1,712,3,,
b413307f-d5c0-42a0-b40e-9f9b4516eaf3,10292,solus,5.5.13,0,1,712,4,,
b413307f-d5c0-42a0-b40e-9f9b4516eaf3,10293,constitit,5.5.13,0,1,712,5,,
b413307f-d5c0-42a0-b40e-9f9b4516eaf3,10294,Sine,5.5.14,2,1,712,6,,
b413307f-d5c0-42a0-b40e-9f9b4516eaf3,10295,apparatu,5.5.14,0,1,712,7,,
b413307f-d5c0-42a0-b40e-9f9b4516eaf3,10296,",",5.5.14,,4,712,,,
b413307f-d5c0-42a0-b40e-9f9b4516eaf3,10297,nullis,5.5.14,0,1,712,8,,
b413307f-d5c0-42a0-b40e-9f9b4516eaf3,10298,adiutoribus,5.5.14,0,1,712,9,,
b413307f-d5c0-42a0-b40e-9f9b4516eaf3,10299,",",5.5.14,,4,712,,,
b413307f-d5c0-42a0-b40e-9f9b4516eaf3,10300,Silentium,5.5.15,0,1,712,10,,
b413307f-d5c0-42a0-b40e-9f9b4516eaf3,10301,ipsa,5.5.15,0,1,712,11,,
b413307f-d5c0-42a0-b40e-9f9b4516eaf3,10302,fecit,5.5.15,0,1,712,12,,
b413307f-d5c0-42a0-b40e-9f9b4516eaf3,10303,exspectatio,5.5.15,0,1,712,13,,
b413307f-d5c0-42a0-b40e-9f9b4516eaf3,10304,.,5.5.15,,4,712,,,
b413307f-d5c0-42a0-b40e-9f9b4516eaf3,10305,Ille,5.5.16,0,1,713,0,,
b413307f-d5c0-42a0-b40e-9f9b4516eaf3,10306,in,5.5.16,0,1,713,1,,
b413307f-d5c0-42a0-b40e-9f9b4516eaf3,10307,sinum,5.5.16,0,1,713,2,,
b413307f-d5c0-42a0-b40e-9f9b4516eaf3,10308,repente,5.5.16,0,1,713,3,,
b413307f-d5c0-42a0-b40e-9f9b4516eaf3,10309,demisit,5.5.16,0,1,713,4,,
b413307f-d5c0-42a0-b40e-9f9b4516eaf3,10310,caput,5.5.16,0,1,713,5,,
b413307f-d5c0-42a0-b40e-9f9b4516eaf3,10311,Et,5.5.17,0,1,713,6,,
b413307f-d5c0-42a0-b40e-9f9b4516eaf3,10312,sic,5.5.17,0,1,713,7,,
b413307f-d5c0-42a0-b40e-9f9b4516eaf3,10313,porcelli,5.5.17,0,1,713,8,,
b413307f-d5c0-42a0-b40e-9f9b4516eaf3,10314,vocem,5.5.17,0,1,713,9,,
b413307f-d5c0-42a0-b40e-9f9b4516eaf3,10315,est,5.5.17,0,1,713,10,,
b413307f-d5c0-42a0-b40e-9f9b4516eaf3,10316,imitatus,5.5.17,0,1,713,11,,
b413307f-d5c0-42a0-b40e-9f9b4516eaf3,10317,sua,5.5.17,0,1,713,12,,
b413307f-d5c0-42a0-b40e-9f9b4516eaf3,10318,",",5.5.17,,4,713,,,
b413307f-d5c0-42a0-b40e-9f9b4516eaf3,10319,Verum,5.5.18,0,1,713,13,,
b413307f-d5c0-42a0-b40e-9f9b4516eaf3,10320,ut,5.5.18,0,1,713,14,,
b413307f-d5c0-42a0-b40e-9f9b4516eaf3,10321,subesse,5.5.18,0,1,713,15,,
b413307f-d5c0-42a0-b40e-9f9b4516eaf3,10322,pallio,5.5.18,0,1,713,16,,
b413307f-d5c0-42a0-b40e-9f9b4516eaf3,10323,contenderent,5.5.18,0,1,713,17,,
b413307f-d5c0-42a0-b40e-9f9b4516eaf3,10324,Et,5.5.19,0,1,713,18,,
b413307f-d5c0-42a0-b40e-9f9b4516eaf3,10325,excuti,5.5.19,0,1,713,19,,
b413307f-d5c0-42a0-b40e-9f9b4516eaf3,10326,iuberent,5.5.19,0,1,713,20,,
b413307f-d5c0-42a0-b40e-9f9b4516eaf3,10327,.,5.5.19,,4,713,,,
b413307f-d5c0-42a0-b40e-9f9b4516eaf3,10328,Quo,5.5.19,0,1,714,0,,
b413307f-d5c0-42a0-b40e-9f9b4516eaf3,10329,facto,5.5.19,0,1,714,1,,
b413307f-d5c0-42a0-b40e-9f9b4516eaf3,10330,simul,5.5.19,0,1,714,2,,
b413307f-d5c0-42a0-b40e-9f9b4516eaf3,10331,Nihil,5.5.20,0,1,714,3,,
b413307f-d5c0-42a0-b40e-9f9b4516eaf3,10332,est,5.5.20,0,1,714,4,,
b413307f-d5c0-42a0-b40e-9f9b4516eaf3,10333,repertum,5.5.20,0,1,714,5,,
b413307f-d5c0-42a0-b40e-9f9b4516eaf3,10334,",",5.5.20,,4,714,,,
b413307f-d5c0-42a0-b40e-9f9b4516eaf3,10335,multis,5.5.20,0,1,714,6,,
b413307f-d5c0-42a0-b40e-9f9b4516eaf3,10336,onerant,5.5.20,0,1,714,7,,
b413307f-d5c0-42a0-b40e-9f9b4516eaf3,10337,lancibus,5.5.20,0,1,714,8,,
b413307f-d5c0-42a0-b40e-9f9b4516eaf3,10338,Hominemque,5.5.21,0,1,714,9,,
b413307f-d5c0-42a0-b40e-9f9b4516eaf3,10339,plausu,5.5.21,0,1,714,10,,
b413307f-d5c0-42a0-b40e-9f9b4516eaf3,10340,prosequuntur,5.5.21,0,1,714,11,,
b413307f-d5c0-42a0-b40e-9f9b4516eaf3,10341,maximo,5.5.21,0,1,714,12,,
b413307f-d5c0-42a0-b40e-9f9b4516eaf3,10342,.,5.5.21,,4,714,,,
b413307f-d5c0-42a0-b40e-9f9b4516eaf3,10343,Hoc,5.5.22,0,1,715,0,,
b413307f-d5c0-42a0-b40e-9f9b4516eaf3,10344,vidit,5.5.22,0,1,715,1,,
b413307f-d5c0-42a0-b40e-9f9b4516eaf3,10345,fieri,5.5.22,0,1,715,2,,
b413307f-d5c0-42a0-b40e-9f9b4516eaf3,10346,rusticus,5.5.22,0,1,715,3,,
b413307f-d5c0-42a0-b40e-9f9b4516eaf3,10347,:,5.5.22,,4,715,,,
b413307f-d5c0-42a0-b40e-9f9b4516eaf3,10348,Non,5.5.22,0,1,715,4,,
b413307f-d5c0-42a0-b40e-9f9b4516eaf3,10349,mehercules,5.5.22,0,1,715,5,,
b413307f-d5c0-42a0-b40e-9f9b4516eaf3,10350,Me,5.5.23,0,1,715,6,,
b413307f-d5c0-42a0-b40e-9f9b4516eaf3,10351,vincet,5.5.23,0,1,715,7,,
b413307f-d5c0-42a0-b40e-9f9b4516eaf3,10352,inquit,5.5.23,0,1,715,8,,
b413307f-d5c0-42a0-b40e-9f9b4516eaf3,10353,",",5.5.23,,4,715,,,
b413307f-d5c0-42a0-b40e-9f9b4516eaf3,10354,et,5.5.23,0,1,715,9,,
b413307f-d5c0-42a0-b40e-9f9b4516eaf3,10355,statim,5.5.23,0,1,715,10,,
b413307f-d5c0-42a0-b40e-9f9b4516eaf3,10356,professus,5.5.23,0,1,715,11,,
b413307f-d5c0-42a0-b40e-9f9b4516eaf3,10357,est,5.5.23,0,1,715,12,,
b413307f-d5c0-42a0-b40e-9f9b4516eaf3,10358,Idem,5.5.24,2,1,715,13,,
b413307f-d5c0-42a0-b40e-9f9b4516eaf3,10359,facturum,5.5.24,0,1,715,14,,
b413307f-d5c0-42a0-b40e-9f9b4516eaf3,10360,melius,5.5.24,0,1,715,15,,
b413307f-d5c0-42a0-b40e-9f9b4516eaf3,10361,se,5.5.24,0,1,715,16,,
b413307f-d5c0-42a0-b40e-9f9b4516eaf3,10362,postridie,5.5.24,0,1,715,17,,
b413307f-d5c0-42a0-b40e-9f9b4516eaf3,10363,.,5.5.24,,4,715,,,
b413307f-d5c0-42a0-b40e-9f9b4516eaf3,10364,Fit,5.5.25,0,1,716,0,,
b413307f-d5c0-42a0-b40e-9f9b4516eaf3,10365,turba,5.5.25,0,1,716,1,,
b413307f-d5c0-42a0-b40e-9f9b4516eaf3,10366,maior,5.5.25,0,1,716,2,,
b413307f-d5c0-42a0-b40e-9f9b4516eaf3,10367,.,5.5.25,,4,716,,,
b413307f-d5c0-42a0-b40e-9f9b4516eaf3,10368,Iam,5.5.25,0,1,717,0,,
b413307f-d5c0-42a0-b40e-9f9b4516eaf3,10369,favor,5.5.25,0,1,717,1,,
b413307f-d5c0-42a0-b40e-9f9b4516eaf3,10370,mentes,5.5.25,0,1,717,2,,
b413307f-d5c0-42a0-b40e-9f9b4516eaf3,10371,tenet,5.5.25,0,1,717,3,,
b413307f-d5c0-42a0-b40e-9f9b4516eaf3,10372,Et,5.5.26,0,1,717,4,,
b413307f-d5c0-42a0-b40e-9f9b4516eaf3,10373,derisuri,5.5.26,0,1,717,5,,
b413307f-d5c0-42a0-b40e-9f9b4516eaf3,10374,",",5.5.26,,4,717,,,
b413307f-d5c0-42a0-b40e-9f9b4516eaf3,10375,non,5.5.26,0,1,717,6,,
b413307f-d5c0-42a0-b40e-9f9b4516eaf3,10376,spectaturi,5.5.26,0,1,717,7,,
b413307f-d5c0-42a0-b40e-9f9b4516eaf3,10377,sedent,5.5.26,0,1,717,8,,
b413307f-d5c0-42a0-b40e-9f9b4516eaf3,10378,.,5.5.26,,4,717,,,
b413307f-d5c0-42a0-b40e-9f9b4516eaf3,10379,Uterque,5.5.27,0,1,718,0,,
b413307f-d5c0-42a0-b40e-9f9b4516eaf3,10380,prodit,5.5.27,0,1,718,1,,
b413307f-d5c0-42a0-b40e-9f9b4516eaf3,10381,.,5.5.27,,4,718,,,
b413307f-d5c0-42a0-b40e-9f9b4516eaf3,10382,Scurra,5.5.27,0,1,719,0,,
b413307f-d5c0-42a0-b40e-9f9b4516eaf3,10383,degrunnit,5.5.27,0,1,719,1,,
b413307f-d5c0-42a0-b40e-9f9b4516eaf3,10384,prior,5.5.27,0,1,719,2,,
b413307f-d5c0-42a0-b40e-9f9b4516eaf3,10385,Movetque,5.5.28,0,1,719,3,,
b413307f-d5c0-42a0-b40e-9f9b4516eaf3,10386,plausus,5.5.28,0,1,719,4,,
b413307f-d5c0-42a0-b40e-9f9b4516eaf3,10387,et,5.5.28,0,1,719,5,,
b413307f-d5c0-42a0-b40e-9f9b4516eaf3,10388,clamores,5.5.28,0,1,719,6,,
b413307f-d5c0-42a0-b40e-9f9b4516eaf3,10389,suscitat,5.5.28,0,1,719,7,,
b413307f-d5c0-42a0-b40e-9f9b4516eaf3,10390,.,5.5.28,,4,719,,,
b413307f-d5c0-42a0-b40e-9f9b4516eaf3,10391,Tunc,5.5.29,0,1,720,0,,
b413307f-d5c0-42a0-b40e-9f9b4516eaf3,10392,simulans,5.5.29,0,1,720,1,,
b413307f-d5c0-42a0-b40e-9f9b4516eaf3,10393,sese,5.5.29,0,1,720,2,,
b413307f-d5c0-42a0-b40e-9f9b4516eaf3,10394,vestimentis,5.5.29,0,1,720,3,,
b413307f-d5c0-42a0-b40e-9f9b4516eaf3,10395,rusticus,5.5.29,0,1,720,4,,
b413307f-d5c0-42a0-b40e-9f9b4516eaf3,10396,Porcellum,5.5.30,0,1,720,5,,
b413307f-d5c0-42a0-b40e-9f9b4516eaf3,10397,obtegere,5.5.30,0,1,720,6,,
b413307f-d5c0-42a0-b40e-9f9b4516eaf3,10398,(,5.5.30,,4,720,,,
b413307f-d5c0-42a0-b40e-9f9b4516eaf3,10399,quod,5.5.30,0,1,720,7,,
b413307f-d5c0-42a0-b40e-9f9b4516eaf3,10400,faciebat,5.5.30,0,1,720,8,,
b413307f-d5c0-42a0-b40e-9f9b4516eaf3,10401,scilicet,5.5.30,0,1,720,9,,
b413307f-d5c0-42a0-b40e-9f9b4516eaf3,10402,",",5.5.30,,4,720,,,
b413307f-d5c0-42a0-b40e-9f9b4516eaf3,10403,Sed,5.5.31,0,1,720,10,,
b413307f-d5c0-42a0-b40e-9f9b4516eaf3,10404,",",5.5.31,,4,720,,,
b413307f-d5c0-42a0-b40e-9f9b4516eaf3,10405,in,5.5.31,0,1,720,11,,
b413307f-d5c0-42a0-b40e-9f9b4516eaf3,10406,priore,5.5.31,0,1,720,12,,
b413307f-d5c0-42a0-b40e-9f9b4516eaf3,10407,quia,5.5.31,0,1,720,13,,
b413307f-d5c0-42a0-b40e-9f9b4516eaf3,10408,nil,5.5.31,0,1,720,14,,
b413307f-d5c0-42a0-b40e-9f9b4516eaf3,10409,compererant,5.5.31,0,1,720,15,,
b413307f-d5c0-42a0-b40e-9f9b4516eaf3,10410,",",5.5.31,,4,720,,,
b413307f-d5c0-42a0-b40e-9f9b4516eaf3,10411,latens,5.5.31,0,1,720,16,,
b413307f-d5c0-42a0-b40e-9f9b4516eaf3,10412,),5.5.31,,4,720,,,
b413307f-d5c0-42a0-b40e-9f9b4516eaf3,10413,Pervellit,5.5.32,0,1,720,17,,
b413307f-d5c0-42a0-b40e-9f9b4516eaf3,10414,aurem,5.5.32,0,1,720,18,,
b413307f-d5c0-42a0-b40e-9f9b4516eaf3,10415,vero,5.5.32,0,1,720,19,,
b413307f-d5c0-42a0-b40e-9f9b4516eaf3,10416,",",5.5.32,,4,720,,,
b413307f-d5c0-42a0-b40e-9f9b4516eaf3,10417,quem,5.5.32,0,1,720,20,,
b413307f-d5c0-42a0-b40e-9f9b4516eaf3,10418,celaverat,5.5.32,0,1,720,21,,
b413307f-d5c0-42a0-b40e-9f9b4516eaf3,10419,",",5.5.32,,4,720,,,
b413307f-d5c0-42a0-b40e-9f9b4516eaf3,10420,Et,5.5.33,0,1,720,22,,
b413307f-d5c0-42a0-b40e-9f9b4516eaf3,10421,cum,5.5.33,0,1,720,23,,
b413307f-d5c0-42a0-b40e-9f9b4516eaf3,10422,dolore,5.5.33,0,1,720,24,,
b413307f-d5c0-42a0-b40e-9f9b4516eaf3,10423,vocem,5.5.33,0,1,720,25,,
b413307f-d5c0-42a0-b40e-9f9b4516eaf3,10424,naturae,5.5.33,0,1,720,26,,
b413307f-d5c0-42a0-b40e-9f9b4516eaf3,10425,exprimit,5.5.33,0,1,720,27,,
b413307f-d5c0-42a0-b40e-9f9b4516eaf3,10426,.,5.5.33,,4,720,,,
b413307f-d5c0-42a0-b40e-9f9b4516eaf3,10427,Acclamat,5.5.34,0,1,721,0,,
b413307f-d5c0-42a0-b40e-9f9b4516eaf3,10428,populus,5.5.34,0,1,721,1,,
b413307f-d5c0-42a0-b40e-9f9b4516eaf3,10429,scurram,5.5.34,0,1,721,2,,
b413307f-d5c0-42a0-b40e-9f9b4516eaf3,10430,multo,5.5.34,0,1,721,3,,
b413307f-d5c0-42a0-b40e-9f9b4516eaf3,10431,similius,5.5.34,0,1,721,4,,
b413307f-d5c0-42a0-b40e-9f9b4516eaf3,10432,Imitatum,5.5.35,0,1,721,5,,
b413307f-d5c0-42a0-b40e-9f9b4516eaf3,10433,",",5.5.35,,4,721,,,
b413307f-d5c0-42a0-b40e-9f9b4516eaf3,10434,et,5.5.35,0,1,721,6,,
b413307f-d5c0-42a0-b40e-9f9b4516eaf3,10435,cogit,5.5.35,0,1,721,7,,
b413307f-d5c0-42a0-b40e-9f9b4516eaf3,10436,rusticum,5.5.35,0,1,721,8,,
b413307f-d5c0-42a0-b40e-9f9b4516eaf3,10437,trudi,5.5.35,0,1,721,9,,
b413307f-d5c0-42a0-b40e-9f9b4516eaf3,10438,foras,5.5.35,0,1,721,10,,
b413307f-d5c0-42a0-b40e-9f9b4516eaf3,10439,.,5.5.35,,4,721,,,
b413307f-d5c0-42a0-b40e-9f9b4516eaf3,10440,At,5.5.36,0,1,722,0,,
b413307f-d5c0-42a0-b40e-9f9b4516eaf3,10441,ille,5.5.36,0,1,722,1,,
b413307f-d5c0-42a0-b40e-9f9b4516eaf3,10442,profert,5.5.36,0,1,722,2,,
b413307f-d5c0-42a0-b40e-9f9b4516eaf3,10443,ipsum,5.5.36,0,1,722,3,,
b413307f-d5c0-42a0-b40e-9f9b4516eaf3,10444,porcellum,5.5.36,0,1,722,4,,
b413307f-d5c0-42a0-b40e-9f9b4516eaf3,10445,e,5.5.36,0,1,722,5,,
b413307f-d5c0-42a0-b40e-9f9b4516eaf3,10446,sinu,5.5.36,0,1,722,6,,
b413307f-d5c0-42a0-b40e-9f9b4516eaf3,10447,",",5.5.36,,4,722,,,
b413307f-d5c0-42a0-b40e-9f9b4516eaf3,10448,Turpemque,5.5.37,0,1,722,7,,
b413307f-d5c0-42a0-b40e-9f9b4516eaf3,10449,aperto,5.5.37,0,1,722,8,,
b413307f-d5c0-42a0-b40e-9f9b4516eaf3,10450,pignore,5.5.37,0,1,722,9,,
b413307f-d5c0-42a0-b40e-9f9b4516eaf3,10451,errorem,5.5.37,0,1,722,10,,
b413307f-d5c0-42a0-b40e-9f9b4516eaf3,10452,probans,5.5.37,0,1,722,11,,
b413307f-d5c0-42a0-b40e-9f9b4516eaf3,10453,:,5.5.37,,4,722,,,
b413307f-d5c0-42a0-b40e-9f9b4516eaf3,10454,En,5.5.38,0,1,722,12,,
b413307f-d5c0-42a0-b40e-9f9b4516eaf3,10455,hic,5.5.38,0,1,722,13,,
b413307f-d5c0-42a0-b40e-9f9b4516eaf3,10456,declarat,5.5.38,0,1,722,14,,
b413307f-d5c0-42a0-b40e-9f9b4516eaf3,10457,quales,5.5.38,0,1,722,15,,
b413307f-d5c0-42a0-b40e-9f9b4516eaf3,10458,sitis,5.5.38,0,1,722,16,,
b413307f-d5c0-42a0-b40e-9f9b4516eaf3,10459,iudices,5.5.38,0,1,722,17,,
b413307f-d5c0-42a0-b40e-9f9b4516eaf3,10460,!,5.5.38,,4,722,,,
b413307f-d5c0-42a0-b40e-9f9b4516eaf3,10461,Calvus,5.6,2,1,723,0,,
b413307f-d5c0-42a0-b40e-9f9b4516eaf3,10462,et,5.6,0,1,723,1,,
b413307f-d5c0-42a0-b40e-9f9b4516eaf3,10463,quidam,5.6,0,1,723,2,,
b413307f-d5c0-42a0-b40e-9f9b4516eaf3,10464,aeque,5.6,0,1,723,3,,
b413307f-d5c0-42a0-b40e-9f9b4516eaf3,10465,pilis,5.6,0,1,723,4,,
b413307f-d5c0-42a0-b40e-9f9b4516eaf3,10466,defectus,5.6,0,1,723,5,,
b413307f-d5c0-42a0-b40e-9f9b4516eaf3,10467,.,5.6,,4,723,,,
b413307f-d5c0-42a0-b40e-9f9b4516eaf3,10468,Invenit,5.6.1,0,1,724,0,,
b413307f-d5c0-42a0-b40e-9f9b4516eaf3,10469,calvus,5.6.1,0,1,724,1,,
b413307f-d5c0-42a0-b40e-9f9b4516eaf3,10470,forte,5.6.1,0,1,724,2,,
b413307f-d5c0-42a0-b40e-9f9b4516eaf3,10471,in,5.6.1,0,1,724,3,,
b413307f-d5c0-42a0-b40e-9f9b4516eaf3,10472,trivio,5.6.1,0,1,724,4,,
b413307f-d5c0-42a0-b40e-9f9b4516eaf3,10473,pectinem,5.6.1,0,1,724,5,,
b413307f-d5c0-42a0-b40e-9f9b4516eaf3,10474,.,5.6.1,,4,724,,,
b413307f-d5c0-42a0-b40e-9f9b4516eaf3,10475,Accessit,5.6.2,0,1,725,0,,
b413307f-d5c0-42a0-b40e-9f9b4516eaf3,10476,alter,5.6.2,0,1,725,1,,
b413307f-d5c0-42a0-b40e-9f9b4516eaf3,10477,aeque,5.6.2,0,1,725,2,,
b413307f-d5c0-42a0-b40e-9f9b4516eaf3,10478,defectus,5.6.2,0,1,725,3,,
b413307f-d5c0-42a0-b40e-9f9b4516eaf3,10479,pilis,5.6.2,0,1,725,4,,
b413307f-d5c0-42a0-b40e-9f9b4516eaf3,10480,.,5.6.2,,4,725,,,
b413307f-d5c0-42a0-b40e-9f9b4516eaf3,10481,Heia,5.6.3,0,1,726,0,,
b413307f-d5c0-42a0-b40e-9f9b4516eaf3,10482,!,5.6.3,,4,726,,,
b413307f-d5c0-42a0-b40e-9f9b4516eaf3,10483,inquit,5.6.3,0,1,727,0,,
b413307f-d5c0-42a0-b40e-9f9b4516eaf3,10484,in,5.6.3,0,1,727,1,,
b413307f-d5c0-42a0-b40e-9f9b4516eaf3,10485,commune,5.6.3,0,1,727,2,,
b413307f-d5c0-42a0-b40e-9f9b4516eaf3,10486,quodcumque,5.6.3,0,1,727,3,,
b413307f-d5c0-42a0-b40e-9f9b4516eaf3,10487,est,5.6.3,0,1,727,4,,
b413307f-d5c0-42a0-b40e-9f9b4516eaf3,10488,lucri,5.6.3,0,1,727,5,,
b413307f-d5c0-42a0-b40e-9f9b4516eaf3,10489,!,5.6.3,,4,727,,,
b413307f-d5c0-42a0-b40e-9f9b4516eaf3,10490,Ostendit,5.6.4,0,1,728,0,,
b413307f-d5c0-42a0-b40e-9f9b4516eaf3,10491,ille,5.6.4,0,1,728,1,,
b413307f-d5c0-42a0-b40e-9f9b4516eaf3,10492,praedam,5.6.4,0,1,728,2,,
b413307f-d5c0-42a0-b40e-9f9b4516eaf3,10493,et,5.6.4,0,1,728,3,,
b413307f-d5c0-42a0-b40e-9f9b4516eaf3,10494,adiecit,5.6.4,0,1,728,4,,
b413307f-d5c0-42a0-b40e-9f9b4516eaf3,10495,simul,5.6.4,0,1,728,5,,
b413307f-d5c0-42a0-b40e-9f9b4516eaf3,10496,:,5.6.4,,4,728,,,
b413307f-d5c0-42a0-b40e-9f9b4516eaf3,10497,Superum,5.6.5,0,1,728,6,,
b413307f-d5c0-42a0-b40e-9f9b4516eaf3,10498,voluntas,5.6.5,0,1,728,7,,
b413307f-d5c0-42a0-b40e-9f9b4516eaf3,10499,favit,5.6.5,0,1,728,8,,
b413307f-d5c0-42a0-b40e-9f9b4516eaf3,10500,;,5.6.5,,4,728,,,
b413307f-d5c0-42a0-b40e-9f9b4516eaf3,10501,sed,5.6.5,0,1,728,9,,
b413307f-d5c0-42a0-b40e-9f9b4516eaf3,10502,fato,5.6.5,0,1,728,10,,
b413307f-d5c0-42a0-b40e-9f9b4516eaf3,10503,invido,5.6.5,0,1,728,11,,
b413307f-d5c0-42a0-b40e-9f9b4516eaf3,10504,Carbonem,5.6.6,2,1,728,12,,
b413307f-d5c0-42a0-b40e-9f9b4516eaf3,10505,",",5.6.6,,4,728,,,
b413307f-d5c0-42a0-b40e-9f9b4516eaf3,10506,ut,5.6.6,0,1,728,13,,
b413307f-d5c0-42a0-b40e-9f9b4516eaf3,10507,aiunt,5.6.6,0,1,728,14,,
b413307f-d5c0-42a0-b40e-9f9b4516eaf3,10508,",",5.6.6,,4,728,,,
b413307f-d5c0-42a0-b40e-9f9b4516eaf3,10509,pro,5.6.6,0,1,728,15,,
b413307f-d5c0-42a0-b40e-9f9b4516eaf3,10510,thesauro,5.6.6,0,1,728,16,,
b413307f-d5c0-42a0-b40e-9f9b4516eaf3,10511,invenimus,5.6.6,0,1,728,17,,
b413307f-d5c0-42a0-b40e-9f9b4516eaf3,10512,.,5.6.6,,4,728,,,
b413307f-d5c0-42a0-b40e-9f9b4516eaf3,10513,Quem,5.6.7,0,1,729,0,,
b413307f-d5c0-42a0-b40e-9f9b4516eaf3,10514,spes,5.6.7,0,1,729,1,,
b413307f-d5c0-42a0-b40e-9f9b4516eaf3,10515,delusit,5.6.7,0,1,729,2,,
b413307f-d5c0-42a0-b40e-9f9b4516eaf3,10516,",",5.6.7,,4,729,,,
b413307f-d5c0-42a0-b40e-9f9b4516eaf3,10517,huic,5.6.7,0,1,729,3,,
b413307f-d5c0-42a0-b40e-9f9b4516eaf3,10518,querela,5.6.7,0,1,729,4,,
b413307f-d5c0-42a0-b40e-9f9b4516eaf3,10519,convenit,5.6.7,0,1,729,5,,
b413307f-d5c0-42a0-b40e-9f9b4516eaf3,10520,.,5.6.7,,4,729,,,
b413307f-d5c0-42a0-b40e-9f9b4516eaf3,10521,Princeps,5.7,2,1,730,0,,
b413307f-d5c0-42a0-b40e-9f9b4516eaf3,10522,tibicen,5.7,0,1,730,1,,
b413307f-d5c0-42a0-b40e-9f9b4516eaf3,10523,.,5.7,,4,730,,,
b413307f-d5c0-42a0-b40e-9f9b4516eaf3,10524,Ubi,5.7.1,2,1,731,0,,
b413307f-d5c0-42a0-b40e-9f9b4516eaf3,10525,vanus,5.7.1,0,1,731,1,,
b413307f-d5c0-42a0-b40e-9f9b4516eaf3,10526,animus,5.7.1,0,1,731,2,,
b413307f-d5c0-42a0-b40e-9f9b4516eaf3,10527,aura,5.7.1,0,1,731,3,,
b413307f-d5c0-42a0-b40e-9f9b4516eaf3,10528,captus,5.7.1,0,1,731,4,,
b413307f-d5c0-42a0-b40e-9f9b4516eaf3,10529,frivola,5.7.1,0,1,731,5,,
b413307f-d5c0-42a0-b40e-9f9b4516eaf3,10530,Arripuit,5.7.2,0,1,731,6,,
b413307f-d5c0-42a0-b40e-9f9b4516eaf3,10531,insolentem,5.7.2,0,1,731,7,,
b413307f-d5c0-42a0-b40e-9f9b4516eaf3,10532,sibi,5.7.2,0,1,731,8,,
b413307f-d5c0-42a0-b40e-9f9b4516eaf3,10533,fiduciam,5.7.2,0,1,731,9,,
b413307f-d5c0-42a0-b40e-9f9b4516eaf3,10534,",",5.7.2,,4,731,,,
b413307f-d5c0-42a0-b40e-9f9b4516eaf3,10535,Facile,5.7.3,0,1,731,10,,
b413307f-d5c0-42a0-b40e-9f9b4516eaf3,10536,ad,5.7.3,0,1,731,11,,
b413307f-d5c0-42a0-b40e-9f9b4516eaf3,10537,derisum,5.7.3,0,1,731,12,,
b413307f-d5c0-42a0-b40e-9f9b4516eaf3,10538,stulta,5.7.3,0,1,731,13,,
b413307f-d5c0-42a0-b40e-9f9b4516eaf3,10539,levitas,5.7.3,0,1,731,14,,
b413307f-d5c0-42a0-b40e-9f9b4516eaf3,10540,ducitur,5.7.3,0,1,731,15,,
b413307f-d5c0-42a0-b40e-9f9b4516eaf3,10541,.,5.7.3,,4,731,,,
b413307f-d5c0-42a0-b40e-9f9b4516eaf3,10542,Princeps,5.7.4,2,1,732,0,,
b413307f-d5c0-42a0-b40e-9f9b4516eaf3,10543,tibicen,5.7.4,0,1,732,1,,
b413307f-d5c0-42a0-b40e-9f9b4516eaf3,10544,notior,5.7.4,0,1,732,2,,
b413307f-d5c0-42a0-b40e-9f9b4516eaf3,10545,paulo,5.7.4,0,1,732,3,,
b413307f-d5c0-42a0-b40e-9f9b4516eaf3,10546,fuit,5.7.4,0,1,732,4,,
b413307f-d5c0-42a0-b40e-9f9b4516eaf3,10547,",",5.7.4,,4,732,,,
b413307f-d5c0-42a0-b40e-9f9b4516eaf3,10548,Operam,5.7.5,0,1,732,5,,
b413307f-d5c0-42a0-b40e-9f9b4516eaf3,10549,Bathyllo,5.7.5,1,1,732,6,,
b413307f-d5c0-42a0-b40e-9f9b4516eaf3,10550,solitus,5.7.5,0,1,732,7,,
b413307f-d5c0-42a0-b40e-9f9b4516eaf3,10551,in,5.7.5,0,1,732,8,,
b413307f-d5c0-42a0-b40e-9f9b4516eaf3,10552,scaena,5.7.5,0,1,732,9,,
b413307f-d5c0-42a0-b40e-9f9b4516eaf3,10553,dare,5.7.5,0,1,732,10,,
b413307f-d5c0-42a0-b40e-9f9b4516eaf3,10554,.,5.7.5,,4,732,,,
b413307f-d5c0-42a0-b40e-9f9b4516eaf3,10555,Is,5.7.6,0,1,733,0,,
b413307f-d5c0-42a0-b40e-9f9b4516eaf3,10556,forte,5.7.6,0,1,733,1,,
b413307f-d5c0-42a0-b40e-9f9b4516eaf3,10557,ludis,5.7.6,0,1,733,2,,
b413307f-d5c0-42a0-b40e-9f9b4516eaf3,10558,(,5.7.6,,4,733,,,
b413307f-d5c0-42a0-b40e-9f9b4516eaf3,10559,non,5.7.6,0,1,733,3,,
b413307f-d5c0-42a0-b40e-9f9b4516eaf3,10560,satis,5.7.6,0,1,733,4,,
b413307f-d5c0-42a0-b40e-9f9b4516eaf3,10561,memini,5.7.6,0,1,733,5,,
b413307f-d5c0-42a0-b40e-9f9b4516eaf3,10562,quibus,5.7.6,0,1,733,6,,
b413307f-d5c0-42a0-b40e-9f9b4516eaf3,10563,),5.7.6,,4,733,,,
b413307f-d5c0-42a0-b40e-9f9b4516eaf3,10564,Dum,5.7.7,0,1,733,7,,
b413307f-d5c0-42a0-b40e-9f9b4516eaf3,10565,pegma,5.7.7,0,1,733,8,,
b413307f-d5c0-42a0-b40e-9f9b4516eaf3,10566,rapitur,5.7.7,0,1,733,9,,
b413307f-d5c0-42a0-b40e-9f9b4516eaf3,10567,",",5.7.7,,4,733,,,
b413307f-d5c0-42a0-b40e-9f9b4516eaf3,10568,concidit,5.7.7,0,1,733,10,,
b413307f-d5c0-42a0-b40e-9f9b4516eaf3,10569,casu,5.7.7,0,1,733,11,,
b413307f-d5c0-42a0-b40e-9f9b4516eaf3,10570,gravi,5.7.7,0,1,733,12,,
b413307f-d5c0-42a0-b40e-9f9b4516eaf3,10571,Nec,5.7.8,0,1,733,13,,
b413307f-d5c0-42a0-b40e-9f9b4516eaf3,10572,opinans,5.7.8,0,1,733,14,,
b413307f-d5c0-42a0-b40e-9f9b4516eaf3,10573,",",5.7.8,,4,733,,,
b413307f-d5c0-42a0-b40e-9f9b4516eaf3,10574,et,5.7.8,0,1,733,15,,
b413307f-d5c0-42a0-b40e-9f9b4516eaf3,10575,sinistram,5.7.8,0,1,733,16,,
b413307f-d5c0-42a0-b40e-9f9b4516eaf3,10576,fregit,5.7.8,0,1,733,17,,
b413307f-d5c0-42a0-b40e-9f9b4516eaf3,10577,tibiam,5.7.8,0,1,733,18,,
b413307f-d5c0-42a0-b40e-9f9b4516eaf3,10578,",",5.7.8,,4,733,,,
b413307f-d5c0-42a0-b40e-9f9b4516eaf3,10579,Duas,5.7.9,0,1,733,19,,
b413307f-d5c0-42a0-b40e-9f9b4516eaf3,10580,cum,5.7.9,0,1,733,20,,
b413307f-d5c0-42a0-b40e-9f9b4516eaf3,10581,dextras,5.7.9,0,1,733,21,,
b413307f-d5c0-42a0-b40e-9f9b4516eaf3,10582,maluisset,5.7.9,0,1,733,22,,
b413307f-d5c0-42a0-b40e-9f9b4516eaf3,10583,perdere,5.7.9,0,1,733,23,,
b413307f-d5c0-42a0-b40e-9f9b4516eaf3,10584,.,5.7.9,,4,733,,,
b413307f-d5c0-42a0-b40e-9f9b4516eaf3,10585,Inter,5.7.10,0,1,734,0,,
b413307f-d5c0-42a0-b40e-9f9b4516eaf3,10586,manus,5.7.10,0,1,734,1,,
b413307f-d5c0-42a0-b40e-9f9b4516eaf3,10587,sublatus,5.7.10,0,1,734,2,,
b413307f-d5c0-42a0-b40e-9f9b4516eaf3,10588,et,5.7.10,0,1,734,3,,
b413307f-d5c0-42a0-b40e-9f9b4516eaf3,10589,multum,5.7.10,0,1,734,4,,
b413307f-d5c0-42a0-b40e-9f9b4516eaf3,10590,gemens,5.7.10,0,1,734,5,,
b413307f-d5c0-42a0-b40e-9f9b4516eaf3,10591,Domum,5.7.11,0,1,734,6,,
b413307f-d5c0-42a0-b40e-9f9b4516eaf3,10592,refertur,5.7.11,0,1,734,7,,
b413307f-d5c0-42a0-b40e-9f9b4516eaf3,10593,.,5.7.11,,4,734,,,
b413307f-d5c0-42a0-b40e-9f9b4516eaf3,10594,Aliquot,5.7.11,0,1,735,0,,
b413307f-d5c0-42a0-b40e-9f9b4516eaf3,10595,menses,5.7.11,0,1,735,1,,
b413307f-d5c0-42a0-b40e-9f9b4516eaf3,10596,transeunt,5.7.11,0,1,735,2,,
b413307f-d5c0-42a0-b40e-9f9b4516eaf3,10597,",",5.7.11,,4,735,,,
b413307f-d5c0-42a0-b40e-9f9b4516eaf3,10598,Ad,5.7.12,0,1,735,3,,
b413307f-d5c0-42a0-b40e-9f9b4516eaf3,10599,sanitatem,5.7.12,0,1,735,4,,
b413307f-d5c0-42a0-b40e-9f9b4516eaf3,10600,dum,5.7.12,0,1,735,5,,
b413307f-d5c0-42a0-b40e-9f9b4516eaf3,10601,venit,5.7.12,0,1,735,6,,
b413307f-d5c0-42a0-b40e-9f9b4516eaf3,10602,curatio,5.7.12,0,1,735,7,,
b413307f-d5c0-42a0-b40e-9f9b4516eaf3,10603,.,5.7.12,,4,735,,,
b413307f-d5c0-42a0-b40e-9f9b4516eaf3,10604,Ut,5.7.13,0,1,736,0,,
b413307f-d5c0-42a0-b40e-9f9b4516eaf3,10605,spectatorum,5.7.13,0,1,736,1,,
b413307f-d5c0-42a0-b40e-9f9b4516eaf3,10606,mos,5.7.13,0,1,736,2,,
b413307f-d5c0-42a0-b40e-9f9b4516eaf3,10607,est,5.7.13,0,1,736,3,,
b413307f-d5c0-42a0-b40e-9f9b4516eaf3,10608,et,5.7.13,0,1,736,4,,
b413307f-d5c0-42a0-b40e-9f9b4516eaf3,10609,lepidum,5.7.13,0,1,736,5,,
b413307f-d5c0-42a0-b40e-9f9b4516eaf3,10610,genus,5.7.13,0,1,736,6,,
b413307f-d5c0-42a0-b40e-9f9b4516eaf3,10611,",",5.7.13,,4,736,,,
b413307f-d5c0-42a0-b40e-9f9b4516eaf3,10612,Desiderari,5.7.14,0,1,736,7,,
b413307f-d5c0-42a0-b40e-9f9b4516eaf3,10613,coepit,5.7.14,0,1,736,8,,
b413307f-d5c0-42a0-b40e-9f9b4516eaf3,10614,",",5.7.14,,4,736,,,
b413307f-d5c0-42a0-b40e-9f9b4516eaf3,10615,cuius,5.7.14,0,1,736,9,,
b413307f-d5c0-42a0-b40e-9f9b4516eaf3,10616,flatibus,5.7.14,0,1,736,10,,
b413307f-d5c0-42a0-b40e-9f9b4516eaf3,10617,Solebat,5.7.15,0,1,736,11,,
b413307f-d5c0-42a0-b40e-9f9b4516eaf3,10618,excitari,5.7.15,0,1,736,12,,
b413307f-d5c0-42a0-b40e-9f9b4516eaf3,10619,saltantis,5.7.15,0,1,736,13,,
b413307f-d5c0-42a0-b40e-9f9b4516eaf3,10620,vigor,5.7.15,0,1,736,14,,
b413307f-d5c0-42a0-b40e-9f9b4516eaf3,10621,.,5.7.15,,4,736,,,
b413307f-d5c0-42a0-b40e-9f9b4516eaf3,10622,Erat,5.7.16,0,1,737,0,,
b413307f-d5c0-42a0-b40e-9f9b4516eaf3,10623,facturus,5.7.16,0,1,737,1,,
b413307f-d5c0-42a0-b40e-9f9b4516eaf3,10624,ludos,5.7.16,0,1,737,2,,
b413307f-d5c0-42a0-b40e-9f9b4516eaf3,10625,quidam,5.7.16,0,1,737,3,,
b413307f-d5c0-42a0-b40e-9f9b4516eaf3,10626,nobilis,5.7.16,0,1,737,4,,
b413307f-d5c0-42a0-b40e-9f9b4516eaf3,10627,",",5.7.16,,4,737,,,
b413307f-d5c0-42a0-b40e-9f9b4516eaf3,10628,Et,5.7.17,0,1,737,5,,
b413307f-d5c0-42a0-b40e-9f9b4516eaf3,10629,incipiebat,5.7.17,0,1,737,6,,
b413307f-d5c0-42a0-b40e-9f9b4516eaf3,10630,a,5.7.17,0,1,737,7,,
b413307f-d5c0-42a0-b40e-9f9b4516eaf3,10631,se,5.7.17,0,1,737,8,,
b413307f-d5c0-42a0-b40e-9f9b4516eaf3,10632,Princeps,5.7.17,1,1,737,9,,
b413307f-d5c0-42a0-b40e-9f9b4516eaf3,10633,ingredi,5.7.17,0,1,737,10,,
b413307f-d5c0-42a0-b40e-9f9b4516eaf3,10634,:,5.7.17,,4,737,,,
b413307f-d5c0-42a0-b40e-9f9b4516eaf3,10635,Reducem,5.7.18,0,1,737,11,,
b413307f-d5c0-42a0-b40e-9f9b4516eaf3,10636,tum,5.7.18,0,1,737,12,,
b413307f-d5c0-42a0-b40e-9f9b4516eaf3,10637,adducit,5.7.18,0,1,737,13,,
b413307f-d5c0-42a0-b40e-9f9b4516eaf3,10638,prece,5.7.18,0,1,737,14,,
b413307f-d5c0-42a0-b40e-9f9b4516eaf3,10639,",",5.7.18,,4,737,,,
b413307f-d5c0-42a0-b40e-9f9b4516eaf3,10640,pretio,5.7.18,0,1,737,15,,
b413307f-d5c0-42a0-b40e-9f9b4516eaf3,10641,ut,5.7.18,0,1,737,16,,
b413307f-d5c0-42a0-b40e-9f9b4516eaf3,10642,tantummodo,5.7.18,0,1,737,17,,
b413307f-d5c0-42a0-b40e-9f9b4516eaf3,10643,Ipso,5.7.19,0,1,737,18,,
b413307f-d5c0-42a0-b40e-9f9b4516eaf3,10644,ludorum,5.7.19,0,1,737,19,,
b413307f-d5c0-42a0-b40e-9f9b4516eaf3,10645,ostenderet,5.7.19,0,1,737,20,,
b413307f-d5c0-42a0-b40e-9f9b4516eaf3,10646,sese,5.7.19,0,1,737,21,,
b413307f-d5c0-42a0-b40e-9f9b4516eaf3,10647,die,5.7.19,0,1,737,22,,
b413307f-d5c0-42a0-b40e-9f9b4516eaf3,10648,.,5.7.19,,4,737,,,
b413307f-d5c0-42a0-b40e-9f9b4516eaf3,10649,Qui,5.7.20,0,1,738,0,,
b413307f-d5c0-42a0-b40e-9f9b4516eaf3,10650,simul,5.7.20,0,1,738,1,,
b413307f-d5c0-42a0-b40e-9f9b4516eaf3,10651,advenit,5.7.20,0,1,738,2,,
b413307f-d5c0-42a0-b40e-9f9b4516eaf3,10652,",",5.7.20,,4,738,,,
b413307f-d5c0-42a0-b40e-9f9b4516eaf3,10653,rumor,5.7.20,0,1,738,3,,
b413307f-d5c0-42a0-b40e-9f9b4516eaf3,10654,de,5.7.20,0,1,738,4,,
b413307f-d5c0-42a0-b40e-9f9b4516eaf3,10655,tibicine,5.7.20,0,1,738,5,,
b413307f-d5c0-42a0-b40e-9f9b4516eaf3,10656,Fremit,5.7.21,0,1,738,6,,
b413307f-d5c0-42a0-b40e-9f9b4516eaf3,10657,in,5.7.21,0,1,738,7,,
b413307f-d5c0-42a0-b40e-9f9b4516eaf3,10658,theatro,5.7.21,0,1,738,8,,
b413307f-d5c0-42a0-b40e-9f9b4516eaf3,10659,.,5.7.21,,4,738,,,
b413307f-d5c0-42a0-b40e-9f9b4516eaf3,10660,Quidam,5.7.21,0,1,739,0,,
b413307f-d5c0-42a0-b40e-9f9b4516eaf3,10661,affirmant,5.7.21,0,1,739,1,,
b413307f-d5c0-42a0-b40e-9f9b4516eaf3,10662,mortuum,5.7.21,0,1,739,2,,
b413307f-d5c0-42a0-b40e-9f9b4516eaf3,10663,",",5.7.21,,4,739,,,
b413307f-d5c0-42a0-b40e-9f9b4516eaf3,10664,Quidam,5.7.22,0,1,739,3,,
b413307f-d5c0-42a0-b40e-9f9b4516eaf3,10665,in,5.7.22,0,1,739,4,,
b413307f-d5c0-42a0-b40e-9f9b4516eaf3,10666,conspectum,5.7.22,0,1,739,5,,
b413307f-d5c0-42a0-b40e-9f9b4516eaf3,10667,proditurum,5.7.22,0,1,739,6,,
b413307f-d5c0-42a0-b40e-9f9b4516eaf3,10668,sine,5.7.22,0,1,739,7,,
b413307f-d5c0-42a0-b40e-9f9b4516eaf3,10669,mora,5.7.22,0,1,739,8,,
b413307f-d5c0-42a0-b40e-9f9b4516eaf3,10670,.,5.7.22,,4,739,,,
b413307f-d5c0-42a0-b40e-9f9b4516eaf3,10671,Aulaeo,5.7.23,0,1,740,0,,
b413307f-d5c0-42a0-b40e-9f9b4516eaf3,10672,misso,5.7.23,0,1,740,1,,
b413307f-d5c0-42a0-b40e-9f9b4516eaf3,10673,",",5.7.23,,4,740,,,
b413307f-d5c0-42a0-b40e-9f9b4516eaf3,10674,devolutis,5.7.23,0,1,740,2,,
b413307f-d5c0-42a0-b40e-9f9b4516eaf3,10675,tonitribus,5.7.23,0,1,740,3,,
b413307f-d5c0-42a0-b40e-9f9b4516eaf3,10676,Di,5.7.24,0,1,740,4,,
b413307f-d5c0-42a0-b40e-9f9b4516eaf3,10677,sunt,5.7.24,0,1,740,5,,
b413307f-d5c0-42a0-b40e-9f9b4516eaf3,10678,locuti,5.7.24,0,1,740,6,,
b413307f-d5c0-42a0-b40e-9f9b4516eaf3,10679,more,5.7.24,0,1,740,7,,
b413307f-d5c0-42a0-b40e-9f9b4516eaf3,10680,translaticio,5.7.24,0,1,740,8,,
b413307f-d5c0-42a0-b40e-9f9b4516eaf3,10681,.,5.7.24,,4,740,,,
b413307f-d5c0-42a0-b40e-9f9b4516eaf3,10682,Tunc,5.7.25,0,1,741,0,,
b413307f-d5c0-42a0-b40e-9f9b4516eaf3,10683,chorus,5.7.25,0,1,741,1,,
b413307f-d5c0-42a0-b40e-9f9b4516eaf3,10684,ignotum,5.7.25,0,1,741,2,,
b413307f-d5c0-42a0-b40e-9f9b4516eaf3,10685,modo,5.7.25,0,1,741,3,,
b413307f-d5c0-42a0-b40e-9f9b4516eaf3,10686,reducto,5.7.25,0,1,741,4,,
b413307f-d5c0-42a0-b40e-9f9b4516eaf3,10687,canticum,5.7.25,0,1,741,5,,
b413307f-d5c0-42a0-b40e-9f9b4516eaf3,10688,Insonuit,5.7.26,0,1,741,6,,
b413307f-d5c0-42a0-b40e-9f9b4516eaf3,10689,",",5.7.26,,4,741,,,
b413307f-d5c0-42a0-b40e-9f9b4516eaf3,10690,cuius,5.7.26,0,1,741,7,,
b413307f-d5c0-42a0-b40e-9f9b4516eaf3,10691,haec,5.7.26,0,1,741,8,,
b413307f-d5c0-42a0-b40e-9f9b4516eaf3,10692,fuit,5.7.26,0,1,741,9,,
b413307f-d5c0-42a0-b40e-9f9b4516eaf3,10693,sententia,5.7.26,0,1,741,10,,
b413307f-d5c0-42a0-b40e-9f9b4516eaf3,10694,:,5.7.26,,4,741,,,
b413307f-d5c0-42a0-b40e-9f9b4516eaf3,10695,Laetare,5.7.27,0,1,741,11,,
b413307f-d5c0-42a0-b40e-9f9b4516eaf3,10696,",",5.7.27,,4,741,,,
b413307f-d5c0-42a0-b40e-9f9b4516eaf3,10697,incolumis,5.7.27,0,1,741,12,,
b413307f-d5c0-42a0-b40e-9f9b4516eaf3,10698,Roma,5.7.27,1,1,741,13,,
b413307f-d5c0-42a0-b40e-9f9b4516eaf3,10699,",",5.7.27,,4,741,,,
b413307f-d5c0-42a0-b40e-9f9b4516eaf3,10700,salvo,5.7.27,0,1,741,14,,
b413307f-d5c0-42a0-b40e-9f9b4516eaf3,10701,principe,5.7.27,0,1,741,15,,
b413307f-d5c0-42a0-b40e-9f9b4516eaf3,10702,!,5.7.27,,4,741,,,
b413307f-d5c0-42a0-b40e-9f9b4516eaf3,10703,In,5.7.28,0,1,742,0,,
b413307f-d5c0-42a0-b40e-9f9b4516eaf3,10704,plausus,5.7.28,0,1,742,1,,
b413307f-d5c0-42a0-b40e-9f9b4516eaf3,10705,consurrectum,5.7.28,0,1,742,2,,
b413307f-d5c0-42a0-b40e-9f9b4516eaf3,10706,est,5.7.28,0,1,742,3,,
b413307f-d5c0-42a0-b40e-9f9b4516eaf3,10707,.,5.7.28,,4,742,,,
b413307f-d5c0-42a0-b40e-9f9b4516eaf3,10708,Iactat,5.7.28,0,1,743,0,,
b413307f-d5c0-42a0-b40e-9f9b4516eaf3,10709,basia,5.7.28,0,1,743,1,,
b413307f-d5c0-42a0-b40e-9f9b4516eaf3,10710,Tibicen,5.7.29,0,1,743,2,,
b413307f-d5c0-42a0-b40e-9f9b4516eaf3,10711,:,5.7.29,,4,743,,,
b413307f-d5c0-42a0-b40e-9f9b4516eaf3,10712,gratulari,5.7.29,0,1,743,3,,
b413307f-d5c0-42a0-b40e-9f9b4516eaf3,10713,fautores,5.7.29,0,1,743,4,,
b413307f-d5c0-42a0-b40e-9f9b4516eaf3,10714,putat,5.7.29,0,1,743,5,,
b413307f-d5c0-42a0-b40e-9f9b4516eaf3,10715,.,5.7.29,,4,743,,,
b413307f-d5c0-42a0-b40e-9f9b4516eaf3,10716,Equester,5.7.30,0,1,744,0,,
b413307f-d5c0-42a0-b40e-9f9b4516eaf3,10717,ordo,5.7.30,0,1,744,1,,
b413307f-d5c0-42a0-b40e-9f9b4516eaf3,10718,stultum,5.7.30,0,1,744,2,,
b413307f-d5c0-42a0-b40e-9f9b4516eaf3,10719,errorem,5.7.30,0,1,744,3,,
b413307f-d5c0-42a0-b40e-9f9b4516eaf3,10720,intellegit,5.7.30,0,1,744,4,,
b413307f-d5c0-42a0-b40e-9f9b4516eaf3,10721,Magnoque,5.7.31,2,1,744,5,que,
b413307f-d5c0-42a0-b40e-9f9b4516eaf3,10722,risu,5.7.31,0,1,744,6,,
b413307f-d5c0-42a0-b40e-9f9b4516eaf3,10723,canticum,5.7.31,0,1,744,7,,
b413307f-d5c0-42a0-b40e-9f9b4516eaf3,10724,repeti,5.7.31,0,1,744,8,,
b413307f-d5c0-42a0-b40e-9f9b4516eaf3,10725,iubet,5.7.31,0,1,744,9,,
b413307f-d5c0-42a0-b40e-9f9b4516eaf3,10726,.,5.7.31,,4,744,,,
b413307f-d5c0-42a0-b40e-9f9b4516eaf3,10727,Iteratur,5.7.32,0,1,745,0,,
b413307f-d5c0-42a0-b40e-9f9b4516eaf3,10728,illud,5.7.32,0,1,745,1,,
b413307f-d5c0-42a0-b40e-9f9b4516eaf3,10729,.,5.7.32,,4,745,,,
b413307f-d5c0-42a0-b40e-9f9b4516eaf3,10730,Homo,5.7.32,0,1,746,0,,
b413307f-d5c0-42a0-b40e-9f9b4516eaf3,10731,meus,5.7.32,0,1,746,1,,
b413307f-d5c0-42a0-b40e-9f9b4516eaf3,10732,se,5.7.32,0,1,746,2,,
b413307f-d5c0-42a0-b40e-9f9b4516eaf3,10733,in,5.7.32,0,1,746,3,,
b413307f-d5c0-42a0-b40e-9f9b4516eaf3,10734,pulpito,5.7.32,0,1,746,4,,
b413307f-d5c0-42a0-b40e-9f9b4516eaf3,10735,Totum,5.7.33,0,1,746,5,,
b413307f-d5c0-42a0-b40e-9f9b4516eaf3,10736,prosternit,5.7.33,0,1,746,6,,
b413307f-d5c0-42a0-b40e-9f9b4516eaf3,10737,.,5.7.33,,4,746,,,
b413307f-d5c0-42a0-b40e-9f9b4516eaf3,10738,Plaudit,5.7.33,0,1,747,0,,
b413307f-d5c0-42a0-b40e-9f9b4516eaf3,10739,illudens,5.7.33,0,1,747,1,,
b413307f-d5c0-42a0-b40e-9f9b4516eaf3,10740,eques,5.7.33,0,1,747,2,,
b413307f-d5c0-42a0-b40e-9f9b4516eaf3,10741,.,5.7.33,,4,747,,,
b413307f-d5c0-42a0-b40e-9f9b4516eaf3,10742,Rogare,5.7.34,0,1,748,0,,
b413307f-d5c0-42a0-b40e-9f9b4516eaf3,10743,populus,5.7.34,0,1,748,1,,
b413307f-d5c0-42a0-b40e-9f9b4516eaf3,10744,hunc,5.7.34,0,1,748,2,,
b413307f-d5c0-42a0-b40e-9f9b4516eaf3,10745,coronam,5.7.34,0,1,748,3,,
b413307f-d5c0-42a0-b40e-9f9b4516eaf3,10746,existimat,5.7.34,0,1,748,4,,
b413307f-d5c0-42a0-b40e-9f9b4516eaf3,10747,.,5.7.34,,4,748,,,
b413307f-d5c0-42a0-b40e-9f9b4516eaf3,10748,Ut,5.7.35,0,1,749,0,,
b413307f-d5c0-42a0-b40e-9f9b4516eaf3,10749,vero,5.7.35,0,1,749,1,,
b413307f-d5c0-42a0-b40e-9f9b4516eaf3,10750,cuneis,5.7.35,0,1,749,2,,
b413307f-d5c0-42a0-b40e-9f9b4516eaf3,10751,notuit,5.7.35,0,1,749,3,,
b413307f-d5c0-42a0-b40e-9f9b4516eaf3,10752,res,5.7.35,0,1,749,4,,
b413307f-d5c0-42a0-b40e-9f9b4516eaf3,10753,omnibus,5.7.35,0,1,749,5,,
b413307f-d5c0-42a0-b40e-9f9b4516eaf3,10754,",",5.7.35,,4,749,,,
b413307f-d5c0-42a0-b40e-9f9b4516eaf3,10755,Princeps,5.7.36,2,1,749,6,,
b413307f-d5c0-42a0-b40e-9f9b4516eaf3,10756,",",5.7.36,,4,749,,,
b413307f-d5c0-42a0-b40e-9f9b4516eaf3,10757,ligato,5.7.36,0,1,749,7,,
b413307f-d5c0-42a0-b40e-9f9b4516eaf3,10758,crure,5.7.36,0,1,749,8,,
b413307f-d5c0-42a0-b40e-9f9b4516eaf3,10759,nivea,5.7.36,0,1,749,9,,
b413307f-d5c0-42a0-b40e-9f9b4516eaf3,10760,fascia,5.7.36,0,1,749,10,,
b413307f-d5c0-42a0-b40e-9f9b4516eaf3,10761,",",5.7.36,,4,749,,,
b413307f-d5c0-42a0-b40e-9f9b4516eaf3,10762,Niveisque,5.7.37,0,1,749,11,,
b413307f-d5c0-42a0-b40e-9f9b4516eaf3,10763,tunicis,5.7.37,0,1,749,12,,
b413307f-d5c0-42a0-b40e-9f9b4516eaf3,10764,",",5.7.37,,4,749,,,
b413307f-d5c0-42a0-b40e-9f9b4516eaf3,10765,niveis,5.7.37,0,1,749,13,,
b413307f-d5c0-42a0-b40e-9f9b4516eaf3,10766,etiam,5.7.37,0,1,749,14,,
b413307f-d5c0-42a0-b40e-9f9b4516eaf3,10767,calceis,5.7.37,0,1,749,15,,
b413307f-d5c0-42a0-b40e-9f9b4516eaf3,10768,",",5.7.37,,4,749,,,
b413307f-d5c0-42a0-b40e-9f9b4516eaf3,10769,Superbiens,5.7.38,0,1,749,16,,
b413307f-d5c0-42a0-b40e-9f9b4516eaf3,10770,honore,5.7.38,0,1,749,17,,
b413307f-d5c0-42a0-b40e-9f9b4516eaf3,10771,divinae,5.7.38,0,1,749,18,,
b413307f-d5c0-42a0-b40e-9f9b4516eaf3,10772,domus,5.7.38,0,1,749,19,,
b413307f-d5c0-42a0-b40e-9f9b4516eaf3,10773,",",5.7.38,,4,749,,,
b413307f-d5c0-42a0-b40e-9f9b4516eaf3,10774,Ab,5.7.39,0,1,749,20,,
b413307f-d5c0-42a0-b40e-9f9b4516eaf3,10775,universis,5.7.39,0,1,749,21,,
b413307f-d5c0-42a0-b40e-9f9b4516eaf3,10776,capite,5.7.39,0,1,749,22,,
b413307f-d5c0-42a0-b40e-9f9b4516eaf3,10777,est,5.7.39,0,1,749,23,,
b413307f-d5c0-42a0-b40e-9f9b4516eaf3,10778,protrusus,5.7.39,0,1,749,24,,
b413307f-d5c0-42a0-b40e-9f9b4516eaf3,10779,foras,5.7.39,0,1,749,25,,
b413307f-d5c0-42a0-b40e-9f9b4516eaf3,10780,.,5.7.39,,4,749,,,
b413307f-d5c0-42a0-b40e-9f9b4516eaf3,10781,Tempus,5.8,0,1,750,0,,
b413307f-d5c0-42a0-b40e-9f9b4516eaf3,10782,.,5.8,,4,750,,,
b413307f-d5c0-42a0-b40e-9f9b4516eaf3,10783,Cursu,5.8.1,0,1,751,0,,
b413307f-d5c0-42a0-b40e-9f9b4516eaf3,10784,volucri,5.8.1,0,1,751,1,,
b413307f-d5c0-42a0-b40e-9f9b4516eaf3,10785,",",5.8.1,,4,751,,,
b413307f-d5c0-42a0-b40e-9f9b4516eaf3,10786,pendens,5.8.1,0,1,751,2,,
b413307f-d5c0-42a0-b40e-9f9b4516eaf3,10787,in,5.8.1,0,1,751,3,,
b413307f-d5c0-42a0-b40e-9f9b4516eaf3,10788,novacula,5.8.1,0,1,751,4,,
b413307f-d5c0-42a0-b40e-9f9b4516eaf3,10789,",",5.8.1,,4,751,,,
b413307f-d5c0-42a0-b40e-9f9b4516eaf3,10790,Calvus,5.8.2,2,1,751,5,,
b413307f-d5c0-42a0-b40e-9f9b4516eaf3,10791,",",5.8.2,,4,751,,,
b413307f-d5c0-42a0-b40e-9f9b4516eaf3,10792,comosa,5.8.2,0,1,751,6,,
b413307f-d5c0-42a0-b40e-9f9b4516eaf3,10793,fronte,5.8.2,0,1,751,7,,
b413307f-d5c0-42a0-b40e-9f9b4516eaf3,10794,",",5.8.2,,4,751,,,
b413307f-d5c0-42a0-b40e-9f9b4516eaf3,10795,nudo,5.8.2,0,1,751,8,,
b413307f-d5c0-42a0-b40e-9f9b4516eaf3,10796,corpore,5.8.2,0,1,751,9,,
b413307f-d5c0-42a0-b40e-9f9b4516eaf3,10797,",",5.8.2,,4,751,,,
b413307f-d5c0-42a0-b40e-9f9b4516eaf3,10798,(,5.8.3,,4,751,,,
b413307f-d5c0-42a0-b40e-9f9b4516eaf3,10799,Quem,5.8.3,0,1,751,10,,
b413307f-d5c0-42a0-b40e-9f9b4516eaf3,10800,si,5.8.3,0,1,751,11,,
b413307f-d5c0-42a0-b40e-9f9b4516eaf3,10801,occuparis,5.8.3,0,1,751,12,,
b413307f-d5c0-42a0-b40e-9f9b4516eaf3,10802,",",5.8.3,,4,751,,,
b413307f-d5c0-42a0-b40e-9f9b4516eaf3,10803,teneas,5.8.3,0,1,751,13,,
b413307f-d5c0-42a0-b40e-9f9b4516eaf3,10804,;,5.8.3,,4,751,,,
b413307f-d5c0-42a0-b40e-9f9b4516eaf3,10805,elapsum,5.8.3,0,1,751,14,,
b413307f-d5c0-42a0-b40e-9f9b4516eaf3,10806,semel,5.8.3,0,1,751,15,,
b413307f-d5c0-42a0-b40e-9f9b4516eaf3,10807,Non,5.8.4,0,1,751,16,,
b413307f-d5c0-42a0-b40e-9f9b4516eaf3,10808,ipse,5.8.4,0,1,751,17,,
b413307f-d5c0-42a0-b40e-9f9b4516eaf3,10809,possit,5.8.4,0,1,751,18,,
b413307f-d5c0-42a0-b40e-9f9b4516eaf3,10810,Iuppiter,5.8.4,1,1,751,19,,
b413307f-d5c0-42a0-b40e-9f9b4516eaf3,10811,reprehendere,5.8.4,0,1,751,20,,
b413307f-d5c0-42a0-b40e-9f9b4516eaf3,10812,),5.8.4,,4,751,,,
b413307f-d5c0-42a0-b40e-9f9b4516eaf3,10813,",",5.8.4,,4,751,,,
b413307f-d5c0-42a0-b40e-9f9b4516eaf3,10814,Occasionem,5.8.5,0,1,751,21,,
b413307f-d5c0-42a0-b40e-9f9b4516eaf3,10815,rerum,5.8.5,0,1,751,22,,
b413307f-d5c0-42a0-b40e-9f9b4516eaf3,10816,significat,5.8.5,0,1,751,23,,
b413307f-d5c0-42a0-b40e-9f9b4516eaf3,10817,brevem,5.8.5,0,1,751,24,,
b413307f-d5c0-42a0-b40e-9f9b4516eaf3,10818,.,5.8.5,,4,751,,,
b413307f-d5c0-42a0-b40e-9f9b4516eaf3,10819,Effectus,5.8.6,0,1,752,0,,
b413307f-d5c0-42a0-b40e-9f9b4516eaf3,10820,impediret,5.8.6,0,1,752,1,,
b413307f-d5c0-42a0-b40e-9f9b4516eaf3,10821,ne,5.8.6,0,1,752,2,,
b413307f-d5c0-42a0-b40e-9f9b4516eaf3,10822,segnis,5.8.6,0,1,752,3,,
b413307f-d5c0-42a0-b40e-9f9b4516eaf3,10823,mora,5.8.6,0,1,752,4,,
b413307f-d5c0-42a0-b40e-9f9b4516eaf3,10824,",",5.8.6,,4,752,,,
b413307f-d5c0-42a0-b40e-9f9b4516eaf3,10825,Finxere,5.8.7,0,1,752,5,,
b413307f-d5c0-42a0-b40e-9f9b4516eaf3,10826,antiqui,5.8.7,0,1,752,6,,
b413307f-d5c0-42a0-b40e-9f9b4516eaf3,10827,talem,5.8.7,0,1,752,7,,
b413307f-d5c0-42a0-b40e-9f9b4516eaf3,10828,effigiem,5.8.7,0,1,752,8,,
b413307f-d5c0-42a0-b40e-9f9b4516eaf3,10829,Temporis,5.8.7,0,1,752,9,,
b413307f-d5c0-42a0-b40e-9f9b4516eaf3,10830,.,5.8.7,,4,752,,,
b413307f-d5c0-42a0-b40e-9f9b4516eaf3,10831,Taurus,5.9,2,1,753,0,,
b413307f-d5c0-42a0-b40e-9f9b4516eaf3,10832,et,5.9,0,1,753,1,,
b413307f-d5c0-42a0-b40e-9f9b4516eaf3,10833,vitulus,5.9,0,1,753,2,,
b413307f-d5c0-42a0-b40e-9f9b4516eaf3,10834,.,5.9,,4,753,,,
b413307f-d5c0-42a0-b40e-9f9b4516eaf3,10835,Angusto,5.9.1,0,1,754,0,,
b413307f-d5c0-42a0-b40e-9f9b4516eaf3,10836,in,5.9.1,0,1,754,1,,
b413307f-d5c0-42a0-b40e-9f9b4516eaf3,10837,aditu,5.9.1,0,1,754,2,,
b413307f-d5c0-42a0-b40e-9f9b4516eaf3,10838,taurus,5.9.1,0,1,754,3,,
b413307f-d5c0-42a0-b40e-9f9b4516eaf3,10839,luctans,5.9.1,0,1,754,4,,
b413307f-d5c0-42a0-b40e-9f9b4516eaf3,10840,cornibus,5.9.1,0,1,754,5,,
b413307f-d5c0-42a0-b40e-9f9b4516eaf3,10841,Cum,5.9.2,2,1,754,6,,
b413307f-d5c0-42a0-b40e-9f9b4516eaf3,10842,vix,5.9.2,0,1,754,7,,
b413307f-d5c0-42a0-b40e-9f9b4516eaf3,10843,intrare,5.9.2,0,1,754,8,,
b413307f-d5c0-42a0-b40e-9f9b4516eaf3,10844,posset,5.9.2,0,1,754,9,,
b413307f-d5c0-42a0-b40e-9f9b4516eaf3,10845,ad,5.9.2,0,1,754,10,,
b413307f-d5c0-42a0-b40e-9f9b4516eaf3,10846,praesepia,5.9.2,0,1,754,11,,
b413307f-d5c0-42a0-b40e-9f9b4516eaf3,10847,",",5.9.2,,4,754,,,
b413307f-d5c0-42a0-b40e-9f9b4516eaf3,10848,Monstrabat,5.9.3,0,1,754,12,,
b413307f-d5c0-42a0-b40e-9f9b4516eaf3,10849,vitulus,5.9.3,0,1,754,13,,
b413307f-d5c0-42a0-b40e-9f9b4516eaf3,10850,quo,5.9.3,0,1,754,14,,
b413307f-d5c0-42a0-b40e-9f9b4516eaf3,10851,se,5.9.3,0,1,754,15,,
b413307f-d5c0-42a0-b40e-9f9b4516eaf3,10852,pacto,5.9.3,0,1,754,16,,
b413307f-d5c0-42a0-b40e-9f9b4516eaf3,10853,plecteret,5.9.3,0,1,754,17,,
b413307f-d5c0-42a0-b40e-9f9b4516eaf3,10854,.,5.9.3,,4,754,,,
b413307f-d5c0-42a0-b40e-9f9b4516eaf3,10855,Tace,5.9.4,0,1,755,0,,
b413307f-d5c0-42a0-b40e-9f9b4516eaf3,10856,inquit,5.9.4,0,1,755,1,,
b413307f-d5c0-42a0-b40e-9f9b4516eaf3,10857,ante,5.9.4,0,1,755,2,,
b413307f-d5c0-42a0-b40e-9f9b4516eaf3,10858,hoc,5.9.4,0,1,755,3,,
b413307f-d5c0-42a0-b40e-9f9b4516eaf3,10859,novi,5.9.4,0,1,755,4,,
b413307f-d5c0-42a0-b40e-9f9b4516eaf3,10860,quam,5.9.4,0,1,755,5,,
b413307f-d5c0-42a0-b40e-9f9b4516eaf3,10861,tu,5.9.4,0,1,755,6,,
b413307f-d5c0-42a0-b40e-9f9b4516eaf3,10862,natus,5.9.4,0,1,755,7,,
b413307f-d5c0-42a0-b40e-9f9b4516eaf3,10863,es,5.9.4,0,1,755,8,,
b413307f-d5c0-42a0-b40e-9f9b4516eaf3,10864,.,5.9.4,,4,755,,,
b413307f-d5c0-42a0-b40e-9f9b4516eaf3,10865,Qui,5.9.5,0,1,756,0,,
b413307f-d5c0-42a0-b40e-9f9b4516eaf3,10866,doctiorem,5.9.5,0,1,756,1,,
b413307f-d5c0-42a0-b40e-9f9b4516eaf3,10867,emendat,5.9.5,0,1,756,2,,
b413307f-d5c0-42a0-b40e-9f9b4516eaf3,10868,sibi,5.9.5,0,1,756,3,,
b413307f-d5c0-42a0-b40e-9f9b4516eaf3,10869,dici,5.9.5,0,1,756,4,,
b413307f-d5c0-42a0-b40e-9f9b4516eaf3,10870,putet,5.9.5,0,1,756,5,,
b413307f-d5c0-42a0-b40e-9f9b4516eaf3,10871,.,5.9.5,,4,756,,,
b413307f-d5c0-42a0-b40e-9f9b4516eaf3,10872,Canis,5.10,2,1,757,0,,
b413307f-d5c0-42a0-b40e-9f9b4516eaf3,10873,et,5.10,0,1,757,1,,
b413307f-d5c0-42a0-b40e-9f9b4516eaf3,10874,sus,5.10,0,1,757,2,,
b413307f-d5c0-42a0-b40e-9f9b4516eaf3,10875,et,5.10,0,1,757,3,,
b413307f-d5c0-42a0-b40e-9f9b4516eaf3,10876,venator,5.10,0,1,757,4,,
b413307f-d5c0-42a0-b40e-9f9b4516eaf3,10877,.,5.10,,4,757,,,
b413307f-d5c0-42a0-b40e-9f9b4516eaf3,10878,Adversus,5.10.1,0,1,758,0,,
b413307f-d5c0-42a0-b40e-9f9b4516eaf3,10879,omnes,5.10.1,0,1,758,1,,
b413307f-d5c0-42a0-b40e-9f9b4516eaf3,10880,fortis,5.10.1,0,1,758,2,,
b413307f-d5c0-42a0-b40e-9f9b4516eaf3,10881,veloces,5.10.1,0,1,758,3,,
b413307f-d5c0-42a0-b40e-9f9b4516eaf3,10882,feras,5.10.1,0,1,758,4,,
b413307f-d5c0-42a0-b40e-9f9b4516eaf3,10883,Canis,5.10.2,2,1,758,5,,
b413307f-d5c0-42a0-b40e-9f9b4516eaf3,10884,cum,5.10.2,0,1,758,6,,
b413307f-d5c0-42a0-b40e-9f9b4516eaf3,10885,domino,5.10.2,0,1,758,7,,
b413307f-d5c0-42a0-b40e-9f9b4516eaf3,10886,semper,5.10.2,0,1,758,8,,
b413307f-d5c0-42a0-b40e-9f9b4516eaf3,10887,fecisset,5.10.2,0,1,758,9,,
b413307f-d5c0-42a0-b40e-9f9b4516eaf3,10888,satis,5.10.2,0,1,758,10,,
b413307f-d5c0-42a0-b40e-9f9b4516eaf3,10889,",",5.10.2,,4,758,,,
b413307f-d5c0-42a0-b40e-9f9b4516eaf3,10890,Languere,5.10.3,0,1,758,11,,
b413307f-d5c0-42a0-b40e-9f9b4516eaf3,10891,coepit,5.10.3,0,1,758,12,,
b413307f-d5c0-42a0-b40e-9f9b4516eaf3,10892,annis,5.10.3,0,1,758,13,,
b413307f-d5c0-42a0-b40e-9f9b4516eaf3,10893,ingravantibus,5.10.3,0,1,758,14,,
b413307f-d5c0-42a0-b40e-9f9b4516eaf3,10894,.,5.10.3,,4,758,,,
b413307f-d5c0-42a0-b40e-9f9b4516eaf3,10895,Aliquando,5.10.4,0,1,759,0,,
b413307f-d5c0-42a0-b40e-9f9b4516eaf3,10896,obiectus,5.10.4,0,1,759,1,,
b413307f-d5c0-42a0-b40e-9f9b4516eaf3,10897,hispidi,5.10.4,0,1,759,2,,
b413307f-d5c0-42a0-b40e-9f9b4516eaf3,10898,pugnae,5.10.4,0,1,759,3,,
b413307f-d5c0-42a0-b40e-9f9b4516eaf3,10899,suis,5.10.4,0,1,759,4,,
b413307f-d5c0-42a0-b40e-9f9b4516eaf3,10900,Arripuit,5.10.5,0,1,759,5,,
b413307f-d5c0-42a0-b40e-9f9b4516eaf3,10901,aurem,5.10.5,0,1,759,6,,
b413307f-d5c0-42a0-b40e-9f9b4516eaf3,10902,",",5.10.5,,4,759,,,
b413307f-d5c0-42a0-b40e-9f9b4516eaf3,10903,sed,5.10.5,0,1,759,7,,
b413307f-d5c0-42a0-b40e-9f9b4516eaf3,10904,cariosis,5.10.5,0,1,759,8,,
b413307f-d5c0-42a0-b40e-9f9b4516eaf3,10905,dentibus,5.10.5,0,1,759,9,,
b413307f-d5c0-42a0-b40e-9f9b4516eaf3,10906,Praedam,5.10.6,0,1,759,10,,
b413307f-d5c0-42a0-b40e-9f9b4516eaf3,10907,dimisit,5.10.6,0,1,759,11,,
b413307f-d5c0-42a0-b40e-9f9b4516eaf3,10908,.,5.10.6,,4,759,,,
b413307f-d5c0-42a0-b40e-9f9b4516eaf3,10909,Hic,5.10.6,0,1,760,0,,
b413307f-d5c0-42a0-b40e-9f9b4516eaf3,10910,tunc,5.10.6,0,1,760,1,,
b413307f-d5c0-42a0-b40e-9f9b4516eaf3,10911,venator,5.10.6,0,1,760,2,,
b413307f-d5c0-42a0-b40e-9f9b4516eaf3,10912,dolens,5.10.6,0,1,760,3,,
b413307f-d5c0-42a0-b40e-9f9b4516eaf3,10913,Canem,5.10.7,2,1,760,4,,
b413307f-d5c0-42a0-b40e-9f9b4516eaf3,10914,obiurgabat,5.10.7,0,1,760,5,,
b413307f-d5c0-42a0-b40e-9f9b4516eaf3,10915,.,5.10.7,,4,760,,,
b413307f-d5c0-42a0-b40e-9f9b4516eaf3,10916,Cui,5.10.7,0,1,761,0,,
b413307f-d5c0-42a0-b40e-9f9b4516eaf3,10917,latrans,5.10.7,0,1,761,1,,
b413307f-d5c0-42a0-b40e-9f9b4516eaf3,10918,contra,5.10.7,0,1,761,2,,
b413307f-d5c0-42a0-b40e-9f9b4516eaf3,10919,senex,5.10.7,0,1,761,3,,
b413307f-d5c0-42a0-b40e-9f9b4516eaf3,10920,:,5.10.7,,4,761,,,
b413307f-d5c0-42a0-b40e-9f9b4516eaf3,10921,Non,5.10.8,0,1,761,4,,
b413307f-d5c0-42a0-b40e-9f9b4516eaf3,10922,te,5.10.8,0,1,761,5,,
b413307f-d5c0-42a0-b40e-9f9b4516eaf3,10923,destituit,5.10.8,0,1,761,6,,
b413307f-d5c0-42a0-b40e-9f9b4516eaf3,10924,animus,5.10.8,0,1,761,7,,
b413307f-d5c0-42a0-b40e-9f9b4516eaf3,10925,",",5.10.8,,4,761,,,
b413307f-d5c0-42a0-b40e-9f9b4516eaf3,10926,sed,5.10.8,0,1,761,8,,
b413307f-d5c0-42a0-b40e-9f9b4516eaf3,10927,vires,5.10.8,0,1,761,9,,
b413307f-d5c0-42a0-b40e-9f9b4516eaf3,10928,meae,5.10.8,0,1,761,10,,
b413307f-d5c0-42a0-b40e-9f9b4516eaf3,10929,.,5.10.8,,4,761,,,
b413307f-d5c0-42a0-b40e-9f9b4516eaf3,10930,Quod,5.10.9,0,1,762,0,,
b413307f-d5c0-42a0-b40e-9f9b4516eaf3,10931,fuimus,5.10.9,0,1,762,1,,
b413307f-d5c0-42a0-b40e-9f9b4516eaf3,10932,laudas,5.10.9,0,1,762,2,,
b413307f-d5c0-42a0-b40e-9f9b4516eaf3,10933,",",5.10.9,,4,762,,,
b413307f-d5c0-42a0-b40e-9f9b4516eaf3,10934,si,5.10.9,0,1,762,3,,
b413307f-d5c0-42a0-b40e-9f9b4516eaf3,10935,iam,5.10.9,0,1,762,4,,
b413307f-d5c0-42a0-b40e-9f9b4516eaf3,10936,damnas,5.10.9,0,1,762,5,,
b413307f-d5c0-42a0-b40e-9f9b4516eaf3,10937,quod,5.10.9,0,1,762,6,,
b413307f-d5c0-42a0-b40e-9f9b4516eaf3,10938,sumus,5.10.9,0,1,762,7,,
b413307f-d5c0-42a0-b40e-9f9b4516eaf3,10939,.,5.10.9,,4,762,,,
b413307f-d5c0-42a0-b40e-9f9b4516eaf3,10940,Hoc,5.10.10,0,1,763,0,,
b413307f-d5c0-42a0-b40e-9f9b4516eaf3,10941,cur,5.10.10,0,1,763,1,,
b413307f-d5c0-42a0-b40e-9f9b4516eaf3,10942,",",5.10.10,,4,763,,,
b413307f-d5c0-42a0-b40e-9f9b4516eaf3,10943,Philete,5.10.10,,1,763,2,,
b413307f-d5c0-42a0-b40e-9f9b4516eaf3,10944,",",5.10.10,,4,763,,,
b413307f-d5c0-42a0-b40e-9f9b4516eaf3,10945,scripserim,5.10.10,0,1,763,3,,
b413307f-d5c0-42a0-b40e-9f9b4516eaf3,10946,",",5.10.10,,4,763,,,
b413307f-d5c0-42a0-b40e-9f9b4516eaf3,10947,pulchre,5.10.10,0,1,763,4,,
b413307f-d5c0-42a0-b40e-9f9b4516eaf3,10948,vides,5.10.10,0,1,763,5,,
b413307f-d5c0-42a0-b40e-9f9b4516eaf3,10949,.,5.10.10,,4,763,,,
b413307f-d5c0-42a0-b40e-9f9b4516eaf3,10950,Appendix,appendix,0,1,764,0,,
b413307f-d5c0-42a0-b40e-9f9b4516eaf3,10951,:,appendix,,4,764,,,
b413307f-d5c0-42a0-b40e-9f9b4516eaf3,10952,Fabulae,appendix,0,1,764,1,,
b413307f-d5c0-42a0-b40e-9f9b4516eaf3,10953,Novae,appendix,0,1,764,2,,
b413307f-d5c0-42a0-b40e-9f9b4516eaf3,10954,Simius,appendix.1,0,1,765,0,,
b413307f-d5c0-42a0-b40e-9f9b4516eaf3,10955,et,appendix.1,0,1,765,1,,
b413307f-d5c0-42a0-b40e-9f9b4516eaf3,10956,vulpes,appendix.1,0,1,765,2,,
b413307f-d5c0-42a0-b40e-9f9b4516eaf3,10957,:,appendix.1,,4,765,,,
b413307f-d5c0-42a0-b40e-9f9b4516eaf3,10958,Avarum,appendix.1,0,1,765,3,,
b413307f-d5c0-42a0-b40e-9f9b4516eaf3,10959,etiam,appendix.1,0,1,765,4,,
b413307f-d5c0-42a0-b40e-9f9b4516eaf3,10960,quod,appendix.1,0,1,765,5,,
b413307f-d5c0-42a0-b40e-9f9b4516eaf3,10961,sibi,appendix.1,0,1,765,6,,
b413307f-d5c0-42a0-b40e-9f9b4516eaf3,10962,superest,appendix.1,0,1,765,7,,
b413307f-d5c0-42a0-b40e-9f9b4516eaf3,10963,non,appendix.1,0,1,765,8,,
b413307f-d5c0-42a0-b40e-9f9b4516eaf3,10964,libenter,appendix.1,0,1,765,9,,
b413307f-d5c0-42a0-b40e-9f9b4516eaf3,10965,dare,appendix.1,0,1,765,10,,
b413307f-d5c0-42a0-b40e-9f9b4516eaf3,10966,.,appendix.1,,4,765,,,
b413307f-d5c0-42a0-b40e-9f9b4516eaf3,10967,Vulpem,appendix.1.1,0,1,766,0,,
b413307f-d5c0-42a0-b40e-9f9b4516eaf3,10968,rogabat,appendix.1.1,0,1,766,1,,
b413307f-d5c0-42a0-b40e-9f9b4516eaf3,10969,partem,appendix.1.1,0,1,766,2,,
b413307f-d5c0-42a0-b40e-9f9b4516eaf3,10970,caudae,appendix.1.1,0,1,766,3,,
b413307f-d5c0-42a0-b40e-9f9b4516eaf3,10971,simius,appendix.1.1,0,1,766,4,,
b413307f-d5c0-42a0-b40e-9f9b4516eaf3,10972,",",appendix.1.1,,4,766,,,
b413307f-d5c0-42a0-b40e-9f9b4516eaf3,10973,Contegere,appendix.1.2,0,1,766,5,,
b413307f-d5c0-42a0-b40e-9f9b4516eaf3,10974,honeste,appendix.1.2,0,1,766,6,,
b413307f-d5c0-42a0-b40e-9f9b4516eaf3,10975,posset,appendix.1.2,0,1,766,7,,
b413307f-d5c0-42a0-b40e-9f9b4516eaf3,10976,ut,appendix.1.2,0,1,766,8,,
b413307f-d5c0-42a0-b40e-9f9b4516eaf3,10977,nudas,appendix.1.2,0,1,766,9,,
b413307f-d5c0-42a0-b40e-9f9b4516eaf3,10978,nates,appendix.1.2,0,1,766,10,,
b413307f-d5c0-42a0-b40e-9f9b4516eaf3,10979,;,appendix.1.2,,4,766,,,
b413307f-d5c0-42a0-b40e-9f9b4516eaf3,10980,Cui,appendix.1.3,0,1,766,11,,
b413307f-d5c0-42a0-b40e-9f9b4516eaf3,10981,sic,appendix.1.3,0,1,766,12,,
b413307f-d5c0-42a0-b40e-9f9b4516eaf3,10982,maligna,appendix.1.3,0,1,766,13,,
b413307f-d5c0-42a0-b40e-9f9b4516eaf3,10983,:,appendix.1.3,,4,766,,,
b413307f-d5c0-42a0-b40e-9f9b4516eaf3,10984,Longior,appendix.1.3,0,1,766,14,,
b413307f-d5c0-42a0-b40e-9f9b4516eaf3,10985,fiat,appendix.1.3,0,1,766,15,,
b413307f-d5c0-42a0-b40e-9f9b4516eaf3,10986,licet,appendix.1.3,0,1,766,16,,
b413307f-d5c0-42a0-b40e-9f9b4516eaf3,10987,",",appendix.1.3,,4,766,,,
b413307f-d5c0-42a0-b40e-9f9b4516eaf3,10988,Tamen,appendix.1.4,0,1,766,17,,
b413307f-d5c0-42a0-b40e-9f9b4516eaf3,10989,illam,appendix.1.4,0,1,766,18,,
b413307f-d5c0-42a0-b40e-9f9b4516eaf3,10990,citius,appendix.1.4,0,1,766,19,,
b413307f-d5c0-42a0-b40e-9f9b4516eaf3,10991,per,appendix.1.4,0,1,766,20,,
b413307f-d5c0-42a0-b40e-9f9b4516eaf3,10992,lutum,appendix.1.4,0,1,766,21,,
b413307f-d5c0-42a0-b40e-9f9b4516eaf3,10993,et,appendix.1.4,0,1,766,22,,
b413307f-d5c0-42a0-b40e-9f9b4516eaf3,10994,spinas,appendix.1.4,0,1,766,23,,
b413307f-d5c0-42a0-b40e-9f9b4516eaf3,10995,traham,appendix.1.4,0,1,766,24,,
b413307f-d5c0-42a0-b40e-9f9b4516eaf3,10996,",",appendix.1.4,,4,766,,,
b413307f-d5c0-42a0-b40e-9f9b4516eaf3,10997,Quam,appendix.1.5,0,1,766,25,,
b413307f-d5c0-42a0-b40e-9f9b4516eaf3,10998,parvam,appendix.1.5,0,1,766,26,,
b413307f-d5c0-42a0-b40e-9f9b4516eaf3,10999,quamvis,appendix.1.5,0,1,766,27,,
b413307f-d5c0-42a0-b40e-9f9b4516eaf3,11000,partem,appendix.1.5,0,1,766,28,,
b413307f-d5c0-42a0-b40e-9f9b4516eaf3,11001,impertiar,appendix.1.5,0,1,766,29,,
b413307f-d5c0-42a0-b40e-9f9b4516eaf3,11002,tibi,appendix.1.5,0,1,766,30,,
b413307f-d5c0-42a0-b40e-9f9b4516eaf3,11003,.,appendix.1.5,,4,766,,,
b413307f-d5c0-42a0-b40e-9f9b4516eaf3,11004,Auctor,appendix.2,0,1,767,0,,
b413307f-d5c0-42a0-b40e-9f9b4516eaf3,11005,:,appendix.2,,4,767,,,
b413307f-d5c0-42a0-b40e-9f9b4516eaf3,11006,Non,appendix.2,0,1,767,1,,
b413307f-d5c0-42a0-b40e-9f9b4516eaf3,11007,esse,appendix.2,0,1,767,2,,
b413307f-d5c0-42a0-b40e-9f9b4516eaf3,11008,plus,appendix.2,0,1,767,3,,
b413307f-d5c0-42a0-b40e-9f9b4516eaf3,11009,aequo,appendix.2,0,1,767,4,,
b413307f-d5c0-42a0-b40e-9f9b4516eaf3,11010,petendum,appendix.2,0,1,767,5,,
b413307f-d5c0-42a0-b40e-9f9b4516eaf3,11011,.,appendix.2,,4,767,,,
b413307f-d5c0-42a0-b40e-9f9b4516eaf3,11012,Arbitrio,appendix.2.1,0,1,768,0,,
b413307f-d5c0-42a0-b40e-9f9b4516eaf3,11013,si,appendix.2.1,0,1,768,1,,
b413307f-d5c0-42a0-b40e-9f9b4516eaf3,11014,natura,appendix.2.1,0,1,768,2,,
b413307f-d5c0-42a0-b40e-9f9b4516eaf3,11015,finxisset,appendix.2.1,0,1,768,3,,
b413307f-d5c0-42a0-b40e-9f9b4516eaf3,11016,meo,appendix.2.1,0,1,768,4,,
b413307f-d5c0-42a0-b40e-9f9b4516eaf3,11017,Genus,appendix.2.2,0,1,768,5,,
b413307f-d5c0-42a0-b40e-9f9b4516eaf3,11018,mortale,appendix.2.2,0,1,768,6,,
b413307f-d5c0-42a0-b40e-9f9b4516eaf3,11019,",",appendix.2.2,,4,768,,,
b413307f-d5c0-42a0-b40e-9f9b4516eaf3,11020,longe,appendix.2.2,0,1,768,7,,
b413307f-d5c0-42a0-b40e-9f9b4516eaf3,11021,foret,appendix.2.2,0,1,768,8,,
b413307f-d5c0-42a0-b40e-9f9b4516eaf3,11022,instructius,appendix.2.2,0,1,768,9,,
b413307f-d5c0-42a0-b40e-9f9b4516eaf3,11023,:,appendix.2.2,,4,768,,,
b413307f-d5c0-42a0-b40e-9f9b4516eaf3,11024,Nam,appendix.2.3,0,1,768,10,,
b413307f-d5c0-42a0-b40e-9f9b4516eaf3,11025,cuncta,appendix.2.3,0,1,768,11,,
b413307f-d5c0-42a0-b40e-9f9b4516eaf3,11026,nobis,appendix.2.3,0,1,768,12,,
b413307f-d5c0-42a0-b40e-9f9b4516eaf3,11027,attribuisset,appendix.2.3,0,1,768,13,,
b413307f-d5c0-42a0-b40e-9f9b4516eaf3,11028,commoda,appendix.2.3,0,1,768,14,,
b413307f-d5c0-42a0-b40e-9f9b4516eaf3,11029,",",appendix.2.3,,4,768,,,
b413307f-d5c0-42a0-b40e-9f9b4516eaf3,11030,Quaecumque,appendix.2.4,0,1,768,15,,
b413307f-d5c0-42a0-b40e-9f9b4516eaf3,11031,indulgens,appendix.2.4,0,1,768,16,,
b413307f-d5c0-42a0-b40e-9f9b4516eaf3,11032,Fortuna,appendix.2.4,1,1,768,17,,
b413307f-d5c0-42a0-b40e-9f9b4516eaf3,11033,animali,appendix.2.4,0,1,768,18,,
b413307f-d5c0-42a0-b40e-9f9b4516eaf3,11034,dedit,appendix.2.4,0,1,768,19,,
b413307f-d5c0-42a0-b40e-9f9b4516eaf3,11035,:,appendix.2.4,,4,768,,,
b413307f-d5c0-42a0-b40e-9f9b4516eaf3,11036,Elephanti,appendix.2.5,0,1,768,20,,
b413307f-d5c0-42a0-b40e-9f9b4516eaf3,11037,vires,appendix.2.5,0,1,768,21,,
b413307f-d5c0-42a0-b40e-9f9b4516eaf3,11038,",",appendix.2.5,,4,768,,,
b413307f-d5c0-42a0-b40e-9f9b4516eaf3,11039,et,appendix.2.5,0,1,768,22,,
b413307f-d5c0-42a0-b40e-9f9b4516eaf3,11040,leonis,appendix.2.5,0,1,768,23,,
b413307f-d5c0-42a0-b40e-9f9b4516eaf3,11041,impetum,appendix.2.5,0,1,768,24,,
b413307f-d5c0-42a0-b40e-9f9b4516eaf3,11042,",",appendix.2.5,,4,768,,,
b413307f-d5c0-42a0-b40e-9f9b4516eaf3,11043,Cornicis,appendix.2.6,0,1,768,25,,
b413307f-d5c0-42a0-b40e-9f9b4516eaf3,11044,aevum,appendix.2.6,0,1,768,26,,
b413307f-d5c0-42a0-b40e-9f9b4516eaf3,11045,",",appendix.2.6,,4,768,,,
b413307f-d5c0-42a0-b40e-9f9b4516eaf3,11046,gloriam,appendix.2.6,0,1,768,27,,
b413307f-d5c0-42a0-b40e-9f9b4516eaf3,11047,tauri,appendix.2.6,0,1,768,28,,
b413307f-d5c0-42a0-b40e-9f9b4516eaf3,11048,trucis,appendix.2.6,0,1,768,29,,
b413307f-d5c0-42a0-b40e-9f9b4516eaf3,11049,",",appendix.2.6,,4,768,,,
b413307f-d5c0-42a0-b40e-9f9b4516eaf3,11050,Equi,appendix.2.7,0,1,768,30,,
b413307f-d5c0-42a0-b40e-9f9b4516eaf3,11051,velocis,appendix.2.7,0,1,768,31,,
b413307f-d5c0-42a0-b40e-9f9b4516eaf3,11052,placidam,appendix.2.7,0,1,768,32,,
b413307f-d5c0-42a0-b40e-9f9b4516eaf3,11053,mansuetudinem,appendix.2.7,0,1,768,33,,
b413307f-d5c0-42a0-b40e-9f9b4516eaf3,11054,",",appendix.2.7,,4,768,,,
b413307f-d5c0-42a0-b40e-9f9b4516eaf3,11055,Et,appendix.2.8,0,1,768,34,,
b413307f-d5c0-42a0-b40e-9f9b4516eaf3,11056,adesset,appendix.2.8,0,1,768,35,,
b413307f-d5c0-42a0-b40e-9f9b4516eaf3,11057,homini,appendix.2.8,0,1,768,36,,
b413307f-d5c0-42a0-b40e-9f9b4516eaf3,11058,sua,appendix.2.8,0,1,768,37,,
b413307f-d5c0-42a0-b40e-9f9b4516eaf3,11059,tamen,appendix.2.8,0,1,768,38,,
b413307f-d5c0-42a0-b40e-9f9b4516eaf3,11060,sollertia,appendix.2.8,0,1,768,39,,
b413307f-d5c0-42a0-b40e-9f9b4516eaf3,11061,.,appendix.2.8,,4,768,,,
b413307f-d5c0-42a0-b40e-9f9b4516eaf3,11062,Nimirum,appendix.2.9,0,1,769,0,,
b413307f-d5c0-42a0-b40e-9f9b4516eaf3,11063,in,appendix.2.9,0,1,769,1,,
b413307f-d5c0-42a0-b40e-9f9b4516eaf3,11064,caelo,appendix.2.9,0,1,769,2,,
b413307f-d5c0-42a0-b40e-9f9b4516eaf3,11065,secum,appendix.2.9,0,1,769,3,,
b413307f-d5c0-42a0-b40e-9f9b4516eaf3,11066,ridet,appendix.2.9,0,1,769,4,,
b413307f-d5c0-42a0-b40e-9f9b4516eaf3,11067,Iuppiter,appendix.2.9,1,1,769,5,,
b413307f-d5c0-42a0-b40e-9f9b4516eaf3,11068,",",appendix.2.9,,4,769,,,
b413307f-d5c0-42a0-b40e-9f9b4516eaf3,11069,Haec,appendix.2.10,0,1,769,6,,
b413307f-d5c0-42a0-b40e-9f9b4516eaf3,11070,qui,appendix.2.10,0,1,769,7,,
b413307f-d5c0-42a0-b40e-9f9b4516eaf3,11071,negavit,appendix.2.10,0,1,769,8,,
b413307f-d5c0-42a0-b40e-9f9b4516eaf3,11072,magno,appendix.2.10,0,1,769,9,,
b413307f-d5c0-42a0-b40e-9f9b4516eaf3,11073,consilio,appendix.2.10,0,1,769,10,,
b413307f-d5c0-42a0-b40e-9f9b4516eaf3,11074,homini,appendix.2.10,0,1,769,11,,
b413307f-d5c0-42a0-b40e-9f9b4516eaf3,11075,",",appendix.2.10,,4,769,,,
b413307f-d5c0-42a0-b40e-9f9b4516eaf3,11076,Ne,appendix.2.11,0,1,769,12,,
b413307f-d5c0-42a0-b40e-9f9b4516eaf3,11077,sceptrum,appendix.2.11,0,1,769,13,,
b413307f-d5c0-42a0-b40e-9f9b4516eaf3,11078,mundi,appendix.2.11,0,1,769,14,,
b413307f-d5c0-42a0-b40e-9f9b4516eaf3,11079,raperet,appendix.2.11,0,1,769,15,,
b413307f-d5c0-42a0-b40e-9f9b4516eaf3,11080,nostra,appendix.2.11,0,1,769,16,,
b413307f-d5c0-42a0-b40e-9f9b4516eaf3,11081,audacia,appendix.2.11,0,1,769,17,,
b413307f-d5c0-42a0-b40e-9f9b4516eaf3,11082,.,appendix.2.11,,4,769,,,
b413307f-d5c0-42a0-b40e-9f9b4516eaf3,11083,Ergo,appendix.2.12,0,1,770,0,,
b413307f-d5c0-42a0-b40e-9f9b4516eaf3,11084,contenti,appendix.2.12,0,1,770,1,,
b413307f-d5c0-42a0-b40e-9f9b4516eaf3,11085,munere,appendix.2.12,0,1,770,2,,
b413307f-d5c0-42a0-b40e-9f9b4516eaf3,11086,invicti,appendix.2.12,0,1,770,3,,
b413307f-d5c0-42a0-b40e-9f9b4516eaf3,11087,Iovis,appendix.2.12,1,1,770,4,,
b413307f-d5c0-42a0-b40e-9f9b4516eaf3,11088,Fatalis,appendix.2.13,0,1,770,5,,
b413307f-d5c0-42a0-b40e-9f9b4516eaf3,11089,annos,appendix.2.13,0,1,770,6,,
b413307f-d5c0-42a0-b40e-9f9b4516eaf3,11090,decurramus,appendix.2.13,0,1,770,7,,
b413307f-d5c0-42a0-b40e-9f9b4516eaf3,11091,temporis,appendix.2.13,0,1,770,8,,
b413307f-d5c0-42a0-b40e-9f9b4516eaf3,11092,",",appendix.2.13,,4,770,,,
b413307f-d5c0-42a0-b40e-9f9b4516eaf3,11093,Nec,appendix.2.14,0,1,770,9,,
b413307f-d5c0-42a0-b40e-9f9b4516eaf3,11094,plus,appendix.2.14,0,1,770,10,,
b413307f-d5c0-42a0-b40e-9f9b4516eaf3,11095,conemur,appendix.2.14,0,1,770,11,,
b413307f-d5c0-42a0-b40e-9f9b4516eaf3,11096,quam,appendix.2.14,0,1,770,12,,
b413307f-d5c0-42a0-b40e-9f9b4516eaf3,11097,sinit,appendix.2.14,0,1,770,13,,
b413307f-d5c0-42a0-b40e-9f9b4516eaf3,11098,mortalitas,appendix.2.14,0,1,770,14,,
b413307f-d5c0-42a0-b40e-9f9b4516eaf3,11099,.,appendix.2.14,,4,770,,,
b413307f-d5c0-42a0-b40e-9f9b4516eaf3,11100,Mercurius,appendix.3,1,1,771,0,,
b413307f-d5c0-42a0-b40e-9f9b4516eaf3,11101,et,appendix.3,0,1,771,1,,
b413307f-d5c0-42a0-b40e-9f9b4516eaf3,11102,duae,appendix.3,0,1,771,2,,
b413307f-d5c0-42a0-b40e-9f9b4516eaf3,11103,mulieres,appendix.3,0,1,771,3,,
b413307f-d5c0-42a0-b40e-9f9b4516eaf3,11104,:,appendix.3,,4,771,,,
b413307f-d5c0-42a0-b40e-9f9b4516eaf3,11105,De,appendix.3,0,1,771,4,,
b413307f-d5c0-42a0-b40e-9f9b4516eaf3,11106,eodem,appendix.3,0,1,771,5,,
b413307f-d5c0-42a0-b40e-9f9b4516eaf3,11107,alia,appendix.3,0,1,771,6,,
b413307f-d5c0-42a0-b40e-9f9b4516eaf3,11108,fabella,appendix.3,0,1,771,7,,
b413307f-d5c0-42a0-b40e-9f9b4516eaf3,11109,.,appendix.3,,4,771,,,
b413307f-d5c0-42a0-b40e-9f9b4516eaf3,11110,Mercurium,appendix.3.1,1,1,772,0,,
b413307f-d5c0-42a0-b40e-9f9b4516eaf3,11111,hospitio,appendix.3.1,0,1,772,1,,
b413307f-d5c0-42a0-b40e-9f9b4516eaf3,11112,mulieres,appendix.3.1,0,1,772,2,,
b413307f-d5c0-42a0-b40e-9f9b4516eaf3,11113,olim,appendix.3.1,0,1,772,3,,
b413307f-d5c0-42a0-b40e-9f9b4516eaf3,11114,duae,appendix.3.1,0,1,772,4,,
b413307f-d5c0-42a0-b40e-9f9b4516eaf3,11115,Illiberali,appendix.3.2,0,1,772,5,,
b413307f-d5c0-42a0-b40e-9f9b4516eaf3,11116,et,appendix.3.2,0,1,772,6,,
b413307f-d5c0-42a0-b40e-9f9b4516eaf3,11117,sordido,appendix.3.2,0,1,772,7,,
b413307f-d5c0-42a0-b40e-9f9b4516eaf3,11118,receperant,appendix.3.2,0,1,772,8,,
b413307f-d5c0-42a0-b40e-9f9b4516eaf3,11119,:,appendix.3.2,,4,772,,,
b413307f-d5c0-42a0-b40e-9f9b4516eaf3,11120,Quarum,appendix.3.3,0,1,772,9,,
b413307f-d5c0-42a0-b40e-9f9b4516eaf3,11121,una,appendix.3.3,0,1,772,10,,
b413307f-d5c0-42a0-b40e-9f9b4516eaf3,11122,in,appendix.3.3,0,1,772,11,,
b413307f-d5c0-42a0-b40e-9f9b4516eaf3,11123,cunis,appendix.3.3,0,1,772,12,,
b413307f-d5c0-42a0-b40e-9f9b4516eaf3,11124,parvum,appendix.3.3,0,1,772,13,,
b413307f-d5c0-42a0-b40e-9f9b4516eaf3,11125,habebat,appendix.3.3,0,1,772,14,,
b413307f-d5c0-42a0-b40e-9f9b4516eaf3,11126,filium,appendix.3.3,0,1,772,15,,
b413307f-d5c0-42a0-b40e-9f9b4516eaf3,11127,",",appendix.3.3,,4,772,,,
b413307f-d5c0-42a0-b40e-9f9b4516eaf3,11128,Quaestus,appendix.3.4,0,1,772,16,,
b413307f-d5c0-42a0-b40e-9f9b4516eaf3,11129,placebat,appendix.3.4,0,1,772,17,,
b413307f-d5c0-42a0-b40e-9f9b4516eaf3,11130,alteri,appendix.3.4,0,1,772,18,,
b413307f-d5c0-42a0-b40e-9f9b4516eaf3,11131,meretricius,appendix.3.4,0,1,772,19,,
b413307f-d5c0-42a0-b40e-9f9b4516eaf3,11132,.,appendix.3.4,,4,772,,,
b413307f-d5c0-42a0-b40e-9f9b4516eaf3,11133,Ergo,appendix.3.5,0,1,773,0,,
b413307f-d5c0-42a0-b40e-9f9b4516eaf3,11134,ut,appendix.3.5,0,1,773,1,,
b413307f-d5c0-42a0-b40e-9f9b4516eaf3,11135,referret,appendix.3.5,0,1,773,2,,
b413307f-d5c0-42a0-b40e-9f9b4516eaf3,11136,gratiam,appendix.3.5,0,1,773,3,,
b413307f-d5c0-42a0-b40e-9f9b4516eaf3,11137,officiis,appendix.3.5,0,1,773,4,,
b413307f-d5c0-42a0-b40e-9f9b4516eaf3,11138,parem,appendix.3.5,0,1,773,5,,
b413307f-d5c0-42a0-b40e-9f9b4516eaf3,11139,",",appendix.3.5,,4,773,,,
b413307f-d5c0-42a0-b40e-9f9b4516eaf3,11140,Abiturus,appendix.3.6,0,1,773,6,,
b413307f-d5c0-42a0-b40e-9f9b4516eaf3,11141,et,appendix.3.6,0,1,773,7,,
b413307f-d5c0-42a0-b40e-9f9b4516eaf3,11142,iam,appendix.3.6,0,1,773,8,,
b413307f-d5c0-42a0-b40e-9f9b4516eaf3,11143,limen,appendix.3.6,0,1,773,9,,
b413307f-d5c0-42a0-b40e-9f9b4516eaf3,11144,excedens,appendix.3.6,0,1,773,10,,
b413307f-d5c0-42a0-b40e-9f9b4516eaf3,11145,ait,appendix.3.6,0,1,773,11,,
b413307f-d5c0-42a0-b40e-9f9b4516eaf3,11146,:,appendix.3.6,,4,773,,,
b413307f-d5c0-42a0-b40e-9f9b4516eaf3,11147,Deum,appendix.3.7,0,1,773,12,,
b413307f-d5c0-42a0-b40e-9f9b4516eaf3,11148,videtis,appendix.3.7,0,1,773,13,,
b413307f-d5c0-42a0-b40e-9f9b4516eaf3,11149,;,appendix.3.7,,4,773,,,
b413307f-d5c0-42a0-b40e-9f9b4516eaf3,11150,tribuam,appendix.3.7,0,1,773,14,,
b413307f-d5c0-42a0-b40e-9f9b4516eaf3,11151,vobis,appendix.3.7,0,1,773,15,,
b413307f-d5c0-42a0-b40e-9f9b4516eaf3,11152,protinus,appendix.3.7,0,1,773,16,,
b413307f-d5c0-42a0-b40e-9f9b4516eaf3,11153,Quod,appendix.3.8,0,1,773,17,,
b413307f-d5c0-42a0-b40e-9f9b4516eaf3,11154,quaeque,appendix.3.8,0,1,773,18,,
b413307f-d5c0-42a0-b40e-9f9b4516eaf3,11155,optarit,appendix.3.8,0,1,773,19,,
b413307f-d5c0-42a0-b40e-9f9b4516eaf3,11156,.,appendix.3.8,,4,773,,,
b413307f-d5c0-42a0-b40e-9f9b4516eaf3,11157,Mater,appendix.3.8,0,1,774,0,,
b413307f-d5c0-42a0-b40e-9f9b4516eaf3,11158,suppliciter,appendix.3.8,0,1,774,1,,
b413307f-d5c0-42a0-b40e-9f9b4516eaf3,11159,rogat,appendix.3.8,0,1,774,2,,
b413307f-d5c0-42a0-b40e-9f9b4516eaf3,11160,Barbatum,appendix.3.9,0,1,774,3,,
b413307f-d5c0-42a0-b40e-9f9b4516eaf3,11161,ut,appendix.3.9,0,1,774,4,,
b413307f-d5c0-42a0-b40e-9f9b4516eaf3,11162,videat,appendix.3.9,0,1,774,5,,
b413307f-d5c0-42a0-b40e-9f9b4516eaf3,11163,natum,appendix.3.9,0,1,774,6,,
b413307f-d5c0-42a0-b40e-9f9b4516eaf3,11164,quam,appendix.3.9,0,1,774,7,,
b413307f-d5c0-42a0-b40e-9f9b4516eaf3,11165,primum,appendix.3.9,0,1,774,8,,
b413307f-d5c0-42a0-b40e-9f9b4516eaf3,11166,suum,appendix.3.9,0,1,774,9,,
b413307f-d5c0-42a0-b40e-9f9b4516eaf3,11167,;,appendix.3.9,,4,774,,,
b413307f-d5c0-42a0-b40e-9f9b4516eaf3,11168,Moecha,appendix.3.10,0,1,774,10,,
b413307f-d5c0-42a0-b40e-9f9b4516eaf3,11169,ut,appendix.3.10,0,1,774,11,,
b413307f-d5c0-42a0-b40e-9f9b4516eaf3,11170,sequatur,appendix.3.10,0,1,774,12,,
b413307f-d5c0-42a0-b40e-9f9b4516eaf3,11171,sese,appendix.3.10,0,1,774,13,,
b413307f-d5c0-42a0-b40e-9f9b4516eaf3,11172,quicquid,appendix.3.10,0,1,774,14,,
b413307f-d5c0-42a0-b40e-9f9b4516eaf3,11173,tetigerit,appendix.3.10,0,1,774,15,,
b413307f-d5c0-42a0-b40e-9f9b4516eaf3,11174,.,appendix.3.10,,4,774,,,
b413307f-d5c0-42a0-b40e-9f9b4516eaf3,11175,Volat,appendix.3.11,0,1,775,0,,
b413307f-d5c0-42a0-b40e-9f9b4516eaf3,11176,Mercurius,appendix.3.11,1,1,775,1,,
b413307f-d5c0-42a0-b40e-9f9b4516eaf3,11177,",",appendix.3.11,,4,775,,,
b413307f-d5c0-42a0-b40e-9f9b4516eaf3,11178,intro,appendix.3.11,0,1,775,2,,
b413307f-d5c0-42a0-b40e-9f9b4516eaf3,11179,redeunt,appendix.3.11,0,1,775,3,,
b413307f-d5c0-42a0-b40e-9f9b4516eaf3,11180,mulieres,appendix.3.11,0,1,775,4,,
b413307f-d5c0-42a0-b40e-9f9b4516eaf3,11181,.,appendix.3.11,,4,775,,,
b413307f-d5c0-42a0-b40e-9f9b4516eaf3,11182,Barbatus,appendix.3.12,0,1,776,0,,
b413307f-d5c0-42a0-b40e-9f9b4516eaf3,11183,infans,appendix.3.12,0,1,776,1,,
b413307f-d5c0-42a0-b40e-9f9b4516eaf3,11184,ecce,appendix.3.12,0,1,776,2,,
b413307f-d5c0-42a0-b40e-9f9b4516eaf3,11185,vagitus,appendix.3.12,0,1,776,3,,
b413307f-d5c0-42a0-b40e-9f9b4516eaf3,11186,ciet,appendix.3.12,0,1,776,4,,
b413307f-d5c0-42a0-b40e-9f9b4516eaf3,11187,.,appendix.3.12,,4,776,,,
b413307f-d5c0-42a0-b40e-9f9b4516eaf3,11188,Id,appendix.3.13,0,1,777,0,,
b413307f-d5c0-42a0-b40e-9f9b4516eaf3,11189,forte,appendix.3.13,0,1,777,1,,
b413307f-d5c0-42a0-b40e-9f9b4516eaf3,11190,meretrix,appendix.3.13,0,1,777,2,,
b413307f-d5c0-42a0-b40e-9f9b4516eaf3,11191,cum,appendix.3.13,0,1,777,3,,
b413307f-d5c0-42a0-b40e-9f9b4516eaf3,11192,rideret,appendix.3.13,0,1,777,4,,
b413307f-d5c0-42a0-b40e-9f9b4516eaf3,11193,validius,appendix.3.13,0,1,777,5,,
b413307f-d5c0-42a0-b40e-9f9b4516eaf3,11194,",",appendix.3.13,,4,777,,,
b413307f-d5c0-42a0-b40e-9f9b4516eaf3,11195,Nares,appendix.3.14,0,1,777,6,,
b413307f-d5c0-42a0-b40e-9f9b4516eaf3,11196,replentur,appendix.3.14,0,1,777,7,,
b413307f-d5c0-42a0-b40e-9f9b4516eaf3,11197,umore,appendix.3.14,0,1,777,8,,
b413307f-d5c0-42a0-b40e-9f9b4516eaf3,11198,",",appendix.3.14,,4,777,,,
b413307f-d5c0-42a0-b40e-9f9b4516eaf3,11199,ut,appendix.3.14,0,1,777,9,,
b413307f-d5c0-42a0-b40e-9f9b4516eaf3,11200,fieri,appendix.3.14,0,1,777,10,,
b413307f-d5c0-42a0-b40e-9f9b4516eaf3,11201,solet,appendix.3.14,0,1,777,11,,
b413307f-d5c0-42a0-b40e-9f9b4516eaf3,11202,.,appendix.3.14,,4,777,,,
b413307f-d5c0-42a0-b40e-9f9b4516eaf3,11203,Emungere,appendix.3.15,0,1,778,0,,
b413307f-d5c0-42a0-b40e-9f9b4516eaf3,11204,igitur,appendix.3.15,0,1,778,1,,
b413307f-d5c0-42a0-b40e-9f9b4516eaf3,11205,se,appendix.3.15,0,1,778,2,,
b413307f-d5c0-42a0-b40e-9f9b4516eaf3,11206,volens,appendix.3.15,0,1,778,3,,
b413307f-d5c0-42a0-b40e-9f9b4516eaf3,11207,prendit,appendix.3.15,0,1,778,4,,
b413307f-d5c0-42a0-b40e-9f9b4516eaf3,11208,manu,appendix.3.15,0,1,778,5,,
b413307f-d5c0-42a0-b40e-9f9b4516eaf3,11209,Traxitque,appendix.3.16,0,1,778,6,,
b413307f-d5c0-42a0-b40e-9f9b4516eaf3,11210,ad,appendix.3.16,0,1,778,7,,
b413307f-d5c0-42a0-b40e-9f9b4516eaf3,11211,terram,appendix.3.16,0,1,778,8,,
b413307f-d5c0-42a0-b40e-9f9b4516eaf3,11212,nasi,appendix.3.16,0,1,778,9,,
b413307f-d5c0-42a0-b40e-9f9b4516eaf3,11213,longitudinem,appendix.3.16,0,1,778,10,,
b413307f-d5c0-42a0-b40e-9f9b4516eaf3,11214,",",appendix.3.16,,4,778,,,
b413307f-d5c0-42a0-b40e-9f9b4516eaf3,11215,Et,appendix.3.17,0,1,778,11,,
b413307f-d5c0-42a0-b40e-9f9b4516eaf3,11216,aliam,appendix.3.17,0,1,778,12,,
b413307f-d5c0-42a0-b40e-9f9b4516eaf3,11217,ridens,appendix.3.17,0,1,778,13,,
b413307f-d5c0-42a0-b40e-9f9b4516eaf3,11218,ipsa,appendix.3.17,0,1,778,14,,
b413307f-d5c0-42a0-b40e-9f9b4516eaf3,11219,ridenda,appendix.3.17,0,1,778,15,,
b413307f-d5c0-42a0-b40e-9f9b4516eaf3,11220,exstitit,appendix.3.17,0,1,778,16,,
b413307f-d5c0-42a0-b40e-9f9b4516eaf3,11221,.,appendix.3.17,,4,778,,,
b413307f-d5c0-42a0-b40e-9f9b4516eaf3,11222,Prometheus,appendix.4,1,1,779,0,,
b413307f-d5c0-42a0-b40e-9f9b4516eaf3,11223,et,appendix.4,0,1,779,1,,
b413307f-d5c0-42a0-b40e-9f9b4516eaf3,11224,Dolus,appendix.4,0,1,779,2,,
b413307f-d5c0-42a0-b40e-9f9b4516eaf3,11225,:,appendix.4,,4,779,,,
b413307f-d5c0-42a0-b40e-9f9b4516eaf3,11226,De,appendix.4,0,1,779,3,,
b413307f-d5c0-42a0-b40e-9f9b4516eaf3,11227,veritate,appendix.4,0,1,779,4,,
b413307f-d5c0-42a0-b40e-9f9b4516eaf3,11228,et,appendix.4,0,1,779,5,,
b413307f-d5c0-42a0-b40e-9f9b4516eaf3,11229,mendacio,appendix.4,0,1,779,6,,
b413307f-d5c0-42a0-b40e-9f9b4516eaf3,11230,.,appendix.4,,4,779,,,
b413307f-d5c0-42a0-b40e-9f9b4516eaf3,11231,Olim,appendix.4.1,0,1,780,0,,
b413307f-d5c0-42a0-b40e-9f9b4516eaf3,11232,Prometheus,appendix.4.1,1,1,780,1,,
b413307f-d5c0-42a0-b40e-9f9b4516eaf3,11233,saeculi,appendix.4.1,0,1,780,2,,
b413307f-d5c0-42a0-b40e-9f9b4516eaf3,11234,figulus,appendix.4.1,0,1,780,3,,
b413307f-d5c0-42a0-b40e-9f9b4516eaf3,11235,novi,appendix.4.1,0,1,780,4,,
b413307f-d5c0-42a0-b40e-9f9b4516eaf3,11236,Cura,appendix.4.2,0,1,780,5,,
b413307f-d5c0-42a0-b40e-9f9b4516eaf3,11237,subtili,appendix.4.2,0,1,780,6,,
b413307f-d5c0-42a0-b40e-9f9b4516eaf3,11238,Veritatem,appendix.4.2,0,1,780,7,,
b413307f-d5c0-42a0-b40e-9f9b4516eaf3,11239,fecerat,appendix.4.2,0,1,780,8,,
b413307f-d5c0-42a0-b40e-9f9b4516eaf3,11240,",",appendix.4.2,,4,780,,,
b413307f-d5c0-42a0-b40e-9f9b4516eaf3,11241,Ut,appendix.4.3,0,1,780,9,,
b413307f-d5c0-42a0-b40e-9f9b4516eaf3,11242,iura,appendix.4.3,0,1,780,10,,
b413307f-d5c0-42a0-b40e-9f9b4516eaf3,11243,posset,appendix.4.3,0,1,780,11,,
b413307f-d5c0-42a0-b40e-9f9b4516eaf3,11244,inter,appendix.4.3,0,1,780,12,,
b413307f-d5c0-42a0-b40e-9f9b4516eaf3,11245,homines,appendix.4.3,0,1,780,13,,
b413307f-d5c0-42a0-b40e-9f9b4516eaf3,11246,reddere,appendix.4.3,0,1,780,14,,
b413307f-d5c0-42a0-b40e-9f9b4516eaf3,11247,.,appendix.4.3,,4,780,,,
b413307f-d5c0-42a0-b40e-9f9b4516eaf3,11248,Subito,appendix.4.4,0,1,781,0,,
b413307f-d5c0-42a0-b40e-9f9b4516eaf3,11249,accersitus,appendix.4.4,0,1,781,1,,
b413307f-d5c0-42a0-b40e-9f9b4516eaf3,11250,nuntio,appendix.4.4,0,1,781,2,,
b413307f-d5c0-42a0-b40e-9f9b4516eaf3,11251,magni,appendix.4.4,0,1,781,3,,
b413307f-d5c0-42a0-b40e-9f9b4516eaf3,11252,Iovis,appendix.4.4,1,1,781,4,,
b413307f-d5c0-42a0-b40e-9f9b4516eaf3,11253,Commendat,appendix.4.5,0,1,781,5,,
b413307f-d5c0-42a0-b40e-9f9b4516eaf3,11254,officinam,appendix.4.5,0,1,781,6,,
b413307f-d5c0-42a0-b40e-9f9b4516eaf3,11255,fallaci,appendix.4.5,0,1,781,7,,
b413307f-d5c0-42a0-b40e-9f9b4516eaf3,11256,Dolo,appendix.4.5,1,1,781,8,,
b413307f-d5c0-42a0-b40e-9f9b4516eaf3,11257,",",appendix.4.5,,4,781,,,
b413307f-d5c0-42a0-b40e-9f9b4516eaf3,11258,In,appendix.4.6,0,1,781,9,,
b413307f-d5c0-42a0-b40e-9f9b4516eaf3,11259,disciplinam,appendix.4.6,0,1,781,10,,
b413307f-d5c0-42a0-b40e-9f9b4516eaf3,11260,nuper,appendix.4.6,0,1,781,11,,
b413307f-d5c0-42a0-b40e-9f9b4516eaf3,11261,quem,appendix.4.6,0,1,781,12,,
b413307f-d5c0-42a0-b40e-9f9b4516eaf3,11262,receperat,appendix.4.6,0,1,781,13,,
b413307f-d5c0-42a0-b40e-9f9b4516eaf3,11263,.,appendix.4.6,,4,781,,,
b413307f-d5c0-42a0-b40e-9f9b4516eaf3,11264,Hic,appendix.4.7,0,1,782,0,,
b413307f-d5c0-42a0-b40e-9f9b4516eaf3,11265,studio,appendix.4.7,0,1,782,1,,
b413307f-d5c0-42a0-b40e-9f9b4516eaf3,11266,accensus,appendix.4.7,0,1,782,2,,
b413307f-d5c0-42a0-b40e-9f9b4516eaf3,11267,",",appendix.4.7,,4,782,,,
b413307f-d5c0-42a0-b40e-9f9b4516eaf3,11268,facie,appendix.4.7,0,1,782,3,,
b413307f-d5c0-42a0-b40e-9f9b4516eaf3,11269,simulacrum,appendix.4.7,0,1,782,4,,
b413307f-d5c0-42a0-b40e-9f9b4516eaf3,11270,pari,appendix.4.7,0,1,782,5,,
b413307f-d5c0-42a0-b40e-9f9b4516eaf3,11271,",",appendix.4.7,,4,782,,,
b413307f-d5c0-42a0-b40e-9f9b4516eaf3,11272,Una,appendix.4.8,0,1,782,6,,
b413307f-d5c0-42a0-b40e-9f9b4516eaf3,11273,statura,appendix.4.8,0,1,782,7,,
b413307f-d5c0-42a0-b40e-9f9b4516eaf3,11274,",",appendix.4.8,,4,782,,,
b413307f-d5c0-42a0-b40e-9f9b4516eaf3,11275,simile,appendix.4.8,0,1,782,8,,
b413307f-d5c0-42a0-b40e-9f9b4516eaf3,11276,et,appendix.4.8,0,1,782,9,,
b413307f-d5c0-42a0-b40e-9f9b4516eaf3,11277,membris,appendix.4.8,0,1,782,10,,
b413307f-d5c0-42a0-b40e-9f9b4516eaf3,11278,omnibus,appendix.4.8,0,1,782,11,,
b413307f-d5c0-42a0-b40e-9f9b4516eaf3,11279,",",appendix.4.8,,4,782,,,
b413307f-d5c0-42a0-b40e-9f9b4516eaf3,11280,Dum,appendix.4.9,0,1,782,12,,
b413307f-d5c0-42a0-b40e-9f9b4516eaf3,11281,tempus,appendix.4.9,0,1,782,13,,
b413307f-d5c0-42a0-b40e-9f9b4516eaf3,11282,habuit,appendix.4.9,0,1,782,14,,
b413307f-d5c0-42a0-b40e-9f9b4516eaf3,11283,",",appendix.4.9,,4,782,,,
b413307f-d5c0-42a0-b40e-9f9b4516eaf3,11284,callida,appendix.4.9,0,1,782,15,,
b413307f-d5c0-42a0-b40e-9f9b4516eaf3,11285,finxit,appendix.4.9,0,1,782,16,,
b413307f-d5c0-42a0-b40e-9f9b4516eaf3,11286,manu,appendix.4.9,0,1,782,17,,
b413307f-d5c0-42a0-b40e-9f9b4516eaf3,11287,.,appendix.4.9,,4,782,,,
b413307f-d5c0-42a0-b40e-9f9b4516eaf3,11288,Quod,appendix.4.10,0,1,783,0,,
b413307f-d5c0-42a0-b40e-9f9b4516eaf3,11289,prope,appendix.4.10,0,1,783,1,,
b413307f-d5c0-42a0-b40e-9f9b4516eaf3,11290,iam,appendix.4.10,0,1,783,2,,
b413307f-d5c0-42a0-b40e-9f9b4516eaf3,11291,totum,appendix.4.10,0,1,783,3,,
b413307f-d5c0-42a0-b40e-9f9b4516eaf3,11292,mire,appendix.4.10,0,1,783,4,,
b413307f-d5c0-42a0-b40e-9f9b4516eaf3,11293,cum,appendix.4.10,0,1,783,5,,
b413307f-d5c0-42a0-b40e-9f9b4516eaf3,11294,positum,appendix.4.10,0,1,783,6,,
b413307f-d5c0-42a0-b40e-9f9b4516eaf3,11295,foret,appendix.4.10,0,1,783,7,,
b413307f-d5c0-42a0-b40e-9f9b4516eaf3,11296,",",appendix.4.10,,4,783,,,
b413307f-d5c0-42a0-b40e-9f9b4516eaf3,11297,Lutum,appendix.4.11,0,1,783,8,,
b413307f-d5c0-42a0-b40e-9f9b4516eaf3,11298,ad,appendix.4.11,0,1,783,9,,
b413307f-d5c0-42a0-b40e-9f9b4516eaf3,11299,faciendos,appendix.4.11,0,1,783,10,,
b413307f-d5c0-42a0-b40e-9f9b4516eaf3,11300,illi,appendix.4.11,0,1,783,11,,
b413307f-d5c0-42a0-b40e-9f9b4516eaf3,11301,defecit,appendix.4.11,0,1,783,12,,
b413307f-d5c0-42a0-b40e-9f9b4516eaf3,11302,pedes,appendix.4.11,0,1,783,13,,
b413307f-d5c0-42a0-b40e-9f9b4516eaf3,11303,.,appendix.4.11,,4,783,,,
b413307f-d5c0-42a0-b40e-9f9b4516eaf3,11304,Redit,appendix.4.12,0,1,784,0,,
b413307f-d5c0-42a0-b40e-9f9b4516eaf3,11305,magister,appendix.4.12,0,1,784,1,,
b413307f-d5c0-42a0-b40e-9f9b4516eaf3,11306,;,appendix.4.12,,4,784,,,
b413307f-d5c0-42a0-b40e-9f9b4516eaf3,11307,quo,appendix.4.12,0,1,784,2,,
b413307f-d5c0-42a0-b40e-9f9b4516eaf3,11308,festinanter,appendix.4.12,0,1,784,3,,
b413307f-d5c0-42a0-b40e-9f9b4516eaf3,11309,Dolus,appendix.4.12,0,1,784,4,,
b413307f-d5c0-42a0-b40e-9f9b4516eaf3,11310,Metu,appendix.4.13,0,1,784,5,,
b413307f-d5c0-42a0-b40e-9f9b4516eaf3,11311,turbatus,appendix.4.13,0,1,784,6,,
b413307f-d5c0-42a0-b40e-9f9b4516eaf3,11312,in,appendix.4.13,0,1,784,7,,
b413307f-d5c0-42a0-b40e-9f9b4516eaf3,11313,suo,appendix.4.13,0,1,784,8,,
b413307f-d5c0-42a0-b40e-9f9b4516eaf3,11314,sedit,appendix.4.13,0,1,784,9,,
b413307f-d5c0-42a0-b40e-9f9b4516eaf3,11315,loco,appendix.4.13,0,1,784,10,,
b413307f-d5c0-42a0-b40e-9f9b4516eaf3,11316,.,appendix.4.13,,4,784,,,
b413307f-d5c0-42a0-b40e-9f9b4516eaf3,11317,Mirans,appendix.4.14,0,1,785,0,,
b413307f-d5c0-42a0-b40e-9f9b4516eaf3,11318,Prometheus,appendix.4.14,1,1,785,1,,
b413307f-d5c0-42a0-b40e-9f9b4516eaf3,11319,tantam,appendix.4.14,0,1,785,2,,
b413307f-d5c0-42a0-b40e-9f9b4516eaf3,11320,similitudinem,appendix.4.14,0,1,785,3,,
b413307f-d5c0-42a0-b40e-9f9b4516eaf3,11321,",",appendix.4.14,,4,785,,,
b413307f-d5c0-42a0-b40e-9f9b4516eaf3,11322,Propriae,appendix.4.15,0,1,785,4,,
b413307f-d5c0-42a0-b40e-9f9b4516eaf3,11323,videri,appendix.4.15,0,1,785,5,,
b413307f-d5c0-42a0-b40e-9f9b4516eaf3,11324,voluit,appendix.4.15,0,1,785,6,,
b413307f-d5c0-42a0-b40e-9f9b4516eaf3,11325,artis,appendix.4.15,0,1,785,7,,
b413307f-d5c0-42a0-b40e-9f9b4516eaf3,11326,gloriam,appendix.4.15,0,1,785,8,,
b413307f-d5c0-42a0-b40e-9f9b4516eaf3,11327,.,appendix.4.15,,4,785,,,
b413307f-d5c0-42a0-b40e-9f9b4516eaf3,11328,Igitur,appendix.4.16,0,1,786,0,,
b413307f-d5c0-42a0-b40e-9f9b4516eaf3,11329,fornaci,appendix.4.16,0,1,786,1,,
b413307f-d5c0-42a0-b40e-9f9b4516eaf3,11330,pariter,appendix.4.16,0,1,786,2,,
b413307f-d5c0-42a0-b40e-9f9b4516eaf3,11331,duo,appendix.4.16,0,1,786,3,,
b413307f-d5c0-42a0-b40e-9f9b4516eaf3,11332,signa,appendix.4.16,0,1,786,4,,
b413307f-d5c0-42a0-b40e-9f9b4516eaf3,11333,intulit,appendix.4.16,0,1,786,5,,
b413307f-d5c0-42a0-b40e-9f9b4516eaf3,11334,;,appendix.4.16,,4,786,,,
b413307f-d5c0-42a0-b40e-9f9b4516eaf3,11335,Quibus,appendix.4.17,0,1,786,6,,
b413307f-d5c0-42a0-b40e-9f9b4516eaf3,11336,percoctis,appendix.4.17,0,1,786,7,,
b413307f-d5c0-42a0-b40e-9f9b4516eaf3,11337,atque,appendix.4.17,0,1,786,8,,
b413307f-d5c0-42a0-b40e-9f9b4516eaf3,11338,infuso,appendix.4.17,0,1,786,9,,
b413307f-d5c0-42a0-b40e-9f9b4516eaf3,11339,spiritu,appendix.4.17,0,1,786,10,,
b413307f-d5c0-42a0-b40e-9f9b4516eaf3,11340,",",appendix.4.17,,4,786,,,
b413307f-d5c0-42a0-b40e-9f9b4516eaf3,11341,Modesto,appendix.4.18,0,1,786,11,,
b413307f-d5c0-42a0-b40e-9f9b4516eaf3,11342,gressu,appendix.4.18,0,1,786,12,,
b413307f-d5c0-42a0-b40e-9f9b4516eaf3,11343,sancta,appendix.4.18,0,1,786,13,,
b413307f-d5c0-42a0-b40e-9f9b4516eaf3,11344,incessit,appendix.4.18,0,1,786,14,,
b413307f-d5c0-42a0-b40e-9f9b4516eaf3,11345,Veritas,appendix.4.18,0,1,786,15,,
b413307f-d5c0-42a0-b40e-9f9b4516eaf3,11346,;,appendix.4.18,,4,786,,,
b413307f-d5c0-42a0-b40e-9f9b4516eaf3,11347,At,appendix.4.19,0,1,786,16,,
b413307f-d5c0-42a0-b40e-9f9b4516eaf3,11348,trunca,appendix.4.19,0,1,786,17,,
b413307f-d5c0-42a0-b40e-9f9b4516eaf3,11349,species,appendix.4.19,0,1,786,18,,
b413307f-d5c0-42a0-b40e-9f9b4516eaf3,11350,haesit,appendix.4.19,0,1,786,19,,
b413307f-d5c0-42a0-b40e-9f9b4516eaf3,11351,in,appendix.4.19,0,1,786,20,,
b413307f-d5c0-42a0-b40e-9f9b4516eaf3,11352,vestigio,appendix.4.19,0,1,786,21,,
b413307f-d5c0-42a0-b40e-9f9b4516eaf3,11353,.,appendix.4.19,,4,786,,,
b413307f-d5c0-42a0-b40e-9f9b4516eaf3,11354,Tunc,appendix.4.20,0,1,787,0,,
b413307f-d5c0-42a0-b40e-9f9b4516eaf3,11355,falsa,appendix.4.20,0,1,787,1,,
b413307f-d5c0-42a0-b40e-9f9b4516eaf3,11356,imago,appendix.4.20,0,1,787,2,,
b413307f-d5c0-42a0-b40e-9f9b4516eaf3,11357,atque,appendix.4.20,0,1,787,3,,
b413307f-d5c0-42a0-b40e-9f9b4516eaf3,11358,operis,appendix.4.20,0,1,787,4,,
b413307f-d5c0-42a0-b40e-9f9b4516eaf3,11359,furtivi,appendix.4.20,0,1,787,5,,
b413307f-d5c0-42a0-b40e-9f9b4516eaf3,11360,labor,appendix.4.20,0,1,787,6,,
b413307f-d5c0-42a0-b40e-9f9b4516eaf3,11361,Mendacium,appendix.4.21,0,1,787,7,,
b413307f-d5c0-42a0-b40e-9f9b4516eaf3,11362,appellatum,appendix.4.21,0,1,787,8,,
b413307f-d5c0-42a0-b40e-9f9b4516eaf3,11363,est,appendix.4.21,0,1,787,9,,
b413307f-d5c0-42a0-b40e-9f9b4516eaf3,11364,;,appendix.4.21,,4,787,,,
b413307f-d5c0-42a0-b40e-9f9b4516eaf3,11365,quod,appendix.4.21,0,1,787,10,,
b413307f-d5c0-42a0-b40e-9f9b4516eaf3,11366,negantibus,appendix.4.21,0,1,787,11,,
b413307f-d5c0-42a0-b40e-9f9b4516eaf3,11367,Pedes,appendix.4.22,0,1,787,12,,
b413307f-d5c0-42a0-b40e-9f9b4516eaf3,11368,habere,appendix.4.22,0,1,787,13,,
b413307f-d5c0-42a0-b40e-9f9b4516eaf3,11369,facile,appendix.4.22,0,1,787,14,,
b413307f-d5c0-42a0-b40e-9f9b4516eaf3,11370,et,appendix.4.22,0,1,787,15,,
b413307f-d5c0-42a0-b40e-9f9b4516eaf3,11371,ipse,appendix.4.22,0,1,787,16,,
b413307f-d5c0-42a0-b40e-9f9b4516eaf3,11372,assentio,appendix.4.22,0,1,787,17,,
b413307f-d5c0-42a0-b40e-9f9b4516eaf3,11373,.,appendix.4.22,,4,787,,,
b413307f-d5c0-42a0-b40e-9f9b4516eaf3,11374,Auctor,appendix.5,0,1,788,0,,
b413307f-d5c0-42a0-b40e-9f9b4516eaf3,11375,:,appendix.5,,4,788,,,
b413307f-d5c0-42a0-b40e-9f9b4516eaf3,11376,Sensum,appendix.5,0,1,788,1,,
b413307f-d5c0-42a0-b40e-9f9b4516eaf3,11377,aestimandum,appendix.5,0,1,788,2,,
b413307f-d5c0-42a0-b40e-9f9b4516eaf3,11378,esse,appendix.5,0,1,788,3,,
b413307f-d5c0-42a0-b40e-9f9b4516eaf3,11379,non,appendix.5,0,1,788,4,,
b413307f-d5c0-42a0-b40e-9f9b4516eaf3,11380,verba,appendix.5,0,1,788,5,,
b413307f-d5c0-42a0-b40e-9f9b4516eaf3,11381,.,appendix.5,,4,788,,,
b413307f-d5c0-42a0-b40e-9f9b4516eaf3,11382,Ixion,appendix.5.1,1,1,789,0,,
b413307f-d5c0-42a0-b40e-9f9b4516eaf3,11383,quod,appendix.5.1,0,1,789,1,,
b413307f-d5c0-42a0-b40e-9f9b4516eaf3,11384,versari,appendix.5.1,0,1,789,2,,
b413307f-d5c0-42a0-b40e-9f9b4516eaf3,11385,narratur,appendix.5.1,0,1,789,3,,
b413307f-d5c0-42a0-b40e-9f9b4516eaf3,11386,rota,appendix.5.1,0,1,789,4,,
b413307f-d5c0-42a0-b40e-9f9b4516eaf3,11387,",",appendix.5.1,,4,789,,,
b413307f-d5c0-42a0-b40e-9f9b4516eaf3,11388,Volubilem,appendix.5.2,0,1,789,5,,
b413307f-d5c0-42a0-b40e-9f9b4516eaf3,11389,Fortunam,appendix.5.2,2,1,789,6,,
b413307f-d5c0-42a0-b40e-9f9b4516eaf3,11390,iactari,appendix.5.2,0,1,789,7,,
b413307f-d5c0-42a0-b40e-9f9b4516eaf3,11391,docet,appendix.5.2,0,1,789,8,,
b413307f-d5c0-42a0-b40e-9f9b4516eaf3,11392,.,appendix.5.2,,4,789,,,
b413307f-d5c0-42a0-b40e-9f9b4516eaf3,11393,Adversus,appendix.5.3,0,1,790,0,,
b413307f-d5c0-42a0-b40e-9f9b4516eaf3,11394,altos,appendix.5.3,0,1,790,1,,
b413307f-d5c0-42a0-b40e-9f9b4516eaf3,11395,Sisyphus,appendix.5.3,1,1,790,2,,
b413307f-d5c0-42a0-b40e-9f9b4516eaf3,11396,montes,appendix.5.3,0,1,790,3,,
b413307f-d5c0-42a0-b40e-9f9b4516eaf3,11397,agit,appendix.5.3,0,1,790,4,,
b413307f-d5c0-42a0-b40e-9f9b4516eaf3,11398,Saxum,appendix.5.4,0,1,790,5,,
b413307f-d5c0-42a0-b40e-9f9b4516eaf3,11399,labore,appendix.5.4,0,1,790,6,,
b413307f-d5c0-42a0-b40e-9f9b4516eaf3,11400,summo,appendix.5.4,0,1,790,7,,
b413307f-d5c0-42a0-b40e-9f9b4516eaf3,11401,",",appendix.5.4,,4,790,,,
b413307f-d5c0-42a0-b40e-9f9b4516eaf3,11402,quod,appendix.5.4,0,1,790,8,,
b413307f-d5c0-42a0-b40e-9f9b4516eaf3,11403,de,appendix.5.4,0,1,790,9,,
b413307f-d5c0-42a0-b40e-9f9b4516eaf3,11404,vertice,appendix.5.4,0,1,790,10,,
b413307f-d5c0-42a0-b40e-9f9b4516eaf3,11405,Sudore,appendix.5.5,0,1,790,11,,
b413307f-d5c0-42a0-b40e-9f9b4516eaf3,11406,semper,appendix.5.5,0,1,790,12,,
b413307f-d5c0-42a0-b40e-9f9b4516eaf3,11407,irrito,appendix.5.5,0,1,790,13,,
b413307f-d5c0-42a0-b40e-9f9b4516eaf3,11408,revolvitur,appendix.5.5,0,1,790,14,,
b413307f-d5c0-42a0-b40e-9f9b4516eaf3,11409,",",appendix.5.5,,4,790,,,
b413307f-d5c0-42a0-b40e-9f9b4516eaf3,11410,Ostendit,appendix.5.6,0,1,790,15,,
b413307f-d5c0-42a0-b40e-9f9b4516eaf3,11411,hominum,appendix.5.6,0,1,790,16,,
b413307f-d5c0-42a0-b40e-9f9b4516eaf3,11412,sine,appendix.5.6,0,1,790,17,,
b413307f-d5c0-42a0-b40e-9f9b4516eaf3,11413,fine,appendix.5.6,0,1,790,18,,
b413307f-d5c0-42a0-b40e-9f9b4516eaf3,11414,esse,appendix.5.6,0,1,790,19,,
b413307f-d5c0-42a0-b40e-9f9b4516eaf3,11415,miserias,appendix.5.6,0,1,790,20,,
b413307f-d5c0-42a0-b40e-9f9b4516eaf3,11416,.,appendix.5.6,,4,790,,,
b413307f-d5c0-42a0-b40e-9f9b4516eaf3,11417,Quod,appendix.5.7,0,1,791,0,,
b413307f-d5c0-42a0-b40e-9f9b4516eaf3,11418,stans,appendix.5.7,0,1,791,1,,
b413307f-d5c0-42a0-b40e-9f9b4516eaf3,11419,in,appendix.5.7,0,1,791,2,,
b413307f-d5c0-42a0-b40e-9f9b4516eaf3,11420,amne,appendix.5.7,0,1,791,3,,
b413307f-d5c0-42a0-b40e-9f9b4516eaf3,11421,Tantalus,appendix.5.7,1,1,791,4,,
b413307f-d5c0-42a0-b40e-9f9b4516eaf3,11422,medio,appendix.5.7,0,1,791,5,,
b413307f-d5c0-42a0-b40e-9f9b4516eaf3,11423,sitit,appendix.5.7,0,1,791,6,,
b413307f-d5c0-42a0-b40e-9f9b4516eaf3,11424,",",appendix.5.7,,4,791,,,
b413307f-d5c0-42a0-b40e-9f9b4516eaf3,11425,Avari,appendix.5.8,0,1,791,7,,
b413307f-d5c0-42a0-b40e-9f9b4516eaf3,11426,describuntur,appendix.5.8,0,1,791,8,,
b413307f-d5c0-42a0-b40e-9f9b4516eaf3,11427,",",appendix.5.8,,4,791,,,
b413307f-d5c0-42a0-b40e-9f9b4516eaf3,11428,quos,appendix.5.8,0,1,791,9,,
b413307f-d5c0-42a0-b40e-9f9b4516eaf3,11429,circumfluit,appendix.5.8,0,1,791,10,,
b413307f-d5c0-42a0-b40e-9f9b4516eaf3,11430,Usus,appendix.5.9,0,1,791,11,,
b413307f-d5c0-42a0-b40e-9f9b4516eaf3,11431,bonorum,appendix.5.9,0,1,791,12,,
b413307f-d5c0-42a0-b40e-9f9b4516eaf3,11432,",",appendix.5.9,,4,791,,,
b413307f-d5c0-42a0-b40e-9f9b4516eaf3,11433,sed,appendix.5.9,0,1,791,13,,
b413307f-d5c0-42a0-b40e-9f9b4516eaf3,11434,nil,appendix.5.9,0,1,791,14,,
b413307f-d5c0-42a0-b40e-9f9b4516eaf3,11435,possunt,appendix.5.9,0,1,791,15,,
b413307f-d5c0-42a0-b40e-9f9b4516eaf3,11436,tangere,appendix.5.9,0,1,791,16,,
b413307f-d5c0-42a0-b40e-9f9b4516eaf3,11437,.,appendix.5.9,,4,791,,,
b413307f-d5c0-42a0-b40e-9f9b4516eaf3,11438,Urnis,appendix.5.10,0,1,792,0,,
b413307f-d5c0-42a0-b40e-9f9b4516eaf3,11439,scelestas,appendix.5.10,0,1,792,1,,
b413307f-d5c0-42a0-b40e-9f9b4516eaf3,11440,Danaides,appendix.5.10,1,1,792,2,,
b413307f-d5c0-42a0-b40e-9f9b4516eaf3,11441,portant,appendix.5.10,0,1,792,3,,
b413307f-d5c0-42a0-b40e-9f9b4516eaf3,11442,aquas,appendix.5.10,0,1,792,4,,
b413307f-d5c0-42a0-b40e-9f9b4516eaf3,11443,",",appendix.5.10,,4,792,,,
b413307f-d5c0-42a0-b40e-9f9b4516eaf3,11444,Pertusa,appendix.5.11,0,1,792,5,,
b413307f-d5c0-42a0-b40e-9f9b4516eaf3,11445,nec,appendix.5.11,0,1,792,6,,
b413307f-d5c0-42a0-b40e-9f9b4516eaf3,11446,complere,appendix.5.11,0,1,792,7,,
b413307f-d5c0-42a0-b40e-9f9b4516eaf3,11447,possunt,appendix.5.11,0,1,792,8,,
b413307f-d5c0-42a0-b40e-9f9b4516eaf3,11448,dolia,appendix.5.11,0,1,792,9,,
b413307f-d5c0-42a0-b40e-9f9b4516eaf3,11449,;,appendix.5.11,,4,792,,,
b413307f-d5c0-42a0-b40e-9f9b4516eaf3,11450,Immo,appendix.5.12,0,1,792,10,,
b413307f-d5c0-42a0-b40e-9f9b4516eaf3,11451,luxuriae,appendix.5.12,0,1,792,11,,
b413307f-d5c0-42a0-b40e-9f9b4516eaf3,11452,quicquid,appendix.5.12,0,1,792,12,,
b413307f-d5c0-42a0-b40e-9f9b4516eaf3,11453,dederis,appendix.5.12,0,1,792,13,,
b413307f-d5c0-42a0-b40e-9f9b4516eaf3,11454,perfluet,appendix.5.12,0,1,792,14,,
b413307f-d5c0-42a0-b40e-9f9b4516eaf3,11455,.,appendix.5.12,,4,792,,,
b413307f-d5c0-42a0-b40e-9f9b4516eaf3,11456,Novem,appendix.5.13,0,1,793,0,,
b413307f-d5c0-42a0-b40e-9f9b4516eaf3,11457,porrectus,appendix.5.13,0,1,793,1,,
b413307f-d5c0-42a0-b40e-9f9b4516eaf3,11458,Tityos,appendix.5.13,1,1,793,2,,
b413307f-d5c0-42a0-b40e-9f9b4516eaf3,11459,est,appendix.5.13,0,1,793,3,,
b413307f-d5c0-42a0-b40e-9f9b4516eaf3,11460,per,appendix.5.13,0,1,793,4,,
b413307f-d5c0-42a0-b40e-9f9b4516eaf3,11461,iugera,appendix.5.13,0,1,793,5,,
b413307f-d5c0-42a0-b40e-9f9b4516eaf3,11462,",",appendix.5.13,,4,793,,,
b413307f-d5c0-42a0-b40e-9f9b4516eaf3,11463,Tristi,appendix.5.14,0,1,793,6,,
b413307f-d5c0-42a0-b40e-9f9b4516eaf3,11464,renatum,appendix.5.14,0,1,793,7,,
b413307f-d5c0-42a0-b40e-9f9b4516eaf3,11465,suggerens,appendix.5.14,0,1,793,8,,
b413307f-d5c0-42a0-b40e-9f9b4516eaf3,11466,poenae,appendix.5.14,0,1,793,9,,
b413307f-d5c0-42a0-b40e-9f9b4516eaf3,11467,iecur,appendix.5.14,0,1,793,10,,
b413307f-d5c0-42a0-b40e-9f9b4516eaf3,11468,;,appendix.5.14,,4,793,,,
b413307f-d5c0-42a0-b40e-9f9b4516eaf3,11469,Quo,appendix.5.15,0,1,793,11,,
b413307f-d5c0-42a0-b40e-9f9b4516eaf3,11470,quis,appendix.5.15,0,1,793,12,,
b413307f-d5c0-42a0-b40e-9f9b4516eaf3,11471,maiorem,appendix.5.15,0,1,793,13,,
b413307f-d5c0-42a0-b40e-9f9b4516eaf3,11472,possidet,appendix.5.15,0,1,793,14,,
b413307f-d5c0-42a0-b40e-9f9b4516eaf3,11473,terrae,appendix.5.15,0,1,793,15,,
b413307f-d5c0-42a0-b40e-9f9b4516eaf3,11474,locum,appendix.5.15,0,1,793,16,,
b413307f-d5c0-42a0-b40e-9f9b4516eaf3,11475,",",appendix.5.15,,4,793,,,
b413307f-d5c0-42a0-b40e-9f9b4516eaf3,11476,Hoc,appendix.5.16,0,1,793,17,,
b413307f-d5c0-42a0-b40e-9f9b4516eaf3,11477,demonstratur,appendix.5.16,0,1,793,18,,
b413307f-d5c0-42a0-b40e-9f9b4516eaf3,11478,cura,appendix.5.16,0,1,793,19,,
b413307f-d5c0-42a0-b40e-9f9b4516eaf3,11479,graviore,appendix.5.16,0,1,793,20,,
b413307f-d5c0-42a0-b40e-9f9b4516eaf3,11480,affici,appendix.5.16,0,1,793,21,,
b413307f-d5c0-42a0-b40e-9f9b4516eaf3,11481,.,appendix.5.16,,4,793,,,
b413307f-d5c0-42a0-b40e-9f9b4516eaf3,11482,Consulto,appendix.5.17,0,1,794,0,,
b413307f-d5c0-42a0-b40e-9f9b4516eaf3,11483,involvit,appendix.5.17,0,1,794,1,,
b413307f-d5c0-42a0-b40e-9f9b4516eaf3,11484,veritatem,appendix.5.17,0,1,794,2,,
b413307f-d5c0-42a0-b40e-9f9b4516eaf3,11485,antiquitas,appendix.5.17,0,1,794,3,,
b413307f-d5c0-42a0-b40e-9f9b4516eaf3,11486,",",appendix.5.17,,4,794,,,
b413307f-d5c0-42a0-b40e-9f9b4516eaf3,11487,Ut,appendix.5.18,0,1,794,4,,
b413307f-d5c0-42a0-b40e-9f9b4516eaf3,11488,sapiens,appendix.5.18,0,1,794,5,,
b413307f-d5c0-42a0-b40e-9f9b4516eaf3,11489,intellegeret,appendix.5.18,0,1,794,6,,
b413307f-d5c0-42a0-b40e-9f9b4516eaf3,11490,",",appendix.5.18,,4,794,,,
b413307f-d5c0-42a0-b40e-9f9b4516eaf3,11491,erraret,appendix.5.18,0,1,794,7,,
b413307f-d5c0-42a0-b40e-9f9b4516eaf3,11492,rudis,appendix.5.18,0,1,794,8,,
b413307f-d5c0-42a0-b40e-9f9b4516eaf3,11493,.,appendix.5.18,,4,794,,,
b413307f-d5c0-42a0-b40e-9f9b4516eaf3,11494,Auctor,appendix.6,0,1,795,0,,
b413307f-d5c0-42a0-b40e-9f9b4516eaf3,11495,.,appendix.6,,4,795,,,
b413307f-d5c0-42a0-b40e-9f9b4516eaf3,11496,Utilius,appendix.6.1,0,1,796,0,,
b413307f-d5c0-42a0-b40e-9f9b4516eaf3,11497,nobis,appendix.6.1,0,1,796,1,,
b413307f-d5c0-42a0-b40e-9f9b4516eaf3,11498,quid,appendix.6.1,0,1,796,2,,
b413307f-d5c0-42a0-b40e-9f9b4516eaf3,11499,sit,appendix.6.1,0,1,796,3,,
b413307f-d5c0-42a0-b40e-9f9b4516eaf3,11500,dic,appendix.6.1,0,1,796,4,,
b413307f-d5c0-42a0-b40e-9f9b4516eaf3,11501,",",appendix.6.1,,4,796,,,
b413307f-d5c0-42a0-b40e-9f9b4516eaf3,11502,Phoebe,appendix.6.1,1,1,796,5,,
b413307f-d5c0-42a0-b40e-9f9b4516eaf3,11503,",",appendix.6.1,,4,796,,,
b413307f-d5c0-42a0-b40e-9f9b4516eaf3,11504,obsecro,appendix.6.1,0,1,796,6,,
b413307f-d5c0-42a0-b40e-9f9b4516eaf3,11505,",",appendix.6.1,,4,796,,,
b413307f-d5c0-42a0-b40e-9f9b4516eaf3,11506,Qui,appendix.6.2,0,1,796,7,,
b413307f-d5c0-42a0-b40e-9f9b4516eaf3,11507,Delphos,appendix.6.2,1,1,796,8,,
b413307f-d5c0-42a0-b40e-9f9b4516eaf3,11508,et,appendix.6.2,0,1,796,9,,
b413307f-d5c0-42a0-b40e-9f9b4516eaf3,11509,formosum,appendix.6.2,0,1,796,10,,
b413307f-d5c0-42a0-b40e-9f9b4516eaf3,11510,Parnasum,appendix.6.2,1,1,796,11,,
b413307f-d5c0-42a0-b40e-9f9b4516eaf3,11511,incolis,appendix.6.2,0,1,796,12,,
b413307f-d5c0-42a0-b40e-9f9b4516eaf3,11512,.,appendix.6.2,,4,796,,,
b413307f-d5c0-42a0-b40e-9f9b4516eaf3,11513,Quid,appendix.6.3,0,1,797,0,,
b413307f-d5c0-42a0-b40e-9f9b4516eaf3,11514,hoc,appendix.6.3,0,1,797,1,,
b413307f-d5c0-42a0-b40e-9f9b4516eaf3,11515,?,appendix.6.3,,4,797,,,
b413307f-d5c0-42a0-b40e-9f9b4516eaf3,11516,sacratae,appendix.6.3,0,1,798,0,,
b413307f-d5c0-42a0-b40e-9f9b4516eaf3,11517,vatis,appendix.6.3,0,1,798,1,,
b413307f-d5c0-42a0-b40e-9f9b4516eaf3,11518,horrescunt,appendix.6.3,0,1,798,2,,
b413307f-d5c0-42a0-b40e-9f9b4516eaf3,11519,comae,appendix.6.3,0,1,798,3,,
b413307f-d5c0-42a0-b40e-9f9b4516eaf3,11520,",",appendix.6.3,,4,798,,,
b413307f-d5c0-42a0-b40e-9f9b4516eaf3,11521,Tripodes,appendix.6.4,0,1,798,4,,
b413307f-d5c0-42a0-b40e-9f9b4516eaf3,11522,moventur,appendix.6.4,0,1,798,5,,
b413307f-d5c0-42a0-b40e-9f9b4516eaf3,11523,",",appendix.6.4,,4,798,,,
b413307f-d5c0-42a0-b40e-9f9b4516eaf3,11524,mugit,appendix.6.4,0,1,798,6,,
b413307f-d5c0-42a0-b40e-9f9b4516eaf3,11525,adytis,appendix.6.4,0,1,798,7,,
b413307f-d5c0-42a0-b40e-9f9b4516eaf3,11526,Religio,appendix.6.4,0,1,798,8,,
b413307f-d5c0-42a0-b40e-9f9b4516eaf3,11527,",",appendix.6.4,,4,798,,,
b413307f-d5c0-42a0-b40e-9f9b4516eaf3,11528,Tremuntque,appendix.6.5,0,1,798,9,,
b413307f-d5c0-42a0-b40e-9f9b4516eaf3,11529,lauri,appendix.6.5,0,1,798,10,,
b413307f-d5c0-42a0-b40e-9f9b4516eaf3,11530,et,appendix.6.5,0,1,798,11,,
b413307f-d5c0-42a0-b40e-9f9b4516eaf3,11531,ipse,appendix.6.5,0,1,798,12,,
b413307f-d5c0-42a0-b40e-9f9b4516eaf3,11532,pallescit,appendix.6.5,0,1,798,13,,
b413307f-d5c0-42a0-b40e-9f9b4516eaf3,11533,dies,appendix.6.5,0,1,798,14,,
b413307f-d5c0-42a0-b40e-9f9b4516eaf3,11534,.,appendix.6.5,,4,798,,,
b413307f-d5c0-42a0-b40e-9f9b4516eaf3,11535,Voces,appendix.6.6,0,1,799,0,,
b413307f-d5c0-42a0-b40e-9f9b4516eaf3,11536,resolvit,appendix.6.6,0,1,799,1,,
b413307f-d5c0-42a0-b40e-9f9b4516eaf3,11537,icta,appendix.6.6,0,1,799,2,,
b413307f-d5c0-42a0-b40e-9f9b4516eaf3,11538,Python,appendix.6.6,1,1,799,3,,
b413307f-d5c0-42a0-b40e-9f9b4516eaf3,11539,numine,appendix.6.6,0,1,799,4,,
b413307f-d5c0-42a0-b40e-9f9b4516eaf3,11540,:,appendix.6.6,,4,799,,,
b413307f-d5c0-42a0-b40e-9f9b4516eaf3,11541,Audite,appendix.6.7,0,1,799,5,,
b413307f-d5c0-42a0-b40e-9f9b4516eaf3,11542,",",appendix.6.7,,4,799,,,
b413307f-d5c0-42a0-b40e-9f9b4516eaf3,11543,gentes,appendix.6.7,0,1,799,6,,
b413307f-d5c0-42a0-b40e-9f9b4516eaf3,11544,",",appendix.6.7,,4,799,,,
b413307f-d5c0-42a0-b40e-9f9b4516eaf3,11545,Delii,appendix.6.7,1,1,799,7,,
b413307f-d5c0-42a0-b40e-9f9b4516eaf3,11546,monitus,appendix.6.7,0,1,799,8,,
b413307f-d5c0-42a0-b40e-9f9b4516eaf3,11547,dei,appendix.6.7,0,1,799,9,,
b413307f-d5c0-42a0-b40e-9f9b4516eaf3,11548,:,appendix.6.7,,4,799,,,
b413307f-d5c0-42a0-b40e-9f9b4516eaf3,11549,Pietatem,appendix.6.8,2,1,799,10,,
b413307f-d5c0-42a0-b40e-9f9b4516eaf3,11550,colite,appendix.6.8,0,1,799,11,,
b413307f-d5c0-42a0-b40e-9f9b4516eaf3,11551,;,appendix.6.8,,4,799,,,
b413307f-d5c0-42a0-b40e-9f9b4516eaf3,11552,vota,appendix.6.8,0,1,799,12,,
b413307f-d5c0-42a0-b40e-9f9b4516eaf3,11553,superis,appendix.6.8,0,1,799,13,,
b413307f-d5c0-42a0-b40e-9f9b4516eaf3,11554,reddite,appendix.6.8,0,1,799,14,,
b413307f-d5c0-42a0-b40e-9f9b4516eaf3,11555,;,appendix.6.8,,4,799,,,
b413307f-d5c0-42a0-b40e-9f9b4516eaf3,11556,Patriam,appendix.6.9,0,1,799,15,,
b413307f-d5c0-42a0-b40e-9f9b4516eaf3,11557,",",appendix.6.9,,4,799,,,
b413307f-d5c0-42a0-b40e-9f9b4516eaf3,11558,parentes,appendix.6.9,0,1,799,16,,
b413307f-d5c0-42a0-b40e-9f9b4516eaf3,11559,",",appendix.6.9,,4,799,,,
b413307f-d5c0-42a0-b40e-9f9b4516eaf3,11560,natos,appendix.6.9,0,1,799,17,,
b413307f-d5c0-42a0-b40e-9f9b4516eaf3,11561,",",appendix.6.9,,4,799,,,
b413307f-d5c0-42a0-b40e-9f9b4516eaf3,11562,castas,appendix.6.9,0,1,799,18,,
b413307f-d5c0-42a0-b40e-9f9b4516eaf3,11563,coniuges,appendix.6.9,0,1,799,19,,
b413307f-d5c0-42a0-b40e-9f9b4516eaf3,11564,Defendite,appendix.6.10,0,1,799,20,,
b413307f-d5c0-42a0-b40e-9f9b4516eaf3,11565,armis,appendix.6.10,0,1,799,21,,
b413307f-d5c0-42a0-b40e-9f9b4516eaf3,11566,",",appendix.6.10,,4,799,,,
b413307f-d5c0-42a0-b40e-9f9b4516eaf3,11567,hostem,appendix.6.10,0,1,799,22,,
b413307f-d5c0-42a0-b40e-9f9b4516eaf3,11568,ferro,appendix.6.10,0,1,799,23,,
b413307f-d5c0-42a0-b40e-9f9b4516eaf3,11569,pellite,appendix.6.10,0,1,799,24,,
b413307f-d5c0-42a0-b40e-9f9b4516eaf3,11570,;,appendix.6.10,,4,799,,,
b413307f-d5c0-42a0-b40e-9f9b4516eaf3,11571,Amicos,appendix.6.11,0,1,799,25,,
b413307f-d5c0-42a0-b40e-9f9b4516eaf3,11572,sublevate,appendix.6.11,0,1,799,26,,
b413307f-d5c0-42a0-b40e-9f9b4516eaf3,11573,;,appendix.6.11,,4,799,,,
b413307f-d5c0-42a0-b40e-9f9b4516eaf3,11574,miseris,appendix.6.11,0,1,799,27,,
b413307f-d5c0-42a0-b40e-9f9b4516eaf3,11575,parcite,appendix.6.11,0,1,799,28,,
b413307f-d5c0-42a0-b40e-9f9b4516eaf3,11576,;,appendix.6.11,,4,799,,,
b413307f-d5c0-42a0-b40e-9f9b4516eaf3,11577,Bonis,appendix.6.12,0,1,799,29,,
b413307f-d5c0-42a0-b40e-9f9b4516eaf3,11578,favete,appendix.6.12,0,1,799,30,,
b413307f-d5c0-42a0-b40e-9f9b4516eaf3,11579,",",appendix.6.12,,4,799,,,
b413307f-d5c0-42a0-b40e-9f9b4516eaf3,11580,subdolis,appendix.6.12,0,1,799,31,,
b413307f-d5c0-42a0-b40e-9f9b4516eaf3,11581,ite,appendix.6.12,0,1,799,32,,
b413307f-d5c0-42a0-b40e-9f9b4516eaf3,11582,obviam,appendix.6.12,0,1,799,33,,
b413307f-d5c0-42a0-b40e-9f9b4516eaf3,11583,;,appendix.6.12,,4,799,,,
b413307f-d5c0-42a0-b40e-9f9b4516eaf3,11584,Delicta,appendix.6.13,0,1,799,34,,
b413307f-d5c0-42a0-b40e-9f9b4516eaf3,11585,vindicate,appendix.6.13,0,1,799,35,,
b413307f-d5c0-42a0-b40e-9f9b4516eaf3,11586,;,appendix.6.13,,4,799,,,
b413307f-d5c0-42a0-b40e-9f9b4516eaf3,11587,†,appendix.6.13,,5,799,,,
b413307f-d5c0-42a0-b40e-9f9b4516eaf3,11588,cohibete,appendix.6.13,0,1,799,36,,
b413307f-d5c0-42a0-b40e-9f9b4516eaf3,11589,impios,appendix.6.13,0,1,799,37,,
b413307f-d5c0-42a0-b40e-9f9b4516eaf3,11590,;,appendix.6.13,,4,799,,,
b413307f-d5c0-42a0-b40e-9f9b4516eaf3,11591,Punite,appendix.6.14,0,1,799,38,,
b413307f-d5c0-42a0-b40e-9f9b4516eaf3,11592,turpi,appendix.6.14,0,1,799,39,,
b413307f-d5c0-42a0-b40e-9f9b4516eaf3,11593,thalamos,appendix.6.14,0,1,799,40,,
b413307f-d5c0-42a0-b40e-9f9b4516eaf3,11594,qui,appendix.6.14,0,1,799,41,,
b413307f-d5c0-42a0-b40e-9f9b4516eaf3,11595,violant,appendix.6.14,0,1,799,42,,
b413307f-d5c0-42a0-b40e-9f9b4516eaf3,11596,stupro,appendix.6.14,0,1,799,43,,
b413307f-d5c0-42a0-b40e-9f9b4516eaf3,11597,;,appendix.6.14,,4,799,,,
b413307f-d5c0-42a0-b40e-9f9b4516eaf3,11598,Malos,appendix.6.15,0,1,799,44,,
b413307f-d5c0-42a0-b40e-9f9b4516eaf3,11599,cavete,appendix.6.15,0,1,799,45,,
b413307f-d5c0-42a0-b40e-9f9b4516eaf3,11600,;,appendix.6.15,,4,799,,,
b413307f-d5c0-42a0-b40e-9f9b4516eaf3,11601,nulli,appendix.6.15,0,1,799,46,,
b413307f-d5c0-42a0-b40e-9f9b4516eaf3,11602,nimium,appendix.6.15,0,1,799,47,,
b413307f-d5c0-42a0-b40e-9f9b4516eaf3,11603,credite,appendix.6.15,0,1,799,48,,
b413307f-d5c0-42a0-b40e-9f9b4516eaf3,11604,.,appendix.6.15,,4,799,,,
b413307f-d5c0-42a0-b40e-9f9b4516eaf3,11605,Haec,appendix.6.16,0,1,800,0,,
b413307f-d5c0-42a0-b40e-9f9b4516eaf3,11606,elocuta,appendix.6.16,0,1,800,1,,
b413307f-d5c0-42a0-b40e-9f9b4516eaf3,11607,concidit,appendix.6.16,0,1,800,2,,
b413307f-d5c0-42a0-b40e-9f9b4516eaf3,11608,virgo,appendix.6.16,0,1,800,3,,
b413307f-d5c0-42a0-b40e-9f9b4516eaf3,11609,furens,appendix.6.16,0,1,800,4,,
b413307f-d5c0-42a0-b40e-9f9b4516eaf3,11610,:,appendix.6.16,,4,800,,,
b413307f-d5c0-42a0-b40e-9f9b4516eaf3,11611,Furens,appendix.6.17,0,1,800,5,,
b413307f-d5c0-42a0-b40e-9f9b4516eaf3,11612,profecto,appendix.6.17,0,1,800,6,,
b413307f-d5c0-42a0-b40e-9f9b4516eaf3,11613,",",appendix.6.17,,4,800,,,
b413307f-d5c0-42a0-b40e-9f9b4516eaf3,11614,nam,appendix.6.17,0,1,800,7,,
b413307f-d5c0-42a0-b40e-9f9b4516eaf3,11615,quae,appendix.6.17,0,1,800,8,,
b413307f-d5c0-42a0-b40e-9f9b4516eaf3,11616,dixit,appendix.6.17,0,1,800,9,,
b413307f-d5c0-42a0-b40e-9f9b4516eaf3,11617,perdidit,appendix.6.17,0,1,800,10,,
b413307f-d5c0-42a0-b40e-9f9b4516eaf3,11618,.,appendix.6.17,,4,800,,,
b413307f-d5c0-42a0-b40e-9f9b4516eaf3,11619,Aesopus,appendix.7,1,1,801,0,,
b413307f-d5c0-42a0-b40e-9f9b4516eaf3,11620,et,appendix.7,0,1,801,1,,
b413307f-d5c0-42a0-b40e-9f9b4516eaf3,11621,scriptor,appendix.7,0,1,801,2,,
b413307f-d5c0-42a0-b40e-9f9b4516eaf3,11622,.,appendix.7,,4,801,,,
b413307f-d5c0-42a0-b40e-9f9b4516eaf3,11623,Aesopo,appendix.7.1,1,1,802,0,,
b413307f-d5c0-42a0-b40e-9f9b4516eaf3,11624,quidam,appendix.7.1,0,1,802,1,,
b413307f-d5c0-42a0-b40e-9f9b4516eaf3,11625,scripta,appendix.7.1,0,1,802,2,,
b413307f-d5c0-42a0-b40e-9f9b4516eaf3,11626,recitarat,appendix.7.1,0,1,802,3,,
b413307f-d5c0-42a0-b40e-9f9b4516eaf3,11627,mala,appendix.7.1,0,1,802,4,,
b413307f-d5c0-42a0-b40e-9f9b4516eaf3,11628,",",appendix.7.1,,4,802,,,
b413307f-d5c0-42a0-b40e-9f9b4516eaf3,11629,In,appendix.7.2,0,1,802,5,,
b413307f-d5c0-42a0-b40e-9f9b4516eaf3,11630,quis,appendix.7.2,0,1,802,6,,
b413307f-d5c0-42a0-b40e-9f9b4516eaf3,11631,inepte,appendix.7.2,0,1,802,7,,
b413307f-d5c0-42a0-b40e-9f9b4516eaf3,11632,multum,appendix.7.2,0,1,802,8,,
b413307f-d5c0-42a0-b40e-9f9b4516eaf3,11633,se,appendix.7.2,0,1,802,9,,
b413307f-d5c0-42a0-b40e-9f9b4516eaf3,11634,iactaverat,appendix.7.2,0,1,802,10,,
b413307f-d5c0-42a0-b40e-9f9b4516eaf3,11635,.,appendix.7.2,,4,802,,,
b413307f-d5c0-42a0-b40e-9f9b4516eaf3,11636,Scire,appendix.7.3,0,1,803,0,,
b413307f-d5c0-42a0-b40e-9f9b4516eaf3,11637,ergo,appendix.7.3,0,1,803,1,,
b413307f-d5c0-42a0-b40e-9f9b4516eaf3,11638,cupiens,appendix.7.3,0,1,803,2,,
b413307f-d5c0-42a0-b40e-9f9b4516eaf3,11639,quidnam,appendix.7.3,0,1,803,3,,
b413307f-d5c0-42a0-b40e-9f9b4516eaf3,11640,sentiret,appendix.7.3,0,1,803,4,,
b413307f-d5c0-42a0-b40e-9f9b4516eaf3,11641,senex,appendix.7.3,0,1,803,5,,
b413307f-d5c0-42a0-b40e-9f9b4516eaf3,11642,",",appendix.7.3,,4,803,,,
b413307f-d5c0-42a0-b40e-9f9b4516eaf3,11643,Numquid,appendix.7.4,0,1,803,6,,
b413307f-d5c0-42a0-b40e-9f9b4516eaf3,11644,tibi,appendix.7.4,0,1,803,7,,
b413307f-d5c0-42a0-b40e-9f9b4516eaf3,11645,inquit,appendix.7.4,0,1,803,8,,
b413307f-d5c0-42a0-b40e-9f9b4516eaf3,11646,visus,appendix.7.4,0,1,803,9,,
b413307f-d5c0-42a0-b40e-9f9b4516eaf3,11647,sum,appendix.7.4,0,1,803,10,,
b413307f-d5c0-42a0-b40e-9f9b4516eaf3,11648,superbior,appendix.7.4,0,1,803,11,,
b413307f-d5c0-42a0-b40e-9f9b4516eaf3,11649,?,appendix.7.4,,4,803,,,
b413307f-d5c0-42a0-b40e-9f9b4516eaf3,11650,Haud,appendix.7.5,0,1,804,0,,
b413307f-d5c0-42a0-b40e-9f9b4516eaf3,11651,vana,appendix.7.5,0,1,804,1,,
b413307f-d5c0-42a0-b40e-9f9b4516eaf3,11652,nobis,appendix.7.5,0,1,804,2,,
b413307f-d5c0-42a0-b40e-9f9b4516eaf3,11653,ingeni,appendix.7.5,0,1,804,3,,
b413307f-d5c0-42a0-b40e-9f9b4516eaf3,11654,fiducia,appendix.7.5,0,1,804,4,,
b413307f-d5c0-42a0-b40e-9f9b4516eaf3,11655,est,appendix.7.5,0,1,804,5,,
b413307f-d5c0-42a0-b40e-9f9b4516eaf3,11656,.,appendix.7.5,,4,804,,,
b413307f-d5c0-42a0-b40e-9f9b4516eaf3,11657,Confectus,appendix.7.6,0,1,805,0,,
b413307f-d5c0-42a0-b40e-9f9b4516eaf3,11658,ille,appendix.7.6,0,1,805,1,,
b413307f-d5c0-42a0-b40e-9f9b4516eaf3,11659,pessimo,appendix.7.6,0,1,805,2,,
b413307f-d5c0-42a0-b40e-9f9b4516eaf3,11660,volumine,appendix.7.6,0,1,805,3,,
b413307f-d5c0-42a0-b40e-9f9b4516eaf3,11661,:,appendix.7.6,,4,805,,,
b413307f-d5c0-42a0-b40e-9f9b4516eaf3,11662,Ego,appendix.7.7,0,1,805,4,,
b413307f-d5c0-42a0-b40e-9f9b4516eaf3,11663,inquit,appendix.7.7,0,1,805,5,,
b413307f-d5c0-42a0-b40e-9f9b4516eaf3,11664,quod,appendix.7.7,0,1,805,6,,
b413307f-d5c0-42a0-b40e-9f9b4516eaf3,11665,te,appendix.7.7,0,1,805,7,,
b413307f-d5c0-42a0-b40e-9f9b4516eaf3,11666,laudas,appendix.7.7,0,1,805,8,,
b413307f-d5c0-42a0-b40e-9f9b4516eaf3,11667,vehementer,appendix.7.7,0,1,805,9,,
b413307f-d5c0-42a0-b40e-9f9b4516eaf3,11668,probo,appendix.7.7,0,1,805,10,,
b413307f-d5c0-42a0-b40e-9f9b4516eaf3,11669,",",appendix.7.7,,4,805,,,
b413307f-d5c0-42a0-b40e-9f9b4516eaf3,11670,Namque,appendix.7.8,0,1,805,11,,
b413307f-d5c0-42a0-b40e-9f9b4516eaf3,11671,hoc,appendix.7.8,0,1,805,12,,
b413307f-d5c0-42a0-b40e-9f9b4516eaf3,11672,ab,appendix.7.8,0,1,805,13,,
b413307f-d5c0-42a0-b40e-9f9b4516eaf3,11673,alio,appendix.7.8,0,1,805,14,,
b413307f-d5c0-42a0-b40e-9f9b4516eaf3,11674,numquam,appendix.7.8,0,1,805,15,,
b413307f-d5c0-42a0-b40e-9f9b4516eaf3,11675,continget,appendix.7.8,0,1,805,16,,
b413307f-d5c0-42a0-b40e-9f9b4516eaf3,11676,tibi,appendix.7.8,0,1,805,17,,
b413307f-d5c0-42a0-b40e-9f9b4516eaf3,11677,.,appendix.7.8,,4,805,,,
b413307f-d5c0-42a0-b40e-9f9b4516eaf3,11678,Pompeius,appendix.8,1,1,806,0,,
b413307f-d5c0-42a0-b40e-9f9b4516eaf3,11679,Magnus,appendix.8,2,1,806,1,,
b413307f-d5c0-42a0-b40e-9f9b4516eaf3,11680,et,appendix.8,0,1,806,2,,
b413307f-d5c0-42a0-b40e-9f9b4516eaf3,11681,eius,appendix.8,0,1,806,3,,
b413307f-d5c0-42a0-b40e-9f9b4516eaf3,11682,miles,appendix.8,0,1,806,4,,
b413307f-d5c0-42a0-b40e-9f9b4516eaf3,11683,:,appendix.8,,4,806,,,
b413307f-d5c0-42a0-b40e-9f9b4516eaf3,11684,Quam,appendix.8,0,1,806,5,,
b413307f-d5c0-42a0-b40e-9f9b4516eaf3,11685,difficile,appendix.8,0,1,806,6,,
b413307f-d5c0-42a0-b40e-9f9b4516eaf3,11686,sit,appendix.8,0,1,806,7,,
b413307f-d5c0-42a0-b40e-9f9b4516eaf3,11687,hominem,appendix.8,0,1,806,8,,
b413307f-d5c0-42a0-b40e-9f9b4516eaf3,11688,nosse,appendix.8,0,1,806,9,,
b413307f-d5c0-42a0-b40e-9f9b4516eaf3,11689,.,appendix.8,,4,806,,,
b413307f-d5c0-42a0-b40e-9f9b4516eaf3,11690,Magni,appendix.8.1,2,1,807,0,,
b413307f-d5c0-42a0-b40e-9f9b4516eaf3,11691,Pompei,appendix.8.1,1,1,807,1,,
b413307f-d5c0-42a0-b40e-9f9b4516eaf3,11692,miles,appendix.8.1,0,1,807,2,,
b413307f-d5c0-42a0-b40e-9f9b4516eaf3,11693,vasti,appendix.8.1,0,1,807,3,,
b413307f-d5c0-42a0-b40e-9f9b4516eaf3,11694,corporis,appendix.8.1,0,1,807,4,,
b413307f-d5c0-42a0-b40e-9f9b4516eaf3,11695,Fracte,appendix.8.2,0,1,807,5,,
b413307f-d5c0-42a0-b40e-9f9b4516eaf3,11696,loquendo,appendix.8.2,0,1,807,6,,
b413307f-d5c0-42a0-b40e-9f9b4516eaf3,11697,et,appendix.8.2,0,1,807,7,,
b413307f-d5c0-42a0-b40e-9f9b4516eaf3,11698,ambulando,appendix.8.2,0,1,807,8,,
b413307f-d5c0-42a0-b40e-9f9b4516eaf3,11699,molliter,appendix.8.2,0,1,807,9,,
b413307f-d5c0-42a0-b40e-9f9b4516eaf3,11700,Famam,appendix.8.3,0,1,807,10,,
b413307f-d5c0-42a0-b40e-9f9b4516eaf3,11701,cinaedi,appendix.8.3,0,1,807,11,,
b413307f-d5c0-42a0-b40e-9f9b4516eaf3,11702,traxerat,appendix.8.3,0,1,807,12,,
b413307f-d5c0-42a0-b40e-9f9b4516eaf3,11703,certissimam,appendix.8.3,0,1,807,13,,
b413307f-d5c0-42a0-b40e-9f9b4516eaf3,11704,.,appendix.8.3,,4,807,,,
b413307f-d5c0-42a0-b40e-9f9b4516eaf3,11705,Hic,appendix.8.4,0,1,808,0,,
b413307f-d5c0-42a0-b40e-9f9b4516eaf3,11706,insidiatus,appendix.8.4,0,1,808,1,,
b413307f-d5c0-42a0-b40e-9f9b4516eaf3,11707,nocte,appendix.8.4,0,1,808,2,,
b413307f-d5c0-42a0-b40e-9f9b4516eaf3,11708,iumentis,appendix.8.4,0,1,808,3,,
b413307f-d5c0-42a0-b40e-9f9b4516eaf3,11709,ducis,appendix.8.4,0,1,808,4,,
b413307f-d5c0-42a0-b40e-9f9b4516eaf3,11710,",",appendix.8.4,,4,808,,,
b413307f-d5c0-42a0-b40e-9f9b4516eaf3,11711,Cum,appendix.8.5,2,1,808,5,,
b413307f-d5c0-42a0-b40e-9f9b4516eaf3,11712,veste,appendix.8.5,0,1,808,6,,
b413307f-d5c0-42a0-b40e-9f9b4516eaf3,11713,et,appendix.8.5,0,1,808,7,,
b413307f-d5c0-42a0-b40e-9f9b4516eaf3,11714,auro,appendix.8.5,0,1,808,8,,
b413307f-d5c0-42a0-b40e-9f9b4516eaf3,11715,et,appendix.8.5,0,1,808,9,,
b413307f-d5c0-42a0-b40e-9f9b4516eaf3,11716,magno,appendix.8.5,0,1,808,10,,
b413307f-d5c0-42a0-b40e-9f9b4516eaf3,11717,argenti,appendix.8.5,0,1,808,11,,
b413307f-d5c0-42a0-b40e-9f9b4516eaf3,11718,pondere,appendix.8.5,0,1,808,12,,
b413307f-d5c0-42a0-b40e-9f9b4516eaf3,11719,Avertit,appendix.8.6,0,1,808,13,,
b413307f-d5c0-42a0-b40e-9f9b4516eaf3,11720,mulos,appendix.8.6,0,1,808,14,,
b413307f-d5c0-42a0-b40e-9f9b4516eaf3,11721,.,appendix.8.6,,4,808,,,
b413307f-d5c0-42a0-b40e-9f9b4516eaf3,11722,Factum,appendix.8.6,0,1,809,0,,
b413307f-d5c0-42a0-b40e-9f9b4516eaf3,11723,rumor,appendix.8.6,0,1,809,1,,
b413307f-d5c0-42a0-b40e-9f9b4516eaf3,11724,dissipat,appendix.8.6,0,1,809,2,,
b413307f-d5c0-42a0-b40e-9f9b4516eaf3,11725,;,appendix.8.6,,4,809,,,
b413307f-d5c0-42a0-b40e-9f9b4516eaf3,11726,Arguitur,appendix.8.7,0,1,809,3,,
b413307f-d5c0-42a0-b40e-9f9b4516eaf3,11727,miles,appendix.8.7,0,1,809,4,,
b413307f-d5c0-42a0-b40e-9f9b4516eaf3,11728,",",appendix.8.7,,4,809,,,
b413307f-d5c0-42a0-b40e-9f9b4516eaf3,11729,rapitur,appendix.8.7,0,1,809,5,,
b413307f-d5c0-42a0-b40e-9f9b4516eaf3,11730,in,appendix.8.7,0,1,809,6,,
b413307f-d5c0-42a0-b40e-9f9b4516eaf3,11731,praetorium,appendix.8.7,0,1,809,7,,
b413307f-d5c0-42a0-b40e-9f9b4516eaf3,11732,.,appendix.8.7,,4,809,,,
b413307f-d5c0-42a0-b40e-9f9b4516eaf3,11733,Tum,appendix.8.8,0,1,810,0,,
b413307f-d5c0-42a0-b40e-9f9b4516eaf3,11734,Magnus,appendix.8.8,2,1,810,1,,
b413307f-d5c0-42a0-b40e-9f9b4516eaf3,11735,:,appendix.8.8,,4,810,,,
b413307f-d5c0-42a0-b40e-9f9b4516eaf3,11736,Quid,appendix.8.8,0,1,810,2,,
b413307f-d5c0-42a0-b40e-9f9b4516eaf3,11737,ais,appendix.8.8,0,1,810,3,,
b413307f-d5c0-42a0-b40e-9f9b4516eaf3,11738,?,appendix.8.8,,4,810,,,
b413307f-d5c0-42a0-b40e-9f9b4516eaf3,11739,tune,appendix.8.8,0,1,811,0,ne,
b413307f-d5c0-42a0-b40e-9f9b4516eaf3,11740,me,appendix.8.8,0,1,811,1,,
b413307f-d5c0-42a0-b40e-9f9b4516eaf3,11741,",",appendix.8.8,,4,811,,,
b413307f-d5c0-42a0-b40e-9f9b4516eaf3,11742,commilito,appendix.8.8,0,1,811,2,,
b413307f-d5c0-42a0-b40e-9f9b4516eaf3,11743,",",appendix.8.8,,4,811,,,
b413307f-d5c0-42a0-b40e-9f9b4516eaf3,11744,Spoliare,appendix.8.9,0,1,811,3,,
b413307f-d5c0-42a0-b40e-9f9b4516eaf3,11745,es,appendix.8.9,0,1,811,4,,
b413307f-d5c0-42a0-b40e-9f9b4516eaf3,11746,ausus,appendix.8.9,0,1,811,5,,
b413307f-d5c0-42a0-b40e-9f9b4516eaf3,11747,?,appendix.8.9,,4,811,,,
b413307f-d5c0-42a0-b40e-9f9b4516eaf3,11748,Ille,appendix.8.9,0,1,812,0,,
b413307f-d5c0-42a0-b40e-9f9b4516eaf3,11749,continuo,appendix.8.9,0,1,812,1,,
b413307f-d5c0-42a0-b40e-9f9b4516eaf3,11750,exscreat,appendix.8.9,0,1,812,2,,
b413307f-d5c0-42a0-b40e-9f9b4516eaf3,11751,Sibi,appendix.8.10,0,1,812,3,,
b413307f-d5c0-42a0-b40e-9f9b4516eaf3,11752,in,appendix.8.10,0,1,812,4,,
b413307f-d5c0-42a0-b40e-9f9b4516eaf3,11753,sinistram,appendix.8.10,0,1,812,5,,
b413307f-d5c0-42a0-b40e-9f9b4516eaf3,11754,et,appendix.8.10,0,1,812,6,,
b413307f-d5c0-42a0-b40e-9f9b4516eaf3,11755,sputum,appendix.8.10,0,1,812,7,,
b413307f-d5c0-42a0-b40e-9f9b4516eaf3,11756,digitis,appendix.8.10,0,1,812,8,,
b413307f-d5c0-42a0-b40e-9f9b4516eaf3,11757,dissipat,appendix.8.10,0,1,812,9,,
b413307f-d5c0-42a0-b40e-9f9b4516eaf3,11758,.,appendix.8.10,,4,812,,,
b413307f-d5c0-42a0-b40e-9f9b4516eaf3,11759,Sic,appendix.8.11,0,1,813,0,,
b413307f-d5c0-42a0-b40e-9f9b4516eaf3,11760,",",appendix.8.11,,4,813,,,
b413307f-d5c0-42a0-b40e-9f9b4516eaf3,11761,imperator,appendix.8.11,0,1,813,1,,
b413307f-d5c0-42a0-b40e-9f9b4516eaf3,11762,",",appendix.8.11,,4,813,,,
b413307f-d5c0-42a0-b40e-9f9b4516eaf3,11763,oculi,appendix.8.11,0,1,813,2,,
b413307f-d5c0-42a0-b40e-9f9b4516eaf3,11764,exstillescant,appendix.8.11,,1,813,3,,
b413307f-d5c0-42a0-b40e-9f9b4516eaf3,11765,mei,appendix.8.11,0,1,813,4,,
b413307f-d5c0-42a0-b40e-9f9b4516eaf3,11766,",",appendix.8.11,,4,813,,,
b413307f-d5c0-42a0-b40e-9f9b4516eaf3,11767,Si,appendix.8.12,0,1,813,5,,
b413307f-d5c0-42a0-b40e-9f9b4516eaf3,11768,vidi,appendix.8.12,0,1,813,6,,
b413307f-d5c0-42a0-b40e-9f9b4516eaf3,11769,aut,appendix.8.12,0,1,813,7,,
b413307f-d5c0-42a0-b40e-9f9b4516eaf3,11770,tetigi,appendix.8.12,0,1,813,8,,
b413307f-d5c0-42a0-b40e-9f9b4516eaf3,11771,.,appendix.8.12,,4,813,,,
b413307f-d5c0-42a0-b40e-9f9b4516eaf3,11772,Tum,appendix.8.12,0,1,814,0,,
b413307f-d5c0-42a0-b40e-9f9b4516eaf3,11773,vir,appendix.8.12,0,1,814,1,,
b413307f-d5c0-42a0-b40e-9f9b4516eaf3,11774,animi,appendix.8.12,0,1,814,2,,
b413307f-d5c0-42a0-b40e-9f9b4516eaf3,11775,simplicis,appendix.8.12,0,1,814,3,,
b413307f-d5c0-42a0-b40e-9f9b4516eaf3,11776,Id,appendix.8.13,0,1,814,4,,
b413307f-d5c0-42a0-b40e-9f9b4516eaf3,11777,dedecus,appendix.8.13,0,1,814,5,,
b413307f-d5c0-42a0-b40e-9f9b4516eaf3,11778,castrorum,appendix.8.13,0,1,814,6,,
b413307f-d5c0-42a0-b40e-9f9b4516eaf3,11779,propelli,appendix.8.13,0,1,814,7,,
b413307f-d5c0-42a0-b40e-9f9b4516eaf3,11780,iubet,appendix.8.13,0,1,814,8,,
b413307f-d5c0-42a0-b40e-9f9b4516eaf3,11781,",",appendix.8.13,,4,814,,,
b413307f-d5c0-42a0-b40e-9f9b4516eaf3,11782,Nec,appendix.8.14,0,1,814,9,,
b413307f-d5c0-42a0-b40e-9f9b4516eaf3,11783,cadere,appendix.8.14,0,1,814,10,,
b413307f-d5c0-42a0-b40e-9f9b4516eaf3,11784,in,appendix.8.14,0,1,814,11,,
b413307f-d5c0-42a0-b40e-9f9b4516eaf3,11785,illum,appendix.8.14,0,1,814,12,,
b413307f-d5c0-42a0-b40e-9f9b4516eaf3,11786,credit,appendix.8.14,0,1,814,13,,
b413307f-d5c0-42a0-b40e-9f9b4516eaf3,11787,tantam,appendix.8.14,0,1,814,14,,
b413307f-d5c0-42a0-b40e-9f9b4516eaf3,11788,audaciam,appendix.8.14,0,1,814,15,,
b413307f-d5c0-42a0-b40e-9f9b4516eaf3,11789,.,appendix.8.14,,4,814,,,
b413307f-d5c0-42a0-b40e-9f9b4516eaf3,11790,Breve,appendix.8.15,0,1,815,0,,
b413307f-d5c0-42a0-b40e-9f9b4516eaf3,11791,tempus,appendix.8.15,0,1,815,1,,
b413307f-d5c0-42a0-b40e-9f9b4516eaf3,11792,intercessit,appendix.8.15,0,1,815,2,,
b413307f-d5c0-42a0-b40e-9f9b4516eaf3,11793,",",appendix.8.15,,4,815,,,
b413307f-d5c0-42a0-b40e-9f9b4516eaf3,11794,et,appendix.8.15,0,1,815,3,,
b413307f-d5c0-42a0-b40e-9f9b4516eaf3,11795,fidens,appendix.8.15,0,1,815,4,,
b413307f-d5c0-42a0-b40e-9f9b4516eaf3,11796,manu,appendix.8.15,0,1,815,5,,
b413307f-d5c0-42a0-b40e-9f9b4516eaf3,11797,Unum,appendix.8.16,0,1,815,6,,
b413307f-d5c0-42a0-b40e-9f9b4516eaf3,11798,e,appendix.8.16,0,1,815,7,,
b413307f-d5c0-42a0-b40e-9f9b4516eaf3,11799,Romanis,appendix.8.16,1,1,815,8,,
b413307f-d5c0-42a0-b40e-9f9b4516eaf3,11800,provocabat,appendix.8.16,0,1,815,9,,
b413307f-d5c0-42a0-b40e-9f9b4516eaf3,11801,barbarus,appendix.8.16,0,1,815,10,,
b413307f-d5c0-42a0-b40e-9f9b4516eaf3,11802,.,appendix.8.16,,4,815,,,
b413307f-d5c0-42a0-b40e-9f9b4516eaf3,11803,Sibi,appendix.8.17,0,1,816,0,,
b413307f-d5c0-42a0-b40e-9f9b4516eaf3,11804,quisque,appendix.8.17,0,1,816,1,,
b413307f-d5c0-42a0-b40e-9f9b4516eaf3,11805,metuit,appendix.8.17,0,1,816,2,,
b413307f-d5c0-42a0-b40e-9f9b4516eaf3,11806,;,appendix.8.17,,4,816,,,
b413307f-d5c0-42a0-b40e-9f9b4516eaf3,11807,primi,appendix.8.17,0,1,816,3,,
b413307f-d5c0-42a0-b40e-9f9b4516eaf3,11808,mussitant,appendix.8.17,0,1,816,4,,
b413307f-d5c0-42a0-b40e-9f9b4516eaf3,11809,duces,appendix.8.17,0,1,816,5,,
b413307f-d5c0-42a0-b40e-9f9b4516eaf3,11810,.,appendix.8.17,,4,816,,,
b413307f-d5c0-42a0-b40e-9f9b4516eaf3,11811,Tandem,appendix.8.18,0,1,817,0,,
b413307f-d5c0-42a0-b40e-9f9b4516eaf3,11812,cinaedus,appendix.8.18,0,1,817,1,,
b413307f-d5c0-42a0-b40e-9f9b4516eaf3,11813,habitu,appendix.8.18,0,1,817,2,,
b413307f-d5c0-42a0-b40e-9f9b4516eaf3,11814,",",appendix.8.18,,4,817,,,
b413307f-d5c0-42a0-b40e-9f9b4516eaf3,11815,sed,appendix.8.18,0,1,817,3,,
b413307f-d5c0-42a0-b40e-9f9b4516eaf3,11816,Mars,appendix.8.18,1,1,817,4,,
b413307f-d5c0-42a0-b40e-9f9b4516eaf3,11817,viribus,appendix.8.18,0,1,817,5,,
b413307f-d5c0-42a0-b40e-9f9b4516eaf3,11818,",",appendix.8.18,,4,817,,,
b413307f-d5c0-42a0-b40e-9f9b4516eaf3,11819,Adit,appendix.8.19,0,1,817,6,,
b413307f-d5c0-42a0-b40e-9f9b4516eaf3,11820,sedentem,appendix.8.19,0,1,817,7,,
b413307f-d5c0-42a0-b40e-9f9b4516eaf3,11821,pro,appendix.8.19,0,1,817,8,,
b413307f-d5c0-42a0-b40e-9f9b4516eaf3,11822,tribunali,appendix.8.19,0,1,817,9,,
b413307f-d5c0-42a0-b40e-9f9b4516eaf3,11823,ducem,appendix.8.19,0,1,817,10,,
b413307f-d5c0-42a0-b40e-9f9b4516eaf3,11824,",",appendix.8.19,,4,817,,,
b413307f-d5c0-42a0-b40e-9f9b4516eaf3,11825,Et,appendix.8.20,0,1,817,11,,
b413307f-d5c0-42a0-b40e-9f9b4516eaf3,11826,voce,appendix.8.20,0,1,817,12,,
b413307f-d5c0-42a0-b40e-9f9b4516eaf3,11827,molli,appendix.8.20,0,1,817,13,,
b413307f-d5c0-42a0-b40e-9f9b4516eaf3,11828,:,appendix.8.20,,4,817,,,
b413307f-d5c0-42a0-b40e-9f9b4516eaf3,11829,Licet,appendix.8.20,0,1,817,14,,
b413307f-d5c0-42a0-b40e-9f9b4516eaf3,11830,?,appendix.8.20,,4,817,,,
b413307f-d5c0-42a0-b40e-9f9b4516eaf3,11831,Enimvero,appendix.8.20,0,1,818,0,,
b413307f-d5c0-42a0-b40e-9f9b4516eaf3,11832,eici,appendix.8.20,0,1,818,1,,
b413307f-d5c0-42a0-b40e-9f9b4516eaf3,11833,Virum,appendix.8.21,0,1,818,2,,
b413307f-d5c0-42a0-b40e-9f9b4516eaf3,11834,ut,appendix.8.21,0,1,818,3,,
b413307f-d5c0-42a0-b40e-9f9b4516eaf3,11835,in,appendix.8.21,0,1,818,4,,
b413307f-d5c0-42a0-b40e-9f9b4516eaf3,11836,re,appendix.8.21,0,1,818,5,,
b413307f-d5c0-42a0-b40e-9f9b4516eaf3,11837,atroci,appendix.8.21,0,1,818,6,,
b413307f-d5c0-42a0-b40e-9f9b4516eaf3,11838,Magnus,appendix.8.21,1,1,818,7,,
b413307f-d5c0-42a0-b40e-9f9b4516eaf3,11839,stomachans,appendix.8.21,0,1,818,8,,
b413307f-d5c0-42a0-b40e-9f9b4516eaf3,11840,imperat,appendix.8.21,0,1,818,9,,
b413307f-d5c0-42a0-b40e-9f9b4516eaf3,11841,.,appendix.8.21,,4,818,,,
b413307f-d5c0-42a0-b40e-9f9b4516eaf3,11842,Tum,appendix.8.22,0,1,819,0,,
b413307f-d5c0-42a0-b40e-9f9b4516eaf3,11843,quidam,appendix.8.22,0,1,819,1,,
b413307f-d5c0-42a0-b40e-9f9b4516eaf3,11844,senior,appendix.8.22,0,1,819,2,,
b413307f-d5c0-42a0-b40e-9f9b4516eaf3,11845,ex,appendix.8.22,0,1,819,3,,
b413307f-d5c0-42a0-b40e-9f9b4516eaf3,11846,amicis,appendix.8.22,0,1,819,4,,
b413307f-d5c0-42a0-b40e-9f9b4516eaf3,11847,principis,appendix.8.22,0,1,819,5,,
b413307f-d5c0-42a0-b40e-9f9b4516eaf3,11848,:,appendix.8.22,,4,819,,,
b413307f-d5c0-42a0-b40e-9f9b4516eaf3,11849,Hunc,appendix.8.23,0,1,819,6,,
b413307f-d5c0-42a0-b40e-9f9b4516eaf3,11850,ego,appendix.8.23,0,1,819,7,,
b413307f-d5c0-42a0-b40e-9f9b4516eaf3,11851,committi,appendix.8.23,0,1,819,8,,
b413307f-d5c0-42a0-b40e-9f9b4516eaf3,11852,satius,appendix.8.23,0,1,819,9,,
b413307f-d5c0-42a0-b40e-9f9b4516eaf3,11853,fortunae,appendix.8.23,0,1,819,10,,
b413307f-d5c0-42a0-b40e-9f9b4516eaf3,11854,arbitror,appendix.8.23,0,1,819,11,,
b413307f-d5c0-42a0-b40e-9f9b4516eaf3,11855,",",appendix.8.23,,4,819,,,
b413307f-d5c0-42a0-b40e-9f9b4516eaf3,11856,In,appendix.8.24,0,1,819,12,,
b413307f-d5c0-42a0-b40e-9f9b4516eaf3,11857,quo,appendix.8.24,0,1,819,13,,
b413307f-d5c0-42a0-b40e-9f9b4516eaf3,11858,iactura,appendix.8.24,0,1,819,14,,
b413307f-d5c0-42a0-b40e-9f9b4516eaf3,11859,levis,appendix.8.24,0,1,819,15,,
b413307f-d5c0-42a0-b40e-9f9b4516eaf3,11860,est,appendix.8.24,0,1,819,16,,
b413307f-d5c0-42a0-b40e-9f9b4516eaf3,11861,",",appendix.8.24,,4,819,,,
b413307f-d5c0-42a0-b40e-9f9b4516eaf3,11862,quam,appendix.8.24,0,1,819,17,,
b413307f-d5c0-42a0-b40e-9f9b4516eaf3,11863,fortem,appendix.8.24,0,1,819,18,,
b413307f-d5c0-42a0-b40e-9f9b4516eaf3,11864,virum,appendix.8.24,0,1,819,19,,
b413307f-d5c0-42a0-b40e-9f9b4516eaf3,11865,",",appendix.8.24,,4,819,,,
b413307f-d5c0-42a0-b40e-9f9b4516eaf3,11866,Qui,appendix.8.25,0,1,819,20,,
b413307f-d5c0-42a0-b40e-9f9b4516eaf3,11867,casu,appendix.8.25,0,1,819,21,,
b413307f-d5c0-42a0-b40e-9f9b4516eaf3,11868,victus,appendix.8.25,0,1,819,22,,
b413307f-d5c0-42a0-b40e-9f9b4516eaf3,11869,temeritatis,appendix.8.25,0,1,819,23,,
b413307f-d5c0-42a0-b40e-9f9b4516eaf3,11870,te,appendix.8.25,0,1,819,24,,
b413307f-d5c0-42a0-b40e-9f9b4516eaf3,11871,arguat,appendix.8.25,0,1,819,25,,
b413307f-d5c0-42a0-b40e-9f9b4516eaf3,11872,.,appendix.8.25,,4,819,,,
b413307f-d5c0-42a0-b40e-9f9b4516eaf3,11873,Assensit,appendix.8.26,0,1,820,0,,
b413307f-d5c0-42a0-b40e-9f9b4516eaf3,11874,Magnus,appendix.8.26,2,1,820,1,,
b413307f-d5c0-42a0-b40e-9f9b4516eaf3,11875,et,appendix.8.26,0,1,820,2,,
b413307f-d5c0-42a0-b40e-9f9b4516eaf3,11876,permisit,appendix.8.26,0,1,820,3,,
b413307f-d5c0-42a0-b40e-9f9b4516eaf3,11877,militi,appendix.8.26,0,1,820,4,,
b413307f-d5c0-42a0-b40e-9f9b4516eaf3,11878,Prodire,appendix.8.27,0,1,820,5,,
b413307f-d5c0-42a0-b40e-9f9b4516eaf3,11879,contra,appendix.8.27,0,1,820,6,,
b413307f-d5c0-42a0-b40e-9f9b4516eaf3,11880,;,appendix.8.27,,4,820,,,
b413307f-d5c0-42a0-b40e-9f9b4516eaf3,11881,qui,appendix.8.27,0,1,820,7,,
b413307f-d5c0-42a0-b40e-9f9b4516eaf3,11882,mirante,appendix.8.27,0,1,820,8,,
b413307f-d5c0-42a0-b40e-9f9b4516eaf3,11883,exercitu,appendix.8.27,0,1,820,9,,
b413307f-d5c0-42a0-b40e-9f9b4516eaf3,11884,",",appendix.8.27,,4,820,,,
b413307f-d5c0-42a0-b40e-9f9b4516eaf3,11885,Dicto,appendix.8.28,0,1,820,10,,
b413307f-d5c0-42a0-b40e-9f9b4516eaf3,11886,celerius,appendix.8.28,0,1,820,11,,
b413307f-d5c0-42a0-b40e-9f9b4516eaf3,11887,hostis,appendix.8.28,0,1,820,12,,
b413307f-d5c0-42a0-b40e-9f9b4516eaf3,11888,abscidit,appendix.8.28,0,1,820,13,,
b413307f-d5c0-42a0-b40e-9f9b4516eaf3,11889,caput,appendix.8.28,0,1,820,14,,
b413307f-d5c0-42a0-b40e-9f9b4516eaf3,11890,Victorque,appendix.8.29,2,1,820,15,que,
b413307f-d5c0-42a0-b40e-9f9b4516eaf3,11891,rediit,appendix.8.29,0,1,820,16,,
b413307f-d5c0-42a0-b40e-9f9b4516eaf3,11892,.,appendix.8.29,,4,820,,,
b413307f-d5c0-42a0-b40e-9f9b4516eaf3,11893,His,appendix.8.29,0,1,821,0,,
b413307f-d5c0-42a0-b40e-9f9b4516eaf3,11894,tunc,appendix.8.29,0,1,821,1,,
b413307f-d5c0-42a0-b40e-9f9b4516eaf3,11895,Pompeius,appendix.8.29,1,1,821,2,,
b413307f-d5c0-42a0-b40e-9f9b4516eaf3,11896,super,appendix.8.29,0,1,821,3,,
b413307f-d5c0-42a0-b40e-9f9b4516eaf3,11897,:,appendix.8.29,,4,821,,,
b413307f-d5c0-42a0-b40e-9f9b4516eaf3,11898,Corona,appendix.8.30,2,1,821,4,,
b413307f-d5c0-42a0-b40e-9f9b4516eaf3,11899,",",appendix.8.30,,4,821,,,
b413307f-d5c0-42a0-b40e-9f9b4516eaf3,11900,miles,appendix.8.30,0,1,821,5,,
b413307f-d5c0-42a0-b40e-9f9b4516eaf3,11901,",",appendix.8.30,,4,821,,,
b413307f-d5c0-42a0-b40e-9f9b4516eaf3,11902,equidem,appendix.8.30,0,1,821,6,,
b413307f-d5c0-42a0-b40e-9f9b4516eaf3,11903,te,appendix.8.30,0,1,821,7,,
b413307f-d5c0-42a0-b40e-9f9b4516eaf3,11904,dono,appendix.8.30,0,1,821,8,,
b413307f-d5c0-42a0-b40e-9f9b4516eaf3,11905,libens,appendix.8.30,0,1,821,9,,
b413307f-d5c0-42a0-b40e-9f9b4516eaf3,11906,",",appendix.8.30,,4,821,,,
b413307f-d5c0-42a0-b40e-9f9b4516eaf3,11907,Quia,appendix.8.31,0,1,821,10,,
b413307f-d5c0-42a0-b40e-9f9b4516eaf3,11908,vindicasti,appendix.8.31,0,1,821,11,,
b413307f-d5c0-42a0-b40e-9f9b4516eaf3,11909,laudem,appendix.8.31,0,1,821,12,,
b413307f-d5c0-42a0-b40e-9f9b4516eaf3,11910,Romani,appendix.8.31,1,1,821,13,,
b413307f-d5c0-42a0-b40e-9f9b4516eaf3,11911,imperi,appendix.8.31,0,1,821,14,,
b413307f-d5c0-42a0-b40e-9f9b4516eaf3,11912,;,appendix.8.31,,4,821,,,
b413307f-d5c0-42a0-b40e-9f9b4516eaf3,11913,Sed,appendix.8.32,0,1,821,15,,
b413307f-d5c0-42a0-b40e-9f9b4516eaf3,11914,exstillescant,appendix.8.32,,1,821,16,,
b413307f-d5c0-42a0-b40e-9f9b4516eaf3,11915,oculi,appendix.8.32,0,1,821,17,,
b413307f-d5c0-42a0-b40e-9f9b4516eaf3,11916,sic,appendix.8.32,0,1,821,18,,
b413307f-d5c0-42a0-b40e-9f9b4516eaf3,11917,inquit,appendix.8.32,0,1,821,19,,
b413307f-d5c0-42a0-b40e-9f9b4516eaf3,11918,mei,appendix.8.32,0,1,821,20,,
b413307f-d5c0-42a0-b40e-9f9b4516eaf3,11919,",",appendix.8.32,,4,821,,,
b413307f-d5c0-42a0-b40e-9f9b4516eaf3,11920,Turpe,appendix.8.33,0,1,821,21,,
b413307f-d5c0-42a0-b40e-9f9b4516eaf3,11921,illud,appendix.8.33,0,1,821,22,,
b413307f-d5c0-42a0-b40e-9f9b4516eaf3,11922,imitans,appendix.8.33,0,1,821,23,,
b413307f-d5c0-42a0-b40e-9f9b4516eaf3,11923,ius,appendix.8.33,0,1,821,24,,
b413307f-d5c0-42a0-b40e-9f9b4516eaf3,11924,iurandum,appendix.8.33,0,1,821,25,,
b413307f-d5c0-42a0-b40e-9f9b4516eaf3,11925,militis,appendix.8.33,0,1,821,26,,
b413307f-d5c0-42a0-b40e-9f9b4516eaf3,11926,",",appendix.8.33,,4,821,,,
b413307f-d5c0-42a0-b40e-9f9b4516eaf3,11927,Nisi,appendix.8.34,2,1,821,27,,
b413307f-d5c0-42a0-b40e-9f9b4516eaf3,11928,tu,appendix.8.34,0,1,821,28,,
b413307f-d5c0-42a0-b40e-9f9b4516eaf3,11929,abstulisti,appendix.8.34,0,1,821,29,,
b413307f-d5c0-42a0-b40e-9f9b4516eaf3,11930,sarcinas,appendix.8.34,0,1,821,30,,
b413307f-d5c0-42a0-b40e-9f9b4516eaf3,11931,nuper,appendix.8.34,0,1,821,31,,
b413307f-d5c0-42a0-b40e-9f9b4516eaf3,11932,meas,appendix.8.34,0,1,821,32,,
b413307f-d5c0-42a0-b40e-9f9b4516eaf3,11933,.,appendix.8.34,,4,821,,,
b413307f-d5c0-42a0-b40e-9f9b4516eaf3,11934,Iuno,appendix.9,1,1,822,0,,
b413307f-d5c0-42a0-b40e-9f9b4516eaf3,11935,",",appendix.9,,4,822,,,
b413307f-d5c0-42a0-b40e-9f9b4516eaf3,11936,Venus,appendix.9,1,1,822,1,,
b413307f-d5c0-42a0-b40e-9f9b4516eaf3,11937,et,appendix.9,0,1,822,2,,
b413307f-d5c0-42a0-b40e-9f9b4516eaf3,11938,gallina,appendix.9,0,1,822,3,,
b413307f-d5c0-42a0-b40e-9f9b4516eaf3,11939,.,appendix.9,,4,822,,,
b413307f-d5c0-42a0-b40e-9f9b4516eaf3,11940,Cum,appendix.9.1,2,1,823,0,,
b413307f-d5c0-42a0-b40e-9f9b4516eaf3,11941,castitatem,appendix.9.1,0,1,823,1,,
b413307f-d5c0-42a0-b40e-9f9b4516eaf3,11942,Iuno,appendix.9.1,1,1,823,2,,
b413307f-d5c0-42a0-b40e-9f9b4516eaf3,11943,laudaret,appendix.9.1,0,1,823,3,,
b413307f-d5c0-42a0-b40e-9f9b4516eaf3,11944,suam,appendix.9.1,0,1,823,4,,
b413307f-d5c0-42a0-b40e-9f9b4516eaf3,11945,",",appendix.9.1,,4,823,,,
b413307f-d5c0-42a0-b40e-9f9b4516eaf3,11946,Iucunditatis,appendix.9.2,0,1,823,5,,
b413307f-d5c0-42a0-b40e-9f9b4516eaf3,11947,causam,appendix.9.2,0,1,823,6,,
b413307f-d5c0-42a0-b40e-9f9b4516eaf3,11948,haud,appendix.9.2,0,1,823,7,,
b413307f-d5c0-42a0-b40e-9f9b4516eaf3,11949,depellit,appendix.9.2,0,1,823,8,,
b413307f-d5c0-42a0-b40e-9f9b4516eaf3,11950,Venus,appendix.9.2,1,1,823,9,,
b413307f-d5c0-42a0-b40e-9f9b4516eaf3,11951,",",appendix.9.2,,4,823,,,
b413307f-d5c0-42a0-b40e-9f9b4516eaf3,11952,Nullamque,appendix.9.3,0,1,823,10,,
b413307f-d5c0-42a0-b40e-9f9b4516eaf3,11953,ut,appendix.9.3,0,1,823,11,,
b413307f-d5c0-42a0-b40e-9f9b4516eaf3,11954,affirmaret,appendix.9.3,0,1,823,12,,
b413307f-d5c0-42a0-b40e-9f9b4516eaf3,11955,esse,appendix.9.3,0,1,823,13,,
b413307f-d5c0-42a0-b40e-9f9b4516eaf3,11956,illi,appendix.9.3,0,1,823,14,,
b413307f-d5c0-42a0-b40e-9f9b4516eaf3,11957,parem,appendix.9.3,0,1,823,15,,
b413307f-d5c0-42a0-b40e-9f9b4516eaf3,11958,",",appendix.9.3,,4,823,,,
b413307f-d5c0-42a0-b40e-9f9b4516eaf3,11959,Interrogasse,appendix.9.4,0,1,823,16,,
b413307f-d5c0-42a0-b40e-9f9b4516eaf3,11960,sic,appendix.9.4,0,1,823,17,,
b413307f-d5c0-42a0-b40e-9f9b4516eaf3,11961,gallinam,appendix.9.4,0,1,823,18,,
b413307f-d5c0-42a0-b40e-9f9b4516eaf3,11962,dicitur,appendix.9.4,0,1,823,19,,
b413307f-d5c0-42a0-b40e-9f9b4516eaf3,11963,:,appendix.9.4,,4,823,,,
b413307f-d5c0-42a0-b40e-9f9b4516eaf3,11964,Dic,appendix.9.5,0,1,823,20,,
b413307f-d5c0-42a0-b40e-9f9b4516eaf3,11965,sodes,appendix.9.5,0,1,823,21,,
b413307f-d5c0-42a0-b40e-9f9b4516eaf3,11966,quanto,appendix.9.5,0,1,823,22,,
b413307f-d5c0-42a0-b40e-9f9b4516eaf3,11967,possis,appendix.9.5,0,1,823,23,,
b413307f-d5c0-42a0-b40e-9f9b4516eaf3,11968,satiari,appendix.9.5,0,1,823,24,,
b413307f-d5c0-42a0-b40e-9f9b4516eaf3,11969,cibo,appendix.9.5,0,1,823,25,,
b413307f-d5c0-42a0-b40e-9f9b4516eaf3,11970,.,appendix.9.5,,4,823,,,
b413307f-d5c0-42a0-b40e-9f9b4516eaf3,11971,Respondit,appendix.9.6,0,1,824,0,,
b413307f-d5c0-42a0-b40e-9f9b4516eaf3,11972,illa,appendix.9.6,0,1,824,1,,
b413307f-d5c0-42a0-b40e-9f9b4516eaf3,11973,:,appendix.9.6,,4,824,,,
b413307f-d5c0-42a0-b40e-9f9b4516eaf3,11974,Quicquid,appendix.9.6,0,1,824,2,,
b413307f-d5c0-42a0-b40e-9f9b4516eaf3,11975,dederis,appendix.9.6,0,1,824,3,,
b413307f-d5c0-42a0-b40e-9f9b4516eaf3,11976,",",appendix.9.6,,4,824,,,
b413307f-d5c0-42a0-b40e-9f9b4516eaf3,11977,satis,appendix.9.6,0,1,824,4,,
b413307f-d5c0-42a0-b40e-9f9b4516eaf3,11978,erit,appendix.9.6,0,1,824,5,,
b413307f-d5c0-42a0-b40e-9f9b4516eaf3,11979,",",appendix.9.6,,4,824,,,
b413307f-d5c0-42a0-b40e-9f9b4516eaf3,11980,Sic,appendix.9.7,0,1,824,6,,
b413307f-d5c0-42a0-b40e-9f9b4516eaf3,11981,ut,appendix.9.7,0,1,824,7,,
b413307f-d5c0-42a0-b40e-9f9b4516eaf3,11982,concedas,appendix.9.7,0,1,824,8,,
b413307f-d5c0-42a0-b40e-9f9b4516eaf3,11983,pedibus,appendix.9.7,0,1,824,9,,
b413307f-d5c0-42a0-b40e-9f9b4516eaf3,11984,aliquid,appendix.9.7,0,1,824,10,,
b413307f-d5c0-42a0-b40e-9f9b4516eaf3,11985,scalpere,appendix.9.7,0,1,824,11,,
b413307f-d5c0-42a0-b40e-9f9b4516eaf3,11986,.,appendix.9.7,,4,824,,,
b413307f-d5c0-42a0-b40e-9f9b4516eaf3,11987,Ne,appendix.9.8,0,1,825,0,,
b413307f-d5c0-42a0-b40e-9f9b4516eaf3,11988,scalpas,appendix.9.8,0,1,825,1,,
b413307f-d5c0-42a0-b40e-9f9b4516eaf3,11989,inquit,appendix.9.8,0,1,825,2,,
b413307f-d5c0-42a0-b40e-9f9b4516eaf3,11990,satis,appendix.9.8,0,1,825,3,,
b413307f-d5c0-42a0-b40e-9f9b4516eaf3,11991,est,appendix.9.8,0,1,825,4,,
b413307f-d5c0-42a0-b40e-9f9b4516eaf3,11992,modius,appendix.9.8,0,1,825,5,,
b413307f-d5c0-42a0-b40e-9f9b4516eaf3,11993,tritici,appendix.9.8,0,1,825,6,,
b413307f-d5c0-42a0-b40e-9f9b4516eaf3,11994,?,appendix.9.8,,4,825,,,
b413307f-d5c0-42a0-b40e-9f9b4516eaf3,11995,Plane,appendix.9.9,0,1,826,0,,
b413307f-d5c0-42a0-b40e-9f9b4516eaf3,11996,",",appendix.9.9,,4,826,,,
b413307f-d5c0-42a0-b40e-9f9b4516eaf3,11997,immo,appendix.9.9,0,1,826,1,,
b413307f-d5c0-42a0-b40e-9f9b4516eaf3,11998,nimium,appendix.9.9,0,1,826,2,,
b413307f-d5c0-42a0-b40e-9f9b4516eaf3,11999,est,appendix.9.9,0,1,826,3,,
b413307f-d5c0-42a0-b40e-9f9b4516eaf3,12000,",",appendix.9.9,,4,826,,,
b413307f-d5c0-42a0-b40e-9f9b4516eaf3,12001,sed,appendix.9.9,0,1,826,4,,
b413307f-d5c0-42a0-b40e-9f9b4516eaf3,12002,permittes,appendix.9.9,0,1,826,5,,
b413307f-d5c0-42a0-b40e-9f9b4516eaf3,12003,scalpere,appendix.9.9,0,1,826,6,,
b413307f-d5c0-42a0-b40e-9f9b4516eaf3,12004,?,appendix.9.9,,4,826,,,
b413307f-d5c0-42a0-b40e-9f9b4516eaf3,12005,Ex,appendix.9.10,0,1,827,0,,
b413307f-d5c0-42a0-b40e-9f9b4516eaf3,12006,toto,appendix.9.10,0,1,827,1,,
b413307f-d5c0-42a0-b40e-9f9b4516eaf3,12007,",",appendix.9.10,,4,827,,,
b413307f-d5c0-42a0-b40e-9f9b4516eaf3,12008,ne,appendix.9.10,0,1,827,2,,
b413307f-d5c0-42a0-b40e-9f9b4516eaf3,12009,quid,appendix.9.10,0,1,827,3,,
b413307f-d5c0-42a0-b40e-9f9b4516eaf3,12010,scalpas,appendix.9.10,0,1,827,4,,
b413307f-d5c0-42a0-b40e-9f9b4516eaf3,12011,",",appendix.9.10,,4,827,,,
b413307f-d5c0-42a0-b40e-9f9b4516eaf3,12012,quid,appendix.9.10,0,1,827,5,,
b413307f-d5c0-42a0-b40e-9f9b4516eaf3,12013,desideras,appendix.9.10,0,1,827,6,,
b413307f-d5c0-42a0-b40e-9f9b4516eaf3,12014,?,appendix.9.10,,4,827,,,
b413307f-d5c0-42a0-b40e-9f9b4516eaf3,12015,Tum,appendix.9.11,0,1,828,0,,
b413307f-d5c0-42a0-b40e-9f9b4516eaf3,12016,denique,appendix.9.11,0,1,828,1,,
b413307f-d5c0-42a0-b40e-9f9b4516eaf3,12017,illa,appendix.9.11,0,1,828,2,,
b413307f-d5c0-42a0-b40e-9f9b4516eaf3,12018,fassa,appendix.9.11,0,1,828,3,,
b413307f-d5c0-42a0-b40e-9f9b4516eaf3,12019,est,appendix.9.11,0,1,828,4,,
b413307f-d5c0-42a0-b40e-9f9b4516eaf3,12020,naturae,appendix.9.11,0,1,828,5,,
b413307f-d5c0-42a0-b40e-9f9b4516eaf3,12021,malum,appendix.9.11,0,1,828,6,,
b413307f-d5c0-42a0-b40e-9f9b4516eaf3,12022,:,appendix.9.11,,4,828,,,
b413307f-d5c0-42a0-b40e-9f9b4516eaf3,12023,Licet,appendix.9.12,0,1,828,7,,
b413307f-d5c0-42a0-b40e-9f9b4516eaf3,12024,horreum,appendix.9.12,0,1,828,8,,
b413307f-d5c0-42a0-b40e-9f9b4516eaf3,12025,mi,appendix.9.12,0,1,828,9,,
b413307f-d5c0-42a0-b40e-9f9b4516eaf3,12026,pateat,appendix.9.12,0,1,828,10,,
b413307f-d5c0-42a0-b40e-9f9b4516eaf3,12027,",",appendix.9.12,,4,828,,,
b413307f-d5c0-42a0-b40e-9f9b4516eaf3,12028,ego,appendix.9.12,0,1,828,11,,
b413307f-d5c0-42a0-b40e-9f9b4516eaf3,12029,scalpam,appendix.9.12,0,1,828,12,,
b413307f-d5c0-42a0-b40e-9f9b4516eaf3,12030,tamen,appendix.9.12,0,1,828,13,,
b413307f-d5c0-42a0-b40e-9f9b4516eaf3,12031,.,appendix.9.12,,4,828,,,
b413307f-d5c0-42a0-b40e-9f9b4516eaf3,12032,Risisse,appendix.9.13,0,1,829,0,,
b413307f-d5c0-42a0-b40e-9f9b4516eaf3,12033,Iuno,appendix.9.13,1,1,829,1,,
b413307f-d5c0-42a0-b40e-9f9b4516eaf3,12034,dicitur,appendix.9.13,0,1,829,2,,
b413307f-d5c0-42a0-b40e-9f9b4516eaf3,12035,Veneris,appendix.9.13,1,1,829,3,,
b413307f-d5c0-42a0-b40e-9f9b4516eaf3,12036,iocos,appendix.9.13,0,1,829,4,,
b413307f-d5c0-42a0-b40e-9f9b4516eaf3,12037,",",appendix.9.13,,4,829,,,
b413307f-d5c0-42a0-b40e-9f9b4516eaf3,12038,Quia,appendix.9.14,0,1,829,5,,
b413307f-d5c0-42a0-b40e-9f9b4516eaf3,12039,per,appendix.9.14,0,1,829,6,,
b413307f-d5c0-42a0-b40e-9f9b4516eaf3,12040,gallinam,appendix.9.14,0,1,829,7,,
b413307f-d5c0-42a0-b40e-9f9b4516eaf3,12041,denotarit,appendix.9.14,0,1,829,8,,
b413307f-d5c0-42a0-b40e-9f9b4516eaf3,12042,feminas,appendix.9.14,0,1,829,9,,
b413307f-d5c0-42a0-b40e-9f9b4516eaf3,12043,.,appendix.9.14,,4,829,,,
b413307f-d5c0-42a0-b40e-9f9b4516eaf3,12044,Paterfamilias,appendix.10,0,1,830,0,,
b413307f-d5c0-42a0-b40e-9f9b4516eaf3,12045,et,appendix.10,0,1,830,1,,
b413307f-d5c0-42a0-b40e-9f9b4516eaf3,12046,Aesopus,appendix.10,1,1,830,2,,
b413307f-d5c0-42a0-b40e-9f9b4516eaf3,12047,:,appendix.10,,4,830,,,
b413307f-d5c0-42a0-b40e-9f9b4516eaf3,12048,Quomodo,appendix.10,0,1,830,3,,
b413307f-d5c0-42a0-b40e-9f9b4516eaf3,12049,domanda,appendix.10,0,1,830,4,,
b413307f-d5c0-42a0-b40e-9f9b4516eaf3,12050,sit,appendix.10,0,1,830,5,,
b413307f-d5c0-42a0-b40e-9f9b4516eaf3,12051,ferox,appendix.10,0,1,830,6,,
b413307f-d5c0-42a0-b40e-9f9b4516eaf3,12052,iuventus,appendix.10,0,1,830,7,,
b413307f-d5c0-42a0-b40e-9f9b4516eaf3,12053,.,appendix.10,,4,830,,,
b413307f-d5c0-42a0-b40e-9f9b4516eaf3,12054,Paterfamilias,appendix.10.1,0,1,831,0,,
b413307f-d5c0-42a0-b40e-9f9b4516eaf3,12055,saevum,appendix.10.1,0,1,831,1,,
b413307f-d5c0-42a0-b40e-9f9b4516eaf3,12056,habebat,appendix.10.1,0,1,831,2,,
b413307f-d5c0-42a0-b40e-9f9b4516eaf3,12057,filium,appendix.10.1,0,1,831,3,,
b413307f-d5c0-42a0-b40e-9f9b4516eaf3,12058,.,appendix.10.1,,4,831,,,
b413307f-d5c0-42a0-b40e-9f9b4516eaf3,12059,Hic,appendix.10.2,0,1,832,0,,
b413307f-d5c0-42a0-b40e-9f9b4516eaf3,12060,e,appendix.10.2,0,1,832,1,,
b413307f-d5c0-42a0-b40e-9f9b4516eaf3,12061,conspectu,appendix.10.2,0,1,832,2,,
b413307f-d5c0-42a0-b40e-9f9b4516eaf3,12062,cum,appendix.10.2,0,1,832,3,,
b413307f-d5c0-42a0-b40e-9f9b4516eaf3,12063,patris,appendix.10.2,0,1,832,4,,
b413307f-d5c0-42a0-b40e-9f9b4516eaf3,12064,recesserat,appendix.10.2,0,1,832,5,,
b413307f-d5c0-42a0-b40e-9f9b4516eaf3,12065,",",appendix.10.2,,4,832,,,
b413307f-d5c0-42a0-b40e-9f9b4516eaf3,12066,Verberibus,appendix.10.3,0,1,832,6,,
b413307f-d5c0-42a0-b40e-9f9b4516eaf3,12067,servos,appendix.10.3,0,1,832,7,,
b413307f-d5c0-42a0-b40e-9f9b4516eaf3,12068,afficiebat,appendix.10.3,0,1,832,8,,
b413307f-d5c0-42a0-b40e-9f9b4516eaf3,12069,plurimis,appendix.10.3,0,1,832,9,,
b413307f-d5c0-42a0-b40e-9f9b4516eaf3,12070,Et,appendix.10.4,0,1,832,10,,
b413307f-d5c0-42a0-b40e-9f9b4516eaf3,12071,exercebat,appendix.10.4,0,1,832,11,,
b413307f-d5c0-42a0-b40e-9f9b4516eaf3,12072,fervidam,appendix.10.4,0,1,832,12,,
b413307f-d5c0-42a0-b40e-9f9b4516eaf3,12073,adulescentiam,appendix.10.4,0,1,832,13,,
b413307f-d5c0-42a0-b40e-9f9b4516eaf3,12074,.,appendix.10.4,,4,832,,,
b413307f-d5c0-42a0-b40e-9f9b4516eaf3,12075,Aesopus,appendix.10.5,1,1,833,0,,
b413307f-d5c0-42a0-b40e-9f9b4516eaf3,12076,ergo,appendix.10.5,0,1,833,1,,
b413307f-d5c0-42a0-b40e-9f9b4516eaf3,12077,narrat,appendix.10.5,0,1,833,2,,
b413307f-d5c0-42a0-b40e-9f9b4516eaf3,12078,hoc,appendix.10.5,0,1,833,3,,
b413307f-d5c0-42a0-b40e-9f9b4516eaf3,12079,breviter,appendix.10.5,0,1,833,4,,
b413307f-d5c0-42a0-b40e-9f9b4516eaf3,12080,seni,appendix.10.5,0,1,833,5,,
b413307f-d5c0-42a0-b40e-9f9b4516eaf3,12081,:,appendix.10.5,,4,833,,,
b413307f-d5c0-42a0-b40e-9f9b4516eaf3,12082,Quidam,appendix.10.6,0,1,833,6,,
b413307f-d5c0-42a0-b40e-9f9b4516eaf3,12083,iuvenco,appendix.10.6,0,1,833,7,,
b413307f-d5c0-42a0-b40e-9f9b4516eaf3,12084,vetulum,appendix.10.6,0,1,833,8,,
b413307f-d5c0-42a0-b40e-9f9b4516eaf3,12085,adiungebat,appendix.10.6,0,1,833,9,,
b413307f-d5c0-42a0-b40e-9f9b4516eaf3,12086,bovem,appendix.10.6,0,1,833,10,,
b413307f-d5c0-42a0-b40e-9f9b4516eaf3,12087,.,appendix.10.6,,4,833,,,
b413307f-d5c0-42a0-b40e-9f9b4516eaf3,12088,Is,appendix.10.7,0,1,834,0,,
b413307f-d5c0-42a0-b40e-9f9b4516eaf3,12089,cum,appendix.10.7,0,1,834,1,,
b413307f-d5c0-42a0-b40e-9f9b4516eaf3,12090,refugiens,appendix.10.7,0,1,834,2,,
b413307f-d5c0-42a0-b40e-9f9b4516eaf3,12091,impari,appendix.10.7,0,1,834,3,,
b413307f-d5c0-42a0-b40e-9f9b4516eaf3,12092,collo,appendix.10.7,0,1,834,4,,
b413307f-d5c0-42a0-b40e-9f9b4516eaf3,12093,iugum,appendix.10.7,0,1,834,5,,
b413307f-d5c0-42a0-b40e-9f9b4516eaf3,12094,Aetatis,appendix.10.8,0,1,834,6,,
b413307f-d5c0-42a0-b40e-9f9b4516eaf3,12095,excusaret,appendix.10.8,0,1,834,7,,
b413307f-d5c0-42a0-b40e-9f9b4516eaf3,12096,vires,appendix.10.8,0,1,834,8,,
b413307f-d5c0-42a0-b40e-9f9b4516eaf3,12097,languidas,appendix.10.8,0,1,834,9,,
b413307f-d5c0-42a0-b40e-9f9b4516eaf3,12098,:,appendix.10.8,,4,834,,,
b413307f-d5c0-42a0-b40e-9f9b4516eaf3,12099,Non,appendix.10.9,0,1,834,10,,
b413307f-d5c0-42a0-b40e-9f9b4516eaf3,12100,est,appendix.10.9,0,1,834,11,,
b413307f-d5c0-42a0-b40e-9f9b4516eaf3,12101,quod,appendix.10.9,0,1,834,12,,
b413307f-d5c0-42a0-b40e-9f9b4516eaf3,12102,timeas,appendix.10.9,0,1,834,13,,
b413307f-d5c0-42a0-b40e-9f9b4516eaf3,12103,",",appendix.10.9,,4,834,,,
b413307f-d5c0-42a0-b40e-9f9b4516eaf3,12104,inquit,appendix.10.9,0,1,834,14,,
b413307f-d5c0-42a0-b40e-9f9b4516eaf3,12105,illi,appendix.10.9,0,1,834,15,,
b413307f-d5c0-42a0-b40e-9f9b4516eaf3,12106,rusticus,appendix.10.9,0,1,834,16,,
b413307f-d5c0-42a0-b40e-9f9b4516eaf3,12107,;,appendix.10.9,,4,834,,,
b413307f-d5c0-42a0-b40e-9f9b4516eaf3,12108,Non,appendix.10.10,0,1,834,17,,
b413307f-d5c0-42a0-b40e-9f9b4516eaf3,12109,ut,appendix.10.10,0,1,834,18,,
b413307f-d5c0-42a0-b40e-9f9b4516eaf3,12110,labores,appendix.10.10,0,1,834,19,,
b413307f-d5c0-42a0-b40e-9f9b4516eaf3,12111,dico,appendix.10.10,0,1,834,20,,
b413307f-d5c0-42a0-b40e-9f9b4516eaf3,12112,",",appendix.10.10,,4,834,,,
b413307f-d5c0-42a0-b40e-9f9b4516eaf3,12113,sed,appendix.10.10,0,1,834,21,,
b413307f-d5c0-42a0-b40e-9f9b4516eaf3,12114,ut,appendix.10.10,0,1,834,22,,
b413307f-d5c0-42a0-b40e-9f9b4516eaf3,12115,istum,appendix.10.10,0,1,834,23,,
b413307f-d5c0-42a0-b40e-9f9b4516eaf3,12116,domes,appendix.10.10,0,1,834,24,,
b413307f-d5c0-42a0-b40e-9f9b4516eaf3,12117,",",appendix.10.10,,4,834,,,
b413307f-d5c0-42a0-b40e-9f9b4516eaf3,12118,Qui,appendix.10.11,0,1,834,25,,
b413307f-d5c0-42a0-b40e-9f9b4516eaf3,12119,calce,appendix.10.11,0,1,834,26,,
b413307f-d5c0-42a0-b40e-9f9b4516eaf3,12120,et,appendix.10.11,0,1,834,27,,
b413307f-d5c0-42a0-b40e-9f9b4516eaf3,12121,cornu,appendix.10.11,0,1,834,28,,
b413307f-d5c0-42a0-b40e-9f9b4516eaf3,12122,multos,appendix.10.11,0,1,834,29,,
b413307f-d5c0-42a0-b40e-9f9b4516eaf3,12123,reddit,appendix.10.11,0,1,834,30,,
b413307f-d5c0-42a0-b40e-9f9b4516eaf3,12124,debiles,appendix.10.11,0,1,834,31,,
b413307f-d5c0-42a0-b40e-9f9b4516eaf3,12125,.,appendix.10.11,,4,834,,,
b413307f-d5c0-42a0-b40e-9f9b4516eaf3,12126,Et,appendix.10.12,0,1,835,0,,
b413307f-d5c0-42a0-b40e-9f9b4516eaf3,12127,tu,appendix.10.12,0,1,835,1,,
b413307f-d5c0-42a0-b40e-9f9b4516eaf3,12128,nisi,appendix.10.12,0,1,835,2,,
b413307f-d5c0-42a0-b40e-9f9b4516eaf3,12129,istum,appendix.10.12,0,1,835,3,,
b413307f-d5c0-42a0-b40e-9f9b4516eaf3,12130,tecum,appendix.10.12,0,1,835,4,,
b413307f-d5c0-42a0-b40e-9f9b4516eaf3,12131,assidue,appendix.10.12,0,1,835,5,,
b413307f-d5c0-42a0-b40e-9f9b4516eaf3,12132,detines,appendix.10.12,0,1,835,6,,
b413307f-d5c0-42a0-b40e-9f9b4516eaf3,12133,Feroxque,appendix.10.13,0,1,835,7,,
b413307f-d5c0-42a0-b40e-9f9b4516eaf3,12134,ingenium,appendix.10.13,0,1,835,8,,
b413307f-d5c0-42a0-b40e-9f9b4516eaf3,12135,comprimis,appendix.10.13,0,1,835,9,,
b413307f-d5c0-42a0-b40e-9f9b4516eaf3,12136,clementia,appendix.10.13,0,1,835,10,,
b413307f-d5c0-42a0-b40e-9f9b4516eaf3,12137,",",appendix.10.13,,4,835,,,
b413307f-d5c0-42a0-b40e-9f9b4516eaf3,12138,Vide,appendix.10.14,0,1,835,11,,
b413307f-d5c0-42a0-b40e-9f9b4516eaf3,12139,ne,appendix.10.14,0,1,835,12,,
b413307f-d5c0-42a0-b40e-9f9b4516eaf3,12140,querela,appendix.10.14,0,1,835,13,,
b413307f-d5c0-42a0-b40e-9f9b4516eaf3,12141,maior,appendix.10.14,0,1,835,14,,
b413307f-d5c0-42a0-b40e-9f9b4516eaf3,12142,accrescat,appendix.10.14,0,1,835,15,,
b413307f-d5c0-42a0-b40e-9f9b4516eaf3,12143,domus,appendix.10.14,0,1,835,16,,
b413307f-d5c0-42a0-b40e-9f9b4516eaf3,12144,.,appendix.10.14,,4,835,,,
b413307f-d5c0-42a0-b40e-9f9b4516eaf3,12145,Atrocitati,appendix.10.15,0,1,836,0,,
b413307f-d5c0-42a0-b40e-9f9b4516eaf3,12146,mansuetudo,appendix.10.15,0,1,836,1,,
b413307f-d5c0-42a0-b40e-9f9b4516eaf3,12147,est,appendix.10.15,0,1,836,2,,
b413307f-d5c0-42a0-b40e-9f9b4516eaf3,12148,remedium,appendix.10.15,0,1,836,3,,
b413307f-d5c0-42a0-b40e-9f9b4516eaf3,12149,.,appendix.10.15,,4,836,,,
b413307f-d5c0-42a0-b40e-9f9b4516eaf3,12150,Aesopus,appendix.11,1,1,837,0,,
b413307f-d5c0-42a0-b40e-9f9b4516eaf3,12151,et,appendix.11,0,1,837,1,,
b413307f-d5c0-42a0-b40e-9f9b4516eaf3,12152,victor,appendix.11,0,1,837,2,,
b413307f-d5c0-42a0-b40e-9f9b4516eaf3,12153,gymnicus,appendix.11,0,1,837,3,,
b413307f-d5c0-42a0-b40e-9f9b4516eaf3,12154,:,appendix.11,,4,837,,,
b413307f-d5c0-42a0-b40e-9f9b4516eaf3,12155,Quomodo,appendix.11,0,1,837,4,,
b413307f-d5c0-42a0-b40e-9f9b4516eaf3,12156,conprimatur,appendix.11,0,1,837,5,,
b413307f-d5c0-42a0-b40e-9f9b4516eaf3,12157,aliquando,appendix.11,0,1,837,6,,
b413307f-d5c0-42a0-b40e-9f9b4516eaf3,12158,iactantia,appendix.11,0,1,837,7,,
b413307f-d5c0-42a0-b40e-9f9b4516eaf3,12159,.,appendix.11,,4,837,,,
b413307f-d5c0-42a0-b40e-9f9b4516eaf3,12160,Victorem,appendix.11.1,2,1,838,0,,
b413307f-d5c0-42a0-b40e-9f9b4516eaf3,12161,forte,appendix.11.1,0,1,838,1,,
b413307f-d5c0-42a0-b40e-9f9b4516eaf3,12162,gymnici,appendix.11.1,0,1,838,2,,
b413307f-d5c0-42a0-b40e-9f9b4516eaf3,12163,certaminis,appendix.11.1,0,1,838,3,,
b413307f-d5c0-42a0-b40e-9f9b4516eaf3,12164,Iactantiorem,appendix.11.2,0,1,838,4,,
b413307f-d5c0-42a0-b40e-9f9b4516eaf3,12165,cum,appendix.11.2,0,1,838,5,,
b413307f-d5c0-42a0-b40e-9f9b4516eaf3,12166,vidisset,appendix.11.2,0,1,838,6,,
b413307f-d5c0-42a0-b40e-9f9b4516eaf3,12167,Phryx,appendix.11.2,1,1,838,7,,
b413307f-d5c0-42a0-b40e-9f9b4516eaf3,12168,sophus,appendix.11.2,0,1,838,8,,
b413307f-d5c0-42a0-b40e-9f9b4516eaf3,12169,",",appendix.11.2,,4,838,,,
b413307f-d5c0-42a0-b40e-9f9b4516eaf3,12170,Interrogavit,appendix.11.3,0,1,838,9,,
b413307f-d5c0-42a0-b40e-9f9b4516eaf3,12171,an,appendix.11.3,0,1,838,10,,
b413307f-d5c0-42a0-b40e-9f9b4516eaf3,12172,plus,appendix.11.3,0,1,838,11,,
b413307f-d5c0-42a0-b40e-9f9b4516eaf3,12173,adversarius,appendix.11.3,0,1,838,12,,
b413307f-d5c0-42a0-b40e-9f9b4516eaf3,12174,Valuisset,appendix.11.4,0,1,838,13,,
b413307f-d5c0-42a0-b40e-9f9b4516eaf3,12175,eius,appendix.11.4,0,1,838,14,,
b413307f-d5c0-42a0-b40e-9f9b4516eaf3,12176,.,appendix.11.4,,4,838,,,
b413307f-d5c0-42a0-b40e-9f9b4516eaf3,12177,Ille,appendix.11.4,0,1,839,0,,
b413307f-d5c0-42a0-b40e-9f9b4516eaf3,12178,:,appendix.11.4,,4,839,,,
b413307f-d5c0-42a0-b40e-9f9b4516eaf3,12179,Ne,appendix.11.4,0,1,839,1,,
b413307f-d5c0-42a0-b40e-9f9b4516eaf3,12180,istud,appendix.11.4,0,1,839,2,,
b413307f-d5c0-42a0-b40e-9f9b4516eaf3,12181,dixeris,appendix.11.4,0,1,839,3,,
b413307f-d5c0-42a0-b40e-9f9b4516eaf3,12182,;,appendix.11.4,,4,839,,,
b413307f-d5c0-42a0-b40e-9f9b4516eaf3,12183,Multo,appendix.11.5,0,1,839,4,,
b413307f-d5c0-42a0-b40e-9f9b4516eaf3,12184,fuere,appendix.11.5,0,1,839,5,,
b413307f-d5c0-42a0-b40e-9f9b4516eaf3,12185,vires,appendix.11.5,0,1,839,6,,
b413307f-d5c0-42a0-b40e-9f9b4516eaf3,12186,maiores,appendix.11.5,0,1,839,7,,
b413307f-d5c0-42a0-b40e-9f9b4516eaf3,12187,meae,appendix.11.5,0,1,839,8,,
b413307f-d5c0-42a0-b40e-9f9b4516eaf3,12188,.,appendix.11.5,,4,839,,,
b413307f-d5c0-42a0-b40e-9f9b4516eaf3,12189,Quod,appendix.11.6,0,1,840,0,,
b413307f-d5c0-42a0-b40e-9f9b4516eaf3,12190,inquit,appendix.11.6,0,1,840,1,,
b413307f-d5c0-42a0-b40e-9f9b4516eaf3,12191,ergo,appendix.11.6,0,1,840,2,,
b413307f-d5c0-42a0-b40e-9f9b4516eaf3,12192,",",appendix.11.6,,4,840,,,
b413307f-d5c0-42a0-b40e-9f9b4516eaf3,12193,stulte,appendix.11.6,0,1,840,3,,
b413307f-d5c0-42a0-b40e-9f9b4516eaf3,12194,",",appendix.11.6,,4,840,,,
b413307f-d5c0-42a0-b40e-9f9b4516eaf3,12195,meruisti,appendix.11.6,0,1,840,4,,
b413307f-d5c0-42a0-b40e-9f9b4516eaf3,12196,decus,appendix.11.6,0,1,840,5,,
b413307f-d5c0-42a0-b40e-9f9b4516eaf3,12197,",",appendix.11.6,,4,840,,,
b413307f-d5c0-42a0-b40e-9f9b4516eaf3,12198,Minus,appendix.11.7,0,1,840,6,,
b413307f-d5c0-42a0-b40e-9f9b4516eaf3,12199,valentem,appendix.11.7,0,1,840,7,,
b413307f-d5c0-42a0-b40e-9f9b4516eaf3,12200,si,appendix.11.7,0,1,840,8,,
b413307f-d5c0-42a0-b40e-9f9b4516eaf3,12201,vicisti,appendix.11.7,0,1,840,9,,
b413307f-d5c0-42a0-b40e-9f9b4516eaf3,12202,fortior,appendix.11.7,0,1,840,10,,
b413307f-d5c0-42a0-b40e-9f9b4516eaf3,12203,?,appendix.11.7,,4,840,,,
b413307f-d5c0-42a0-b40e-9f9b4516eaf3,12204,Ferendus,appendix.11.8,0,1,841,0,,
b413307f-d5c0-42a0-b40e-9f9b4516eaf3,12205,esses,appendix.11.8,0,1,841,1,,
b413307f-d5c0-42a0-b40e-9f9b4516eaf3,12206,",",appendix.11.8,,4,841,,,
b413307f-d5c0-42a0-b40e-9f9b4516eaf3,12207,forte,appendix.11.8,0,1,841,2,,
b413307f-d5c0-42a0-b40e-9f9b4516eaf3,12208,si,appendix.11.8,0,1,841,3,,
b413307f-d5c0-42a0-b40e-9f9b4516eaf3,12209,te,appendix.11.8,0,1,841,4,,
b413307f-d5c0-42a0-b40e-9f9b4516eaf3,12210,diceres,appendix.11.8,0,1,841,5,,
b413307f-d5c0-42a0-b40e-9f9b4516eaf3,12211,Superasse,appendix.11.9,0,1,841,6,,
b413307f-d5c0-42a0-b40e-9f9b4516eaf3,12212,",",appendix.11.9,,4,841,,,
b413307f-d5c0-42a0-b40e-9f9b4516eaf3,12213,melior,appendix.11.9,0,1,841,7,,
b413307f-d5c0-42a0-b40e-9f9b4516eaf3,12214,qui,appendix.11.9,0,1,841,8,,
b413307f-d5c0-42a0-b40e-9f9b4516eaf3,12215,fuisset,appendix.11.9,0,1,841,9,,
b413307f-d5c0-42a0-b40e-9f9b4516eaf3,12216,viribus,appendix.11.9,0,1,841,10,,
b413307f-d5c0-42a0-b40e-9f9b4516eaf3,12217,.,appendix.11.9,,4,841,,,
b413307f-d5c0-42a0-b40e-9f9b4516eaf3,12218,Asinus,appendix.12,0,1,842,0,,
b413307f-d5c0-42a0-b40e-9f9b4516eaf3,12219,ad,appendix.12,0,1,842,1,,
b413307f-d5c0-42a0-b40e-9f9b4516eaf3,12220,lyram,appendix.12,0,1,842,2,,
b413307f-d5c0-42a0-b40e-9f9b4516eaf3,12221,.,appendix.12,,4,842,,,
b413307f-d5c0-42a0-b40e-9f9b4516eaf3,12222,Asinus,appendix.12.1,0,1,843,0,,
b413307f-d5c0-42a0-b40e-9f9b4516eaf3,12223,iacentem,appendix.12.1,0,1,843,1,,
b413307f-d5c0-42a0-b40e-9f9b4516eaf3,12224,vidit,appendix.12.1,0,1,843,2,,
b413307f-d5c0-42a0-b40e-9f9b4516eaf3,12225,in,appendix.12.1,0,1,843,3,,
b413307f-d5c0-42a0-b40e-9f9b4516eaf3,12226,prato,appendix.12.1,0,1,843,4,,
b413307f-d5c0-42a0-b40e-9f9b4516eaf3,12227,lyram,appendix.12.1,0,1,843,5,,
b413307f-d5c0-42a0-b40e-9f9b4516eaf3,12228,.,appendix.12.1,,4,843,,,
b413307f-d5c0-42a0-b40e-9f9b4516eaf3,12229,Accessit,appendix.12.2,0,1,844,0,,
b413307f-d5c0-42a0-b40e-9f9b4516eaf3,12230,et,appendix.12.2,0,1,844,1,,
b413307f-d5c0-42a0-b40e-9f9b4516eaf3,12231,temptavit,appendix.12.2,0,1,844,2,,
b413307f-d5c0-42a0-b40e-9f9b4516eaf3,12232,chordas,appendix.12.2,0,1,844,3,,
b413307f-d5c0-42a0-b40e-9f9b4516eaf3,12233,ungula,appendix.12.2,0,1,844,4,,
b413307f-d5c0-42a0-b40e-9f9b4516eaf3,12234,;,appendix.12.2,,4,844,,,
b413307f-d5c0-42a0-b40e-9f9b4516eaf3,12235,Sonuere,appendix.12.3,0,1,844,5,,
b413307f-d5c0-42a0-b40e-9f9b4516eaf3,12236,tactae,appendix.12.3,0,1,844,6,,
b413307f-d5c0-42a0-b40e-9f9b4516eaf3,12237,.,appendix.12.3,,4,844,,,
b413307f-d5c0-42a0-b40e-9f9b4516eaf3,12238,Bella,appendix.12.3,0,1,845,0,,
b413307f-d5c0-42a0-b40e-9f9b4516eaf3,12239,res,appendix.12.3,0,1,845,1,,
b413307f-d5c0-42a0-b40e-9f9b4516eaf3,12240,sed,appendix.12.3,0,1,845,2,,
b413307f-d5c0-42a0-b40e-9f9b4516eaf3,12241,mehercules,appendix.12.3,0,1,845,3,,
b413307f-d5c0-42a0-b40e-9f9b4516eaf3,12242,Male,appendix.12.4,0,1,845,4,,
b413307f-d5c0-42a0-b40e-9f9b4516eaf3,12243,cessit,appendix.12.4,0,1,845,5,,
b413307f-d5c0-42a0-b40e-9f9b4516eaf3,12244,inquit,appendix.12.4,0,1,845,6,,
b413307f-d5c0-42a0-b40e-9f9b4516eaf3,12245,artis,appendix.12.4,0,1,845,7,,
b413307f-d5c0-42a0-b40e-9f9b4516eaf3,12246,quia,appendix.12.4,0,1,845,8,,
b413307f-d5c0-42a0-b40e-9f9b4516eaf3,12247,sum,appendix.12.4,0,1,845,9,,
b413307f-d5c0-42a0-b40e-9f9b4516eaf3,12248,nescius,appendix.12.4,0,1,845,10,,
b413307f-d5c0-42a0-b40e-9f9b4516eaf3,12249,.,appendix.12.4,,4,845,,,
b413307f-d5c0-42a0-b40e-9f9b4516eaf3,12250,Si,appendix.12.5,0,1,846,0,,
b413307f-d5c0-42a0-b40e-9f9b4516eaf3,12251,repperisset,appendix.12.5,0,1,846,1,,
b413307f-d5c0-42a0-b40e-9f9b4516eaf3,12252,aliquis,appendix.12.5,0,1,846,2,,
b413307f-d5c0-42a0-b40e-9f9b4516eaf3,12253,hanc,appendix.12.5,0,1,846,3,,
b413307f-d5c0-42a0-b40e-9f9b4516eaf3,12254,prudentior,appendix.12.5,0,1,846,4,,
b413307f-d5c0-42a0-b40e-9f9b4516eaf3,12255,",",appendix.12.5,,4,846,,,
b413307f-d5c0-42a0-b40e-9f9b4516eaf3,12256,Divinis,appendix.12.6,0,1,846,5,,
b413307f-d5c0-42a0-b40e-9f9b4516eaf3,12257,aures,appendix.12.6,0,1,846,6,,
b413307f-d5c0-42a0-b40e-9f9b4516eaf3,12258,oblectasset,appendix.12.6,0,1,846,7,,
b413307f-d5c0-42a0-b40e-9f9b4516eaf3,12259,cantibus,appendix.12.6,0,1,846,8,,
b413307f-d5c0-42a0-b40e-9f9b4516eaf3,12260,.,appendix.12.6,,4,846,,,
b413307f-d5c0-42a0-b40e-9f9b4516eaf3,12261,Sic,appendix.12.7,0,1,847,0,,
b413307f-d5c0-42a0-b40e-9f9b4516eaf3,12262,saepe,appendix.12.7,0,1,847,1,,
b413307f-d5c0-42a0-b40e-9f9b4516eaf3,12263,ingenia,appendix.12.7,0,1,847,2,,
b413307f-d5c0-42a0-b40e-9f9b4516eaf3,12264,calamitate,appendix.12.7,0,1,847,3,,
b413307f-d5c0-42a0-b40e-9f9b4516eaf3,12265,intercidunt,appendix.12.7,0,1,847,4,,
b413307f-d5c0-42a0-b40e-9f9b4516eaf3,12266,.,appendix.12.7,,4,847,,,
b413307f-d5c0-42a0-b40e-9f9b4516eaf3,12267,Mulier,appendix.13,0,1,848,0,,
b413307f-d5c0-42a0-b40e-9f9b4516eaf3,12268,vidua,appendix.13,0,1,848,1,,
b413307f-d5c0-42a0-b40e-9f9b4516eaf3,12269,et,appendix.13,0,1,848,2,,
b413307f-d5c0-42a0-b40e-9f9b4516eaf3,12270,miles,appendix.13,0,1,848,3,,
b413307f-d5c0-42a0-b40e-9f9b4516eaf3,12271,:,appendix.13,,4,848,,,
b413307f-d5c0-42a0-b40e-9f9b4516eaf3,12272,Quanta,appendix.13,0,1,848,4,,
b413307f-d5c0-42a0-b40e-9f9b4516eaf3,12273,sit,appendix.13,0,1,848,5,,
b413307f-d5c0-42a0-b40e-9f9b4516eaf3,12274,inconstantia,appendix.13,0,1,848,6,,
b413307f-d5c0-42a0-b40e-9f9b4516eaf3,12275,et,appendix.13,0,1,848,7,,
b413307f-d5c0-42a0-b40e-9f9b4516eaf3,12276,libido,appendix.13,0,1,848,8,,
b413307f-d5c0-42a0-b40e-9f9b4516eaf3,12277,mulierum,appendix.13,0,1,848,9,,
b413307f-d5c0-42a0-b40e-9f9b4516eaf3,12278,.,appendix.13,,4,848,,,
b413307f-d5c0-42a0-b40e-9f9b4516eaf3,12279,Per,appendix.13.1,0,1,849,0,,
b413307f-d5c0-42a0-b40e-9f9b4516eaf3,12280,aliquot,appendix.13.1,0,1,849,1,,
b413307f-d5c0-42a0-b40e-9f9b4516eaf3,12281,annos,appendix.13.1,0,1,849,2,,
b413307f-d5c0-42a0-b40e-9f9b4516eaf3,12282,quaedam,appendix.13.1,0,1,849,3,,
b413307f-d5c0-42a0-b40e-9f9b4516eaf3,12283,dilectum,appendix.13.1,0,1,849,4,,
b413307f-d5c0-42a0-b40e-9f9b4516eaf3,12284,virum,appendix.13.1,0,1,849,5,,
b413307f-d5c0-42a0-b40e-9f9b4516eaf3,12285,Amisit,appendix.13.2,0,1,849,6,,
b413307f-d5c0-42a0-b40e-9f9b4516eaf3,12286,et,appendix.13.2,0,1,849,7,,
b413307f-d5c0-42a0-b40e-9f9b4516eaf3,12287,sarcophago,appendix.13.2,0,1,849,8,,
b413307f-d5c0-42a0-b40e-9f9b4516eaf3,12288,corpus,appendix.13.2,0,1,849,9,,
b413307f-d5c0-42a0-b40e-9f9b4516eaf3,12289,condidit,appendix.13.2,0,1,849,10,,
b413307f-d5c0-42a0-b40e-9f9b4516eaf3,12290,;,appendix.13.2,,4,849,,,
b413307f-d5c0-42a0-b40e-9f9b4516eaf3,12291,A,appendix.13.3,0,1,849,11,,
b413307f-d5c0-42a0-b40e-9f9b4516eaf3,12292,quo,appendix.13.3,0,1,849,12,,
b413307f-d5c0-42a0-b40e-9f9b4516eaf3,12293,revelli,appendix.13.3,0,1,849,13,,
b413307f-d5c0-42a0-b40e-9f9b4516eaf3,12294,nullo,appendix.13.3,0,1,849,14,,
b413307f-d5c0-42a0-b40e-9f9b4516eaf3,12295,cum,appendix.13.3,0,1,849,15,,
b413307f-d5c0-42a0-b40e-9f9b4516eaf3,12296,posset,appendix.13.3,0,1,849,16,,
b413307f-d5c0-42a0-b40e-9f9b4516eaf3,12297,modo,appendix.13.3,0,1,849,17,,
b413307f-d5c0-42a0-b40e-9f9b4516eaf3,12298,Et,appendix.13.4,0,1,849,18,,
b413307f-d5c0-42a0-b40e-9f9b4516eaf3,12299,in,appendix.13.4,0,1,849,19,,
b413307f-d5c0-42a0-b40e-9f9b4516eaf3,12300,sepulcro,appendix.13.4,0,1,849,20,,
b413307f-d5c0-42a0-b40e-9f9b4516eaf3,12301,lugens,appendix.13.4,0,1,849,21,,
b413307f-d5c0-42a0-b40e-9f9b4516eaf3,12302,vitam,appendix.13.4,0,1,849,22,,
b413307f-d5c0-42a0-b40e-9f9b4516eaf3,12303,degeret,appendix.13.4,0,1,849,23,,
b413307f-d5c0-42a0-b40e-9f9b4516eaf3,12304,",",appendix.13.4,,4,849,,,
b413307f-d5c0-42a0-b40e-9f9b4516eaf3,12305,Claram,appendix.13.5,0,1,849,24,,
b413307f-d5c0-42a0-b40e-9f9b4516eaf3,12306,assecuta,appendix.13.5,0,1,849,25,,
b413307f-d5c0-42a0-b40e-9f9b4516eaf3,12307,est,appendix.13.5,0,1,849,26,,
b413307f-d5c0-42a0-b40e-9f9b4516eaf3,12308,famam,appendix.13.5,0,1,849,27,,
b413307f-d5c0-42a0-b40e-9f9b4516eaf3,12309,castae,appendix.13.5,0,1,849,28,,
b413307f-d5c0-42a0-b40e-9f9b4516eaf3,12310,virginis,appendix.13.5,0,1,849,29,,
b413307f-d5c0-42a0-b40e-9f9b4516eaf3,12311,.,appendix.13.5,,4,849,,,
b413307f-d5c0-42a0-b40e-9f9b4516eaf3,12312,Interea,appendix.13.6,0,1,850,0,,
b413307f-d5c0-42a0-b40e-9f9b4516eaf3,12313,fanum,appendix.13.6,0,1,850,1,,
b413307f-d5c0-42a0-b40e-9f9b4516eaf3,12314,qui,appendix.13.6,0,1,850,2,,
b413307f-d5c0-42a0-b40e-9f9b4516eaf3,12315,compilarant,appendix.13.6,0,1,850,3,,
b413307f-d5c0-42a0-b40e-9f9b4516eaf3,12316,Iovis,appendix.13.6,1,1,850,4,,
b413307f-d5c0-42a0-b40e-9f9b4516eaf3,12317,",",appendix.13.6,,4,850,,,
b413307f-d5c0-42a0-b40e-9f9b4516eaf3,12318,Cruci,appendix.13.7,0,1,850,5,,
b413307f-d5c0-42a0-b40e-9f9b4516eaf3,12319,suffixi,appendix.13.7,0,1,850,6,,
b413307f-d5c0-42a0-b40e-9f9b4516eaf3,12320,luerunt,appendix.13.7,0,1,850,7,,
b413307f-d5c0-42a0-b40e-9f9b4516eaf3,12321,poenas,appendix.13.7,0,1,850,8,,
b413307f-d5c0-42a0-b40e-9f9b4516eaf3,12322,numini,appendix.13.7,0,1,850,9,,
b413307f-d5c0-42a0-b40e-9f9b4516eaf3,12323,.,appendix.13.7,,4,850,,,
b413307f-d5c0-42a0-b40e-9f9b4516eaf3,12324,Horum,appendix.13.8,2,1,851,0,,
b413307f-d5c0-42a0-b40e-9f9b4516eaf3,12325,reliquias,appendix.13.8,0,1,851,1,,
b413307f-d5c0-42a0-b40e-9f9b4516eaf3,12326,ne,appendix.13.8,0,1,851,2,,
b413307f-d5c0-42a0-b40e-9f9b4516eaf3,12327,quis,appendix.13.8,0,1,851,3,,
b413307f-d5c0-42a0-b40e-9f9b4516eaf3,12328,posset,appendix.13.8,0,1,851,4,,
b413307f-d5c0-42a0-b40e-9f9b4516eaf3,12329,tollere,appendix.13.8,0,1,851,5,,
b413307f-d5c0-42a0-b40e-9f9b4516eaf3,12330,",",appendix.13.8,,4,851,,,
b413307f-d5c0-42a0-b40e-9f9b4516eaf3,12331,Custodes,appendix.13.9,0,1,851,6,,
b413307f-d5c0-42a0-b40e-9f9b4516eaf3,12332,dantur,appendix.13.9,0,1,851,7,,
b413307f-d5c0-42a0-b40e-9f9b4516eaf3,12333,milites,appendix.13.9,0,1,851,8,,
b413307f-d5c0-42a0-b40e-9f9b4516eaf3,12334,cadaverum,appendix.13.9,0,1,851,9,,
b413307f-d5c0-42a0-b40e-9f9b4516eaf3,12335,Monumentum,appendix.13.10,0,1,851,10,,
b413307f-d5c0-42a0-b40e-9f9b4516eaf3,12336,iuxta,appendix.13.10,0,1,851,11,,
b413307f-d5c0-42a0-b40e-9f9b4516eaf3,12337,mulier,appendix.13.10,0,1,851,12,,
b413307f-d5c0-42a0-b40e-9f9b4516eaf3,12338,quo,appendix.13.10,0,1,851,13,,
b413307f-d5c0-42a0-b40e-9f9b4516eaf3,12339,se,appendix.13.10,0,1,851,14,,
b413307f-d5c0-42a0-b40e-9f9b4516eaf3,12340,incluserat,appendix.13.10,0,1,851,15,,
b413307f-d5c0-42a0-b40e-9f9b4516eaf3,12341,.,appendix.13.10,,4,851,,,
b413307f-d5c0-42a0-b40e-9f9b4516eaf3,12342,Aliquando,appendix.13.11,0,1,852,0,,
b413307f-d5c0-42a0-b40e-9f9b4516eaf3,12343,sitiens,appendix.13.11,0,1,852,1,,
b413307f-d5c0-42a0-b40e-9f9b4516eaf3,12344,unus,appendix.13.11,0,1,852,2,,
b413307f-d5c0-42a0-b40e-9f9b4516eaf3,12345,de,appendix.13.11,0,1,852,3,,
b413307f-d5c0-42a0-b40e-9f9b4516eaf3,12346,custodibus,appendix.13.11,0,1,852,4,,
b413307f-d5c0-42a0-b40e-9f9b4516eaf3,12347,Aquam,appendix.13.12,0,1,852,5,,
b413307f-d5c0-42a0-b40e-9f9b4516eaf3,12348,rogavit,appendix.13.12,0,1,852,6,,
b413307f-d5c0-42a0-b40e-9f9b4516eaf3,12349,media,appendix.13.12,0,1,852,7,,
b413307f-d5c0-42a0-b40e-9f9b4516eaf3,12350,nocte,appendix.13.12,0,1,852,8,,
b413307f-d5c0-42a0-b40e-9f9b4516eaf3,12351,ancillulam,appendix.13.12,0,1,852,9,,
b413307f-d5c0-42a0-b40e-9f9b4516eaf3,12352,",",appendix.13.12,,4,852,,,
b413307f-d5c0-42a0-b40e-9f9b4516eaf3,12353,Quae,appendix.13.13,0,1,852,10,,
b413307f-d5c0-42a0-b40e-9f9b4516eaf3,12354,forte,appendix.13.13,0,1,852,11,,
b413307f-d5c0-42a0-b40e-9f9b4516eaf3,12355,dominae,appendix.13.13,0,1,852,12,,
b413307f-d5c0-42a0-b40e-9f9b4516eaf3,12356,tunc,appendix.13.13,0,1,852,13,,
b413307f-d5c0-42a0-b40e-9f9b4516eaf3,12357,assistebat,appendix.13.13,0,1,852,14,,
b413307f-d5c0-42a0-b40e-9f9b4516eaf3,12358,suae,appendix.13.13,0,1,852,15,,
b413307f-d5c0-42a0-b40e-9f9b4516eaf3,12359,Dormitum,appendix.13.14,0,1,852,16,,
b413307f-d5c0-42a0-b40e-9f9b4516eaf3,12360,eunti,appendix.13.14,0,1,852,17,,
b413307f-d5c0-42a0-b40e-9f9b4516eaf3,12361,;,appendix.13.14,,4,852,,,
b413307f-d5c0-42a0-b40e-9f9b4516eaf3,12362,namque,appendix.13.14,0,1,852,18,,
b413307f-d5c0-42a0-b40e-9f9b4516eaf3,12363,lucubraverat,appendix.13.14,0,1,852,19,,
b413307f-d5c0-42a0-b40e-9f9b4516eaf3,12364,Et,appendix.13.15,0,1,852,20,,
b413307f-d5c0-42a0-b40e-9f9b4516eaf3,12365,usque,appendix.13.15,0,1,852,21,,
b413307f-d5c0-42a0-b40e-9f9b4516eaf3,12366,in,appendix.13.15,0,1,852,22,,
b413307f-d5c0-42a0-b40e-9f9b4516eaf3,12367,serum,appendix.13.15,0,1,852,23,,
b413307f-d5c0-42a0-b40e-9f9b4516eaf3,12368,vigilias,appendix.13.15,0,1,852,24,,
b413307f-d5c0-42a0-b40e-9f9b4516eaf3,12369,perduxerat,appendix.13.15,0,1,852,25,,
b413307f-d5c0-42a0-b40e-9f9b4516eaf3,12370,.,appendix.13.15,,4,852,,,
b413307f-d5c0-42a0-b40e-9f9b4516eaf3,12371,Paulum,appendix.13.16,2,1,853,0,,
b413307f-d5c0-42a0-b40e-9f9b4516eaf3,12372,reclusis,appendix.13.16,0,1,853,1,,
b413307f-d5c0-42a0-b40e-9f9b4516eaf3,12373,foribus,appendix.13.16,0,1,853,2,,
b413307f-d5c0-42a0-b40e-9f9b4516eaf3,12374,miles,appendix.13.16,0,1,853,3,,
b413307f-d5c0-42a0-b40e-9f9b4516eaf3,12375,prospicit,appendix.13.16,0,1,853,4,,
b413307f-d5c0-42a0-b40e-9f9b4516eaf3,12376,Videtque,appendix.13.17,0,1,853,5,,
b413307f-d5c0-42a0-b40e-9f9b4516eaf3,12377,et,appendix.13.17,0,1,853,6,,
b413307f-d5c0-42a0-b40e-9f9b4516eaf3,12378,aegram,appendix.13.17,0,1,853,7,,
b413307f-d5c0-42a0-b40e-9f9b4516eaf3,12379,et,appendix.13.17,0,1,853,8,,
b413307f-d5c0-42a0-b40e-9f9b4516eaf3,12380,facie,appendix.13.17,0,1,853,9,,
b413307f-d5c0-42a0-b40e-9f9b4516eaf3,12381,pulchra,appendix.13.17,0,1,853,10,,
b413307f-d5c0-42a0-b40e-9f9b4516eaf3,12382,feminam,appendix.13.17,0,1,853,11,,
b413307f-d5c0-42a0-b40e-9f9b4516eaf3,12383,.,appendix.13.17,,4,853,,,
b413307f-d5c0-42a0-b40e-9f9b4516eaf3,12384,Corruptus,appendix.13.18,0,1,854,0,,
b413307f-d5c0-42a0-b40e-9f9b4516eaf3,12385,animus,appendix.13.18,0,1,854,1,,
b413307f-d5c0-42a0-b40e-9f9b4516eaf3,12386,ilico,appendix.13.18,0,1,854,2,,
b413307f-d5c0-42a0-b40e-9f9b4516eaf3,12387,succenditur,appendix.13.18,0,1,854,3,,
b413307f-d5c0-42a0-b40e-9f9b4516eaf3,12388,Et,appendix.13.19,0,1,854,4,,
b413307f-d5c0-42a0-b40e-9f9b4516eaf3,12389,uritur,appendix.13.19,0,1,854,5,,
b413307f-d5c0-42a0-b40e-9f9b4516eaf3,12390,impudentis,appendix.13.19,0,1,854,6,,
b413307f-d5c0-42a0-b40e-9f9b4516eaf3,12391,sensim,appendix.13.19,0,1,854,7,,
b413307f-d5c0-42a0-b40e-9f9b4516eaf3,12392,cupiditas,appendix.13.19,0,1,854,8,,
b413307f-d5c0-42a0-b40e-9f9b4516eaf3,12393,.,appendix.13.19,,4,854,,,
b413307f-d5c0-42a0-b40e-9f9b4516eaf3,12394,Sollers,appendix.13.20,0,1,855,0,,
b413307f-d5c0-42a0-b40e-9f9b4516eaf3,12395,acumen,appendix.13.20,0,1,855,1,,
b413307f-d5c0-42a0-b40e-9f9b4516eaf3,12396,mille,appendix.13.20,0,1,855,2,,
b413307f-d5c0-42a0-b40e-9f9b4516eaf3,12397,causas,appendix.13.20,0,1,855,3,,
b413307f-d5c0-42a0-b40e-9f9b4516eaf3,12398,invenit,appendix.13.20,0,1,855,4,,
b413307f-d5c0-42a0-b40e-9f9b4516eaf3,12399,",",appendix.13.20,,4,855,,,
b413307f-d5c0-42a0-b40e-9f9b4516eaf3,12400,Per,appendix.13.21,0,1,855,5,,
b413307f-d5c0-42a0-b40e-9f9b4516eaf3,12401,quas,appendix.13.21,0,1,855,6,,
b413307f-d5c0-42a0-b40e-9f9b4516eaf3,12402,videre,appendix.13.21,0,1,855,7,,
b413307f-d5c0-42a0-b40e-9f9b4516eaf3,12403,possit,appendix.13.21,0,1,855,8,,
b413307f-d5c0-42a0-b40e-9f9b4516eaf3,12404,illam,appendix.13.21,0,1,855,9,,
b413307f-d5c0-42a0-b40e-9f9b4516eaf3,12405,saepius,appendix.13.21,0,1,855,10,,
b413307f-d5c0-42a0-b40e-9f9b4516eaf3,12406,.,appendix.13.21,,4,855,,,
b413307f-d5c0-42a0-b40e-9f9b4516eaf3,12407,Cotidiana,appendix.13.22,0,1,856,0,,
b413307f-d5c0-42a0-b40e-9f9b4516eaf3,12408,capta,appendix.13.22,0,1,856,1,,
b413307f-d5c0-42a0-b40e-9f9b4516eaf3,12409,consuetudine,appendix.13.22,0,1,856,2,,
b413307f-d5c0-42a0-b40e-9f9b4516eaf3,12410,Paulatim,appendix.13.23,0,1,856,3,,
b413307f-d5c0-42a0-b40e-9f9b4516eaf3,12411,facta,appendix.13.23,0,1,856,4,,
b413307f-d5c0-42a0-b40e-9f9b4516eaf3,12412,est,appendix.13.23,0,1,856,5,,
b413307f-d5c0-42a0-b40e-9f9b4516eaf3,12413,advenae,appendix.13.23,0,1,856,6,,
b413307f-d5c0-42a0-b40e-9f9b4516eaf3,12414,submissior,appendix.13.23,0,1,856,7,,
b413307f-d5c0-42a0-b40e-9f9b4516eaf3,12415,;,appendix.13.23,,4,856,,,
b413307f-d5c0-42a0-b40e-9f9b4516eaf3,12416,Mox,appendix.13.24,0,1,856,8,,
b413307f-d5c0-42a0-b40e-9f9b4516eaf3,12417,artior,appendix.13.24,0,1,856,9,,
b413307f-d5c0-42a0-b40e-9f9b4516eaf3,12418,revinxit,appendix.13.24,0,1,856,10,,
b413307f-d5c0-42a0-b40e-9f9b4516eaf3,12419,animum,appendix.13.24,0,1,856,11,,
b413307f-d5c0-42a0-b40e-9f9b4516eaf3,12420,copula,appendix.13.24,0,1,856,12,,
b413307f-d5c0-42a0-b40e-9f9b4516eaf3,12421,.,appendix.13.24,,4,856,,,
b413307f-d5c0-42a0-b40e-9f9b4516eaf3,12422,Hic,appendix.13.25,0,1,857,0,,
b413307f-d5c0-42a0-b40e-9f9b4516eaf3,12423,dum,appendix.13.25,0,1,857,1,,
b413307f-d5c0-42a0-b40e-9f9b4516eaf3,12424,consumit,appendix.13.25,0,1,857,2,,
b413307f-d5c0-42a0-b40e-9f9b4516eaf3,12425,noctes,appendix.13.25,0,1,857,3,,
b413307f-d5c0-42a0-b40e-9f9b4516eaf3,12426,custos,appendix.13.25,0,1,857,4,,
b413307f-d5c0-42a0-b40e-9f9b4516eaf3,12427,diligens,appendix.13.25,0,1,857,5,,
b413307f-d5c0-42a0-b40e-9f9b4516eaf3,12428,",",appendix.13.25,,4,857,,,
b413307f-d5c0-42a0-b40e-9f9b4516eaf3,12429,Desideratum,appendix.13.26,0,1,857,6,,
b413307f-d5c0-42a0-b40e-9f9b4516eaf3,12430,est,appendix.13.26,0,1,857,7,,
b413307f-d5c0-42a0-b40e-9f9b4516eaf3,12431,corpus,appendix.13.26,0,1,857,8,,
b413307f-d5c0-42a0-b40e-9f9b4516eaf3,12432,ex,appendix.13.26,0,1,857,9,,
b413307f-d5c0-42a0-b40e-9f9b4516eaf3,12433,una,appendix.13.26,0,1,857,10,,
b413307f-d5c0-42a0-b40e-9f9b4516eaf3,12434,cruce,appendix.13.26,0,1,857,11,,
b413307f-d5c0-42a0-b40e-9f9b4516eaf3,12435,.,appendix.13.26,,4,857,,,
b413307f-d5c0-42a0-b40e-9f9b4516eaf3,12436,Turbatus,appendix.13.27,0,1,858,0,,
b413307f-d5c0-42a0-b40e-9f9b4516eaf3,12437,miles,appendix.13.27,0,1,858,1,,
b413307f-d5c0-42a0-b40e-9f9b4516eaf3,12438,factum,appendix.13.27,0,1,858,2,,
b413307f-d5c0-42a0-b40e-9f9b4516eaf3,12439,exponit,appendix.13.27,0,1,858,3,,
b413307f-d5c0-42a0-b40e-9f9b4516eaf3,12440,mulieri,appendix.13.27,0,1,858,4,,
b413307f-d5c0-42a0-b40e-9f9b4516eaf3,12441,.,appendix.13.27,,4,858,,,
b413307f-d5c0-42a0-b40e-9f9b4516eaf3,12442,At,appendix.13.28,0,1,859,0,,
b413307f-d5c0-42a0-b40e-9f9b4516eaf3,12443,sancta,appendix.13.28,0,1,859,1,,
b413307f-d5c0-42a0-b40e-9f9b4516eaf3,12444,mulier,appendix.13.28,0,1,859,2,,
b413307f-d5c0-42a0-b40e-9f9b4516eaf3,12445,:,appendix.13.28,,4,859,,,
b413307f-d5c0-42a0-b40e-9f9b4516eaf3,12446,Non,appendix.13.28,0,1,859,3,,
b413307f-d5c0-42a0-b40e-9f9b4516eaf3,12447,est,appendix.13.28,0,1,859,4,,
b413307f-d5c0-42a0-b40e-9f9b4516eaf3,12448,quod,appendix.13.28,0,1,859,5,,
b413307f-d5c0-42a0-b40e-9f9b4516eaf3,12449,timeas,appendix.13.28,0,1,859,6,,
b413307f-d5c0-42a0-b40e-9f9b4516eaf3,12450,",",appendix.13.28,,4,859,,,
b413307f-d5c0-42a0-b40e-9f9b4516eaf3,12451,ait,appendix.13.28,0,1,859,7,,
b413307f-d5c0-42a0-b40e-9f9b4516eaf3,12452,",",appendix.13.28,,4,859,,,
b413307f-d5c0-42a0-b40e-9f9b4516eaf3,12453,Virique,appendix.13.29,0,1,859,8,,
b413307f-d5c0-42a0-b40e-9f9b4516eaf3,12454,corpus,appendix.13.29,0,1,859,9,,
b413307f-d5c0-42a0-b40e-9f9b4516eaf3,12455,tradit,appendix.13.29,0,1,859,10,,
b413307f-d5c0-42a0-b40e-9f9b4516eaf3,12456,figendum,appendix.13.29,0,1,859,11,,
b413307f-d5c0-42a0-b40e-9f9b4516eaf3,12457,cruci,appendix.13.29,0,1,859,12,,
b413307f-d5c0-42a0-b40e-9f9b4516eaf3,12458,",",appendix.13.29,,4,859,,,
b413307f-d5c0-42a0-b40e-9f9b4516eaf3,12459,Ne,appendix.13.30,0,1,859,13,,
b413307f-d5c0-42a0-b40e-9f9b4516eaf3,12460,subeat,appendix.13.30,0,1,859,14,,
b413307f-d5c0-42a0-b40e-9f9b4516eaf3,12461,ille,appendix.13.30,0,1,859,15,,
b413307f-d5c0-42a0-b40e-9f9b4516eaf3,12462,poenas,appendix.13.30,0,1,859,16,,
b413307f-d5c0-42a0-b40e-9f9b4516eaf3,12463,neglegentiae,appendix.13.30,0,1,859,17,,
b413307f-d5c0-42a0-b40e-9f9b4516eaf3,12464,.,appendix.13.30,,4,859,,,
b413307f-d5c0-42a0-b40e-9f9b4516eaf3,12465,Sic,appendix.13.31,0,1,860,0,,
b413307f-d5c0-42a0-b40e-9f9b4516eaf3,12466,turpitudo,appendix.13.31,0,1,860,1,,
b413307f-d5c0-42a0-b40e-9f9b4516eaf3,12467,laudis,appendix.13.31,0,1,860,2,,
b413307f-d5c0-42a0-b40e-9f9b4516eaf3,12468,obsedit,appendix.13.31,0,1,860,3,,
b413307f-d5c0-42a0-b40e-9f9b4516eaf3,12469,locum,appendix.13.31,0,1,860,4,,
b413307f-d5c0-42a0-b40e-9f9b4516eaf3,12470,.,appendix.13.31,,4,860,,,
b413307f-d5c0-42a0-b40e-9f9b4516eaf3,12471,Duo,appendix.14,0,1,861,0,,
b413307f-d5c0-42a0-b40e-9f9b4516eaf3,12472,iuvenes,appendix.14,0,1,861,1,,
b413307f-d5c0-42a0-b40e-9f9b4516eaf3,12473,sponsi,appendix.14,0,1,861,2,,
b413307f-d5c0-42a0-b40e-9f9b4516eaf3,12474,dives,appendix.14,0,1,861,3,,
b413307f-d5c0-42a0-b40e-9f9b4516eaf3,12475,et,appendix.14,0,1,861,4,,
b413307f-d5c0-42a0-b40e-9f9b4516eaf3,12476,pauper,appendix.14,0,1,861,5,,
b413307f-d5c0-42a0-b40e-9f9b4516eaf3,12477,:,appendix.14,,4,861,,,
b413307f-d5c0-42a0-b40e-9f9b4516eaf3,12478,Fortunam,appendix.14,2,1,861,6,,
b413307f-d5c0-42a0-b40e-9f9b4516eaf3,12479,interdum,appendix.14,0,1,861,7,,
b413307f-d5c0-42a0-b40e-9f9b4516eaf3,12480,praeter,appendix.14,0,1,861,8,,
b413307f-d5c0-42a0-b40e-9f9b4516eaf3,12481,spem,appendix.14,0,1,861,9,,
b413307f-d5c0-42a0-b40e-9f9b4516eaf3,12482,hominibus,appendix.14,0,1,861,10,,
b413307f-d5c0-42a0-b40e-9f9b4516eaf3,12483,favere,appendix.14,0,1,861,11,,
b413307f-d5c0-42a0-b40e-9f9b4516eaf3,12484,.,appendix.14,,4,861,,,
b413307f-d5c0-42a0-b40e-9f9b4516eaf3,12485,Unam,appendix.14.1,0,1,862,0,,
b413307f-d5c0-42a0-b40e-9f9b4516eaf3,12486,expetebant,appendix.14.1,0,1,862,1,,
b413307f-d5c0-42a0-b40e-9f9b4516eaf3,12487,virginem,appendix.14.1,0,1,862,2,,
b413307f-d5c0-42a0-b40e-9f9b4516eaf3,12488,iuvenes,appendix.14.1,0,1,862,3,,
b413307f-d5c0-42a0-b40e-9f9b4516eaf3,12489,duo,appendix.14.1,0,1,862,4,,
b413307f-d5c0-42a0-b40e-9f9b4516eaf3,12490,;,appendix.14.1,,4,862,,,
b413307f-d5c0-42a0-b40e-9f9b4516eaf3,12491,Vicit,appendix.14.2,0,1,862,5,,
b413307f-d5c0-42a0-b40e-9f9b4516eaf3,12492,locuples,appendix.14.2,0,1,862,6,,
b413307f-d5c0-42a0-b40e-9f9b4516eaf3,12493,genus,appendix.14.2,0,1,862,7,,
b413307f-d5c0-42a0-b40e-9f9b4516eaf3,12494,et,appendix.14.2,0,1,862,8,,
b413307f-d5c0-42a0-b40e-9f9b4516eaf3,12495,formam,appendix.14.2,0,1,862,9,,
b413307f-d5c0-42a0-b40e-9f9b4516eaf3,12496,pauperis,appendix.14.2,0,1,862,10,,
b413307f-d5c0-42a0-b40e-9f9b4516eaf3,12497,.,appendix.14.2,,4,862,,,
b413307f-d5c0-42a0-b40e-9f9b4516eaf3,12498,Ut,appendix.14.3,0,1,863,0,,
b413307f-d5c0-42a0-b40e-9f9b4516eaf3,12499,nuptiarum,appendix.14.3,0,1,863,1,,
b413307f-d5c0-42a0-b40e-9f9b4516eaf3,12500,dictus,appendix.14.3,0,1,863,2,,
b413307f-d5c0-42a0-b40e-9f9b4516eaf3,12501,advenit,appendix.14.3,0,1,863,3,,
b413307f-d5c0-42a0-b40e-9f9b4516eaf3,12502,dies,appendix.14.3,0,1,863,4,,
b413307f-d5c0-42a0-b40e-9f9b4516eaf3,12503,",",appendix.14.3,,4,863,,,
b413307f-d5c0-42a0-b40e-9f9b4516eaf3,12504,Amans,appendix.14.4,0,1,863,5,,
b413307f-d5c0-42a0-b40e-9f9b4516eaf3,12505,dolorem,appendix.14.4,0,1,863,6,,
b413307f-d5c0-42a0-b40e-9f9b4516eaf3,12506,quia,appendix.14.4,0,1,863,7,,
b413307f-d5c0-42a0-b40e-9f9b4516eaf3,12507,non,appendix.14.4,0,1,863,8,,
b413307f-d5c0-42a0-b40e-9f9b4516eaf3,12508,poterat,appendix.14.4,0,1,863,9,,
b413307f-d5c0-42a0-b40e-9f9b4516eaf3,12509,perpeti,appendix.14.4,0,1,863,10,,
b413307f-d5c0-42a0-b40e-9f9b4516eaf3,12510,",",appendix.14.4,,4,863,,,
b413307f-d5c0-42a0-b40e-9f9b4516eaf3,12511,Maerens,appendix.14.5,0,1,863,11,,
b413307f-d5c0-42a0-b40e-9f9b4516eaf3,12512,propinquos,appendix.14.5,0,1,863,12,,
b413307f-d5c0-42a0-b40e-9f9b4516eaf3,12513,contulit,appendix.14.5,0,1,863,13,,
b413307f-d5c0-42a0-b40e-9f9b4516eaf3,12514,se,appendix.14.5,0,1,863,14,,
b413307f-d5c0-42a0-b40e-9f9b4516eaf3,12515,in,appendix.14.5,0,1,863,15,,
b413307f-d5c0-42a0-b40e-9f9b4516eaf3,12516,hortulos,appendix.14.5,0,1,863,16,,
b413307f-d5c0-42a0-b40e-9f9b4516eaf3,12517,",",appendix.14.5,,4,863,,,
b413307f-d5c0-42a0-b40e-9f9b4516eaf3,12518,Quos,appendix.14.6,0,1,863,17,,
b413307f-d5c0-42a0-b40e-9f9b4516eaf3,12519,ultra,appendix.14.6,0,1,863,18,,
b413307f-d5c0-42a0-b40e-9f9b4516eaf3,12520,paulo,appendix.14.6,0,1,863,19,,
b413307f-d5c0-42a0-b40e-9f9b4516eaf3,12521,villa,appendix.14.6,0,1,863,20,,
b413307f-d5c0-42a0-b40e-9f9b4516eaf3,12522,splendida,appendix.14.6,0,1,863,21,,
b413307f-d5c0-42a0-b40e-9f9b4516eaf3,12523,divitis,appendix.14.6,0,1,863,22,,
b413307f-d5c0-42a0-b40e-9f9b4516eaf3,12524,Erat,appendix.14.7,0,1,863,23,,
b413307f-d5c0-42a0-b40e-9f9b4516eaf3,12525,acceptura,appendix.14.7,0,1,863,24,,
b413307f-d5c0-42a0-b40e-9f9b4516eaf3,12526,virginem,appendix.14.7,0,1,863,25,,
b413307f-d5c0-42a0-b40e-9f9b4516eaf3,12527,e,appendix.14.7,0,1,863,26,,
b413307f-d5c0-42a0-b40e-9f9b4516eaf3,12528,matris,appendix.14.7,0,1,863,27,,
b413307f-d5c0-42a0-b40e-9f9b4516eaf3,12529,sinu,appendix.14.7,0,1,863,28,,
b413307f-d5c0-42a0-b40e-9f9b4516eaf3,12530,",",appendix.14.7,,4,863,,,
b413307f-d5c0-42a0-b40e-9f9b4516eaf3,12531,Parum,appendix.14.8,2,1,863,29,,
b413307f-d5c0-42a0-b40e-9f9b4516eaf3,12532,ampla,appendix.14.8,0,1,863,30,,
b413307f-d5c0-42a0-b40e-9f9b4516eaf3,12533,in,appendix.14.8,0,1,863,31,,
b413307f-d5c0-42a0-b40e-9f9b4516eaf3,12534,urbe,appendix.14.8,0,1,863,32,,
b413307f-d5c0-42a0-b40e-9f9b4516eaf3,12535,visa,appendix.14.8,0,1,863,33,,
b413307f-d5c0-42a0-b40e-9f9b4516eaf3,12536,quod,appendix.14.8,0,1,863,34,,
b413307f-d5c0-42a0-b40e-9f9b4516eaf3,12537,fuerat,appendix.14.8,0,1,863,35,,
b413307f-d5c0-42a0-b40e-9f9b4516eaf3,12538,domus,appendix.14.8,0,1,863,36,,
b413307f-d5c0-42a0-b40e-9f9b4516eaf3,12539,.,appendix.14.8,,4,863,,,
b413307f-d5c0-42a0-b40e-9f9b4516eaf3,12540,Pompa,appendix.14.9,0,1,864,0,,
b413307f-d5c0-42a0-b40e-9f9b4516eaf3,12541,explicatur,appendix.14.9,0,1,864,1,,
b413307f-d5c0-42a0-b40e-9f9b4516eaf3,12542,",",appendix.14.9,,4,864,,,
b413307f-d5c0-42a0-b40e-9f9b4516eaf3,12543,turba,appendix.14.9,0,1,864,2,,
b413307f-d5c0-42a0-b40e-9f9b4516eaf3,12544,concurrit,appendix.14.9,0,1,864,3,,
b413307f-d5c0-42a0-b40e-9f9b4516eaf3,12545,frequens,appendix.14.9,0,1,864,4,,
b413307f-d5c0-42a0-b40e-9f9b4516eaf3,12546,",",appendix.14.9,,4,864,,,
b413307f-d5c0-42a0-b40e-9f9b4516eaf3,12547,Et,appendix.14.10,0,1,864,5,,
b413307f-d5c0-42a0-b40e-9f9b4516eaf3,12548,coniugalem,appendix.14.10,0,1,864,6,,
b413307f-d5c0-42a0-b40e-9f9b4516eaf3,12549,praebet,appendix.14.10,0,1,864,7,,
b413307f-d5c0-42a0-b40e-9f9b4516eaf3,12550,Hymenaeus,appendix.14.10,1,1,864,8,,
b413307f-d5c0-42a0-b40e-9f9b4516eaf3,12551,facem,appendix.14.10,0,1,864,9,,
b413307f-d5c0-42a0-b40e-9f9b4516eaf3,12552,.,appendix.14.10,,4,864,,,
b413307f-d5c0-42a0-b40e-9f9b4516eaf3,12553,Asellus,appendix.14.11,0,1,865,0,,
b413307f-d5c0-42a0-b40e-9f9b4516eaf3,12554,autem,appendix.14.11,0,1,865,1,,
b413307f-d5c0-42a0-b40e-9f9b4516eaf3,12555,",",appendix.14.11,,4,865,,,
b413307f-d5c0-42a0-b40e-9f9b4516eaf3,12556,qui,appendix.14.11,0,1,865,2,,
b413307f-d5c0-42a0-b40e-9f9b4516eaf3,12557,solebat,appendix.14.11,0,1,865,3,,
b413307f-d5c0-42a0-b40e-9f9b4516eaf3,12558,pauperi,appendix.14.11,0,1,865,4,,
b413307f-d5c0-42a0-b40e-9f9b4516eaf3,12559,Quaestum,appendix.14.12,0,1,865,5,,
b413307f-d5c0-42a0-b40e-9f9b4516eaf3,12560,referre,appendix.14.12,0,1,865,6,,
b413307f-d5c0-42a0-b40e-9f9b4516eaf3,12561,",",appendix.14.12,,4,865,,,
b413307f-d5c0-42a0-b40e-9f9b4516eaf3,12562,stabat,appendix.14.12,0,1,865,7,,
b413307f-d5c0-42a0-b40e-9f9b4516eaf3,12563,portae,appendix.14.12,0,1,865,8,,
b413307f-d5c0-42a0-b40e-9f9b4516eaf3,12564,in,appendix.14.12,0,1,865,9,,
b413307f-d5c0-42a0-b40e-9f9b4516eaf3,12565,limine,appendix.14.12,0,1,865,10,,
b413307f-d5c0-42a0-b40e-9f9b4516eaf3,12566,.,appendix.14.12,,4,865,,,
b413307f-d5c0-42a0-b40e-9f9b4516eaf3,12567,Illum,appendix.14.13,0,1,866,0,,
b413307f-d5c0-42a0-b40e-9f9b4516eaf3,12568,puellae,appendix.14.13,0,1,866,1,,
b413307f-d5c0-42a0-b40e-9f9b4516eaf3,12569,casu,appendix.14.13,0,1,866,2,,
b413307f-d5c0-42a0-b40e-9f9b4516eaf3,12570,conducunt,appendix.14.13,0,1,866,3,,
b413307f-d5c0-42a0-b40e-9f9b4516eaf3,12571,suae,appendix.14.13,0,1,866,4,,
b413307f-d5c0-42a0-b40e-9f9b4516eaf3,12572,",",appendix.14.13,,4,866,,,
b413307f-d5c0-42a0-b40e-9f9b4516eaf3,12573,Viae,appendix.14.14,0,1,866,5,,
b413307f-d5c0-42a0-b40e-9f9b4516eaf3,12574,labores,appendix.14.14,0,1,866,6,,
b413307f-d5c0-42a0-b40e-9f9b4516eaf3,12575,teneros,appendix.14.14,0,1,866,7,,
b413307f-d5c0-42a0-b40e-9f9b4516eaf3,12576,ne,appendix.14.14,0,1,866,8,,
b413307f-d5c0-42a0-b40e-9f9b4516eaf3,12577,laedant,appendix.14.14,0,1,866,9,,
b413307f-d5c0-42a0-b40e-9f9b4516eaf3,12578,pedes,appendix.14.14,0,1,866,10,,
b413307f-d5c0-42a0-b40e-9f9b4516eaf3,12579,.,appendix.14.14,,4,866,,,
b413307f-d5c0-42a0-b40e-9f9b4516eaf3,12580,Repente,appendix.14.15,0,1,867,0,,
b413307f-d5c0-42a0-b40e-9f9b4516eaf3,12581,caelum,appendix.14.15,0,1,867,1,,
b413307f-d5c0-42a0-b40e-9f9b4516eaf3,12582,",",appendix.14.15,,4,867,,,
b413307f-d5c0-42a0-b40e-9f9b4516eaf3,12583,Veneris,appendix.14.15,1,1,867,2,,
b413307f-d5c0-42a0-b40e-9f9b4516eaf3,12584,misericordia,appendix.14.15,0,1,867,3,,
b413307f-d5c0-42a0-b40e-9f9b4516eaf3,12585,",",appendix.14.15,,4,867,,,
b413307f-d5c0-42a0-b40e-9f9b4516eaf3,12586,Ventis,appendix.14.16,0,1,867,4,,
b413307f-d5c0-42a0-b40e-9f9b4516eaf3,12587,movetur,appendix.14.16,0,1,867,5,,
b413307f-d5c0-42a0-b40e-9f9b4516eaf3,12588,",",appendix.14.16,,4,867,,,
b413307f-d5c0-42a0-b40e-9f9b4516eaf3,12589,intonat,appendix.14.16,0,1,867,6,,
b413307f-d5c0-42a0-b40e-9f9b4516eaf3,12590,mundi,appendix.14.16,0,1,867,7,,
b413307f-d5c0-42a0-b40e-9f9b4516eaf3,12591,fragor,appendix.14.16,0,1,867,8,,
b413307f-d5c0-42a0-b40e-9f9b4516eaf3,12592,Noctemque,appendix.14.17,0,1,867,9,,
b413307f-d5c0-42a0-b40e-9f9b4516eaf3,12593,densis,appendix.14.17,0,1,867,10,,
b413307f-d5c0-42a0-b40e-9f9b4516eaf3,12594,horridam,appendix.14.17,0,1,867,11,,
b413307f-d5c0-42a0-b40e-9f9b4516eaf3,12595,nimbis,appendix.14.17,0,1,867,12,,
b413307f-d5c0-42a0-b40e-9f9b4516eaf3,12596,parat,appendix.14.17,0,1,867,13,,
b413307f-d5c0-42a0-b40e-9f9b4516eaf3,12597,:,appendix.14.17,,4,867,,,
b413307f-d5c0-42a0-b40e-9f9b4516eaf3,12598,Lux,appendix.14.18,0,1,867,14,,
b413307f-d5c0-42a0-b40e-9f9b4516eaf3,12599,rapitur,appendix.14.18,0,1,867,15,,
b413307f-d5c0-42a0-b40e-9f9b4516eaf3,12600,oculis,appendix.14.18,0,1,867,16,,
b413307f-d5c0-42a0-b40e-9f9b4516eaf3,12601,et,appendix.14.18,0,1,867,17,,
b413307f-d5c0-42a0-b40e-9f9b4516eaf3,12602,simul,appendix.14.18,0,1,867,18,,
b413307f-d5c0-42a0-b40e-9f9b4516eaf3,12603,vis,appendix.14.18,0,1,867,19,,
b413307f-d5c0-42a0-b40e-9f9b4516eaf3,12604,grandinis,appendix.14.18,0,1,867,20,,
b413307f-d5c0-42a0-b40e-9f9b4516eaf3,12605,Effusa,appendix.14.19,0,1,867,21,,
b413307f-d5c0-42a0-b40e-9f9b4516eaf3,12606,trepidos,appendix.14.19,0,1,867,22,,
b413307f-d5c0-42a0-b40e-9f9b4516eaf3,12607,passim,appendix.14.19,0,1,867,23,,
b413307f-d5c0-42a0-b40e-9f9b4516eaf3,12608,comites,appendix.14.19,0,1,867,24,,
b413307f-d5c0-42a0-b40e-9f9b4516eaf3,12609,dissipat,appendix.14.19,0,1,867,25,,
b413307f-d5c0-42a0-b40e-9f9b4516eaf3,12610,",",appendix.14.19,,4,867,,,
b413307f-d5c0-42a0-b40e-9f9b4516eaf3,12611,Sibi,appendix.14.20,0,1,867,26,,
b413307f-d5c0-42a0-b40e-9f9b4516eaf3,12612,quemque,appendix.14.20,0,1,867,27,,
b413307f-d5c0-42a0-b40e-9f9b4516eaf3,12613,cogens,appendix.14.20,0,1,867,28,,
b413307f-d5c0-42a0-b40e-9f9b4516eaf3,12614,petere,appendix.14.20,0,1,867,29,,
b413307f-d5c0-42a0-b40e-9f9b4516eaf3,12615,praesidium,appendix.14.20,0,1,867,30,,
b413307f-d5c0-42a0-b40e-9f9b4516eaf3,12616,fuga,appendix.14.20,0,1,867,31,,
b413307f-d5c0-42a0-b40e-9f9b4516eaf3,12617,.,appendix.14.20,,4,867,,,
b413307f-d5c0-42a0-b40e-9f9b4516eaf3,12618,Asellus,appendix.14.21,0,1,868,0,,
b413307f-d5c0-42a0-b40e-9f9b4516eaf3,12619,notum,appendix.14.21,0,1,868,1,,
b413307f-d5c0-42a0-b40e-9f9b4516eaf3,12620,proximum,appendix.14.21,0,1,868,2,,
b413307f-d5c0-42a0-b40e-9f9b4516eaf3,12621,tectum,appendix.14.21,0,1,868,3,,
b413307f-d5c0-42a0-b40e-9f9b4516eaf3,12622,subit,appendix.14.21,0,1,868,4,,
b413307f-d5c0-42a0-b40e-9f9b4516eaf3,12623,Et,appendix.14.22,0,1,868,5,,
b413307f-d5c0-42a0-b40e-9f9b4516eaf3,12624,voce,appendix.14.22,0,1,868,6,,
b413307f-d5c0-42a0-b40e-9f9b4516eaf3,12625,magna,appendix.14.22,0,1,868,7,,
b413307f-d5c0-42a0-b40e-9f9b4516eaf3,12626,sese,appendix.14.22,0,1,868,8,,
b413307f-d5c0-42a0-b40e-9f9b4516eaf3,12627,venisse,appendix.14.22,0,1,868,9,,
b413307f-d5c0-42a0-b40e-9f9b4516eaf3,12628,indicat,appendix.14.22,0,1,868,10,,
b413307f-d5c0-42a0-b40e-9f9b4516eaf3,12629,.,appendix.14.22,,4,868,,,
b413307f-d5c0-42a0-b40e-9f9b4516eaf3,12630,Procurrunt,appendix.14.23,0,1,869,0,,
b413307f-d5c0-42a0-b40e-9f9b4516eaf3,12631,pueri,appendix.14.23,0,1,869,1,,
b413307f-d5c0-42a0-b40e-9f9b4516eaf3,12632,",",appendix.14.23,,4,869,,,
b413307f-d5c0-42a0-b40e-9f9b4516eaf3,12633,pulchram,appendix.14.23,0,1,869,2,,
b413307f-d5c0-42a0-b40e-9f9b4516eaf3,12634,aspiciunt,appendix.14.23,0,1,869,3,,
b413307f-d5c0-42a0-b40e-9f9b4516eaf3,12635,virginem,appendix.14.23,0,1,869,4,,
b413307f-d5c0-42a0-b40e-9f9b4516eaf3,12636,Et,appendix.14.24,0,1,869,5,,
b413307f-d5c0-42a0-b40e-9f9b4516eaf3,12637,admirantur,appendix.14.24,0,1,869,6,,
b413307f-d5c0-42a0-b40e-9f9b4516eaf3,12638,:,appendix.14.24,,4,869,,,
b413307f-d5c0-42a0-b40e-9f9b4516eaf3,12639,deinde,appendix.14.24,0,1,869,7,,
b413307f-d5c0-42a0-b40e-9f9b4516eaf3,12640,domino,appendix.14.24,0,1,869,8,,
b413307f-d5c0-42a0-b40e-9f9b4516eaf3,12641,nuntiant,appendix.14.24,0,1,869,9,,
b413307f-d5c0-42a0-b40e-9f9b4516eaf3,12642,.,appendix.14.24,,4,869,,,
b413307f-d5c0-42a0-b40e-9f9b4516eaf3,12643,Inter,appendix.14.25,0,1,870,0,,
b413307f-d5c0-42a0-b40e-9f9b4516eaf3,12644,sodales,appendix.14.25,0,1,870,1,,
b413307f-d5c0-42a0-b40e-9f9b4516eaf3,12645,ille,appendix.14.25,0,1,870,2,,
b413307f-d5c0-42a0-b40e-9f9b4516eaf3,12646,paucos,appendix.14.25,0,1,870,3,,
b413307f-d5c0-42a0-b40e-9f9b4516eaf3,12647,accubans,appendix.14.25,0,1,870,4,,
b413307f-d5c0-42a0-b40e-9f9b4516eaf3,12648,Amorem,appendix.14.26,0,1,870,5,,
b413307f-d5c0-42a0-b40e-9f9b4516eaf3,12649,crebris,appendix.14.26,0,1,870,6,,
b413307f-d5c0-42a0-b40e-9f9b4516eaf3,12650,avocabat,appendix.14.26,0,1,870,7,,
b413307f-d5c0-42a0-b40e-9f9b4516eaf3,12651,poculis,appendix.14.26,0,1,870,8,,
b413307f-d5c0-42a0-b40e-9f9b4516eaf3,12652,.,appendix.14.26,,4,870,,,
b413307f-d5c0-42a0-b40e-9f9b4516eaf3,12653,Ubi,appendix.14.27,2,1,871,0,,
b413307f-d5c0-42a0-b40e-9f9b4516eaf3,12654,nuntiatum,appendix.14.27,0,1,871,1,,
b413307f-d5c0-42a0-b40e-9f9b4516eaf3,12655,est,appendix.14.27,0,1,871,2,,
b413307f-d5c0-42a0-b40e-9f9b4516eaf3,12656,",",appendix.14.27,,4,871,,,
b413307f-d5c0-42a0-b40e-9f9b4516eaf3,12657,recreatus,appendix.14.27,0,1,871,3,,
b413307f-d5c0-42a0-b40e-9f9b4516eaf3,12658,gaudiis,appendix.14.27,0,1,871,4,,
b413307f-d5c0-42a0-b40e-9f9b4516eaf3,12659,Hortante,appendix.14.28,0,1,871,5,,
b413307f-d5c0-42a0-b40e-9f9b4516eaf3,12660,Baccho,appendix.14.28,1,1,871,6,,
b413307f-d5c0-42a0-b40e-9f9b4516eaf3,12661,et,appendix.14.28,0,1,871,7,,
b413307f-d5c0-42a0-b40e-9f9b4516eaf3,12662,Venere,appendix.14.28,1,1,871,8,,
b413307f-d5c0-42a0-b40e-9f9b4516eaf3,12663,",",appendix.14.28,,4,871,,,
b413307f-d5c0-42a0-b40e-9f9b4516eaf3,12664,dulces,appendix.14.28,0,1,871,9,,
b413307f-d5c0-42a0-b40e-9f9b4516eaf3,12665,perficit,appendix.14.28,0,1,871,10,,
b413307f-d5c0-42a0-b40e-9f9b4516eaf3,12666,Aequalitatis,appendix.14.29,0,1,871,11,,
b413307f-d5c0-42a0-b40e-9f9b4516eaf3,12667,inter,appendix.14.29,0,1,871,12,,
b413307f-d5c0-42a0-b40e-9f9b4516eaf3,12668,plausus,appendix.14.29,0,1,871,13,,
b413307f-d5c0-42a0-b40e-9f9b4516eaf3,12669,nuptias,appendix.14.29,0,1,871,14,,
b413307f-d5c0-42a0-b40e-9f9b4516eaf3,12670,.,appendix.14.29,,4,871,,,
b413307f-d5c0-42a0-b40e-9f9b4516eaf3,12671,Quaerunt,appendix.14.30,0,1,872,0,,
b413307f-d5c0-42a0-b40e-9f9b4516eaf3,12672,parentes,appendix.14.30,0,1,872,1,,
b413307f-d5c0-42a0-b40e-9f9b4516eaf3,12673,per,appendix.14.30,0,1,872,2,,
b413307f-d5c0-42a0-b40e-9f9b4516eaf3,12674,praeconem,appendix.14.30,0,1,872,3,,
b413307f-d5c0-42a0-b40e-9f9b4516eaf3,12675,filiam,appendix.14.30,0,1,872,4,,
b413307f-d5c0-42a0-b40e-9f9b4516eaf3,12676,;,appendix.14.30,,4,872,,,
b413307f-d5c0-42a0-b40e-9f9b4516eaf3,12677,Novus,appendix.14.31,0,1,872,5,,
b413307f-d5c0-42a0-b40e-9f9b4516eaf3,12678,maritus,appendix.14.31,0,1,872,6,,
b413307f-d5c0-42a0-b40e-9f9b4516eaf3,12679,coniuge,appendix.14.31,0,1,872,7,,
b413307f-d5c0-42a0-b40e-9f9b4516eaf3,12680,amissa,appendix.14.31,0,1,872,8,,
b413307f-d5c0-42a0-b40e-9f9b4516eaf3,12681,dolet,appendix.14.31,0,1,872,9,,
b413307f-d5c0-42a0-b40e-9f9b4516eaf3,12682,.,appendix.14.31,,4,872,,,
b413307f-d5c0-42a0-b40e-9f9b4516eaf3,12683,Quid,appendix.14.32,0,1,873,0,,
b413307f-d5c0-42a0-b40e-9f9b4516eaf3,12684,esset,appendix.14.32,0,1,873,1,,
b413307f-d5c0-42a0-b40e-9f9b4516eaf3,12685,actum,appendix.14.32,0,1,873,2,,
b413307f-d5c0-42a0-b40e-9f9b4516eaf3,12686,postquam,appendix.14.32,0,1,873,3,,
b413307f-d5c0-42a0-b40e-9f9b4516eaf3,12687,populo,appendix.14.32,0,1,873,4,,
b413307f-d5c0-42a0-b40e-9f9b4516eaf3,12688,innotuit,appendix.14.32,0,1,873,5,,
b413307f-d5c0-42a0-b40e-9f9b4516eaf3,12689,",",appendix.14.32,,4,873,,,
b413307f-d5c0-42a0-b40e-9f9b4516eaf3,12690,Omnes,appendix.14.33,0,1,873,6,,
b413307f-d5c0-42a0-b40e-9f9b4516eaf3,12691,favorem,appendix.14.33,0,1,873,7,,
b413307f-d5c0-42a0-b40e-9f9b4516eaf3,12692,comprobarunt,appendix.14.33,0,1,873,8,,
b413307f-d5c0-42a0-b40e-9f9b4516eaf3,12693,caelitum,appendix.14.33,0,1,873,9,,
b413307f-d5c0-42a0-b40e-9f9b4516eaf3,12694,.,appendix.14.33,,4,873,,,
b413307f-d5c0-42a0-b40e-9f9b4516eaf3,12695,Aesopus,appendix.15,1,1,874,0,,
b413307f-d5c0-42a0-b40e-9f9b4516eaf3,12696,et,appendix.15,0,1,874,1,,
b413307f-d5c0-42a0-b40e-9f9b4516eaf3,12697,domina,appendix.15,0,1,874,2,,
b413307f-d5c0-42a0-b40e-9f9b4516eaf3,12698,:,appendix.15,,4,874,,,
b413307f-d5c0-42a0-b40e-9f9b4516eaf3,12699,Quam,appendix.15,0,1,874,3,,
b413307f-d5c0-42a0-b40e-9f9b4516eaf3,12700,noceat,appendix.15,0,1,874,4,,
b413307f-d5c0-42a0-b40e-9f9b4516eaf3,12701,saepe,appendix.15,0,1,874,5,,
b413307f-d5c0-42a0-b40e-9f9b4516eaf3,12702,verum,appendix.15,0,1,874,6,,
b413307f-d5c0-42a0-b40e-9f9b4516eaf3,12703,dicere,appendix.15,0,1,874,7,,
b413307f-d5c0-42a0-b40e-9f9b4516eaf3,12704,.,appendix.15,,4,874,,,
b413307f-d5c0-42a0-b40e-9f9b4516eaf3,12705,Aesopus,appendix.15.1,1,1,875,0,,
b413307f-d5c0-42a0-b40e-9f9b4516eaf3,12706,turpi,appendix.15.1,0,1,875,1,,
b413307f-d5c0-42a0-b40e-9f9b4516eaf3,12707,cum,appendix.15.1,0,1,875,2,,
b413307f-d5c0-42a0-b40e-9f9b4516eaf3,12708,serviret,appendix.15.1,0,1,875,3,,
b413307f-d5c0-42a0-b40e-9f9b4516eaf3,12709,feminae,appendix.15.1,0,1,875,4,,
b413307f-d5c0-42a0-b40e-9f9b4516eaf3,12710,",",appendix.15.1,,4,875,,,
b413307f-d5c0-42a0-b40e-9f9b4516eaf3,12711,Quae,appendix.15.2,0,1,875,5,,
b413307f-d5c0-42a0-b40e-9f9b4516eaf3,12712,se,appendix.15.2,0,1,875,6,,
b413307f-d5c0-42a0-b40e-9f9b4516eaf3,12713,expingendo,appendix.15.2,0,1,875,7,,
b413307f-d5c0-42a0-b40e-9f9b4516eaf3,12714,totum,appendix.15.2,0,1,875,8,,
b413307f-d5c0-42a0-b40e-9f9b4516eaf3,12715,intricaret,appendix.15.2,0,1,875,9,,
b413307f-d5c0-42a0-b40e-9f9b4516eaf3,12716,diem,appendix.15.2,0,1,875,10,,
b413307f-d5c0-42a0-b40e-9f9b4516eaf3,12717,",",appendix.15.2,,4,875,,,
b413307f-d5c0-42a0-b40e-9f9b4516eaf3,12718,Vestem,appendix.15.3,0,1,875,11,,
b413307f-d5c0-42a0-b40e-9f9b4516eaf3,12719,",",appendix.15.3,,4,875,,,
b413307f-d5c0-42a0-b40e-9f9b4516eaf3,12720,uniones,appendix.15.3,0,1,875,12,,
b413307f-d5c0-42a0-b40e-9f9b4516eaf3,12721,",",appendix.15.3,,4,875,,,
b413307f-d5c0-42a0-b40e-9f9b4516eaf3,12722,aurum,appendix.15.3,0,1,875,13,,
b413307f-d5c0-42a0-b40e-9f9b4516eaf3,12723,",",appendix.15.3,,4,875,,,
b413307f-d5c0-42a0-b40e-9f9b4516eaf3,12724,argentum,appendix.15.3,0,1,875,14,,
b413307f-d5c0-42a0-b40e-9f9b4516eaf3,12725,sumeret,appendix.15.3,0,1,875,15,,
b413307f-d5c0-42a0-b40e-9f9b4516eaf3,12726,",",appendix.15.3,,4,875,,,
b413307f-d5c0-42a0-b40e-9f9b4516eaf3,12727,Nec,appendix.15.4,0,1,875,16,,
b413307f-d5c0-42a0-b40e-9f9b4516eaf3,12728,inveniret,appendix.15.4,0,1,875,17,,
b413307f-d5c0-42a0-b40e-9f9b4516eaf3,12729,digito,appendix.15.4,0,1,875,18,,
b413307f-d5c0-42a0-b40e-9f9b4516eaf3,12730,qui,appendix.15.4,0,1,875,19,,
b413307f-d5c0-42a0-b40e-9f9b4516eaf3,12731,se,appendix.15.4,0,1,875,20,,
b413307f-d5c0-42a0-b40e-9f9b4516eaf3,12732,tangeret,appendix.15.4,0,1,875,21,,
b413307f-d5c0-42a0-b40e-9f9b4516eaf3,12733,:,appendix.15.4,,4,875,,,
b413307f-d5c0-42a0-b40e-9f9b4516eaf3,12734,Licetne,appendix.15.5,0,1,875,22,,
b413307f-d5c0-42a0-b40e-9f9b4516eaf3,12735,paucis,appendix.15.5,0,1,875,23,,
b413307f-d5c0-42a0-b40e-9f9b4516eaf3,12736,?,appendix.15.5,,4,875,,,
b413307f-d5c0-42a0-b40e-9f9b4516eaf3,12737,inquit,appendix.15.5,0,1,876,0,,
b413307f-d5c0-42a0-b40e-9f9b4516eaf3,12738,—,appendix.15.5,,4,876,,,
b413307f-d5c0-42a0-b40e-9f9b4516eaf3,12739,Dicas,appendix.15.5,0,1,876,1,,
b413307f-d5c0-42a0-b40e-9f9b4516eaf3,12740,.,appendix.15.5,,4,876,,,
b413307f-d5c0-42a0-b40e-9f9b4516eaf3,12741,—,appendix.15.5,,4,877,,,
b413307f-d5c0-42a0-b40e-9f9b4516eaf3,12742,Censeo,appendix.15.5,0,1,877,0,,
b413307f-d5c0-42a0-b40e-9f9b4516eaf3,12743,",",appendix.15.5,,4,877,,,
b413307f-d5c0-42a0-b40e-9f9b4516eaf3,12744,Quidvis,appendix.15.6,0,1,877,1,,
b413307f-d5c0-42a0-b40e-9f9b4516eaf3,12745,efficies,appendix.15.6,0,1,877,2,,
b413307f-d5c0-42a0-b40e-9f9b4516eaf3,12746,",",appendix.15.6,,4,877,,,
b413307f-d5c0-42a0-b40e-9f9b4516eaf3,12747,cultum,appendix.15.6,0,1,877,3,,
b413307f-d5c0-42a0-b40e-9f9b4516eaf3,12748,si,appendix.15.6,0,1,877,4,,
b413307f-d5c0-42a0-b40e-9f9b4516eaf3,12749,deposueris,appendix.15.6,0,1,877,5,,
b413307f-d5c0-42a0-b40e-9f9b4516eaf3,12750,.,appendix.15.6,,4,877,,,
b413307f-d5c0-42a0-b40e-9f9b4516eaf3,12751,—,appendix.15.6,,4,878,,,
b413307f-d5c0-42a0-b40e-9f9b4516eaf3,12752,Adeone,appendix.15.7,0,1,878,0,,
b413307f-d5c0-42a0-b40e-9f9b4516eaf3,12753,per,appendix.15.7,0,1,878,1,,
b413307f-d5c0-42a0-b40e-9f9b4516eaf3,12754,me,appendix.15.7,0,1,878,2,,
b413307f-d5c0-42a0-b40e-9f9b4516eaf3,12755,videor,appendix.15.7,0,1,878,3,,
b413307f-d5c0-42a0-b40e-9f9b4516eaf3,12756,tibi,appendix.15.7,0,1,878,4,,
b413307f-d5c0-42a0-b40e-9f9b4516eaf3,12757,meliuscula,appendix.15.7,0,1,878,5,,
b413307f-d5c0-42a0-b40e-9f9b4516eaf3,12758,?,appendix.15.7,,4,878,,,
b413307f-d5c0-42a0-b40e-9f9b4516eaf3,12759,—,appendix.15.7,,4,879,,,
b413307f-d5c0-42a0-b40e-9f9b4516eaf3,12760,Immo,appendix.15.8,0,1,879,0,,
b413307f-d5c0-42a0-b40e-9f9b4516eaf3,12761,",",appendix.15.8,,4,879,,,
b413307f-d5c0-42a0-b40e-9f9b4516eaf3,12762,nisi,appendix.15.8,0,1,879,1,,
b413307f-d5c0-42a0-b40e-9f9b4516eaf3,12763,dederis,appendix.15.8,0,1,879,2,,
b413307f-d5c0-42a0-b40e-9f9b4516eaf3,12764,",",appendix.15.8,,4,879,,,
b413307f-d5c0-42a0-b40e-9f9b4516eaf3,12765,sponda,appendix.15.8,0,1,879,3,,
b413307f-d5c0-42a0-b40e-9f9b4516eaf3,12766,cessabit,appendix.15.8,0,1,879,4,,
b413307f-d5c0-42a0-b40e-9f9b4516eaf3,12767,tua,appendix.15.8,0,1,879,5,,
b413307f-d5c0-42a0-b40e-9f9b4516eaf3,12768,.,appendix.15.8,,4,879,,,
b413307f-d5c0-42a0-b40e-9f9b4516eaf3,12769,—,appendix.15.9,,4,880,,,
b413307f-d5c0-42a0-b40e-9f9b4516eaf3,12770,At,appendix.15.9,0,1,880,0,,
b413307f-d5c0-42a0-b40e-9f9b4516eaf3,12771,non,appendix.15.9,0,1,880,1,,
b413307f-d5c0-42a0-b40e-9f9b4516eaf3,12772,cessabunt,appendix.15.9,0,1,880,2,,
b413307f-d5c0-42a0-b40e-9f9b4516eaf3,12773,latera,appendix.15.9,0,1,880,3,,
b413307f-d5c0-42a0-b40e-9f9b4516eaf3,12774,respondit,appendix.15.9,0,1,880,4,,
b413307f-d5c0-42a0-b40e-9f9b4516eaf3,12775,tua,appendix.15.9,0,1,880,5,,
b413307f-d5c0-42a0-b40e-9f9b4516eaf3,12776,",",appendix.15.9,,4,880,,,
b413307f-d5c0-42a0-b40e-9f9b4516eaf3,12777,Et,appendix.15.10,0,1,880,6,,
b413307f-d5c0-42a0-b40e-9f9b4516eaf3,12778,obiurgari,appendix.15.10,0,1,880,7,,
b413307f-d5c0-42a0-b40e-9f9b4516eaf3,12779,iussit,appendix.15.10,0,1,880,8,,
b413307f-d5c0-42a0-b40e-9f9b4516eaf3,12780,servum,appendix.15.10,0,1,880,9,,
b413307f-d5c0-42a0-b40e-9f9b4516eaf3,12781,garrulum,appendix.15.10,0,1,880,10,,
b413307f-d5c0-42a0-b40e-9f9b4516eaf3,12782,.,appendix.15.10,,4,880,,,
b413307f-d5c0-42a0-b40e-9f9b4516eaf3,12783,Post,appendix.15.11,0,1,881,0,,
b413307f-d5c0-42a0-b40e-9f9b4516eaf3,12784,paulo,appendix.15.11,0,1,881,1,,
b413307f-d5c0-42a0-b40e-9f9b4516eaf3,12785,armillam,appendix.15.11,0,1,881,2,,
b413307f-d5c0-42a0-b40e-9f9b4516eaf3,12786,tollit,appendix.15.11,0,1,881,3,,
b413307f-d5c0-42a0-b40e-9f9b4516eaf3,12787,fur,appendix.15.11,0,1,881,4,,
b413307f-d5c0-42a0-b40e-9f9b4516eaf3,12788,argenteam,appendix.15.11,0,1,881,5,,
b413307f-d5c0-42a0-b40e-9f9b4516eaf3,12789,.,appendix.15.11,,4,881,,,
b413307f-d5c0-42a0-b40e-9f9b4516eaf3,12790,Eam,appendix.15.12,0,1,882,0,,
b413307f-d5c0-42a0-b40e-9f9b4516eaf3,12791,non,appendix.15.12,0,1,882,1,,
b413307f-d5c0-42a0-b40e-9f9b4516eaf3,12792,apparere,appendix.15.12,0,1,882,2,,
b413307f-d5c0-42a0-b40e-9f9b4516eaf3,12793,ut,appendix.15.12,0,1,882,3,,
b413307f-d5c0-42a0-b40e-9f9b4516eaf3,12794,dictum,appendix.15.12,0,1,882,4,,
b413307f-d5c0-42a0-b40e-9f9b4516eaf3,12795,est,appendix.15.12,0,1,882,5,,
b413307f-d5c0-42a0-b40e-9f9b4516eaf3,12796,mulieri,appendix.15.12,0,1,882,6,,
b413307f-d5c0-42a0-b40e-9f9b4516eaf3,12797,",",appendix.15.12,,4,882,,,
b413307f-d5c0-42a0-b40e-9f9b4516eaf3,12798,Furore,appendix.15.13,0,1,882,7,,
b413307f-d5c0-42a0-b40e-9f9b4516eaf3,12799,plena,appendix.15.13,0,1,882,8,,
b413307f-d5c0-42a0-b40e-9f9b4516eaf3,12800,vocat,appendix.15.13,0,1,882,9,,
b413307f-d5c0-42a0-b40e-9f9b4516eaf3,12801,omnes,appendix.15.13,0,1,882,10,,
b413307f-d5c0-42a0-b40e-9f9b4516eaf3,12802,et,appendix.15.13,0,1,882,11,,
b413307f-d5c0-42a0-b40e-9f9b4516eaf3,12803,verbera,appendix.15.13,0,1,882,12,,
b413307f-d5c0-42a0-b40e-9f9b4516eaf3,12804,Proponit,appendix.15.14,0,1,882,13,,
b413307f-d5c0-42a0-b40e-9f9b4516eaf3,12805,gravia,appendix.15.14,0,1,882,14,,
b413307f-d5c0-42a0-b40e-9f9b4516eaf3,12806,",",appendix.15.14,,4,882,,,
b413307f-d5c0-42a0-b40e-9f9b4516eaf3,12807,verum,appendix.15.14,0,1,882,15,,
b413307f-d5c0-42a0-b40e-9f9b4516eaf3,12808,si,appendix.15.14,0,1,882,16,,
b413307f-d5c0-42a0-b40e-9f9b4516eaf3,12809,non,appendix.15.14,0,1,882,17,,
b413307f-d5c0-42a0-b40e-9f9b4516eaf3,12810,dixerint,appendix.15.14,0,1,882,18,,
b413307f-d5c0-42a0-b40e-9f9b4516eaf3,12811,.,appendix.15.14,,4,882,,,
b413307f-d5c0-42a0-b40e-9f9b4516eaf3,12812,Aliis,appendix.15.15,2,1,883,0,,
b413307f-d5c0-42a0-b40e-9f9b4516eaf3,12813,minare,appendix.15.15,0,1,883,1,,
b413307f-d5c0-42a0-b40e-9f9b4516eaf3,12814,inquit,appendix.15.15,0,1,883,2,,
b413307f-d5c0-42a0-b40e-9f9b4516eaf3,12815,me,appendix.15.15,0,1,883,3,,
b413307f-d5c0-42a0-b40e-9f9b4516eaf3,12816,non,appendix.15.15,0,1,883,4,,
b413307f-d5c0-42a0-b40e-9f9b4516eaf3,12817,falles,appendix.15.15,0,1,883,5,,
b413307f-d5c0-42a0-b40e-9f9b4516eaf3,12818,",",appendix.15.15,,4,883,,,
b413307f-d5c0-42a0-b40e-9f9b4516eaf3,12819,era,appendix.15.15,0,1,883,6,,
b413307f-d5c0-42a0-b40e-9f9b4516eaf3,12820,;,appendix.15.15,,4,883,,,
b413307f-d5c0-42a0-b40e-9f9b4516eaf3,12821,Flagris,appendix.15.16,0,1,883,7,,
b413307f-d5c0-42a0-b40e-9f9b4516eaf3,12822,sum,appendix.15.16,0,1,883,8,,
b413307f-d5c0-42a0-b40e-9f9b4516eaf3,12823,caesus,appendix.15.16,0,1,883,9,,
b413307f-d5c0-42a0-b40e-9f9b4516eaf3,12824,",",appendix.15.16,,4,883,,,
b413307f-d5c0-42a0-b40e-9f9b4516eaf3,12825,verum,appendix.15.16,0,1,883,10,,
b413307f-d5c0-42a0-b40e-9f9b4516eaf3,12826,quia,appendix.15.16,0,1,883,11,,
b413307f-d5c0-42a0-b40e-9f9b4516eaf3,12827,dixi,appendix.15.16,0,1,883,12,,
b413307f-d5c0-42a0-b40e-9f9b4516eaf3,12828,modo,appendix.15.16,0,1,883,13,,
b413307f-d5c0-42a0-b40e-9f9b4516eaf3,12829,.,appendix.15.16,,4,883,,,
b413307f-d5c0-42a0-b40e-9f9b4516eaf3,12830,Gallus,appendix.16,2,1,884,0,,
b413307f-d5c0-42a0-b40e-9f9b4516eaf3,12831,lectica,appendix.16,0,1,884,1,,
b413307f-d5c0-42a0-b40e-9f9b4516eaf3,12832,a,appendix.16,0,1,884,2,,
b413307f-d5c0-42a0-b40e-9f9b4516eaf3,12833,felibus,appendix.16,0,1,884,3,,
b413307f-d5c0-42a0-b40e-9f9b4516eaf3,12834,vectus,appendix.16,0,1,884,4,,
b413307f-d5c0-42a0-b40e-9f9b4516eaf3,12835,:,appendix.16,,4,884,,,
b413307f-d5c0-42a0-b40e-9f9b4516eaf3,12836,Nimiam,appendix.16,0,1,884,5,,
b413307f-d5c0-42a0-b40e-9f9b4516eaf3,12837,securitatem,appendix.16,0,1,884,6,,
b413307f-d5c0-42a0-b40e-9f9b4516eaf3,12838,saepe,appendix.16,0,1,884,7,,
b413307f-d5c0-42a0-b40e-9f9b4516eaf3,12839,in,appendix.16,0,1,884,8,,
b413307f-d5c0-42a0-b40e-9f9b4516eaf3,12840,periculum,appendix.16,0,1,884,9,,
b413307f-d5c0-42a0-b40e-9f9b4516eaf3,12841,homines,appendix.16,0,1,884,10,,
b413307f-d5c0-42a0-b40e-9f9b4516eaf3,12842,ducere,appendix.16,0,1,884,11,,
b413307f-d5c0-42a0-b40e-9f9b4516eaf3,12843,.,appendix.16,,4,884,,,
b413307f-d5c0-42a0-b40e-9f9b4516eaf3,12844,Feles,appendix.16.1,0,1,885,0,,
b413307f-d5c0-42a0-b40e-9f9b4516eaf3,12845,habebat,appendix.16.1,0,1,885,1,,
b413307f-d5c0-42a0-b40e-9f9b4516eaf3,12846,gallus,appendix.16.1,0,1,885,2,,
b413307f-d5c0-42a0-b40e-9f9b4516eaf3,12847,lecticarios,appendix.16.1,0,1,885,3,,
b413307f-d5c0-42a0-b40e-9f9b4516eaf3,12848,.,appendix.16.1,,4,885,,,
b413307f-d5c0-42a0-b40e-9f9b4516eaf3,12849,Hunc,appendix.16.2,0,1,886,0,,
b413307f-d5c0-42a0-b40e-9f9b4516eaf3,12850,gloriosum,appendix.16.2,0,1,886,1,,
b413307f-d5c0-42a0-b40e-9f9b4516eaf3,12851,vulpes,appendix.16.2,0,1,886,2,,
b413307f-d5c0-42a0-b40e-9f9b4516eaf3,12852,ut,appendix.16.2,0,1,886,3,,
b413307f-d5c0-42a0-b40e-9f9b4516eaf3,12853,vidit,appendix.16.2,0,1,886,4,,
b413307f-d5c0-42a0-b40e-9f9b4516eaf3,12854,vehi,appendix.16.2,0,1,886,5,,
b413307f-d5c0-42a0-b40e-9f9b4516eaf3,12855,",",appendix.16.2,,4,886,,,
b413307f-d5c0-42a0-b40e-9f9b4516eaf3,12856,Sic,appendix.16.3,0,1,886,6,,
b413307f-d5c0-42a0-b40e-9f9b4516eaf3,12857,est,appendix.16.3,0,1,886,7,,
b413307f-d5c0-42a0-b40e-9f9b4516eaf3,12858,locuta,appendix.16.3,0,1,886,8,,
b413307f-d5c0-42a0-b40e-9f9b4516eaf3,12859,:,appendix.16.3,,4,886,,,
b413307f-d5c0-42a0-b40e-9f9b4516eaf3,12860,Moneo,appendix.16.3,0,1,886,9,,
b413307f-d5c0-42a0-b40e-9f9b4516eaf3,12861,praecaveas,appendix.16.3,0,1,886,10,,
b413307f-d5c0-42a0-b40e-9f9b4516eaf3,12862,dolum,appendix.16.3,0,1,886,11,,
b413307f-d5c0-42a0-b40e-9f9b4516eaf3,12863,;,appendix.16.3,,4,886,,,
b413307f-d5c0-42a0-b40e-9f9b4516eaf3,12864,Istorum,appendix.16.4,0,1,886,12,,
b413307f-d5c0-42a0-b40e-9f9b4516eaf3,12865,vultus,appendix.16.4,0,1,886,13,,
b413307f-d5c0-42a0-b40e-9f9b4516eaf3,12866,namque,appendix.16.4,0,1,886,14,,
b413307f-d5c0-42a0-b40e-9f9b4516eaf3,12867,si,appendix.16.4,0,1,886,15,,
b413307f-d5c0-42a0-b40e-9f9b4516eaf3,12868,consideras,appendix.16.4,0,1,886,16,,
b413307f-d5c0-42a0-b40e-9f9b4516eaf3,12869,",",appendix.16.4,,4,886,,,
b413307f-d5c0-42a0-b40e-9f9b4516eaf3,12870,Praedam,appendix.16.5,0,1,886,17,,
b413307f-d5c0-42a0-b40e-9f9b4516eaf3,12871,portare,appendix.16.5,0,1,886,18,,
b413307f-d5c0-42a0-b40e-9f9b4516eaf3,12872,iudices,appendix.16.5,0,1,886,19,,
b413307f-d5c0-42a0-b40e-9f9b4516eaf3,12873,",",appendix.16.5,,4,886,,,
b413307f-d5c0-42a0-b40e-9f9b4516eaf3,12874,non,appendix.16.5,0,1,886,20,,
b413307f-d5c0-42a0-b40e-9f9b4516eaf3,12875,sarcinam,appendix.16.5,0,1,886,21,,
b413307f-d5c0-42a0-b40e-9f9b4516eaf3,12876,.,appendix.16.5,,4,886,,,
b413307f-d5c0-42a0-b40e-9f9b4516eaf3,12877,,appendix.16.6,,6,887,,,
b413307f-d5c0-42a0-b40e-9f9b4516eaf3,12878,Postquam,appendix.16.7,0,1,887,0,,
b413307f-d5c0-42a0-b40e-9f9b4516eaf3,12879,esurire,appendix.16.7,0,1,887,1,,
b413307f-d5c0-42a0-b40e-9f9b4516eaf3,12880,coepit,appendix.16.7,0,1,887,2,,
b413307f-d5c0-42a0-b40e-9f9b4516eaf3,12881,societas,appendix.16.7,0,1,887,3,,
b413307f-d5c0-42a0-b40e-9f9b4516eaf3,12882,fera,appendix.16.7,0,1,887,4,,
b413307f-d5c0-42a0-b40e-9f9b4516eaf3,12883,",",appendix.16.7,,4,887,,,
b413307f-d5c0-42a0-b40e-9f9b4516eaf3,12884,Discerpsit,appendix.16.8,0,1,887,5,,
b413307f-d5c0-42a0-b40e-9f9b4516eaf3,12885,dominum,appendix.16.8,0,1,887,6,,
b413307f-d5c0-42a0-b40e-9f9b4516eaf3,12886,et,appendix.16.8,0,1,887,7,,
b413307f-d5c0-42a0-b40e-9f9b4516eaf3,12887,fecit,appendix.16.8,0,1,887,8,,
b413307f-d5c0-42a0-b40e-9f9b4516eaf3,12888,partes,appendix.16.8,0,1,887,9,,
b413307f-d5c0-42a0-b40e-9f9b4516eaf3,12889,facinoris,appendix.16.8,0,1,887,10,,
b413307f-d5c0-42a0-b40e-9f9b4516eaf3,12890,.,appendix.16.8,,4,887,,,
b413307f-d5c0-42a0-b40e-9f9b4516eaf3,12891,Scrofa,appendix.17,2,1,888,0,,
b413307f-d5c0-42a0-b40e-9f9b4516eaf3,12892,parturiens,appendix.17,0,1,888,1,,
b413307f-d5c0-42a0-b40e-9f9b4516eaf3,12893,et,appendix.17,0,1,888,2,,
b413307f-d5c0-42a0-b40e-9f9b4516eaf3,12894,lupus,appendix.17,0,1,888,3,,
b413307f-d5c0-42a0-b40e-9f9b4516eaf3,12895,:,appendix.17,,4,888,,,
b413307f-d5c0-42a0-b40e-9f9b4516eaf3,12896,Faciendum,appendix.17,0,1,888,4,,
b413307f-d5c0-42a0-b40e-9f9b4516eaf3,12897,prius,appendix.17,0,1,888,5,,
b413307f-d5c0-42a0-b40e-9f9b4516eaf3,12898,de,appendix.17,0,1,888,6,,
b413307f-d5c0-42a0-b40e-9f9b4516eaf3,12899,homine,appendix.17,0,1,888,7,,
b413307f-d5c0-42a0-b40e-9f9b4516eaf3,12900,periculum,appendix.17,0,1,888,8,,
b413307f-d5c0-42a0-b40e-9f9b4516eaf3,12901,",",appendix.17,,4,888,,,
b413307f-d5c0-42a0-b40e-9f9b4516eaf3,12902,quam,appendix.17,0,1,888,9,,
b413307f-d5c0-42a0-b40e-9f9b4516eaf3,12903,eius,appendix.17,0,1,888,10,,
b413307f-d5c0-42a0-b40e-9f9b4516eaf3,12904,te,appendix.17,0,1,888,11,,
b413307f-d5c0-42a0-b40e-9f9b4516eaf3,12905,committas,appendix.17,0,1,888,12,,
b413307f-d5c0-42a0-b40e-9f9b4516eaf3,12906,fidei,appendix.17,0,1,888,13,,
b413307f-d5c0-42a0-b40e-9f9b4516eaf3,12907,.,appendix.17,,4,888,,,
b413307f-d5c0-42a0-b40e-9f9b4516eaf3,12908,Premente,appendix.17.1,0,1,889,0,,
b413307f-d5c0-42a0-b40e-9f9b4516eaf3,12909,partu,appendix.17.1,0,1,889,1,,
b413307f-d5c0-42a0-b40e-9f9b4516eaf3,12910,scrofa,appendix.17.1,0,1,889,2,,
b413307f-d5c0-42a0-b40e-9f9b4516eaf3,12911,cum,appendix.17.1,0,1,889,3,,
b413307f-d5c0-42a0-b40e-9f9b4516eaf3,12912,gemeret,appendix.17.1,0,1,889,4,,
b413307f-d5c0-42a0-b40e-9f9b4516eaf3,12913,iacens,appendix.17.1,0,1,889,5,,
b413307f-d5c0-42a0-b40e-9f9b4516eaf3,12914,",",appendix.17.1,,4,889,,,
b413307f-d5c0-42a0-b40e-9f9b4516eaf3,12915,Accurrit,appendix.17.2,0,1,889,6,,
b413307f-d5c0-42a0-b40e-9f9b4516eaf3,12916,lupus,appendix.17.2,0,1,889,7,,
b413307f-d5c0-42a0-b40e-9f9b4516eaf3,12917,et,appendix.17.2,0,1,889,8,,
b413307f-d5c0-42a0-b40e-9f9b4516eaf3,12918,obstetricis,appendix.17.2,0,1,889,9,,
b413307f-d5c0-42a0-b40e-9f9b4516eaf3,12919,partibus,appendix.17.2,0,1,889,10,,
b413307f-d5c0-42a0-b40e-9f9b4516eaf3,12920,Se,appendix.17.3,0,1,889,11,,
b413307f-d5c0-42a0-b40e-9f9b4516eaf3,12921,posse,appendix.17.3,0,1,889,12,,
b413307f-d5c0-42a0-b40e-9f9b4516eaf3,12922,fungi,appendix.17.3,0,1,889,13,,
b413307f-d5c0-42a0-b40e-9f9b4516eaf3,12923,dixit,appendix.17.3,0,1,889,14,,
b413307f-d5c0-42a0-b40e-9f9b4516eaf3,12924,",",appendix.17.3,,4,889,,,
b413307f-d5c0-42a0-b40e-9f9b4516eaf3,12925,promittens,appendix.17.3,0,1,889,15,,
b413307f-d5c0-42a0-b40e-9f9b4516eaf3,12926,opem,appendix.17.3,0,1,889,16,,
b413307f-d5c0-42a0-b40e-9f9b4516eaf3,12927,.,appendix.17.3,,4,889,,,
b413307f-d5c0-42a0-b40e-9f9b4516eaf3,12928,Quae,appendix.17.4,0,1,890,0,,
b413307f-d5c0-42a0-b40e-9f9b4516eaf3,12929,vero,appendix.17.4,0,1,890,1,,
b413307f-d5c0-42a0-b40e-9f9b4516eaf3,12930,nosset,appendix.17.4,0,1,890,2,,
b413307f-d5c0-42a0-b40e-9f9b4516eaf3,12931,pectoris,appendix.17.4,0,1,890,3,,
b413307f-d5c0-42a0-b40e-9f9b4516eaf3,12932,fraudem,appendix.17.4,0,1,890,4,,
b413307f-d5c0-42a0-b40e-9f9b4516eaf3,12933,improbi,appendix.17.4,0,1,890,5,,
b413307f-d5c0-42a0-b40e-9f9b4516eaf3,12934,",",appendix.17.4,,4,890,,,
b413307f-d5c0-42a0-b40e-9f9b4516eaf3,12935,Suspectum,appendix.17.5,0,1,890,6,,
b413307f-d5c0-42a0-b40e-9f9b4516eaf3,12936,officium,appendix.17.5,0,1,890,7,,
b413307f-d5c0-42a0-b40e-9f9b4516eaf3,12937,repudiavit,appendix.17.5,0,1,890,8,,
b413307f-d5c0-42a0-b40e-9f9b4516eaf3,12938,malefici,appendix.17.5,0,1,890,9,,
b413307f-d5c0-42a0-b40e-9f9b4516eaf3,12939,Et,appendix.17.6,0,1,890,10,,
b413307f-d5c0-42a0-b40e-9f9b4516eaf3,12940,:,appendix.17.6,,4,890,,,
b413307f-d5c0-42a0-b40e-9f9b4516eaf3,12941,Satis,appendix.17.6,0,1,890,11,,
b413307f-d5c0-42a0-b40e-9f9b4516eaf3,12942,est,appendix.17.6,0,1,890,12,,
b413307f-d5c0-42a0-b40e-9f9b4516eaf3,12943,inquit,appendix.17.6,0,1,890,13,,
b413307f-d5c0-42a0-b40e-9f9b4516eaf3,12944,si,appendix.17.6,0,1,890,14,,
b413307f-d5c0-42a0-b40e-9f9b4516eaf3,12945,recedis,appendix.17.6,0,1,890,15,,
b413307f-d5c0-42a0-b40e-9f9b4516eaf3,12946,longius,appendix.17.6,0,1,890,16,,
b413307f-d5c0-42a0-b40e-9f9b4516eaf3,12947,.,appendix.17.6,,4,890,,,
b413307f-d5c0-42a0-b40e-9f9b4516eaf3,12948,Quod,appendix.17.7,0,1,891,0,,
b413307f-d5c0-42a0-b40e-9f9b4516eaf3,12949,si,appendix.17.7,0,1,891,1,,
b413307f-d5c0-42a0-b40e-9f9b4516eaf3,12950,perfidiae,appendix.17.7,0,1,891,2,,
b413307f-d5c0-42a0-b40e-9f9b4516eaf3,12951,se,appendix.17.7,0,1,891,3,,
b413307f-d5c0-42a0-b40e-9f9b4516eaf3,12952,commisisset,appendix.17.7,0,1,891,4,,
b413307f-d5c0-42a0-b40e-9f9b4516eaf3,12953,lupi,appendix.17.7,0,1,891,5,,
b413307f-d5c0-42a0-b40e-9f9b4516eaf3,12954,",",appendix.17.7,,4,891,,,
b413307f-d5c0-42a0-b40e-9f9b4516eaf3,12955,Pari,appendix.17.8,2,1,891,6,,
b413307f-d5c0-42a0-b40e-9f9b4516eaf3,12956,dolore,appendix.17.8,0,1,891,7,,
b413307f-d5c0-42a0-b40e-9f9b4516eaf3,12957,fata,appendix.17.8,0,1,891,8,,
b413307f-d5c0-42a0-b40e-9f9b4516eaf3,12958,deflesset,appendix.17.8,0,1,891,9,,
b413307f-d5c0-42a0-b40e-9f9b4516eaf3,12959,sua,appendix.17.8,0,1,891,10,,
b413307f-d5c0-42a0-b40e-9f9b4516eaf3,12960,.,appendix.17.8,,4,891,,,
b413307f-d5c0-42a0-b40e-9f9b4516eaf3,12961,Aesopus,appendix.18,1,1,892,0,,
b413307f-d5c0-42a0-b40e-9f9b4516eaf3,12962,et,appendix.18,0,1,892,1,,
b413307f-d5c0-42a0-b40e-9f9b4516eaf3,12963,servus,appendix.18,0,1,892,2,,
b413307f-d5c0-42a0-b40e-9f9b4516eaf3,12964,profugus,appendix.18,0,1,892,3,,
b413307f-d5c0-42a0-b40e-9f9b4516eaf3,12965,:,appendix.18,,4,892,,,
b413307f-d5c0-42a0-b40e-9f9b4516eaf3,12966,Non,appendix.18,0,1,892,4,,
b413307f-d5c0-42a0-b40e-9f9b4516eaf3,12967,esse,appendix.18,0,1,892,5,,
b413307f-d5c0-42a0-b40e-9f9b4516eaf3,12968,malo,appendix.18,0,1,892,6,,
b413307f-d5c0-42a0-b40e-9f9b4516eaf3,12969,addendum,appendix.18,0,1,892,7,,
b413307f-d5c0-42a0-b40e-9f9b4516eaf3,12970,malum,appendix.18,0,1,892,8,,
b413307f-d5c0-42a0-b40e-9f9b4516eaf3,12971,.,appendix.18,,4,892,,,
b413307f-d5c0-42a0-b40e-9f9b4516eaf3,12972,Servus,appendix.18.1,0,1,893,0,,
b413307f-d5c0-42a0-b40e-9f9b4516eaf3,12973,profugiens,appendix.18.1,0,1,893,1,,
b413307f-d5c0-42a0-b40e-9f9b4516eaf3,12974,dominum,appendix.18.1,0,1,893,2,,
b413307f-d5c0-42a0-b40e-9f9b4516eaf3,12975,naturae,appendix.18.1,0,1,893,3,,
b413307f-d5c0-42a0-b40e-9f9b4516eaf3,12976,asperae,appendix.18.1,0,1,893,4,,
b413307f-d5c0-42a0-b40e-9f9b4516eaf3,12977,",",appendix.18.1,,4,893,,,
b413307f-d5c0-42a0-b40e-9f9b4516eaf3,12978,Aesopo,appendix.18.2,1,1,893,5,,
b413307f-d5c0-42a0-b40e-9f9b4516eaf3,12979,occurrit,appendix.18.2,0,1,893,6,,
b413307f-d5c0-42a0-b40e-9f9b4516eaf3,12980,notus,appendix.18.2,0,1,893,7,,
b413307f-d5c0-42a0-b40e-9f9b4516eaf3,12981,e,appendix.18.2,0,1,893,8,,
b413307f-d5c0-42a0-b40e-9f9b4516eaf3,12982,vicinia,appendix.18.2,0,1,893,9,,
b413307f-d5c0-42a0-b40e-9f9b4516eaf3,12983,.,appendix.18.2,,4,893,,,
b413307f-d5c0-42a0-b40e-9f9b4516eaf3,12984,Quid,appendix.18.3,0,1,894,0,,
b413307f-d5c0-42a0-b40e-9f9b4516eaf3,12985,tu,appendix.18.3,0,1,894,1,,
b413307f-d5c0-42a0-b40e-9f9b4516eaf3,12986,confusus,appendix.18.3,0,1,894,2,,
b413307f-d5c0-42a0-b40e-9f9b4516eaf3,12987,?,appendix.18.3,,4,894,,,
b413307f-d5c0-42a0-b40e-9f9b4516eaf3,12988,—,appendix.18.3,,4,895,,,
b413307f-d5c0-42a0-b40e-9f9b4516eaf3,12989,Dicam,appendix.18.3,0,1,895,0,,
b413307f-d5c0-42a0-b40e-9f9b4516eaf3,12990,tibi,appendix.18.3,0,1,895,1,,
b413307f-d5c0-42a0-b40e-9f9b4516eaf3,12991,clare,appendix.18.3,0,1,895,2,,
b413307f-d5c0-42a0-b40e-9f9b4516eaf3,12992,",",appendix.18.3,,4,895,,,
b413307f-d5c0-42a0-b40e-9f9b4516eaf3,12993,pater,appendix.18.3,0,1,895,3,,
b413307f-d5c0-42a0-b40e-9f9b4516eaf3,12994,",",appendix.18.3,,4,895,,,
b413307f-d5c0-42a0-b40e-9f9b4516eaf3,12995,Hoc,appendix.18.4,0,1,895,4,,
b413307f-d5c0-42a0-b40e-9f9b4516eaf3,12996,namque,appendix.18.4,0,1,895,5,,
b413307f-d5c0-42a0-b40e-9f9b4516eaf3,12997,es,appendix.18.4,0,1,895,6,,
b413307f-d5c0-42a0-b40e-9f9b4516eaf3,12998,dignus,appendix.18.4,0,1,895,7,,
b413307f-d5c0-42a0-b40e-9f9b4516eaf3,12999,appellari,appendix.18.4,0,1,895,8,,
b413307f-d5c0-42a0-b40e-9f9b4516eaf3,13000,nomine,appendix.18.4,0,1,895,9,,
b413307f-d5c0-42a0-b40e-9f9b4516eaf3,13001,",",appendix.18.4,,4,895,,,
b413307f-d5c0-42a0-b40e-9f9b4516eaf3,13002,Tuto,appendix.18.5,0,1,895,10,,
b413307f-d5c0-42a0-b40e-9f9b4516eaf3,13003,querela,appendix.18.5,0,1,895,11,,
b413307f-d5c0-42a0-b40e-9f9b4516eaf3,13004,quia,appendix.18.5,0,1,895,12,,
b413307f-d5c0-42a0-b40e-9f9b4516eaf3,13005,apud,appendix.18.5,0,1,895,13,,
b413307f-d5c0-42a0-b40e-9f9b4516eaf3,13006,te,appendix.18.5,0,1,895,14,,
b413307f-d5c0-42a0-b40e-9f9b4516eaf3,13007,deponitur,appendix.18.5,0,1,895,15,,
b413307f-d5c0-42a0-b40e-9f9b4516eaf3,13008,.,appendix.18.5,,4,895,,,
b413307f-d5c0-42a0-b40e-9f9b4516eaf3,13009,Plagae,appendix.18.6,0,1,896,0,,
b413307f-d5c0-42a0-b40e-9f9b4516eaf3,13010,supersunt,appendix.18.6,0,1,896,1,,
b413307f-d5c0-42a0-b40e-9f9b4516eaf3,13011,",",appendix.18.6,,4,896,,,
b413307f-d5c0-42a0-b40e-9f9b4516eaf3,13012,desunt,appendix.18.6,0,1,896,2,,
b413307f-d5c0-42a0-b40e-9f9b4516eaf3,13013,mihi,appendix.18.6,0,1,896,3,,
b413307f-d5c0-42a0-b40e-9f9b4516eaf3,13014,cibaria,appendix.18.6,0,1,896,4,,
b413307f-d5c0-42a0-b40e-9f9b4516eaf3,13015,;,appendix.18.6,,4,896,,,
b413307f-d5c0-42a0-b40e-9f9b4516eaf3,13016,Subinde,appendix.18.7,0,1,896,5,,
b413307f-d5c0-42a0-b40e-9f9b4516eaf3,13017,ad,appendix.18.7,0,1,896,6,,
b413307f-d5c0-42a0-b40e-9f9b4516eaf3,13018,villam,appendix.18.7,0,1,896,7,,
b413307f-d5c0-42a0-b40e-9f9b4516eaf3,13019,mittor,appendix.18.7,0,1,896,8,,
b413307f-d5c0-42a0-b40e-9f9b4516eaf3,13020,sine,appendix.18.7,0,1,896,9,,
b413307f-d5c0-42a0-b40e-9f9b4516eaf3,13021,viatico,appendix.18.7,0,1,896,10,,
b413307f-d5c0-42a0-b40e-9f9b4516eaf3,13022,.,appendix.18.7,,4,896,,,
b413307f-d5c0-42a0-b40e-9f9b4516eaf3,13023,Domi,appendix.18.8,0,1,897,0,,
b413307f-d5c0-42a0-b40e-9f9b4516eaf3,13024,si,appendix.18.8,0,1,897,1,,
b413307f-d5c0-42a0-b40e-9f9b4516eaf3,13025,cenat,appendix.18.8,0,1,897,2,,
b413307f-d5c0-42a0-b40e-9f9b4516eaf3,13026,",",appendix.18.8,,4,897,,,
b413307f-d5c0-42a0-b40e-9f9b4516eaf3,13027,totis,appendix.18.8,0,1,897,3,,
b413307f-d5c0-42a0-b40e-9f9b4516eaf3,13028,persto,appendix.18.8,0,1,897,4,,
b413307f-d5c0-42a0-b40e-9f9b4516eaf3,13029,noctibus,appendix.18.8,0,1,897,5,,
b413307f-d5c0-42a0-b40e-9f9b4516eaf3,13030,",",appendix.18.8,,4,897,,,
b413307f-d5c0-42a0-b40e-9f9b4516eaf3,13031,Sive,appendix.18.9,0,1,897,6,,
b413307f-d5c0-42a0-b40e-9f9b4516eaf3,13032,est,appendix.18.9,0,1,897,7,,
b413307f-d5c0-42a0-b40e-9f9b4516eaf3,13033,vocatus,appendix.18.9,0,1,897,8,,
b413307f-d5c0-42a0-b40e-9f9b4516eaf3,13034,",",appendix.18.9,,4,897,,,
b413307f-d5c0-42a0-b40e-9f9b4516eaf3,13035,iaceo,appendix.18.9,0,1,897,9,,
b413307f-d5c0-42a0-b40e-9f9b4516eaf3,13036,ad,appendix.18.9,0,1,897,10,,
b413307f-d5c0-42a0-b40e-9f9b4516eaf3,13037,lucem,appendix.18.9,0,1,897,11,,
b413307f-d5c0-42a0-b40e-9f9b4516eaf3,13038,in,appendix.18.9,0,1,897,12,,
b413307f-d5c0-42a0-b40e-9f9b4516eaf3,13039,semita,appendix.18.9,0,1,897,13,,
b413307f-d5c0-42a0-b40e-9f9b4516eaf3,13040,.,appendix.18.9,,4,897,,,
b413307f-d5c0-42a0-b40e-9f9b4516eaf3,13041,Emerui,appendix.18.10,0,1,898,0,,
b413307f-d5c0-42a0-b40e-9f9b4516eaf3,13042,libertatem,appendix.18.10,0,1,898,1,,
b413307f-d5c0-42a0-b40e-9f9b4516eaf3,13043,",",appendix.18.10,,4,898,,,
b413307f-d5c0-42a0-b40e-9f9b4516eaf3,13044,canus,appendix.18.10,0,1,898,2,,
b413307f-d5c0-42a0-b40e-9f9b4516eaf3,13045,servio,appendix.18.10,0,1,898,3,,
b413307f-d5c0-42a0-b40e-9f9b4516eaf3,13046,.,appendix.18.10,,4,898,,,
b413307f-d5c0-42a0-b40e-9f9b4516eaf3,13047,Ullius,appendix.18.11,0,1,899,0,,
b413307f-d5c0-42a0-b40e-9f9b4516eaf3,13048,essem,appendix.18.11,0,1,899,1,,
b413307f-d5c0-42a0-b40e-9f9b4516eaf3,13049,culpae,appendix.18.11,0,1,899,2,,
b413307f-d5c0-42a0-b40e-9f9b4516eaf3,13050,mihi,appendix.18.11,0,1,899,3,,
b413307f-d5c0-42a0-b40e-9f9b4516eaf3,13051,si,appendix.18.11,0,1,899,4,,
b413307f-d5c0-42a0-b40e-9f9b4516eaf3,13052,conscius,appendix.18.11,0,1,899,5,,
b413307f-d5c0-42a0-b40e-9f9b4516eaf3,13053,",",appendix.18.11,,4,899,,,
b413307f-d5c0-42a0-b40e-9f9b4516eaf3,13054,Aequo,appendix.18.12,0,1,899,6,,
b413307f-d5c0-42a0-b40e-9f9b4516eaf3,13055,animo,appendix.18.12,0,1,899,7,,
b413307f-d5c0-42a0-b40e-9f9b4516eaf3,13056,ferrem,appendix.18.12,0,1,899,8,,
b413307f-d5c0-42a0-b40e-9f9b4516eaf3,13057,;,appendix.18.12,,4,899,,,
b413307f-d5c0-42a0-b40e-9f9b4516eaf3,13058,numquam,appendix.18.12,0,1,899,9,,
b413307f-d5c0-42a0-b40e-9f9b4516eaf3,13059,sum,appendix.18.12,0,1,899,10,,
b413307f-d5c0-42a0-b40e-9f9b4516eaf3,13060,factus,appendix.18.12,0,1,899,11,,
b413307f-d5c0-42a0-b40e-9f9b4516eaf3,13061,satur,appendix.18.12,0,1,899,12,,
b413307f-d5c0-42a0-b40e-9f9b4516eaf3,13062,Et,appendix.18.13,0,1,899,13,,
b413307f-d5c0-42a0-b40e-9f9b4516eaf3,13063,super,appendix.18.13,0,1,899,14,,
b413307f-d5c0-42a0-b40e-9f9b4516eaf3,13064,infelix,appendix.18.13,0,1,899,15,,
b413307f-d5c0-42a0-b40e-9f9b4516eaf3,13065,saevum,appendix.18.13,0,1,899,16,,
b413307f-d5c0-42a0-b40e-9f9b4516eaf3,13066,patior,appendix.18.13,0,1,899,17,,
b413307f-d5c0-42a0-b40e-9f9b4516eaf3,13067,dominium,appendix.18.13,0,1,899,18,,
b413307f-d5c0-42a0-b40e-9f9b4516eaf3,13068,.,appendix.18.13,,4,899,,,
b413307f-d5c0-42a0-b40e-9f9b4516eaf3,13069,Has,appendix.18.14,0,1,900,0,,
b413307f-d5c0-42a0-b40e-9f9b4516eaf3,13070,propter,appendix.18.14,0,1,900,1,,
b413307f-d5c0-42a0-b40e-9f9b4516eaf3,13071,causas,appendix.18.14,0,1,900,2,,
b413307f-d5c0-42a0-b40e-9f9b4516eaf3,13072,et,appendix.18.14,0,1,900,3,,
b413307f-d5c0-42a0-b40e-9f9b4516eaf3,13073,quas,appendix.18.14,0,1,900,4,,
b413307f-d5c0-42a0-b40e-9f9b4516eaf3,13074,longum,appendix.18.14,0,1,900,5,,
b413307f-d5c0-42a0-b40e-9f9b4516eaf3,13075,est,appendix.18.14,0,1,900,6,,
b413307f-d5c0-42a0-b40e-9f9b4516eaf3,13076,promere,appendix.18.14,0,1,900,7,,
b413307f-d5c0-42a0-b40e-9f9b4516eaf3,13077,",",appendix.18.14,,4,900,,,
b413307f-d5c0-42a0-b40e-9f9b4516eaf3,13078,Abire,appendix.18.15,0,1,900,8,,
b413307f-d5c0-42a0-b40e-9f9b4516eaf3,13079,destinavi,appendix.18.15,0,1,900,9,,
b413307f-d5c0-42a0-b40e-9f9b4516eaf3,13080,quo,appendix.18.15,0,1,900,10,,
b413307f-d5c0-42a0-b40e-9f9b4516eaf3,13081,tulerint,appendix.18.15,0,1,900,11,,
b413307f-d5c0-42a0-b40e-9f9b4516eaf3,13082,pedes,appendix.18.15,0,1,900,12,,
b413307f-d5c0-42a0-b40e-9f9b4516eaf3,13083,.,appendix.18.15,,4,900,,,
b413307f-d5c0-42a0-b40e-9f9b4516eaf3,13084,Ergo,appendix.18.16,0,1,901,0,,
b413307f-d5c0-42a0-b40e-9f9b4516eaf3,13085,inquit,appendix.18.16,0,1,901,1,,
b413307f-d5c0-42a0-b40e-9f9b4516eaf3,13086,audi,appendix.18.16,0,1,901,2,,
b413307f-d5c0-42a0-b40e-9f9b4516eaf3,13087,:,appendix.18.16,,4,901,,,
b413307f-d5c0-42a0-b40e-9f9b4516eaf3,13088,cum,appendix.18.16,0,1,901,3,,
b413307f-d5c0-42a0-b40e-9f9b4516eaf3,13089,mali,appendix.18.16,0,1,901,4,,
b413307f-d5c0-42a0-b40e-9f9b4516eaf3,13090,nil,appendix.18.16,0,1,901,5,,
b413307f-d5c0-42a0-b40e-9f9b4516eaf3,13091,feceris,appendix.18.16,0,1,901,6,,
b413307f-d5c0-42a0-b40e-9f9b4516eaf3,13092,",",appendix.18.16,,4,901,,,
b413307f-d5c0-42a0-b40e-9f9b4516eaf3,13093,Haec,appendix.18.17,0,1,901,7,,
b413307f-d5c0-42a0-b40e-9f9b4516eaf3,13094,experiris,appendix.18.17,0,1,901,8,,
b413307f-d5c0-42a0-b40e-9f9b4516eaf3,13095,",",appendix.18.17,,4,901,,,
b413307f-d5c0-42a0-b40e-9f9b4516eaf3,13096,ut,appendix.18.17,0,1,901,9,,
b413307f-d5c0-42a0-b40e-9f9b4516eaf3,13097,refers,appendix.18.17,0,1,901,10,,
b413307f-d5c0-42a0-b40e-9f9b4516eaf3,13098,",",appendix.18.17,,4,901,,,
b413307f-d5c0-42a0-b40e-9f9b4516eaf3,13099,incommoda,appendix.18.17,0,1,901,11,,
b413307f-d5c0-42a0-b40e-9f9b4516eaf3,13100,;,appendix.18.17,,4,901,,,
b413307f-d5c0-42a0-b40e-9f9b4516eaf3,13101,Quid,appendix.18.18,0,1,901,12,,
b413307f-d5c0-42a0-b40e-9f9b4516eaf3,13102,si,appendix.18.18,0,1,901,13,,
b413307f-d5c0-42a0-b40e-9f9b4516eaf3,13103,peccaris,appendix.18.18,0,1,901,14,,
b413307f-d5c0-42a0-b40e-9f9b4516eaf3,13104,?,appendix.18.18,,4,901,,,
b413307f-d5c0-42a0-b40e-9f9b4516eaf3,13105,quae,appendix.18.18,0,1,902,0,,
b413307f-d5c0-42a0-b40e-9f9b4516eaf3,13106,te,appendix.18.18,0,1,902,1,,
b413307f-d5c0-42a0-b40e-9f9b4516eaf3,13107,passurum,appendix.18.18,0,1,902,2,,
b413307f-d5c0-42a0-b40e-9f9b4516eaf3,13108,putas,appendix.18.18,0,1,902,3,,
b413307f-d5c0-42a0-b40e-9f9b4516eaf3,13109,?,appendix.18.18,,4,902,,,
b413307f-d5c0-42a0-b40e-9f9b4516eaf3,13110,Tali,appendix.18.19,0,1,903,0,,
b413307f-d5c0-42a0-b40e-9f9b4516eaf3,13111,consilio,appendix.18.19,0,1,903,1,,
b413307f-d5c0-42a0-b40e-9f9b4516eaf3,13112,est,appendix.18.19,0,1,903,2,,
b413307f-d5c0-42a0-b40e-9f9b4516eaf3,13113,a,appendix.18.19,0,1,903,3,,
b413307f-d5c0-42a0-b40e-9f9b4516eaf3,13114,fuga,appendix.18.19,0,1,903,4,,
b413307f-d5c0-42a0-b40e-9f9b4516eaf3,13115,deterritus,appendix.18.19,0,1,903,5,,
b413307f-d5c0-42a0-b40e-9f9b4516eaf3,13116,.,appendix.18.19,,4,903,,,
b413307f-d5c0-42a0-b40e-9f9b4516eaf3,13117,Equus,appendix.19,0,1,904,0,,
b413307f-d5c0-42a0-b40e-9f9b4516eaf3,13118,quadrigalis,appendix.19,0,1,904,1,,
b413307f-d5c0-42a0-b40e-9f9b4516eaf3,13119,in,appendix.19,0,1,904,2,,
b413307f-d5c0-42a0-b40e-9f9b4516eaf3,13120,pistrinum,appendix.19,0,1,904,3,,
b413307f-d5c0-42a0-b40e-9f9b4516eaf3,13121,venumdatus,appendix.19,0,1,904,4,,
b413307f-d5c0-42a0-b40e-9f9b4516eaf3,13122,:,appendix.19,,4,904,,,
b413307f-d5c0-42a0-b40e-9f9b4516eaf3,13123,Ferendum,appendix.19,0,1,904,5,,
b413307f-d5c0-42a0-b40e-9f9b4516eaf3,13124,esse,appendix.19,0,1,904,6,,
b413307f-d5c0-42a0-b40e-9f9b4516eaf3,13125,aequo,appendix.19,0,1,904,7,,
b413307f-d5c0-42a0-b40e-9f9b4516eaf3,13126,animo,appendix.19,0,1,904,8,,
b413307f-d5c0-42a0-b40e-9f9b4516eaf3,13127,quicquid,appendix.19,0,1,904,9,,
b413307f-d5c0-42a0-b40e-9f9b4516eaf3,13128,acciderit,appendix.19,0,1,904,10,,
b413307f-d5c0-42a0-b40e-9f9b4516eaf3,13129,.,appendix.19,,4,904,,,
b413307f-d5c0-42a0-b40e-9f9b4516eaf3,13130,Equum,appendix.19.1,0,1,905,0,,
b413307f-d5c0-42a0-b40e-9f9b4516eaf3,13131,ex,appendix.19.1,0,1,905,1,,
b413307f-d5c0-42a0-b40e-9f9b4516eaf3,13132,quadriga,appendix.19.1,0,1,905,2,,
b413307f-d5c0-42a0-b40e-9f9b4516eaf3,13133,multis,appendix.19.1,0,1,905,3,,
b413307f-d5c0-42a0-b40e-9f9b4516eaf3,13134,palmis,appendix.19.1,0,1,905,4,,
b413307f-d5c0-42a0-b40e-9f9b4516eaf3,13135,nobilem,appendix.19.1,0,1,905,5,,
b413307f-d5c0-42a0-b40e-9f9b4516eaf3,13136,Abegit,appendix.19.2,0,1,905,6,,
b413307f-d5c0-42a0-b40e-9f9b4516eaf3,13137,quidam,appendix.19.2,0,1,905,7,,
b413307f-d5c0-42a0-b40e-9f9b4516eaf3,13138,et,appendix.19.2,0,1,905,8,,
b413307f-d5c0-42a0-b40e-9f9b4516eaf3,13139,in,appendix.19.2,0,1,905,9,,
b413307f-d5c0-42a0-b40e-9f9b4516eaf3,13140,pistrinum,appendix.19.2,0,1,905,10,,
b413307f-d5c0-42a0-b40e-9f9b4516eaf3,13141,vendidit,appendix.19.2,0,1,905,11,,
b413307f-d5c0-42a0-b40e-9f9b4516eaf3,13142,.,appendix.19.2,,4,905,,,
b413307f-d5c0-42a0-b40e-9f9b4516eaf3,13143,Productus,appendix.19.3,0,1,906,0,,
b413307f-d5c0-42a0-b40e-9f9b4516eaf3,13144,ad,appendix.19.3,0,1,906,1,,
b413307f-d5c0-42a0-b40e-9f9b4516eaf3,13145,bibendum,appendix.19.3,0,1,906,2,,
b413307f-d5c0-42a0-b40e-9f9b4516eaf3,13146,cum,appendix.19.3,0,1,906,3,,
b413307f-d5c0-42a0-b40e-9f9b4516eaf3,13147,foret,appendix.19.3,0,1,906,4,,
b413307f-d5c0-42a0-b40e-9f9b4516eaf3,13148,a,appendix.19.3,0,1,906,5,,
b413307f-d5c0-42a0-b40e-9f9b4516eaf3,13149,molis,appendix.19.3,0,1,906,6,,
b413307f-d5c0-42a0-b40e-9f9b4516eaf3,13150,",",appendix.19.3,,4,906,,,
b413307f-d5c0-42a0-b40e-9f9b4516eaf3,13151,In,appendix.19.4,0,1,906,7,,
b413307f-d5c0-42a0-b40e-9f9b4516eaf3,13152,circum,appendix.19.4,0,1,906,8,,
b413307f-d5c0-42a0-b40e-9f9b4516eaf3,13153,aequales,appendix.19.4,0,1,906,9,,
b413307f-d5c0-42a0-b40e-9f9b4516eaf3,13154,ire,appendix.19.4,0,1,906,10,,
b413307f-d5c0-42a0-b40e-9f9b4516eaf3,13155,conspexit,appendix.19.4,0,1,906,11,,
b413307f-d5c0-42a0-b40e-9f9b4516eaf3,13156,suos,appendix.19.4,0,1,906,12,,
b413307f-d5c0-42a0-b40e-9f9b4516eaf3,13157,",",appendix.19.4,,4,906,,,
b413307f-d5c0-42a0-b40e-9f9b4516eaf3,13158,Ut,appendix.19.5,0,1,906,13,,
b413307f-d5c0-42a0-b40e-9f9b4516eaf3,13159,grata,appendix.19.5,0,1,906,14,,
b413307f-d5c0-42a0-b40e-9f9b4516eaf3,13160,ludis,appendix.19.5,0,1,906,15,,
b413307f-d5c0-42a0-b40e-9f9b4516eaf3,13161,redderent,appendix.19.5,0,1,906,16,,
b413307f-d5c0-42a0-b40e-9f9b4516eaf3,13162,certamina,appendix.19.5,0,1,906,17,,
b413307f-d5c0-42a0-b40e-9f9b4516eaf3,13163,.,appendix.19.5,,4,906,,,
b413307f-d5c0-42a0-b40e-9f9b4516eaf3,13164,Lacrimis,appendix.19.6,0,1,907,0,,
b413307f-d5c0-42a0-b40e-9f9b4516eaf3,13165,obortis,appendix.19.6,0,1,907,1,,
b413307f-d5c0-42a0-b40e-9f9b4516eaf3,13166,:,appendix.19.6,,4,907,,,
b413307f-d5c0-42a0-b40e-9f9b4516eaf3,13167,Ite,appendix.19.6,0,1,907,2,,
b413307f-d5c0-42a0-b40e-9f9b4516eaf3,13168,felices,appendix.19.6,0,1,907,3,,
b413307f-d5c0-42a0-b40e-9f9b4516eaf3,13169,ait,appendix.19.6,0,1,907,4,,
b413307f-d5c0-42a0-b40e-9f9b4516eaf3,13170,;,appendix.19.6,,4,907,,,
b413307f-d5c0-42a0-b40e-9f9b4516eaf3,13171,Celebrate,appendix.19.7,0,1,907,5,,
b413307f-d5c0-42a0-b40e-9f9b4516eaf3,13172,sine,appendix.19.7,0,1,907,6,,
b413307f-d5c0-42a0-b40e-9f9b4516eaf3,13173,me,appendix.19.7,0,1,907,7,,
b413307f-d5c0-42a0-b40e-9f9b4516eaf3,13174,cursu,appendix.19.7,0,1,907,8,,
b413307f-d5c0-42a0-b40e-9f9b4516eaf3,13175,sollemnem,appendix.19.7,0,1,907,9,,
b413307f-d5c0-42a0-b40e-9f9b4516eaf3,13176,diem,appendix.19.7,0,1,907,10,,
b413307f-d5c0-42a0-b40e-9f9b4516eaf3,13177,;,appendix.19.7,,4,907,,,
b413307f-d5c0-42a0-b40e-9f9b4516eaf3,13178,Ego,appendix.19.8,0,1,907,11,,
b413307f-d5c0-42a0-b40e-9f9b4516eaf3,13179,quo,appendix.19.8,0,1,907,12,,
b413307f-d5c0-42a0-b40e-9f9b4516eaf3,13180,scelesta,appendix.19.8,0,1,907,13,,
b413307f-d5c0-42a0-b40e-9f9b4516eaf3,13181,furis,appendix.19.8,0,1,907,14,,
b413307f-d5c0-42a0-b40e-9f9b4516eaf3,13182,attraxit,appendix.19.8,0,1,907,15,,
b413307f-d5c0-42a0-b40e-9f9b4516eaf3,13183,manus,appendix.19.8,0,1,907,16,,
b413307f-d5c0-42a0-b40e-9f9b4516eaf3,13184,",",appendix.19.8,,4,907,,,
b413307f-d5c0-42a0-b40e-9f9b4516eaf3,13185,Ibi,appendix.19.9,0,1,907,17,,
b413307f-d5c0-42a0-b40e-9f9b4516eaf3,13186,sorte,appendix.19.9,0,1,907,18,,
b413307f-d5c0-42a0-b40e-9f9b4516eaf3,13187,tristi,appendix.19.9,0,1,907,19,,
b413307f-d5c0-42a0-b40e-9f9b4516eaf3,13188,fata,appendix.19.9,0,1,907,20,,
b413307f-d5c0-42a0-b40e-9f9b4516eaf3,13189,deflebo,appendix.19.9,0,1,907,21,,
b413307f-d5c0-42a0-b40e-9f9b4516eaf3,13190,mea,appendix.19.9,0,1,907,22,,
b413307f-d5c0-42a0-b40e-9f9b4516eaf3,13191,.,appendix.19.9,,4,907,,,
b413307f-d5c0-42a0-b40e-9f9b4516eaf3,13192,Ursus,appendix.20,0,1,908,0,,
b413307f-d5c0-42a0-b40e-9f9b4516eaf3,13193,esuriens,appendix.20,0,1,908,1,,
b413307f-d5c0-42a0-b40e-9f9b4516eaf3,13194,.,appendix.20,,4,908,,,
b413307f-d5c0-42a0-b40e-9f9b4516eaf3,13195,Si,appendix.20.1,0,1,909,0,,
b413307f-d5c0-42a0-b40e-9f9b4516eaf3,13196,quando,appendix.20.1,0,1,909,1,,
b413307f-d5c0-42a0-b40e-9f9b4516eaf3,13197,in,appendix.20.1,0,1,909,2,,
b413307f-d5c0-42a0-b40e-9f9b4516eaf3,13198,silvis,appendix.20.1,0,1,909,3,,
b413307f-d5c0-42a0-b40e-9f9b4516eaf3,13199,urso,appendix.20.1,0,1,909,4,,
b413307f-d5c0-42a0-b40e-9f9b4516eaf3,13200,desunt,appendix.20.1,0,1,909,5,,
b413307f-d5c0-42a0-b40e-9f9b4516eaf3,13201,copiae,appendix.20.1,0,1,909,6,,
b413307f-d5c0-42a0-b40e-9f9b4516eaf3,13202,",",appendix.20.1,,4,909,,,
b413307f-d5c0-42a0-b40e-9f9b4516eaf3,13203,Scopulosum,appendix.20.2,0,1,909,7,,
b413307f-d5c0-42a0-b40e-9f9b4516eaf3,13204,ad,appendix.20.2,0,1,909,8,,
b413307f-d5c0-42a0-b40e-9f9b4516eaf3,13205,littus,appendix.20.2,0,1,909,9,,
b413307f-d5c0-42a0-b40e-9f9b4516eaf3,13206,currit,appendix.20.2,0,1,909,10,,
b413307f-d5c0-42a0-b40e-9f9b4516eaf3,13207,et,appendix.20.2,0,1,909,11,,
b413307f-d5c0-42a0-b40e-9f9b4516eaf3,13208,prendens,appendix.20.2,0,1,909,12,,
b413307f-d5c0-42a0-b40e-9f9b4516eaf3,13209,petram,appendix.20.2,0,1,909,13,,
b413307f-d5c0-42a0-b40e-9f9b4516eaf3,13210,Pilosa,appendix.20.3,0,1,909,14,,
b413307f-d5c0-42a0-b40e-9f9b4516eaf3,13211,crura,appendix.20.3,0,1,909,15,,
b413307f-d5c0-42a0-b40e-9f9b4516eaf3,13212,sensim,appendix.20.3,0,1,909,16,,
b413307f-d5c0-42a0-b40e-9f9b4516eaf3,13213,demittit,appendix.20.3,0,1,909,17,,
b413307f-d5c0-42a0-b40e-9f9b4516eaf3,13214,vado,appendix.20.3,0,1,909,18,,
b413307f-d5c0-42a0-b40e-9f9b4516eaf3,13215,;,appendix.20.3,,4,909,,,
b413307f-d5c0-42a0-b40e-9f9b4516eaf3,13216,Quorum,appendix.20.4,0,1,909,19,,
b413307f-d5c0-42a0-b40e-9f9b4516eaf3,13217,inter,appendix.20.4,0,1,909,20,,
b413307f-d5c0-42a0-b40e-9f9b4516eaf3,13218,villos,appendix.20.4,0,1,909,21,,
b413307f-d5c0-42a0-b40e-9f9b4516eaf3,13219,simul,appendix.20.4,0,1,909,22,,
b413307f-d5c0-42a0-b40e-9f9b4516eaf3,13220,haeserunt,appendix.20.4,0,1,909,23,,
b413307f-d5c0-42a0-b40e-9f9b4516eaf3,13221,canceres,appendix.20.4,0,1,909,24,,
b413307f-d5c0-42a0-b40e-9f9b4516eaf3,13222,",",appendix.20.4,,4,909,,,
b413307f-d5c0-42a0-b40e-9f9b4516eaf3,13223,In,appendix.20.5,0,1,909,25,,
b413307f-d5c0-42a0-b40e-9f9b4516eaf3,13224,terram,appendix.20.5,0,1,909,26,,
b413307f-d5c0-42a0-b40e-9f9b4516eaf3,13225,abripiens,appendix.20.5,0,1,909,27,,
b413307f-d5c0-42a0-b40e-9f9b4516eaf3,13226,excutit,appendix.20.5,0,1,909,28,,
b413307f-d5c0-42a0-b40e-9f9b4516eaf3,13227,praedam,appendix.20.5,0,1,909,29,,
b413307f-d5c0-42a0-b40e-9f9b4516eaf3,13228,maris,appendix.20.5,0,1,909,30,,
b413307f-d5c0-42a0-b40e-9f9b4516eaf3,13229,Escaque,appendix.20.6,0,1,909,31,,
b413307f-d5c0-42a0-b40e-9f9b4516eaf3,13230,fruitur,appendix.20.6,0,1,909,32,,
b413307f-d5c0-42a0-b40e-9f9b4516eaf3,13231,passim,appendix.20.6,0,1,909,33,,
b413307f-d5c0-42a0-b40e-9f9b4516eaf3,13232,collecta,appendix.20.6,0,1,909,34,,
b413307f-d5c0-42a0-b40e-9f9b4516eaf3,13233,vafer,appendix.20.6,0,1,909,35,,
b413307f-d5c0-42a0-b40e-9f9b4516eaf3,13234,.,appendix.20.6,,4,909,,,
b413307f-d5c0-42a0-b40e-9f9b4516eaf3,13235,Ergo,appendix.20.7,0,1,910,0,,
b413307f-d5c0-42a0-b40e-9f9b4516eaf3,13236,etiam,appendix.20.7,0,1,910,1,,
b413307f-d5c0-42a0-b40e-9f9b4516eaf3,13237,stultis,appendix.20.7,0,1,910,2,,
b413307f-d5c0-42a0-b40e-9f9b4516eaf3,13238,acuit,appendix.20.7,0,1,910,3,,
b413307f-d5c0-42a0-b40e-9f9b4516eaf3,13239,ingenium,appendix.20.7,0,1,910,4,,
b413307f-d5c0-42a0-b40e-9f9b4516eaf3,13240,fames,appendix.20.7,0,1,910,5,,
b413307f-d5c0-42a0-b40e-9f9b4516eaf3,13241,.,appendix.20.7,,4,910,,,
b413307f-d5c0-42a0-b40e-9f9b4516eaf3,13242,Viator,appendix.21,0,1,911,0,,
b413307f-d5c0-42a0-b40e-9f9b4516eaf3,13243,et,appendix.21,0,1,911,1,,
b413307f-d5c0-42a0-b40e-9f9b4516eaf3,13244,corvus,appendix.21,0,1,911,2,,
b413307f-d5c0-42a0-b40e-9f9b4516eaf3,13245,:,appendix.21,,4,911,,,
b413307f-d5c0-42a0-b40e-9f9b4516eaf3,13246,Verbis,appendix.21,0,1,911,3,,
b413307f-d5c0-42a0-b40e-9f9b4516eaf3,13247,saepenumero,appendix.21,0,1,911,4,,
b413307f-d5c0-42a0-b40e-9f9b4516eaf3,13248,homines,appendix.21,0,1,911,5,,
b413307f-d5c0-42a0-b40e-9f9b4516eaf3,13249,decipi,appendix.21,0,1,911,6,,
b413307f-d5c0-42a0-b40e-9f9b4516eaf3,13250,solere,appendix.21,0,1,911,7,,
b413307f-d5c0-42a0-b40e-9f9b4516eaf3,13251,.,appendix.21,,4,911,,,
b413307f-d5c0-42a0-b40e-9f9b4516eaf3,13252,Quidam,appendix.21.1,0,1,912,0,,
b413307f-d5c0-42a0-b40e-9f9b4516eaf3,13253,per,appendix.21.1,0,1,912,1,,
b413307f-d5c0-42a0-b40e-9f9b4516eaf3,13254,agros,appendix.21.1,0,1,912,2,,
b413307f-d5c0-42a0-b40e-9f9b4516eaf3,13255,devium,appendix.21.1,0,1,912,3,,
b413307f-d5c0-42a0-b40e-9f9b4516eaf3,13256,carpens,appendix.21.1,0,1,912,4,,
b413307f-d5c0-42a0-b40e-9f9b4516eaf3,13257,iter,appendix.21.1,0,1,912,5,,
b413307f-d5c0-42a0-b40e-9f9b4516eaf3,13258,Ave,appendix.21.2,0,1,912,6,,
b413307f-d5c0-42a0-b40e-9f9b4516eaf3,13259,exaudivit,appendix.21.2,0,1,912,7,,
b413307f-d5c0-42a0-b40e-9f9b4516eaf3,13260,et,appendix.21.2,0,1,912,8,,
b413307f-d5c0-42a0-b40e-9f9b4516eaf3,13261,moratus,appendix.21.2,0,1,912,9,,
b413307f-d5c0-42a0-b40e-9f9b4516eaf3,13262,paululum,appendix.21.2,0,1,912,10,,
b413307f-d5c0-42a0-b40e-9f9b4516eaf3,13263,",",appendix.21.2,,4,912,,,
b413307f-d5c0-42a0-b40e-9f9b4516eaf3,13264,Adesse,appendix.21.3,0,1,912,11,,
b413307f-d5c0-42a0-b40e-9f9b4516eaf3,13265,ut,appendix.21.3,0,1,912,12,,
b413307f-d5c0-42a0-b40e-9f9b4516eaf3,13266,vidit,appendix.21.3,0,1,912,13,,
b413307f-d5c0-42a0-b40e-9f9b4516eaf3,13267,neminem,appendix.21.3,0,1,912,14,,
b413307f-d5c0-42a0-b40e-9f9b4516eaf3,13268,",",appendix.21.3,,4,912,,,
b413307f-d5c0-42a0-b40e-9f9b4516eaf3,13269,cepit,appendix.21.3,0,1,912,15,,
b413307f-d5c0-42a0-b40e-9f9b4516eaf3,13270,gradum,appendix.21.3,0,1,912,16,,
b413307f-d5c0-42a0-b40e-9f9b4516eaf3,13271,.,appendix.21.3,,4,912,,,
b413307f-d5c0-42a0-b40e-9f9b4516eaf3,13272,Iterum,appendix.21.4,0,1,913,0,,
b413307f-d5c0-42a0-b40e-9f9b4516eaf3,13273,salutat,appendix.21.4,0,1,913,1,,
b413307f-d5c0-42a0-b40e-9f9b4516eaf3,13274,idem,appendix.21.4,0,1,913,2,,
b413307f-d5c0-42a0-b40e-9f9b4516eaf3,13275,ex,appendix.21.4,0,1,913,3,,
b413307f-d5c0-42a0-b40e-9f9b4516eaf3,13276,occulto,appendix.21.4,0,1,913,4,,
b413307f-d5c0-42a0-b40e-9f9b4516eaf3,13277,sonus,appendix.21.4,0,1,913,5,,
b413307f-d5c0-42a0-b40e-9f9b4516eaf3,13278,.,appendix.21.4,,4,913,,,
b413307f-d5c0-42a0-b40e-9f9b4516eaf3,13279,Voce,appendix.21.5,0,1,914,0,,
b413307f-d5c0-42a0-b40e-9f9b4516eaf3,13280,hospitali,appendix.21.5,0,1,914,1,,
b413307f-d5c0-42a0-b40e-9f9b4516eaf3,13281,confirmatus,appendix.21.5,0,1,914,2,,
b413307f-d5c0-42a0-b40e-9f9b4516eaf3,13282,restitit,appendix.21.5,0,1,914,3,,
b413307f-d5c0-42a0-b40e-9f9b4516eaf3,13283,",",appendix.21.5,,4,914,,,
b413307f-d5c0-42a0-b40e-9f9b4516eaf3,13284,Ut,appendix.21.6,0,1,914,4,,
b413307f-d5c0-42a0-b40e-9f9b4516eaf3,13285,quisquis,appendix.21.6,0,1,914,5,,
b413307f-d5c0-42a0-b40e-9f9b4516eaf3,13286,esset,appendix.21.6,0,1,914,6,,
b413307f-d5c0-42a0-b40e-9f9b4516eaf3,13287,par,appendix.21.6,0,1,914,7,,
b413307f-d5c0-42a0-b40e-9f9b4516eaf3,13288,officium,appendix.21.6,0,1,914,8,,
b413307f-d5c0-42a0-b40e-9f9b4516eaf3,13289,reciperet,appendix.21.6,0,1,914,9,,
b413307f-d5c0-42a0-b40e-9f9b4516eaf3,13290,.,appendix.21.6,,4,914,,,
b413307f-d5c0-42a0-b40e-9f9b4516eaf3,13291,Cum,appendix.21.7,2,1,915,0,,
b413307f-d5c0-42a0-b40e-9f9b4516eaf3,13292,circumspectans,appendix.21.7,0,1,915,1,,
b413307f-d5c0-42a0-b40e-9f9b4516eaf3,13293,errore,appendix.21.7,0,1,915,2,,
b413307f-d5c0-42a0-b40e-9f9b4516eaf3,13294,haesisset,appendix.21.7,0,1,915,3,,
b413307f-d5c0-42a0-b40e-9f9b4516eaf3,13295,diu,appendix.21.7,0,1,915,4,,
b413307f-d5c0-42a0-b40e-9f9b4516eaf3,13296,Et,appendix.21.8,0,1,915,5,,
b413307f-d5c0-42a0-b40e-9f9b4516eaf3,13297,perdidisset,appendix.21.8,0,1,915,6,,
b413307f-d5c0-42a0-b40e-9f9b4516eaf3,13298,tempus,appendix.21.8,0,1,915,7,,
b413307f-d5c0-42a0-b40e-9f9b4516eaf3,13299,aliquot,appendix.21.8,0,1,915,8,,
b413307f-d5c0-42a0-b40e-9f9b4516eaf3,13300,milium,appendix.21.8,0,1,915,9,,
b413307f-d5c0-42a0-b40e-9f9b4516eaf3,13301,",",appendix.21.8,,4,915,,,
b413307f-d5c0-42a0-b40e-9f9b4516eaf3,13302,Ostendit,appendix.21.9,0,1,915,10,,
b413307f-d5c0-42a0-b40e-9f9b4516eaf3,13303,sese,appendix.21.9,0,1,915,11,,
b413307f-d5c0-42a0-b40e-9f9b4516eaf3,13304,corvus,appendix.21.9,0,1,915,12,,
b413307f-d5c0-42a0-b40e-9f9b4516eaf3,13305,et,appendix.21.9,0,1,915,13,,
b413307f-d5c0-42a0-b40e-9f9b4516eaf3,13306,supervolans,appendix.21.9,0,1,915,14,,
b413307f-d5c0-42a0-b40e-9f9b4516eaf3,13307,Ave,appendix.21.10,0,1,915,15,,
b413307f-d5c0-42a0-b40e-9f9b4516eaf3,13308,usque,appendix.21.10,0,1,915,16,,
b413307f-d5c0-42a0-b40e-9f9b4516eaf3,13309,ingessit,appendix.21.10,0,1,915,17,,
b413307f-d5c0-42a0-b40e-9f9b4516eaf3,13310,.,appendix.21.10,,4,915,,,
b413307f-d5c0-42a0-b40e-9f9b4516eaf3,13311,Tum,appendix.21.10,0,1,916,0,,
b413307f-d5c0-42a0-b40e-9f9b4516eaf3,13312,se,appendix.21.10,0,1,916,1,,
b413307f-d5c0-42a0-b40e-9f9b4516eaf3,13313,lusum,appendix.21.10,0,1,916,2,,
b413307f-d5c0-42a0-b40e-9f9b4516eaf3,13314,intellegens,appendix.21.10,0,1,916,3,,
b413307f-d5c0-42a0-b40e-9f9b4516eaf3,13315,:,appendix.21.10,,4,916,,,
b413307f-d5c0-42a0-b40e-9f9b4516eaf3,13316,At,appendix.21.11,0,1,916,4,,
b413307f-d5c0-42a0-b40e-9f9b4516eaf3,13317,male,appendix.21.11,0,1,916,5,,
b413307f-d5c0-42a0-b40e-9f9b4516eaf3,13318,tibi,appendix.21.11,0,1,916,6,,
b413307f-d5c0-42a0-b40e-9f9b4516eaf3,13319,sit,appendix.21.11,0,1,916,7,,
b413307f-d5c0-42a0-b40e-9f9b4516eaf3,13320,inquit,appendix.21.11,0,1,916,8,,
b413307f-d5c0-42a0-b40e-9f9b4516eaf3,13321,ales,appendix.21.11,0,1,916,9,,
b413307f-d5c0-42a0-b40e-9f9b4516eaf3,13322,pessime,appendix.21.11,0,1,916,10,,
b413307f-d5c0-42a0-b40e-9f9b4516eaf3,13323,",",appendix.21.11,,4,916,,,
b413307f-d5c0-42a0-b40e-9f9b4516eaf3,13324,Qui,appendix.21.12,0,1,916,11,,
b413307f-d5c0-42a0-b40e-9f9b4516eaf3,13325,festinantis,appendix.21.12,0,1,916,12,,
b413307f-d5c0-42a0-b40e-9f9b4516eaf3,13326,sic,appendix.21.12,0,1,916,13,,
b413307f-d5c0-42a0-b40e-9f9b4516eaf3,13327,detinuisti,appendix.21.12,0,1,916,14,,
b413307f-d5c0-42a0-b40e-9f9b4516eaf3,13328,pedes,appendix.21.12,0,1,916,15,,
b413307f-d5c0-42a0-b40e-9f9b4516eaf3,13329,.,appendix.21.12,,4,916,,,
b413307f-d5c0-42a0-b40e-9f9b4516eaf3,13330,Pastor,appendix.22,0,1,917,0,,
b413307f-d5c0-42a0-b40e-9f9b4516eaf3,13331,et,appendix.22,0,1,917,1,,
b413307f-d5c0-42a0-b40e-9f9b4516eaf3,13332,capella,appendix.22,0,1,917,2,,
b413307f-d5c0-42a0-b40e-9f9b4516eaf3,13333,:,appendix.22,,4,917,,,
b413307f-d5c0-42a0-b40e-9f9b4516eaf3,13334,Nihil,appendix.22,0,1,917,3,,
b413307f-d5c0-42a0-b40e-9f9b4516eaf3,13335,ita,appendix.22,0,1,917,4,,
b413307f-d5c0-42a0-b40e-9f9b4516eaf3,13336,occultum,appendix.22,0,1,917,5,,
b413307f-d5c0-42a0-b40e-9f9b4516eaf3,13337,esse,appendix.22,0,1,917,6,,
b413307f-d5c0-42a0-b40e-9f9b4516eaf3,13338,",",appendix.22,,4,917,,,
b413307f-d5c0-42a0-b40e-9f9b4516eaf3,13339,quod,appendix.22,0,1,917,7,,
b413307f-d5c0-42a0-b40e-9f9b4516eaf3,13340,non,appendix.22,0,1,917,8,,
b413307f-d5c0-42a0-b40e-9f9b4516eaf3,13341,reveletur,appendix.22,0,1,917,9,,
b413307f-d5c0-42a0-b40e-9f9b4516eaf3,13342,.,appendix.22,,4,917,,,
b413307f-d5c0-42a0-b40e-9f9b4516eaf3,13343,Pastor,appendix.22.1,0,1,918,0,,
b413307f-d5c0-42a0-b40e-9f9b4516eaf3,13344,capellae,appendix.22.1,0,1,918,1,,
b413307f-d5c0-42a0-b40e-9f9b4516eaf3,13345,cornu,appendix.22.1,0,1,918,2,,
b413307f-d5c0-42a0-b40e-9f9b4516eaf3,13346,baculo,appendix.22.1,0,1,918,3,,
b413307f-d5c0-42a0-b40e-9f9b4516eaf3,13347,fregerat,appendix.22.1,0,1,918,4,,
b413307f-d5c0-42a0-b40e-9f9b4516eaf3,13348,:,appendix.22.1,,4,918,,,
b413307f-d5c0-42a0-b40e-9f9b4516eaf3,13349,Rogare,appendix.22.2,0,1,918,5,,
b413307f-d5c0-42a0-b40e-9f9b4516eaf3,13350,coepit,appendix.22.2,0,1,918,6,,
b413307f-d5c0-42a0-b40e-9f9b4516eaf3,13351,ne,appendix.22.2,0,1,918,7,,
b413307f-d5c0-42a0-b40e-9f9b4516eaf3,13352,se,appendix.22.2,0,1,918,8,,
b413307f-d5c0-42a0-b40e-9f9b4516eaf3,13353,domino,appendix.22.2,0,1,918,9,,
b413307f-d5c0-42a0-b40e-9f9b4516eaf3,13354,proderet,appendix.22.2,0,1,918,10,,
b413307f-d5c0-42a0-b40e-9f9b4516eaf3,13355,.,appendix.22.2,,4,918,,,
b413307f-d5c0-42a0-b40e-9f9b4516eaf3,13356,Quamvis,appendix.22.3,0,1,919,0,,
b413307f-d5c0-42a0-b40e-9f9b4516eaf3,13357,indigne,appendix.22.3,0,1,919,1,,
b413307f-d5c0-42a0-b40e-9f9b4516eaf3,13358,laesa,appendix.22.3,0,1,919,2,,
b413307f-d5c0-42a0-b40e-9f9b4516eaf3,13359,",",appendix.22.3,,4,919,,,
b413307f-d5c0-42a0-b40e-9f9b4516eaf3,13360,reticebo,appendix.22.3,0,1,919,3,,
b413307f-d5c0-42a0-b40e-9f9b4516eaf3,13361,tamen,appendix.22.3,0,1,919,4,,
b413307f-d5c0-42a0-b40e-9f9b4516eaf3,13362,;,appendix.22.3,,4,919,,,
b413307f-d5c0-42a0-b40e-9f9b4516eaf3,13363,Sed,appendix.22.4,0,1,919,5,,
b413307f-d5c0-42a0-b40e-9f9b4516eaf3,13364,res,appendix.22.4,0,1,919,6,,
b413307f-d5c0-42a0-b40e-9f9b4516eaf3,13365,clamabit,appendix.22.4,0,1,919,7,,
b413307f-d5c0-42a0-b40e-9f9b4516eaf3,13366,ipsa,appendix.22.4,0,1,919,8,,
b413307f-d5c0-42a0-b40e-9f9b4516eaf3,13367,quid,appendix.22.4,0,1,919,9,,
b413307f-d5c0-42a0-b40e-9f9b4516eaf3,13368,deliqueris,appendix.22.4,0,1,919,10,,
b413307f-d5c0-42a0-b40e-9f9b4516eaf3,13369,.,appendix.22.4,,4,919,,,
b413307f-d5c0-42a0-b40e-9f9b4516eaf3,13370,Serpens,appendix.23,0,1,920,0,,
b413307f-d5c0-42a0-b40e-9f9b4516eaf3,13371,et,appendix.23,0,1,920,1,,
b413307f-d5c0-42a0-b40e-9f9b4516eaf3,13372,lacerta,appendix.23,0,1,920,2,,
b413307f-d5c0-42a0-b40e-9f9b4516eaf3,13373,:,appendix.23,,4,920,,,
b413307f-d5c0-42a0-b40e-9f9b4516eaf3,13374,Ubi,appendix.23,2,1,920,3,,
b413307f-d5c0-42a0-b40e-9f9b4516eaf3,13375,leonis,appendix.23,0,1,920,4,,
b413307f-d5c0-42a0-b40e-9f9b4516eaf3,13376,pellis,appendix.23,0,1,920,5,,
b413307f-d5c0-42a0-b40e-9f9b4516eaf3,13377,deficit,appendix.23,0,1,920,6,,
b413307f-d5c0-42a0-b40e-9f9b4516eaf3,13378,",",appendix.23,,4,920,,,
b413307f-d5c0-42a0-b40e-9f9b4516eaf3,13379,vulpinam,appendix.23,0,1,920,7,,
b413307f-d5c0-42a0-b40e-9f9b4516eaf3,13380,insuendam,appendix.23,0,1,920,8,,
b413307f-d5c0-42a0-b40e-9f9b4516eaf3,13381,esse,appendix.23,0,1,920,9,,
b413307f-d5c0-42a0-b40e-9f9b4516eaf3,13382,",",appendix.23,,4,920,,,
b413307f-d5c0-42a0-b40e-9f9b4516eaf3,13383,hoc,appendix.23,0,1,920,10,,
b413307f-d5c0-42a0-b40e-9f9b4516eaf3,13384,est,appendix.23,0,1,920,11,,
b413307f-d5c0-42a0-b40e-9f9b4516eaf3,13385,",",appendix.23,,4,920,,,
b413307f-d5c0-42a0-b40e-9f9b4516eaf3,13386,ubi,appendix.23,0,1,920,12,,
b413307f-d5c0-42a0-b40e-9f9b4516eaf3,13387,deficiunt,appendix.23,0,1,920,13,,
b413307f-d5c0-42a0-b40e-9f9b4516eaf3,13388,vires,appendix.23,0,1,920,14,,
b413307f-d5c0-42a0-b40e-9f9b4516eaf3,13389,",",appendix.23,,4,920,,,
b413307f-d5c0-42a0-b40e-9f9b4516eaf3,13390,astu,appendix.23,0,1,920,15,,
b413307f-d5c0-42a0-b40e-9f9b4516eaf3,13391,utendum,appendix.23,0,1,920,16,,
b413307f-d5c0-42a0-b40e-9f9b4516eaf3,13392,.,appendix.23,,4,920,,,
b413307f-d5c0-42a0-b40e-9f9b4516eaf3,13393,Serpens,appendix.23.1,0,1,921,0,,
b413307f-d5c0-42a0-b40e-9f9b4516eaf3,13394,lacertam,appendix.23.1,0,1,921,1,,
b413307f-d5c0-42a0-b40e-9f9b4516eaf3,13395,forte,appendix.23.1,0,1,921,2,,
b413307f-d5c0-42a0-b40e-9f9b4516eaf3,13396,aversam,appendix.23.1,0,1,921,3,,
b413307f-d5c0-42a0-b40e-9f9b4516eaf3,13397,prenderat,appendix.23.1,0,1,921,4,,
b413307f-d5c0-42a0-b40e-9f9b4516eaf3,13398,;,appendix.23.1,,4,921,,,
b413307f-d5c0-42a0-b40e-9f9b4516eaf3,13399,Quam,appendix.23.2,0,1,921,5,,
b413307f-d5c0-42a0-b40e-9f9b4516eaf3,13400,devorare,appendix.23.2,0,1,921,6,,
b413307f-d5c0-42a0-b40e-9f9b4516eaf3,13401,patula,appendix.23.2,0,1,921,7,,
b413307f-d5c0-42a0-b40e-9f9b4516eaf3,13402,cum,appendix.23.2,0,1,921,8,,
b413307f-d5c0-42a0-b40e-9f9b4516eaf3,13403,vellet,appendix.23.2,0,1,921,9,,
b413307f-d5c0-42a0-b40e-9f9b4516eaf3,13404,gula,appendix.23.2,0,1,921,10,,
b413307f-d5c0-42a0-b40e-9f9b4516eaf3,13405,",",appendix.23.2,,4,921,,,
b413307f-d5c0-42a0-b40e-9f9b4516eaf3,13406,Arripuit,appendix.23.3,0,1,921,11,,
b413307f-d5c0-42a0-b40e-9f9b4516eaf3,13407,illa,appendix.23.3,0,1,921,12,,
b413307f-d5c0-42a0-b40e-9f9b4516eaf3,13408,prope,appendix.23.3,0,1,921,13,,
b413307f-d5c0-42a0-b40e-9f9b4516eaf3,13409,iacentem,appendix.23.3,0,1,921,14,,
b413307f-d5c0-42a0-b40e-9f9b4516eaf3,13410,surculum,appendix.23.3,0,1,921,15,,
b413307f-d5c0-42a0-b40e-9f9b4516eaf3,13411,",",appendix.23.3,,4,921,,,
b413307f-d5c0-42a0-b40e-9f9b4516eaf3,13412,Et,appendix.23.4,0,1,921,16,,
b413307f-d5c0-42a0-b40e-9f9b4516eaf3,13413,pertinaci,appendix.23.4,0,1,921,17,,
b413307f-d5c0-42a0-b40e-9f9b4516eaf3,13414,morsu,appendix.23.4,0,1,921,18,,
b413307f-d5c0-42a0-b40e-9f9b4516eaf3,13415,transversum,appendix.23.4,0,1,921,19,,
b413307f-d5c0-42a0-b40e-9f9b4516eaf3,13416,tenens,appendix.23.4,0,1,921,20,,
b413307f-d5c0-42a0-b40e-9f9b4516eaf3,13417,",",appendix.23.4,,4,921,,,
b413307f-d5c0-42a0-b40e-9f9b4516eaf3,13418,Avidum,appendix.23.5,0,1,921,21,,
b413307f-d5c0-42a0-b40e-9f9b4516eaf3,13419,sollerti,appendix.23.5,0,1,921,22,,
b413307f-d5c0-42a0-b40e-9f9b4516eaf3,13420,rictum,appendix.23.5,0,1,921,23,,
b413307f-d5c0-42a0-b40e-9f9b4516eaf3,13421,frenavit,appendix.23.5,0,1,921,24,,
b413307f-d5c0-42a0-b40e-9f9b4516eaf3,13422,mora,appendix.23.5,0,1,921,25,,
b413307f-d5c0-42a0-b40e-9f9b4516eaf3,13423,.,appendix.23.5,,4,921,,,
b413307f-d5c0-42a0-b40e-9f9b4516eaf3,13424,Praedam,appendix.23.6,0,1,922,0,,
b413307f-d5c0-42a0-b40e-9f9b4516eaf3,13425,dimisit,appendix.23.6,0,1,922,1,,
b413307f-d5c0-42a0-b40e-9f9b4516eaf3,13426,ore,appendix.23.6,0,1,922,2,,
b413307f-d5c0-42a0-b40e-9f9b4516eaf3,13427,serpens,appendix.23.6,0,1,922,3,,
b413307f-d5c0-42a0-b40e-9f9b4516eaf3,13428,irritam,appendix.23.6,0,1,922,4,,
b413307f-d5c0-42a0-b40e-9f9b4516eaf3,13429,.,appendix.23.6,,4,922,,,
b413307f-d5c0-42a0-b40e-9f9b4516eaf3,13430,Cornix,appendix.24,0,1,923,0,,
b413307f-d5c0-42a0-b40e-9f9b4516eaf3,13431,et,appendix.24,0,1,923,1,,
b413307f-d5c0-42a0-b40e-9f9b4516eaf3,13432,ovis,appendix.24,0,1,923,2,,
b413307f-d5c0-42a0-b40e-9f9b4516eaf3,13433,:,appendix.24,,4,923,,,
b413307f-d5c0-42a0-b40e-9f9b4516eaf3,13434,Multos,appendix.24,0,1,923,3,,
b413307f-d5c0-42a0-b40e-9f9b4516eaf3,13435,lacessere,appendix.24,0,1,923,4,,
b413307f-d5c0-42a0-b40e-9f9b4516eaf3,13436,debiles,appendix.24,0,1,923,5,,
b413307f-d5c0-42a0-b40e-9f9b4516eaf3,13437,et,appendix.24,0,1,923,6,,
b413307f-d5c0-42a0-b40e-9f9b4516eaf3,13438,cedere,appendix.24,0,1,923,7,,
b413307f-d5c0-42a0-b40e-9f9b4516eaf3,13439,fortibus,appendix.24,0,1,923,8,,
b413307f-d5c0-42a0-b40e-9f9b4516eaf3,13440,.,appendix.24,,4,923,,,
b413307f-d5c0-42a0-b40e-9f9b4516eaf3,13441,Odiosa,appendix.24.1,0,1,924,0,,
b413307f-d5c0-42a0-b40e-9f9b4516eaf3,13442,cornix,appendix.24.1,0,1,924,1,,
b413307f-d5c0-42a0-b40e-9f9b4516eaf3,13443,super,appendix.24.1,0,1,924,2,,
b413307f-d5c0-42a0-b40e-9f9b4516eaf3,13444,ovem,appendix.24.1,0,1,924,3,,
b413307f-d5c0-42a0-b40e-9f9b4516eaf3,13445,consederat,appendix.24.1,0,1,924,4,,
b413307f-d5c0-42a0-b40e-9f9b4516eaf3,13446,;,appendix.24.1,,4,924,,,
b413307f-d5c0-42a0-b40e-9f9b4516eaf3,13447,Quam,appendix.24.2,0,1,924,5,,
b413307f-d5c0-42a0-b40e-9f9b4516eaf3,13448,dorso,appendix.24.2,0,1,924,6,,
b413307f-d5c0-42a0-b40e-9f9b4516eaf3,13449,cum,appendix.24.2,0,1,924,7,,
b413307f-d5c0-42a0-b40e-9f9b4516eaf3,13450,tulisset,appendix.24.2,0,1,924,8,,
b413307f-d5c0-42a0-b40e-9f9b4516eaf3,13451,invita,appendix.24.2,0,1,924,9,,
b413307f-d5c0-42a0-b40e-9f9b4516eaf3,13452,et,appendix.24.2,0,1,924,10,,
b413307f-d5c0-42a0-b40e-9f9b4516eaf3,13453,diu,appendix.24.2,0,1,924,11,,
b413307f-d5c0-42a0-b40e-9f9b4516eaf3,13454,:,appendix.24.2,,4,924,,,
b413307f-d5c0-42a0-b40e-9f9b4516eaf3,13455,Hoc,appendix.24.3,0,1,924,12,,
b413307f-d5c0-42a0-b40e-9f9b4516eaf3,13456,inquit,appendix.24.3,0,1,924,13,,
b413307f-d5c0-42a0-b40e-9f9b4516eaf3,13457,si,appendix.24.3,0,1,924,14,,
b413307f-d5c0-42a0-b40e-9f9b4516eaf3,13458,dentato,appendix.24.3,0,1,924,15,,
b413307f-d5c0-42a0-b40e-9f9b4516eaf3,13459,fecisses,appendix.24.3,0,1,924,16,,
b413307f-d5c0-42a0-b40e-9f9b4516eaf3,13460,cani,appendix.24.3,0,1,924,17,,
b413307f-d5c0-42a0-b40e-9f9b4516eaf3,13461,",",appendix.24.3,,4,924,,,
b413307f-d5c0-42a0-b40e-9f9b4516eaf3,13462,Poenas,appendix.24.4,2,1,924,18,,
b413307f-d5c0-42a0-b40e-9f9b4516eaf3,13463,dedisses,appendix.24.4,0,1,924,19,,
b413307f-d5c0-42a0-b40e-9f9b4516eaf3,13464,.,appendix.24.4,,4,924,,,
b413307f-d5c0-42a0-b40e-9f9b4516eaf3,13465,Illa,appendix.24.4,0,1,925,0,,
b413307f-d5c0-42a0-b40e-9f9b4516eaf3,13466,contra,appendix.24.4,0,1,925,1,,
b413307f-d5c0-42a0-b40e-9f9b4516eaf3,13467,pessima,appendix.24.4,0,1,925,2,,
b413307f-d5c0-42a0-b40e-9f9b4516eaf3,13468,:,appendix.24.4,,4,925,,,
b413307f-d5c0-42a0-b40e-9f9b4516eaf3,13469,Despicio,appendix.24.5,0,1,925,3,,
b413307f-d5c0-42a0-b40e-9f9b4516eaf3,13470,inermes,appendix.24.5,0,1,925,4,,
b413307f-d5c0-42a0-b40e-9f9b4516eaf3,13471,",",appendix.24.5,,4,925,,,
b413307f-d5c0-42a0-b40e-9f9b4516eaf3,13472,eadem,appendix.24.5,0,1,925,5,,
b413307f-d5c0-42a0-b40e-9f9b4516eaf3,13473,cedo,appendix.24.5,0,1,925,6,,
b413307f-d5c0-42a0-b40e-9f9b4516eaf3,13474,fortibus,appendix.24.5,0,1,925,7,,
b413307f-d5c0-42a0-b40e-9f9b4516eaf3,13475,;,appendix.24.5,,4,925,,,
b413307f-d5c0-42a0-b40e-9f9b4516eaf3,13476,Scio,appendix.24.6,0,1,925,8,,
b413307f-d5c0-42a0-b40e-9f9b4516eaf3,13477,quem,appendix.24.6,0,1,925,9,,
b413307f-d5c0-42a0-b40e-9f9b4516eaf3,13478,lacessam,appendix.24.6,0,1,925,10,,
b413307f-d5c0-42a0-b40e-9f9b4516eaf3,13479,",",appendix.24.6,,4,925,,,
b413307f-d5c0-42a0-b40e-9f9b4516eaf3,13480,cui,appendix.24.6,0,1,925,11,,
b413307f-d5c0-42a0-b40e-9f9b4516eaf3,13481,dolosa,appendix.24.6,0,1,925,12,,
b413307f-d5c0-42a0-b40e-9f9b4516eaf3,13482,blandiar,appendix.24.6,0,1,925,13,,
b413307f-d5c0-42a0-b40e-9f9b4516eaf3,13483,;,appendix.24.6,,4,925,,,
b413307f-d5c0-42a0-b40e-9f9b4516eaf3,13484,Ideo,appendix.24.7,0,1,925,14,,
b413307f-d5c0-42a0-b40e-9f9b4516eaf3,13485,senectam,appendix.24.7,0,1,925,15,,
b413307f-d5c0-42a0-b40e-9f9b4516eaf3,13486,mille,appendix.24.7,0,1,925,16,,
b413307f-d5c0-42a0-b40e-9f9b4516eaf3,13487,in,appendix.24.7,0,1,925,17,,
b413307f-d5c0-42a0-b40e-9f9b4516eaf3,13488,annos,appendix.24.7,0,1,925,18,,
b413307f-d5c0-42a0-b40e-9f9b4516eaf3,13489,prorogo,appendix.24.7,0,1,925,19,,
b413307f-d5c0-42a0-b40e-9f9b4516eaf3,13490,.,appendix.24.7,,4,925,,,
b413307f-d5c0-42a0-b40e-9f9b4516eaf3,13491,Servus,appendix.25,0,1,926,0,,
b413307f-d5c0-42a0-b40e-9f9b4516eaf3,13492,et,appendix.25,0,1,926,1,,
b413307f-d5c0-42a0-b40e-9f9b4516eaf3,13493,dominus,appendix.25,0,1,926,2,,
b413307f-d5c0-42a0-b40e-9f9b4516eaf3,13494,:,appendix.25,,4,926,,,
b413307f-d5c0-42a0-b40e-9f9b4516eaf3,13495,Nullum,appendix.25,0,1,926,3,,
b413307f-d5c0-42a0-b40e-9f9b4516eaf3,13496,maledictum,appendix.25,0,1,926,4,,
b413307f-d5c0-42a0-b40e-9f9b4516eaf3,13497,esse,appendix.25,0,1,926,5,,
b413307f-d5c0-42a0-b40e-9f9b4516eaf3,13498,gravius,appendix.25,0,1,926,6,,
b413307f-d5c0-42a0-b40e-9f9b4516eaf3,13499,conscientia,appendix.25,0,1,926,7,,
b413307f-d5c0-42a0-b40e-9f9b4516eaf3,13500,.,appendix.25,,4,926,,,
b413307f-d5c0-42a0-b40e-9f9b4516eaf3,13501,Cum,appendix.25.1,2,1,927,0,,
b413307f-d5c0-42a0-b40e-9f9b4516eaf3,13502,servus,appendix.25.1,0,1,927,1,,
b413307f-d5c0-42a0-b40e-9f9b4516eaf3,13503,nequam,appendix.25.1,0,1,927,2,,
b413307f-d5c0-42a0-b40e-9f9b4516eaf3,13504,Socrati,appendix.25.1,1,1,927,3,,
b413307f-d5c0-42a0-b40e-9f9b4516eaf3,13505,malediceret,appendix.25.1,0,1,927,4,,
b413307f-d5c0-42a0-b40e-9f9b4516eaf3,13506,",",appendix.25.1,,4,927,,,
b413307f-d5c0-42a0-b40e-9f9b4516eaf3,13507,Uxorem,appendix.25.2,0,1,927,5,,
b413307f-d5c0-42a0-b40e-9f9b4516eaf3,13508,domini,appendix.25.2,0,1,927,6,,
b413307f-d5c0-42a0-b40e-9f9b4516eaf3,13509,qui,appendix.25.2,0,1,927,7,,
b413307f-d5c0-42a0-b40e-9f9b4516eaf3,13510,corrupisset,appendix.25.2,0,1,927,8,,
b413307f-d5c0-42a0-b40e-9f9b4516eaf3,13511,sui,appendix.25.2,0,1,927,9,,
b413307f-d5c0-42a0-b40e-9f9b4516eaf3,13512,",",appendix.25.2,,4,927,,,
b413307f-d5c0-42a0-b40e-9f9b4516eaf3,13513,Idque,appendix.25.3,0,1,927,10,,
b413307f-d5c0-42a0-b40e-9f9b4516eaf3,13514,ille,appendix.25.3,0,1,927,11,,
b413307f-d5c0-42a0-b40e-9f9b4516eaf3,13515,sciret,appendix.25.3,0,1,927,12,,
b413307f-d5c0-42a0-b40e-9f9b4516eaf3,13516,notum,appendix.25.3,0,1,927,13,,
b413307f-d5c0-42a0-b40e-9f9b4516eaf3,13517,circumstantibus,appendix.25.3,0,1,927,14,,
b413307f-d5c0-42a0-b40e-9f9b4516eaf3,13518,:,appendix.25.3,,4,927,,,
b413307f-d5c0-42a0-b40e-9f9b4516eaf3,13519,Places,appendix.25.4,0,1,927,15,,
b413307f-d5c0-42a0-b40e-9f9b4516eaf3,13520,tibi,appendix.25.4,0,1,927,16,,
b413307f-d5c0-42a0-b40e-9f9b4516eaf3,13521,inquit,appendix.25.4,0,1,927,17,,
b413307f-d5c0-42a0-b40e-9f9b4516eaf3,13522,quia,appendix.25.4,0,1,927,18,,
b413307f-d5c0-42a0-b40e-9f9b4516eaf3,13523,cui,appendix.25.4,0,1,927,19,,
b413307f-d5c0-42a0-b40e-9f9b4516eaf3,13524,non,appendix.25.4,0,1,927,20,,
b413307f-d5c0-42a0-b40e-9f9b4516eaf3,13525,debes,appendix.25.4,0,1,927,21,,
b413307f-d5c0-42a0-b40e-9f9b4516eaf3,13526,places,appendix.25.4,0,1,927,22,,
b413307f-d5c0-42a0-b40e-9f9b4516eaf3,13527,;,appendix.25.4,,4,927,,,
b413307f-d5c0-42a0-b40e-9f9b4516eaf3,13528,Sed,appendix.25.5,0,1,927,23,,
b413307f-d5c0-42a0-b40e-9f9b4516eaf3,13529,non,appendix.25.5,0,1,927,24,,
b413307f-d5c0-42a0-b40e-9f9b4516eaf3,13530,impune,appendix.25.5,0,1,927,25,,
b413307f-d5c0-42a0-b40e-9f9b4516eaf3,13531,",",appendix.25.5,,4,927,,,
b413307f-d5c0-42a0-b40e-9f9b4516eaf3,13532,quia,appendix.25.5,0,1,927,26,,
b413307f-d5c0-42a0-b40e-9f9b4516eaf3,13533,cui,appendix.25.5,0,1,927,27,,
b413307f-d5c0-42a0-b40e-9f9b4516eaf3,13534,debes,appendix.25.5,0,1,927,28,,
b413307f-d5c0-42a0-b40e-9f9b4516eaf3,13535,non,appendix.25.5,0,1,927,29,,
b413307f-d5c0-42a0-b40e-9f9b4516eaf3,13536,places,appendix.25.5,0,1,927,30,,
b413307f-d5c0-42a0-b40e-9f9b4516eaf3,13537,.,appendix.25.5,,4,927,,,
b413307f-d5c0-42a0-b40e-9f9b4516eaf3,13538,Lepus,appendix.26,0,1,928,0,,
b413307f-d5c0-42a0-b40e-9f9b4516eaf3,13539,et,appendix.26,0,1,928,1,,
b413307f-d5c0-42a0-b40e-9f9b4516eaf3,13540,bubulcus,appendix.26,0,1,928,2,,
b413307f-d5c0-42a0-b40e-9f9b4516eaf3,13541,:,appendix.26,,4,928,,,
b413307f-d5c0-42a0-b40e-9f9b4516eaf3,13542,Multos,appendix.26,0,1,928,3,,
b413307f-d5c0-42a0-b40e-9f9b4516eaf3,13543,verbis,appendix.26,0,1,928,4,,
b413307f-d5c0-42a0-b40e-9f9b4516eaf3,13544,blandos,appendix.26,0,1,928,5,,
b413307f-d5c0-42a0-b40e-9f9b4516eaf3,13545,esse,appendix.26,0,1,928,6,,
b413307f-d5c0-42a0-b40e-9f9b4516eaf3,13546,",",appendix.26,,4,928,,,
b413307f-d5c0-42a0-b40e-9f9b4516eaf3,13547,pectore,appendix.26,0,1,928,7,,
b413307f-d5c0-42a0-b40e-9f9b4516eaf3,13548,infideles,appendix.26,0,1,928,8,,
b413307f-d5c0-42a0-b40e-9f9b4516eaf3,13549,.,appendix.26,,4,928,,,
b413307f-d5c0-42a0-b40e-9f9b4516eaf3,13550,Cum,appendix.26.1,2,1,929,0,,
b413307f-d5c0-42a0-b40e-9f9b4516eaf3,13551,venatorem,appendix.26.1,0,1,929,1,,
b413307f-d5c0-42a0-b40e-9f9b4516eaf3,13552,celeri,appendix.26.1,0,1,929,2,,
b413307f-d5c0-42a0-b40e-9f9b4516eaf3,13553,pede,appendix.26.1,0,1,929,3,,
b413307f-d5c0-42a0-b40e-9f9b4516eaf3,13554,fugeret,appendix.26.1,0,1,929,4,,
b413307f-d5c0-42a0-b40e-9f9b4516eaf3,13555,lepus,appendix.26.1,0,1,929,5,,
b413307f-d5c0-42a0-b40e-9f9b4516eaf3,13556,Et,appendix.26.2,0,1,929,6,,
b413307f-d5c0-42a0-b40e-9f9b4516eaf3,13557,a,appendix.26.2,0,1,929,7,,
b413307f-d5c0-42a0-b40e-9f9b4516eaf3,13558,bubulco,appendix.26.2,0,1,929,8,,
b413307f-d5c0-42a0-b40e-9f9b4516eaf3,13559,visus,appendix.26.2,0,1,929,9,,
b413307f-d5c0-42a0-b40e-9f9b4516eaf3,13560,veprem,appendix.26.2,0,1,929,10,,
b413307f-d5c0-42a0-b40e-9f9b4516eaf3,13561,irreperet,appendix.26.2,0,1,929,11,,
b413307f-d5c0-42a0-b40e-9f9b4516eaf3,13562,:,appendix.26.2,,4,929,,,
b413307f-d5c0-42a0-b40e-9f9b4516eaf3,13563,Per,appendix.26.3,0,1,929,12,,
b413307f-d5c0-42a0-b40e-9f9b4516eaf3,13564,superos,appendix.26.3,0,1,929,13,,
b413307f-d5c0-42a0-b40e-9f9b4516eaf3,13565,oro,appendix.26.3,0,1,929,14,,
b413307f-d5c0-42a0-b40e-9f9b4516eaf3,13566,perque,appendix.26.3,0,1,929,15,que,
b413307f-d5c0-42a0-b40e-9f9b4516eaf3,13567,spes,appendix.26.3,0,1,929,16,,
b413307f-d5c0-42a0-b40e-9f9b4516eaf3,13568,omnes,appendix.26.3,0,1,929,17,,
b413307f-d5c0-42a0-b40e-9f9b4516eaf3,13569,tuas,appendix.26.3,0,1,929,18,,
b413307f-d5c0-42a0-b40e-9f9b4516eaf3,13570,",",appendix.26.3,,4,929,,,
b413307f-d5c0-42a0-b40e-9f9b4516eaf3,13571,Ne,appendix.26.4,0,1,929,19,,
b413307f-d5c0-42a0-b40e-9f9b4516eaf3,13572,me,appendix.26.4,0,1,929,20,,
b413307f-d5c0-42a0-b40e-9f9b4516eaf3,13573,indices,appendix.26.4,0,1,929,21,,
b413307f-d5c0-42a0-b40e-9f9b4516eaf3,13574,",",appendix.26.4,,4,929,,,
b413307f-d5c0-42a0-b40e-9f9b4516eaf3,13575,bubulce,appendix.26.4,0,1,929,22,,
b413307f-d5c0-42a0-b40e-9f9b4516eaf3,13576,;,appendix.26.4,,4,929,,,
b413307f-d5c0-42a0-b40e-9f9b4516eaf3,13577,nihil,appendix.26.4,0,1,929,23,,
b413307f-d5c0-42a0-b40e-9f9b4516eaf3,13578,umquam,appendix.26.4,0,1,929,24,,
b413307f-d5c0-42a0-b40e-9f9b4516eaf3,13579,mali,appendix.26.4,0,1,929,25,,
b413307f-d5c0-42a0-b40e-9f9b4516eaf3,13580,Huic,appendix.26.5,0,1,929,26,,
b413307f-d5c0-42a0-b40e-9f9b4516eaf3,13581,agro,appendix.26.5,0,1,929,27,,
b413307f-d5c0-42a0-b40e-9f9b4516eaf3,13582,feci,appendix.26.5,0,1,929,28,,
b413307f-d5c0-42a0-b40e-9f9b4516eaf3,13583,.,appendix.26.5,,4,929,,,
b413307f-d5c0-42a0-b40e-9f9b4516eaf3,13584,Et,appendix.26.5,0,1,930,0,,
b413307f-d5c0-42a0-b40e-9f9b4516eaf3,13585,rusticus,appendix.26.5,0,1,930,1,,
b413307f-d5c0-42a0-b40e-9f9b4516eaf3,13586,:,appendix.26.5,,4,930,,,
b413307f-d5c0-42a0-b40e-9f9b4516eaf3,13587,Ne,appendix.26.5,0,1,930,2,,
b413307f-d5c0-42a0-b40e-9f9b4516eaf3,13588,timueris,appendix.26.5,0,1,930,3,,
b413307f-d5c0-42a0-b40e-9f9b4516eaf3,13589,;,appendix.26.5,,4,930,,,
b413307f-d5c0-42a0-b40e-9f9b4516eaf3,13590,Late,appendix.26.6,0,1,930,4,,
b413307f-d5c0-42a0-b40e-9f9b4516eaf3,13591,securus,appendix.26.6,0,1,930,5,,
b413307f-d5c0-42a0-b40e-9f9b4516eaf3,13592,.,appendix.26.6,,4,930,,,
b413307f-d5c0-42a0-b40e-9f9b4516eaf3,13593,Iamque,appendix.26.6,0,1,931,0,,
b413307f-d5c0-42a0-b40e-9f9b4516eaf3,13594,venator,appendix.26.6,0,1,931,1,,
b413307f-d5c0-42a0-b40e-9f9b4516eaf3,13595,sequens,appendix.26.6,0,1,931,2,,
b413307f-d5c0-42a0-b40e-9f9b4516eaf3,13596,:,appendix.26.6,,4,931,,,
b413307f-d5c0-42a0-b40e-9f9b4516eaf3,13597,Quaeso,appendix.26.7,0,1,931,3,,
b413307f-d5c0-42a0-b40e-9f9b4516eaf3,13598,",",appendix.26.7,,4,931,,,
b413307f-d5c0-42a0-b40e-9f9b4516eaf3,13599,bubulce,appendix.26.7,0,1,931,4,,
b413307f-d5c0-42a0-b40e-9f9b4516eaf3,13600,",",appendix.26.7,,4,931,,,
b413307f-d5c0-42a0-b40e-9f9b4516eaf3,13601,numquid,appendix.26.7,0,1,931,5,,
b413307f-d5c0-42a0-b40e-9f9b4516eaf3,13602,huc,appendix.26.7,0,1,931,6,,
b413307f-d5c0-42a0-b40e-9f9b4516eaf3,13603,venit,appendix.26.7,0,1,931,7,,
b413307f-d5c0-42a0-b40e-9f9b4516eaf3,13604,lepus,appendix.26.7,0,1,931,8,,
b413307f-d5c0-42a0-b40e-9f9b4516eaf3,13605,?,appendix.26.7,,4,931,,,
b413307f-d5c0-42a0-b40e-9f9b4516eaf3,13606,Venit,appendix.26.8,0,1,932,0,,
b413307f-d5c0-42a0-b40e-9f9b4516eaf3,13607,",",appendix.26.8,,4,932,,,
b413307f-d5c0-42a0-b40e-9f9b4516eaf3,13608,sed,appendix.26.8,0,1,932,1,,
b413307f-d5c0-42a0-b40e-9f9b4516eaf3,13609,abiit,appendix.26.8,0,1,932,2,,
b413307f-d5c0-42a0-b40e-9f9b4516eaf3,13610,hac,appendix.26.8,0,1,932,3,,
b413307f-d5c0-42a0-b40e-9f9b4516eaf3,13611,ad,appendix.26.8,0,1,932,4,,
b413307f-d5c0-42a0-b40e-9f9b4516eaf3,13612,laevam,appendix.26.8,0,1,932,5,,
b413307f-d5c0-42a0-b40e-9f9b4516eaf3,13613,;,appendix.26.8,,4,932,,,
b413307f-d5c0-42a0-b40e-9f9b4516eaf3,13614,et,appendix.26.8,0,1,932,6,,
b413307f-d5c0-42a0-b40e-9f9b4516eaf3,13615,dexteram,appendix.26.8,0,1,932,7,,
b413307f-d5c0-42a0-b40e-9f9b4516eaf3,13616,Demonstrat,appendix.26.9,0,1,932,8,,
b413307f-d5c0-42a0-b40e-9f9b4516eaf3,13617,nutu,appendix.26.9,0,1,932,9,,
b413307f-d5c0-42a0-b40e-9f9b4516eaf3,13618,partem,appendix.26.9,0,1,932,10,,
b413307f-d5c0-42a0-b40e-9f9b4516eaf3,13619,.,appendix.26.9,,4,932,,,
b413307f-d5c0-42a0-b40e-9f9b4516eaf3,13620,Venator,appendix.26.9,0,1,933,0,,
b413307f-d5c0-42a0-b40e-9f9b4516eaf3,13621,citus,appendix.26.9,0,1,933,1,,
b413307f-d5c0-42a0-b40e-9f9b4516eaf3,13622,Non,appendix.26.10,0,1,933,2,,
b413307f-d5c0-42a0-b40e-9f9b4516eaf3,13623,intellexit,appendix.26.10,0,1,933,3,,
b413307f-d5c0-42a0-b40e-9f9b4516eaf3,13624,seque,appendix.26.10,0,1,933,4,que,
b413307f-d5c0-42a0-b40e-9f9b4516eaf3,13625,e,appendix.26.10,0,1,933,5,,
b413307f-d5c0-42a0-b40e-9f9b4516eaf3,13626,conspectu,appendix.26.10,0,1,933,6,,
b413307f-d5c0-42a0-b40e-9f9b4516eaf3,13627,abstulit,appendix.26.10,0,1,933,7,,
b413307f-d5c0-42a0-b40e-9f9b4516eaf3,13628,.,appendix.26.10,,4,933,,,
b413307f-d5c0-42a0-b40e-9f9b4516eaf3,13629,Tunc,appendix.26.11,0,1,934,0,,
b413307f-d5c0-42a0-b40e-9f9b4516eaf3,13630,sic,appendix.26.11,0,1,934,1,,
b413307f-d5c0-42a0-b40e-9f9b4516eaf3,13631,bubulcus,appendix.26.11,0,1,934,2,,
b413307f-d5c0-42a0-b40e-9f9b4516eaf3,13632,:,appendix.26.11,,4,934,,,
b413307f-d5c0-42a0-b40e-9f9b4516eaf3,13633,Ecquid,appendix.26.11,0,1,934,3,,
b413307f-d5c0-42a0-b40e-9f9b4516eaf3,13634,est,appendix.26.11,0,1,934,4,,
b413307f-d5c0-42a0-b40e-9f9b4516eaf3,13635,gratum,appendix.26.11,0,1,934,5,,
b413307f-d5c0-42a0-b40e-9f9b4516eaf3,13636,tibi,appendix.26.11,0,1,934,6,,
b413307f-d5c0-42a0-b40e-9f9b4516eaf3,13637,",",appendix.26.11,,4,934,,,
b413307f-d5c0-42a0-b40e-9f9b4516eaf3,13638,Quod,appendix.26.12,0,1,934,7,,
b413307f-d5c0-42a0-b40e-9f9b4516eaf3,13639,te,appendix.26.12,0,1,934,8,,
b413307f-d5c0-42a0-b40e-9f9b4516eaf3,13640,celavi,appendix.26.12,0,1,934,9,,
b413307f-d5c0-42a0-b40e-9f9b4516eaf3,13641,?,appendix.26.12,,4,934,,,
b413307f-d5c0-42a0-b40e-9f9b4516eaf3,13642,Linguae,appendix.26.12,0,1,935,0,,
b413307f-d5c0-42a0-b40e-9f9b4516eaf3,13643,prorsus,appendix.26.12,0,1,935,1,,
b413307f-d5c0-42a0-b40e-9f9b4516eaf3,13644,non,appendix.26.12,0,1,935,2,,
b413307f-d5c0-42a0-b40e-9f9b4516eaf3,13645,nego,appendix.26.12,0,1,935,3,,
b413307f-d5c0-42a0-b40e-9f9b4516eaf3,13646,Habere,appendix.26.13,0,1,935,4,,
b413307f-d5c0-42a0-b40e-9f9b4516eaf3,13647,atque,appendix.26.13,0,1,935,5,,
b413307f-d5c0-42a0-b40e-9f9b4516eaf3,13648,agere,appendix.26.13,0,1,935,6,,
b413307f-d5c0-42a0-b40e-9f9b4516eaf3,13649,maximas,appendix.26.13,0,1,935,7,,
b413307f-d5c0-42a0-b40e-9f9b4516eaf3,13650,me,appendix.26.13,0,1,935,8,,
b413307f-d5c0-42a0-b40e-9f9b4516eaf3,13651,gratias,appendix.26.13,0,1,935,9,,
b413307f-d5c0-42a0-b40e-9f9b4516eaf3,13652,;,appendix.26.13,,4,935,,,
b413307f-d5c0-42a0-b40e-9f9b4516eaf3,13653,Verum,appendix.26.14,0,1,935,10,,
b413307f-d5c0-42a0-b40e-9f9b4516eaf3,13654,oculis,appendix.26.14,0,1,935,11,,
b413307f-d5c0-42a0-b40e-9f9b4516eaf3,13655,ut,appendix.26.14,0,1,935,12,,
b413307f-d5c0-42a0-b40e-9f9b4516eaf3,13656,priveris,appendix.26.14,0,1,935,13,,
b413307f-d5c0-42a0-b40e-9f9b4516eaf3,13657,opto,appendix.26.14,0,1,935,14,,
b413307f-d5c0-42a0-b40e-9f9b4516eaf3,13658,perfidis,appendix.26.14,0,1,935,15,,
b413307f-d5c0-42a0-b40e-9f9b4516eaf3,13659,.,appendix.26.14,,4,935,,,
b413307f-d5c0-42a0-b40e-9f9b4516eaf3,13660,Meretrix,appendix.27,0,1,936,0,,
b413307f-d5c0-42a0-b40e-9f9b4516eaf3,13661,et,appendix.27,0,1,936,1,,
b413307f-d5c0-42a0-b40e-9f9b4516eaf3,13662,iuvenis,appendix.27,0,1,936,2,,
b413307f-d5c0-42a0-b40e-9f9b4516eaf3,13663,:,appendix.27,,4,936,,,
b413307f-d5c0-42a0-b40e-9f9b4516eaf3,13664,Multa,appendix.27,0,1,936,3,,
b413307f-d5c0-42a0-b40e-9f9b4516eaf3,13665,esse,appendix.27,0,1,936,4,,
b413307f-d5c0-42a0-b40e-9f9b4516eaf3,13666,nobis,appendix.27,0,1,936,5,,
b413307f-d5c0-42a0-b40e-9f9b4516eaf3,13667,iocunda,appendix.27,0,1,936,6,,
b413307f-d5c0-42a0-b40e-9f9b4516eaf3,13668,quae,appendix.27,0,1,936,7,,
b413307f-d5c0-42a0-b40e-9f9b4516eaf3,13669,tamen,appendix.27,0,1,936,8,,
b413307f-d5c0-42a0-b40e-9f9b4516eaf3,13670,sunt,appendix.27,0,1,936,9,,
b413307f-d5c0-42a0-b40e-9f9b4516eaf3,13671,incommoda,appendix.27,0,1,936,10,,
b413307f-d5c0-42a0-b40e-9f9b4516eaf3,13672,.,appendix.27,,4,936,,,
b413307f-d5c0-42a0-b40e-9f9b4516eaf3,13673,Cum,appendix.27.1,2,1,937,0,,
b413307f-d5c0-42a0-b40e-9f9b4516eaf3,13674,blandiretur,appendix.27.1,0,1,937,1,,
b413307f-d5c0-42a0-b40e-9f9b4516eaf3,13675,iuveni,appendix.27.1,0,1,937,2,,
b413307f-d5c0-42a0-b40e-9f9b4516eaf3,13676,meretrix,appendix.27.1,0,1,937,3,,
b413307f-d5c0-42a0-b40e-9f9b4516eaf3,13677,perfida,appendix.27.1,0,1,937,4,,
b413307f-d5c0-42a0-b40e-9f9b4516eaf3,13678,",",appendix.27.1,,4,937,,,
b413307f-d5c0-42a0-b40e-9f9b4516eaf3,13679,Et,appendix.27.2,0,1,937,5,,
b413307f-d5c0-42a0-b40e-9f9b4516eaf3,13680,ille,appendix.27.2,0,1,937,6,,
b413307f-d5c0-42a0-b40e-9f9b4516eaf3,13681,laesus,appendix.27.2,0,1,937,7,,
b413307f-d5c0-42a0-b40e-9f9b4516eaf3,13682,multis,appendix.27.2,0,1,937,8,,
b413307f-d5c0-42a0-b40e-9f9b4516eaf3,13683,saepe,appendix.27.2,0,1,937,9,,
b413307f-d5c0-42a0-b40e-9f9b4516eaf3,13684,iniuriis,appendix.27.2,0,1,937,10,,
b413307f-d5c0-42a0-b40e-9f9b4516eaf3,13685,Tamen,appendix.27.3,0,1,937,11,,
b413307f-d5c0-42a0-b40e-9f9b4516eaf3,13686,praeberet,appendix.27.3,0,1,937,12,,
b413307f-d5c0-42a0-b40e-9f9b4516eaf3,13687,sese,appendix.27.3,0,1,937,13,,
b413307f-d5c0-42a0-b40e-9f9b4516eaf3,13688,facilem,appendix.27.3,0,1,937,14,,
b413307f-d5c0-42a0-b40e-9f9b4516eaf3,13689,mulieri,appendix.27.3,0,1,937,15,,
b413307f-d5c0-42a0-b40e-9f9b4516eaf3,13690,",",appendix.27.3,,4,937,,,
b413307f-d5c0-42a0-b40e-9f9b4516eaf3,13691,Sic,appendix.27.4,0,1,937,16,,
b413307f-d5c0-42a0-b40e-9f9b4516eaf3,13692,insidiatrix,appendix.27.4,0,1,937,17,,
b413307f-d5c0-42a0-b40e-9f9b4516eaf3,13693,:,appendix.27.4,,4,937,,,
b413307f-d5c0-42a0-b40e-9f9b4516eaf3,13694,Omnes,appendix.27.4,0,1,937,18,,
b413307f-d5c0-42a0-b40e-9f9b4516eaf3,13695,muneribus,appendix.27.4,0,1,937,19,,
b413307f-d5c0-42a0-b40e-9f9b4516eaf3,13696,licet,appendix.27.4,0,1,937,20,,
b413307f-d5c0-42a0-b40e-9f9b4516eaf3,13697,Contendant,appendix.27.5,0,1,937,21,,
b413307f-d5c0-42a0-b40e-9f9b4516eaf3,13698,",",appendix.27.5,,4,937,,,
b413307f-d5c0-42a0-b40e-9f9b4516eaf3,13699,ego,appendix.27.5,0,1,937,22,,
b413307f-d5c0-42a0-b40e-9f9b4516eaf3,13700,te,appendix.27.5,0,1,937,23,,
b413307f-d5c0-42a0-b40e-9f9b4516eaf3,13701,plurimi,appendix.27.5,0,1,937,24,,
b413307f-d5c0-42a0-b40e-9f9b4516eaf3,13702,facio,appendix.27.5,0,1,937,25,,
b413307f-d5c0-42a0-b40e-9f9b4516eaf3,13703,tamen,appendix.27.5,0,1,937,26,,
b413307f-d5c0-42a0-b40e-9f9b4516eaf3,13704,.,appendix.27.5,,4,937,,,
b413307f-d5c0-42a0-b40e-9f9b4516eaf3,13705,Iuvenis,appendix.27.6,0,1,938,0,,
b413307f-d5c0-42a0-b40e-9f9b4516eaf3,13706,recordans,appendix.27.6,0,1,938,1,,
b413307f-d5c0-42a0-b40e-9f9b4516eaf3,13707,quotiens,appendix.27.6,0,1,938,2,,
b413307f-d5c0-42a0-b40e-9f9b4516eaf3,13708,deceptus,appendix.27.6,0,1,938,3,,
b413307f-d5c0-42a0-b40e-9f9b4516eaf3,13709,foret,appendix.27.6,0,1,938,4,,
b413307f-d5c0-42a0-b40e-9f9b4516eaf3,13710,:,appendix.27.6,,4,938,,,
b413307f-d5c0-42a0-b40e-9f9b4516eaf3,13711,Libenter,appendix.27.7,0,1,938,5,,
b413307f-d5c0-42a0-b40e-9f9b4516eaf3,13712,",",appendix.27.7,,4,938,,,
b413307f-d5c0-42a0-b40e-9f9b4516eaf3,13713,inquit,appendix.27.7,0,1,938,6,,
b413307f-d5c0-42a0-b40e-9f9b4516eaf3,13714,",",appendix.27.7,,4,938,,,
b413307f-d5c0-42a0-b40e-9f9b4516eaf3,13715,mea,appendix.27.7,0,1,938,7,,
b413307f-d5c0-42a0-b40e-9f9b4516eaf3,13716,lux,appendix.27.7,0,1,938,8,,
b413307f-d5c0-42a0-b40e-9f9b4516eaf3,13717,",",appendix.27.7,,4,938,,,
b413307f-d5c0-42a0-b40e-9f9b4516eaf3,13718,hanc,appendix.27.7,0,1,938,9,,
b413307f-d5c0-42a0-b40e-9f9b4516eaf3,13719,vocem,appendix.27.7,0,1,938,10,,
b413307f-d5c0-42a0-b40e-9f9b4516eaf3,13720,audio,appendix.27.7,0,1,938,11,,
b413307f-d5c0-42a0-b40e-9f9b4516eaf3,13721,",",appendix.27.7,,4,938,,,
b413307f-d5c0-42a0-b40e-9f9b4516eaf3,13722,Non,appendix.27.8,0,1,938,12,,
b413307f-d5c0-42a0-b40e-9f9b4516eaf3,13723,quod,appendix.27.8,0,1,938,13,,
b413307f-d5c0-42a0-b40e-9f9b4516eaf3,13724,fidelis,appendix.27.8,0,1,938,14,,
b413307f-d5c0-42a0-b40e-9f9b4516eaf3,13725,",",appendix.27.8,,4,938,,,
b413307f-d5c0-42a0-b40e-9f9b4516eaf3,13726,sed,appendix.27.8,0,1,938,15,,
b413307f-d5c0-42a0-b40e-9f9b4516eaf3,13727,quod,appendix.27.8,0,1,938,16,,
b413307f-d5c0-42a0-b40e-9f9b4516eaf3,13728,iucunda,appendix.27.8,0,1,938,17,,
b413307f-d5c0-42a0-b40e-9f9b4516eaf3,13729,est,appendix.27.8,0,1,938,18,,
b413307f-d5c0-42a0-b40e-9f9b4516eaf3,13730,mihi,appendix.27.8,0,1,938,19,,
b413307f-d5c0-42a0-b40e-9f9b4516eaf3,13731,.,appendix.27.8,,4,938,,,
b413307f-d5c0-42a0-b40e-9f9b4516eaf3,13732,Fiber,appendix.28,0,1,939,0,,
b413307f-d5c0-42a0-b40e-9f9b4516eaf3,13733,.,appendix.28,,4,939,,,
b413307f-d5c0-42a0-b40e-9f9b4516eaf3,13734,Canes,appendix.28.1,2,1,940,0,,
b413307f-d5c0-42a0-b40e-9f9b4516eaf3,13735,effugere,appendix.28.1,0,1,940,1,,
b413307f-d5c0-42a0-b40e-9f9b4516eaf3,13736,cum,appendix.28.1,0,1,940,2,,
b413307f-d5c0-42a0-b40e-9f9b4516eaf3,13737,iam,appendix.28.1,0,1,940,3,,
b413307f-d5c0-42a0-b40e-9f9b4516eaf3,13738,non,appendix.28.1,0,1,940,4,,
b413307f-d5c0-42a0-b40e-9f9b4516eaf3,13739,possit,appendix.28.1,0,1,940,5,,
b413307f-d5c0-42a0-b40e-9f9b4516eaf3,13740,fiber,appendix.28.1,0,1,940,6,,
b413307f-d5c0-42a0-b40e-9f9b4516eaf3,13741,",",appendix.28.1,,4,940,,,
b413307f-d5c0-42a0-b40e-9f9b4516eaf3,13742,(,appendix.28.2,,4,940,,,
b413307f-d5c0-42a0-b40e-9f9b4516eaf3,13743,Graeci,appendix.28.2,1,1,940,7,,
b413307f-d5c0-42a0-b40e-9f9b4516eaf3,13744,loquaces,appendix.28.2,0,1,940,8,,
b413307f-d5c0-42a0-b40e-9f9b4516eaf3,13745,quem,appendix.28.2,0,1,940,9,,
b413307f-d5c0-42a0-b40e-9f9b4516eaf3,13746,dixerunt,appendix.28.2,0,1,940,10,,
b413307f-d5c0-42a0-b40e-9f9b4516eaf3,13747,castorem,appendix.28.2,0,1,940,11,,
b413307f-d5c0-42a0-b40e-9f9b4516eaf3,13748,Et,appendix.28.3,0,1,940,12,,
b413307f-d5c0-42a0-b40e-9f9b4516eaf3,13749,indiderunt,appendix.28.3,0,1,940,13,,
b413307f-d5c0-42a0-b40e-9f9b4516eaf3,13750,bestiae,appendix.28.3,0,1,940,14,,
b413307f-d5c0-42a0-b40e-9f9b4516eaf3,13751,nomen,appendix.28.3,0,1,940,15,,
b413307f-d5c0-42a0-b40e-9f9b4516eaf3,13752,dei,appendix.28.3,0,1,940,16,,
b413307f-d5c0-42a0-b40e-9f9b4516eaf3,13753,",",appendix.28.3,,4,940,,,
b413307f-d5c0-42a0-b40e-9f9b4516eaf3,13754,Illi,appendix.28.4,0,1,940,17,,
b413307f-d5c0-42a0-b40e-9f9b4516eaf3,13755,qui,appendix.28.4,0,1,940,18,,
b413307f-d5c0-42a0-b40e-9f9b4516eaf3,13756,iactant,appendix.28.4,0,1,940,19,,
b413307f-d5c0-42a0-b40e-9f9b4516eaf3,13757,se,appendix.28.4,0,1,940,20,,
b413307f-d5c0-42a0-b40e-9f9b4516eaf3,13758,verborum,appendix.28.4,0,1,940,21,,
b413307f-d5c0-42a0-b40e-9f9b4516eaf3,13759,copia,appendix.28.4,0,1,940,22,,
b413307f-d5c0-42a0-b40e-9f9b4516eaf3,13760,),appendix.28.4,,4,940,,,
b413307f-d5c0-42a0-b40e-9f9b4516eaf3,13761,",",appendix.28.4,,4,940,,,
b413307f-d5c0-42a0-b40e-9f9b4516eaf3,13762,Abripere,appendix.28.5,0,1,940,23,,
b413307f-d5c0-42a0-b40e-9f9b4516eaf3,13763,morsu,appendix.28.5,0,1,940,24,,
b413307f-d5c0-42a0-b40e-9f9b4516eaf3,13764,fertur,appendix.28.5,0,1,940,25,,
b413307f-d5c0-42a0-b40e-9f9b4516eaf3,13765,testiculos,appendix.28.5,0,1,940,26,,
b413307f-d5c0-42a0-b40e-9f9b4516eaf3,13766,sibi,appendix.28.5,0,1,940,27,,
b413307f-d5c0-42a0-b40e-9f9b4516eaf3,13767,",",appendix.28.5,,4,940,,,
b413307f-d5c0-42a0-b40e-9f9b4516eaf3,13768,Quia,appendix.28.6,0,1,940,28,,
b413307f-d5c0-42a0-b40e-9f9b4516eaf3,13769,propter,appendix.28.6,0,1,940,29,,
b413307f-d5c0-42a0-b40e-9f9b4516eaf3,13770,illos,appendix.28.6,0,1,940,30,,
b413307f-d5c0-42a0-b40e-9f9b4516eaf3,13771,sentiat,appendix.28.6,0,1,940,31,,
b413307f-d5c0-42a0-b40e-9f9b4516eaf3,13772,sese,appendix.28.6,0,1,940,32,,
b413307f-d5c0-42a0-b40e-9f9b4516eaf3,13773,peti,appendix.28.6,0,1,940,33,,
b413307f-d5c0-42a0-b40e-9f9b4516eaf3,13774,.,appendix.28.6,,4,940,,,
b413307f-d5c0-42a0-b40e-9f9b4516eaf3,13775,Divina,appendix.28.7,0,1,941,0,,
b413307f-d5c0-42a0-b40e-9f9b4516eaf3,13776,quod,appendix.28.7,0,1,941,1,,
b413307f-d5c0-42a0-b40e-9f9b4516eaf3,13777,ratione,appendix.28.7,0,1,941,2,,
b413307f-d5c0-42a0-b40e-9f9b4516eaf3,13778,fieri,appendix.28.7,0,1,941,3,,
b413307f-d5c0-42a0-b40e-9f9b4516eaf3,13779,non,appendix.28.7,0,1,941,4,,
b413307f-d5c0-42a0-b40e-9f9b4516eaf3,13780,negem,appendix.28.7,0,1,941,5,,
b413307f-d5c0-42a0-b40e-9f9b4516eaf3,13781,;,appendix.28.7,,4,941,,,
b413307f-d5c0-42a0-b40e-9f9b4516eaf3,13782,Venator,appendix.28.8,0,1,941,6,,
b413307f-d5c0-42a0-b40e-9f9b4516eaf3,13783,namque,appendix.28.8,0,1,941,7,,
b413307f-d5c0-42a0-b40e-9f9b4516eaf3,13784,simul,appendix.28.8,0,1,941,8,,
b413307f-d5c0-42a0-b40e-9f9b4516eaf3,13785,invenit,appendix.28.8,0,1,941,9,,
b413307f-d5c0-42a0-b40e-9f9b4516eaf3,13786,remedium,appendix.28.8,0,1,941,10,,
b413307f-d5c0-42a0-b40e-9f9b4516eaf3,13787,",",appendix.28.8,,4,941,,,
b413307f-d5c0-42a0-b40e-9f9b4516eaf3,13788,Omittit,appendix.28.9,0,1,941,11,,
b413307f-d5c0-42a0-b40e-9f9b4516eaf3,13789,ipsum,appendix.28.9,0,1,941,12,,
b413307f-d5c0-42a0-b40e-9f9b4516eaf3,13790,persequi,appendix.28.9,0,1,941,13,,
b413307f-d5c0-42a0-b40e-9f9b4516eaf3,13791,et,appendix.28.9,0,1,941,14,,
b413307f-d5c0-42a0-b40e-9f9b4516eaf3,13792,vocat,appendix.28.9,0,1,941,15,,
b413307f-d5c0-42a0-b40e-9f9b4516eaf3,13793,canes,appendix.28.9,0,1,941,16,,
b413307f-d5c0-42a0-b40e-9f9b4516eaf3,13794,.,appendix.28.9,,4,941,,,
b413307f-d5c0-42a0-b40e-9f9b4516eaf3,13795,Hoc,appendix.28.10,0,1,942,0,,
b413307f-d5c0-42a0-b40e-9f9b4516eaf3,13796,si,appendix.28.10,0,1,942,1,,
b413307f-d5c0-42a0-b40e-9f9b4516eaf3,13797,praestare,appendix.28.10,0,1,942,2,,
b413307f-d5c0-42a0-b40e-9f9b4516eaf3,13798,possent,appendix.28.10,0,1,942,3,,
b413307f-d5c0-42a0-b40e-9f9b4516eaf3,13799,homines,appendix.28.10,0,1,942,4,,
b413307f-d5c0-42a0-b40e-9f9b4516eaf3,13800,",",appendix.28.10,,4,942,,,
b413307f-d5c0-42a0-b40e-9f9b4516eaf3,13801,ut,appendix.28.10,0,1,942,5,,
b413307f-d5c0-42a0-b40e-9f9b4516eaf3,13802,suo,appendix.28.10,0,1,942,6,,
b413307f-d5c0-42a0-b40e-9f9b4516eaf3,13803,Vellent,appendix.28.11,0,1,942,7,,
b413307f-d5c0-42a0-b40e-9f9b4516eaf3,13804,carere,appendix.28.11,0,1,942,8,,
b413307f-d5c0-42a0-b40e-9f9b4516eaf3,13805,",",appendix.28.11,,4,942,,,
b413307f-d5c0-42a0-b40e-9f9b4516eaf3,13806,tuti,appendix.28.11,0,1,942,9,,
b413307f-d5c0-42a0-b40e-9f9b4516eaf3,13807,posthac,appendix.28.11,0,1,942,10,,
b413307f-d5c0-42a0-b40e-9f9b4516eaf3,13808,viverent,appendix.28.11,0,1,942,11,,
b413307f-d5c0-42a0-b40e-9f9b4516eaf3,13809,;,appendix.28.11,,4,942,,,
b413307f-d5c0-42a0-b40e-9f9b4516eaf3,13810,Haud,appendix.28.12,0,1,942,12,,
b413307f-d5c0-42a0-b40e-9f9b4516eaf3,13811,quisquam,appendix.28.12,0,1,942,13,,
b413307f-d5c0-42a0-b40e-9f9b4516eaf3,13812,insidias,appendix.28.12,0,1,942,14,,
b413307f-d5c0-42a0-b40e-9f9b4516eaf3,13813,nudo,appendix.28.12,0,1,942,15,,
b413307f-d5c0-42a0-b40e-9f9b4516eaf3,13814,faceret,appendix.28.12,0,1,942,16,,
b413307f-d5c0-42a0-b40e-9f9b4516eaf3,13815,corpori,appendix.28.12,0,1,942,17,,
b413307f-d5c0-42a0-b40e-9f9b4516eaf3,13816,.,appendix.28.12,,4,942,,,
b413307f-d5c0-42a0-b40e-9f9b4516eaf3,13817,Papilio,appendix.29,0,1,943,0,,
b413307f-d5c0-42a0-b40e-9f9b4516eaf3,13818,et,appendix.29,0,1,943,1,,
b413307f-d5c0-42a0-b40e-9f9b4516eaf3,13819,vespa,appendix.29,0,1,943,2,,
b413307f-d5c0-42a0-b40e-9f9b4516eaf3,13820,:,appendix.29,,4,943,,,
b413307f-d5c0-42a0-b40e-9f9b4516eaf3,13821,Non,appendix.29,0,1,943,3,,
b413307f-d5c0-42a0-b40e-9f9b4516eaf3,13822,praeteritam,appendix.29,0,1,943,4,,
b413307f-d5c0-42a0-b40e-9f9b4516eaf3,13823,sed,appendix.29,0,1,943,5,,
b413307f-d5c0-42a0-b40e-9f9b4516eaf3,13824,praesentem,appendix.29,0,1,943,6,,
b413307f-d5c0-42a0-b40e-9f9b4516eaf3,13825,aspiciendam,appendix.29,0,1,943,7,,
b413307f-d5c0-42a0-b40e-9f9b4516eaf3,13826,esse,appendix.29,0,1,943,8,,
b413307f-d5c0-42a0-b40e-9f9b4516eaf3,13827,fortunam,appendix.29,0,1,943,9,,
b413307f-d5c0-42a0-b40e-9f9b4516eaf3,13828,.,appendix.29,,4,943,,,
b413307f-d5c0-42a0-b40e-9f9b4516eaf3,13829,Papilio,appendix.29.1,0,1,944,0,,
b413307f-d5c0-42a0-b40e-9f9b4516eaf3,13830,vespam,appendix.29.1,0,1,944,1,,
b413307f-d5c0-42a0-b40e-9f9b4516eaf3,13831,praetervolitans,appendix.29.1,0,1,944,2,,
b413307f-d5c0-42a0-b40e-9f9b4516eaf3,13832,viderat,appendix.29.1,0,1,944,3,,
b413307f-d5c0-42a0-b40e-9f9b4516eaf3,13833,.,appendix.29.1,,4,944,,,
b413307f-d5c0-42a0-b40e-9f9b4516eaf3,13834,O,appendix.29.2,0,1,945,0,,
b413307f-d5c0-42a0-b40e-9f9b4516eaf3,13835,sortem,appendix.29.2,0,1,945,1,,
b413307f-d5c0-42a0-b40e-9f9b4516eaf3,13836,iniquam,appendix.29.2,0,1,945,2,,
b413307f-d5c0-42a0-b40e-9f9b4516eaf3,13837,!,appendix.29.2,,4,945,,,
b413307f-d5c0-42a0-b40e-9f9b4516eaf3,13838,dum,appendix.29.2,0,1,946,0,,
b413307f-d5c0-42a0-b40e-9f9b4516eaf3,13839,vivebant,appendix.29.2,0,1,946,1,,
b413307f-d5c0-42a0-b40e-9f9b4516eaf3,13840,corpora,appendix.29.2,0,1,946,2,,
b413307f-d5c0-42a0-b40e-9f9b4516eaf3,13841,",",appendix.29.2,,4,946,,,
b413307f-d5c0-42a0-b40e-9f9b4516eaf3,13842,Quorum,appendix.29.3,0,1,946,3,,
b413307f-d5c0-42a0-b40e-9f9b4516eaf3,13843,ex,appendix.29.3,0,1,946,4,,
b413307f-d5c0-42a0-b40e-9f9b4516eaf3,13844,reliquiis,appendix.29.3,0,1,946,5,,
b413307f-d5c0-42a0-b40e-9f9b4516eaf3,13845,animam,appendix.29.3,0,1,946,6,,
b413307f-d5c0-42a0-b40e-9f9b4516eaf3,13846,nos,appendix.29.3,0,1,946,7,,
b413307f-d5c0-42a0-b40e-9f9b4516eaf3,13847,accepimus,appendix.29.3,0,1,946,8,,
b413307f-d5c0-42a0-b40e-9f9b4516eaf3,13848,",",appendix.29.3,,4,946,,,
b413307f-d5c0-42a0-b40e-9f9b4516eaf3,13849,Ego,appendix.29.4,0,1,946,9,,
b413307f-d5c0-42a0-b40e-9f9b4516eaf3,13850,eloquens,appendix.29.4,0,1,946,10,,
b413307f-d5c0-42a0-b40e-9f9b4516eaf3,13851,in,appendix.29.4,0,1,946,11,,
b413307f-d5c0-42a0-b40e-9f9b4516eaf3,13852,pace,appendix.29.4,0,1,946,12,,
b413307f-d5c0-42a0-b40e-9f9b4516eaf3,13853,",",appendix.29.4,,4,946,,,
b413307f-d5c0-42a0-b40e-9f9b4516eaf3,13854,fortis,appendix.29.4,0,1,946,13,,
b413307f-d5c0-42a0-b40e-9f9b4516eaf3,13855,proeliis,appendix.29.4,0,1,946,14,,
b413307f-d5c0-42a0-b40e-9f9b4516eaf3,13856,",",appendix.29.4,,4,946,,,
b413307f-d5c0-42a0-b40e-9f9b4516eaf3,13857,Arte,appendix.29.5,0,1,946,15,,
b413307f-d5c0-42a0-b40e-9f9b4516eaf3,13858,omni,appendix.29.5,0,1,946,16,,
b413307f-d5c0-42a0-b40e-9f9b4516eaf3,13859,princeps,appendix.29.5,0,1,946,17,,
b413307f-d5c0-42a0-b40e-9f9b4516eaf3,13860,inter,appendix.29.5,0,1,946,18,,
b413307f-d5c0-42a0-b40e-9f9b4516eaf3,13861,aequales,appendix.29.5,0,1,946,19,,
b413307f-d5c0-42a0-b40e-9f9b4516eaf3,13862,fui,appendix.29.5,0,1,946,20,,
b413307f-d5c0-42a0-b40e-9f9b4516eaf3,13863,.,appendix.29.5,,4,946,,,
b413307f-d5c0-42a0-b40e-9f9b4516eaf3,13864,En,appendix.29.6,0,1,947,0,,
b413307f-d5c0-42a0-b40e-9f9b4516eaf3,13865,cuncta,appendix.29.6,0,1,947,1,,
b413307f-d5c0-42a0-b40e-9f9b4516eaf3,13866,:,appendix.29.6,,4,947,,,
b413307f-d5c0-42a0-b40e-9f9b4516eaf3,13867,levitas,appendix.29.6,0,1,947,2,,
b413307f-d5c0-42a0-b40e-9f9b4516eaf3,13868,putris,appendix.29.6,0,1,947,3,,
b413307f-d5c0-42a0-b40e-9f9b4516eaf3,13869,et,appendix.29.6,0,1,947,4,,
b413307f-d5c0-42a0-b40e-9f9b4516eaf3,13870,volito,appendix.29.6,0,1,947,5,,
b413307f-d5c0-42a0-b40e-9f9b4516eaf3,13871,cinis,appendix.29.6,0,1,947,6,,
b413307f-d5c0-42a0-b40e-9f9b4516eaf3,13872,!,appendix.29.6,,4,947,,,
b413307f-d5c0-42a0-b40e-9f9b4516eaf3,13873,Tu,appendix.29.7,0,1,948,0,,
b413307f-d5c0-42a0-b40e-9f9b4516eaf3,13874,qui,appendix.29.7,0,1,948,1,,
b413307f-d5c0-42a0-b40e-9f9b4516eaf3,13875,fuisti,appendix.29.7,0,1,948,2,,
b413307f-d5c0-42a0-b40e-9f9b4516eaf3,13876,mulus,appendix.29.7,0,1,948,3,,
b413307f-d5c0-42a0-b40e-9f9b4516eaf3,13877,clitellarius,appendix.29.7,0,1,948,4,,
b413307f-d5c0-42a0-b40e-9f9b4516eaf3,13878,",",appendix.29.7,,4,948,,,
b413307f-d5c0-42a0-b40e-9f9b4516eaf3,13879,Quemcumque,appendix.29.8,0,1,948,5,,
b413307f-d5c0-42a0-b40e-9f9b4516eaf3,13880,visum,appendix.29.8,0,1,948,6,,
b413307f-d5c0-42a0-b40e-9f9b4516eaf3,13881,est,appendix.29.8,0,1,948,7,,
b413307f-d5c0-42a0-b40e-9f9b4516eaf3,13882,laedis,appendix.29.8,0,1,948,8,,
b413307f-d5c0-42a0-b40e-9f9b4516eaf3,13883,infixo,appendix.29.8,0,1,948,9,,
b413307f-d5c0-42a0-b40e-9f9b4516eaf3,13884,aculeo,appendix.29.8,0,1,948,10,,
b413307f-d5c0-42a0-b40e-9f9b4516eaf3,13885,.,appendix.29.8,,4,948,,,
b413307f-d5c0-42a0-b40e-9f9b4516eaf3,13886,Et,appendix.29.9,0,1,949,0,,
b413307f-d5c0-42a0-b40e-9f9b4516eaf3,13887,vespa,appendix.29.9,0,1,949,1,,
b413307f-d5c0-42a0-b40e-9f9b4516eaf3,13888,dignam,appendix.29.9,0,1,949,2,,
b413307f-d5c0-42a0-b40e-9f9b4516eaf3,13889,moribus,appendix.29.9,0,1,949,3,,
b413307f-d5c0-42a0-b40e-9f9b4516eaf3,13890,vocem,appendix.29.9,0,1,949,4,,
b413307f-d5c0-42a0-b40e-9f9b4516eaf3,13891,edidit,appendix.29.9,0,1,949,5,,
b413307f-d5c0-42a0-b40e-9f9b4516eaf3,13892,:,appendix.29.9,,4,949,,,
b413307f-d5c0-42a0-b40e-9f9b4516eaf3,13893,Non,appendix.29.10,0,1,949,6,,
b413307f-d5c0-42a0-b40e-9f9b4516eaf3,13894,qui,appendix.29.10,0,1,949,7,,
b413307f-d5c0-42a0-b40e-9f9b4516eaf3,13895,fuerimus,appendix.29.10,0,1,949,8,,
b413307f-d5c0-42a0-b40e-9f9b4516eaf3,13896,",",appendix.29.10,,4,949,,,
b413307f-d5c0-42a0-b40e-9f9b4516eaf3,13897,sed,appendix.29.10,0,1,949,9,,
b413307f-d5c0-42a0-b40e-9f9b4516eaf3,13898,qui,appendix.29.10,0,1,949,10,,
b413307f-d5c0-42a0-b40e-9f9b4516eaf3,13899,nunc,appendix.29.10,0,1,949,11,,
b413307f-d5c0-42a0-b40e-9f9b4516eaf3,13900,simus,appendix.29.10,0,1,949,12,,
b413307f-d5c0-42a0-b40e-9f9b4516eaf3,13901,vide,appendix.29.10,0,1,949,13,,
b413307f-d5c0-42a0-b40e-9f9b4516eaf3,13902,.,appendix.29.10,,4,949,,,
b413307f-d5c0-42a0-b40e-9f9b4516eaf3,13903,Terraneola,appendix.30,0,1,950,0,,
b413307f-d5c0-42a0-b40e-9f9b4516eaf3,13904,et,appendix.30,0,1,950,1,,
b413307f-d5c0-42a0-b40e-9f9b4516eaf3,13905,vulpes,appendix.30,0,1,950,2,,
b413307f-d5c0-42a0-b40e-9f9b4516eaf3,13906,:,appendix.30,,4,950,,,
b413307f-d5c0-42a0-b40e-9f9b4516eaf3,13907,Pravis,appendix.30,0,1,950,3,,
b413307f-d5c0-42a0-b40e-9f9b4516eaf3,13908,non,appendix.30,0,1,950,4,,
b413307f-d5c0-42a0-b40e-9f9b4516eaf3,13909,esse,appendix.30,0,1,950,5,,
b413307f-d5c0-42a0-b40e-9f9b4516eaf3,13910,fidem,appendix.30,0,1,950,6,,
b413307f-d5c0-42a0-b40e-9f9b4516eaf3,13911,adhibendam,appendix.30,0,1,950,7,,
b413307f-d5c0-42a0-b40e-9f9b4516eaf3,13912,.,appendix.30,,4,950,,,
b413307f-d5c0-42a0-b40e-9f9b4516eaf3,13913,Avis,appendix.30.1,0,1,951,0,,
b413307f-d5c0-42a0-b40e-9f9b4516eaf3,13914,quam,appendix.30.1,0,1,951,1,,
b413307f-d5c0-42a0-b40e-9f9b4516eaf3,13915,dicunt,appendix.30.1,0,1,951,2,,
b413307f-d5c0-42a0-b40e-9f9b4516eaf3,13916,terraneolam,appendix.30.1,0,1,951,3,,
b413307f-d5c0-42a0-b40e-9f9b4516eaf3,13917,rustici,appendix.30.1,0,1,951,4,,
b413307f-d5c0-42a0-b40e-9f9b4516eaf3,13918,",",appendix.30.1,,4,951,,,
b413307f-d5c0-42a0-b40e-9f9b4516eaf3,13919,In,appendix.30.2,0,1,951,5,,
b413307f-d5c0-42a0-b40e-9f9b4516eaf3,13920,terra,appendix.30.2,0,1,951,6,,
b413307f-d5c0-42a0-b40e-9f9b4516eaf3,13921,nidum,appendix.30.2,0,1,951,7,,
b413307f-d5c0-42a0-b40e-9f9b4516eaf3,13922,quia,appendix.30.2,0,1,951,8,,
b413307f-d5c0-42a0-b40e-9f9b4516eaf3,13923,componit,appendix.30.2,0,1,951,9,,
b413307f-d5c0-42a0-b40e-9f9b4516eaf3,13924,scilicet,appendix.30.2,0,1,951,10,,
b413307f-d5c0-42a0-b40e-9f9b4516eaf3,13925,",",appendix.30.2,,4,951,,,
b413307f-d5c0-42a0-b40e-9f9b4516eaf3,13926,Forte,appendix.30.3,0,1,951,11,,
b413307f-d5c0-42a0-b40e-9f9b4516eaf3,13927,occucurrit,appendix.30.3,0,1,951,12,,
b413307f-d5c0-42a0-b40e-9f9b4516eaf3,13928,improbae,appendix.30.3,0,1,951,13,,
b413307f-d5c0-42a0-b40e-9f9b4516eaf3,13929,vulpeculae,appendix.30.3,0,1,951,14,,
b413307f-d5c0-42a0-b40e-9f9b4516eaf3,13930,;,appendix.30.3,,4,951,,,
b413307f-d5c0-42a0-b40e-9f9b4516eaf3,13931,Qua,appendix.30.4,0,1,951,15,,
b413307f-d5c0-42a0-b40e-9f9b4516eaf3,13932,visa,appendix.30.4,0,1,951,16,,
b413307f-d5c0-42a0-b40e-9f9b4516eaf3,13933,",",appendix.30.4,,4,951,,,
b413307f-d5c0-42a0-b40e-9f9b4516eaf3,13934,pennis,appendix.30.4,0,1,951,17,,
b413307f-d5c0-42a0-b40e-9f9b4516eaf3,13935,altius,appendix.30.4,0,1,951,18,,
b413307f-d5c0-42a0-b40e-9f9b4516eaf3,13936,se,appendix.30.4,0,1,951,19,,
b413307f-d5c0-42a0-b40e-9f9b4516eaf3,13937,sustulit,appendix.30.4,0,1,951,20,,
b413307f-d5c0-42a0-b40e-9f9b4516eaf3,13938,.,appendix.30.4,,4,951,,,
b413307f-d5c0-42a0-b40e-9f9b4516eaf3,13939,Salve,appendix.30.5,0,1,952,0,,
b413307f-d5c0-42a0-b40e-9f9b4516eaf3,13940,inquit,appendix.30.5,0,1,952,1,,
b413307f-d5c0-42a0-b40e-9f9b4516eaf3,13941,illa,appendix.30.5,0,1,952,2,,
b413307f-d5c0-42a0-b40e-9f9b4516eaf3,13942,cur,appendix.30.5,0,1,952,3,,
b413307f-d5c0-42a0-b40e-9f9b4516eaf3,13943,me,appendix.30.5,0,1,952,4,,
b413307f-d5c0-42a0-b40e-9f9b4516eaf3,13944,fugisti,appendix.30.5,0,1,952,5,,
b413307f-d5c0-42a0-b40e-9f9b4516eaf3,13945,",",appendix.30.5,,4,952,,,
b413307f-d5c0-42a0-b40e-9f9b4516eaf3,13946,obsecro,appendix.30.5,0,1,952,6,,
b413307f-d5c0-42a0-b40e-9f9b4516eaf3,13947,?,appendix.30.5,,4,952,,,
b413307f-d5c0-42a0-b40e-9f9b4516eaf3,13948,Quasi,appendix.30.6,0,1,953,0,,
b413307f-d5c0-42a0-b40e-9f9b4516eaf3,13949,non,appendix.30.6,0,1,953,1,,
b413307f-d5c0-42a0-b40e-9f9b4516eaf3,13950,abunde,appendix.30.6,0,1,953,2,,
b413307f-d5c0-42a0-b40e-9f9b4516eaf3,13951,sit,appendix.30.6,0,1,953,3,,
b413307f-d5c0-42a0-b40e-9f9b4516eaf3,13952,mihi,appendix.30.6,0,1,953,4,,
b413307f-d5c0-42a0-b40e-9f9b4516eaf3,13953,in,appendix.30.6,0,1,953,5,,
b413307f-d5c0-42a0-b40e-9f9b4516eaf3,13954,prato,appendix.30.6,0,1,953,6,,
b413307f-d5c0-42a0-b40e-9f9b4516eaf3,13955,cibus,appendix.30.6,0,1,953,7,,
b413307f-d5c0-42a0-b40e-9f9b4516eaf3,13956,",",appendix.30.6,,4,953,,,
b413307f-d5c0-42a0-b40e-9f9b4516eaf3,13957,Grilli,appendix.30.7,0,1,953,8,,
b413307f-d5c0-42a0-b40e-9f9b4516eaf3,13958,",",appendix.30.7,,4,953,,,
b413307f-d5c0-42a0-b40e-9f9b4516eaf3,13959,scarabaei,appendix.30.7,0,1,953,9,,
b413307f-d5c0-42a0-b40e-9f9b4516eaf3,13960,",",appendix.30.7,,4,953,,,
b413307f-d5c0-42a0-b40e-9f9b4516eaf3,13961,locustarum,appendix.30.7,0,1,953,10,,
b413307f-d5c0-42a0-b40e-9f9b4516eaf3,13962,copia,appendix.30.7,0,1,953,11,,
b413307f-d5c0-42a0-b40e-9f9b4516eaf3,13963,:,appendix.30.7,,4,953,,,
b413307f-d5c0-42a0-b40e-9f9b4516eaf3,13964,Nihil,appendix.30.8,0,1,953,12,,
b413307f-d5c0-42a0-b40e-9f9b4516eaf3,13965,est,appendix.30.8,0,1,953,13,,
b413307f-d5c0-42a0-b40e-9f9b4516eaf3,13966,quod,appendix.30.8,0,1,953,14,,
b413307f-d5c0-42a0-b40e-9f9b4516eaf3,13967,metuas,appendix.30.8,0,1,953,15,,
b413307f-d5c0-42a0-b40e-9f9b4516eaf3,13968,:,appendix.30.8,,4,953,,,
b413307f-d5c0-42a0-b40e-9f9b4516eaf3,13969,ego,appendix.30.8,0,1,953,16,,
b413307f-d5c0-42a0-b40e-9f9b4516eaf3,13970,te,appendix.30.8,0,1,953,17,,
b413307f-d5c0-42a0-b40e-9f9b4516eaf3,13971,multum,appendix.30.8,0,1,953,18,,
b413307f-d5c0-42a0-b40e-9f9b4516eaf3,13972,diligo,appendix.30.8,0,1,953,19,,
b413307f-d5c0-42a0-b40e-9f9b4516eaf3,13973,Propter,appendix.30.9,0,1,953,20,,
b413307f-d5c0-42a0-b40e-9f9b4516eaf3,13974,quietos,appendix.30.9,0,1,953,21,,
b413307f-d5c0-42a0-b40e-9f9b4516eaf3,13975,mores,appendix.30.9,0,1,953,22,,
b413307f-d5c0-42a0-b40e-9f9b4516eaf3,13976,et,appendix.30.9,0,1,953,23,,
b413307f-d5c0-42a0-b40e-9f9b4516eaf3,13977,vitam,appendix.30.9,0,1,953,24,,
b413307f-d5c0-42a0-b40e-9f9b4516eaf3,13978,probam,appendix.30.9,0,1,953,25,,
b413307f-d5c0-42a0-b40e-9f9b4516eaf3,13979,.,appendix.30.9,,4,953,,,
b413307f-d5c0-42a0-b40e-9f9b4516eaf3,13980,Respondit,appendix.30.10,0,1,954,0,,
b413307f-d5c0-42a0-b40e-9f9b4516eaf3,13981,contra,appendix.30.10,0,1,954,1,,
b413307f-d5c0-42a0-b40e-9f9b4516eaf3,13982,:,appendix.30.10,,4,954,,,
b413307f-d5c0-42a0-b40e-9f9b4516eaf3,13983,Tu,appendix.30.10,0,1,954,2,,
b413307f-d5c0-42a0-b40e-9f9b4516eaf3,13984,quidem,appendix.30.10,0,1,954,3,,
b413307f-d5c0-42a0-b40e-9f9b4516eaf3,13985,bene,appendix.30.10,0,1,954,4,,
b413307f-d5c0-42a0-b40e-9f9b4516eaf3,13986,praedicas,appendix.30.10,0,1,954,5,,
b413307f-d5c0-42a0-b40e-9f9b4516eaf3,13987,;,appendix.30.10,,4,954,,,
b413307f-d5c0-42a0-b40e-9f9b4516eaf3,13988,In,appendix.30.11,0,1,954,6,,
b413307f-d5c0-42a0-b40e-9f9b4516eaf3,13989,campo,appendix.30.11,0,1,954,7,,
b413307f-d5c0-42a0-b40e-9f9b4516eaf3,13990,non,appendix.30.11,0,1,954,8,,
b413307f-d5c0-42a0-b40e-9f9b4516eaf3,13991,sum,appendix.30.11,0,1,954,9,,
b413307f-d5c0-42a0-b40e-9f9b4516eaf3,13992,",",appendix.30.11,,4,954,,,
b413307f-d5c0-42a0-b40e-9f9b4516eaf3,13993,sed,appendix.30.11,0,1,954,10,,
b413307f-d5c0-42a0-b40e-9f9b4516eaf3,13994,par,appendix.30.11,0,1,954,11,,
b413307f-d5c0-42a0-b40e-9f9b4516eaf3,13995,sub,appendix.30.11,0,1,954,12,,
b413307f-d5c0-42a0-b40e-9f9b4516eaf3,13996,divo,appendix.30.11,0,1,954,13,,
b413307f-d5c0-42a0-b40e-9f9b4516eaf3,13997,tibi,appendix.30.11,0,1,954,14,,
b413307f-d5c0-42a0-b40e-9f9b4516eaf3,13998,.,appendix.30.11,,4,954,,,
b413307f-d5c0-42a0-b40e-9f9b4516eaf3,13999,Quin,appendix.30.12,0,1,955,0,,
b413307f-d5c0-42a0-b40e-9f9b4516eaf3,14000,sequere,appendix.30.12,0,1,955,1,,
b413307f-d5c0-42a0-b40e-9f9b4516eaf3,14001,:,appendix.30.12,,4,955,,,
b413307f-d5c0-42a0-b40e-9f9b4516eaf3,14002,salutem,appendix.30.12,0,1,955,2,,
b413307f-d5c0-42a0-b40e-9f9b4516eaf3,14003,tibi,appendix.30.12,0,1,955,3,,
b413307f-d5c0-42a0-b40e-9f9b4516eaf3,14004,non,appendix.30.12,0,1,955,4,,
b413307f-d5c0-42a0-b40e-9f9b4516eaf3,14005,committo,appendix.30.12,0,1,955,5,,
b413307f-d5c0-42a0-b40e-9f9b4516eaf3,14006,meam,appendix.30.12,0,1,955,6,,
b413307f-d5c0-42a0-b40e-9f9b4516eaf3,14007,.,appendix.30.12,,4,955,,,
b413307f-d5c0-42a0-b40e-9f9b4516eaf3,14008,Epilogus,appendix.epilogus,0,1,956,0,,
b413307f-d5c0-42a0-b40e-9f9b4516eaf3,14009,Hoc,appendix.epilogus.1,0,1,956,1,,
b413307f-d5c0-42a0-b40e-9f9b4516eaf3,14010,qualecumque,appendix.epilogus.1,0,1,956,2,,
b413307f-d5c0-42a0-b40e-9f9b4516eaf3,14011,est,appendix.epilogus.1,0,1,956,3,,
b413307f-d5c0-42a0-b40e-9f9b4516eaf3,14012,Musa,appendix.epilogus.1,1,1,956,4,,
b413307f-d5c0-42a0-b40e-9f9b4516eaf3,14013,quod,appendix.epilogus.1,0,1,956,5,,
b413307f-d5c0-42a0-b40e-9f9b4516eaf3,14014,ludit,appendix.epilogus.1,0,1,956,6,,
b413307f-d5c0-42a0-b40e-9f9b4516eaf3,14015,mea,appendix.epilogus.1,0,1,956,7,,
b413307f-d5c0-42a0-b40e-9f9b4516eaf3,14016,",",appendix.epilogus.1,,4,956,,,
b413307f-d5c0-42a0-b40e-9f9b4516eaf3,14017,Nequitia,appendix.epilogus.2,0,1,956,8,,
b413307f-d5c0-42a0-b40e-9f9b4516eaf3,14018,pariter,appendix.epilogus.2,0,1,956,9,,
b413307f-d5c0-42a0-b40e-9f9b4516eaf3,14019,laudat,appendix.epilogus.2,0,1,956,10,,
b413307f-d5c0-42a0-b40e-9f9b4516eaf3,14020,et,appendix.epilogus.2,0,1,956,11,,
b413307f-d5c0-42a0-b40e-9f9b4516eaf3,14021,frugalitas,appendix.epilogus.2,0,1,956,12,,
b413307f-d5c0-42a0-b40e-9f9b4516eaf3,14022,",",appendix.epilogus.2,,4,956,,,
b413307f-d5c0-42a0-b40e-9f9b4516eaf3,14023,Sed,appendix.epilogus.3,0,1,956,13,,
b413307f-d5c0-42a0-b40e-9f9b4516eaf3,14024,haec,appendix.epilogus.3,0,1,956,14,,
b413307f-d5c0-42a0-b40e-9f9b4516eaf3,14025,simpliciter,appendix.epilogus.3,0,1,956,15,,
b413307f-d5c0-42a0-b40e-9f9b4516eaf3,14026,;,appendix.epilogus.3,,4,956,,,
b413307f-d5c0-42a0-b40e-9f9b4516eaf3,14027,illa,appendix.epilogus.3,0,1,956,16,,
b413307f-d5c0-42a0-b40e-9f9b4516eaf3,14028,tacite,appendix.epilogus.3,0,1,956,17,,
b413307f-d5c0-42a0-b40e-9f9b4516eaf3,14029,irascitur,appendix.epilogus.3,0,1,956,18,,
b413307f-d5c0-42a0-b40e-9f9b4516eaf3,14030,.,appendix.epilogus.3,,4,956,,,
