workId,node,typ,cnt,name,parent,fromIndex,toIndex
939c79ab-f3ed-401d-908f-5b42296f7638,766c0403-0ad9-4fce-b729-c7c25c1e5fef,TITL,0,Liber Primus,ada38cc1-6fd8-45bc-b2b0-42bd8db61c9b,0,1
939c79ab-f3ed-401d-908f-5b42296f7638,fe32417d-31c8-48b0-ac77-0f6f7efbb331,PROL,0,PROLOGUS,ada38cc1-6fd8-45bc-b2b0-42bd8db61c9b,2,49
939c79ab-f3ed-401d-908f-5b42296f7638,dc576c44-3b8f-4576-ac1d-1bb6c87fffee,TITL,0,PROLOGUS,fe32417d-31c8-48b0-ac77-0f6f7efbb331,2,2
939c79ab-f3ed-401d-908f-5b42296f7638,79cdf485-746f-41a2-8ce1-b4c025e8b97c,VERS,0,"Aesopus auctor quam materiam repperit,",fe32417d-31c8-48b0-ac77-0f6f7efbb331,3,8
939c79ab-f3ed-401d-908f-5b42296f7638,2e5a4b6a-a16e-45b0-81f5-ded4e6715a91,VERS,1,Hanc ego polivi versibus senariis.,fe32417d-31c8-48b0-ac77-0f6f7efbb331,9,14
939c79ab-f3ed-401d-908f-5b42296f7638,5ea21b26-d78c-4f64-a58e-d5161b831dd7,VERS,2,Duplex libelli dos est: quod risum movet,fe32417d-31c8-48b0-ac77-0f6f7efbb331,15,22
939c79ab-f3ed-401d-908f-5b42296f7638,cc7cc0f0-85af-4406-9f95-01511ccb6f8d,VERS,3,Et quod prudenti vitam consilio monet.,fe32417d-31c8-48b0-ac77-0f6f7efbb331,23,29
939c79ab-f3ed-401d-908f-5b42296f7638,6082acad-a881-46f4-a32d-44fd5d690498,VERS,4,"Calumniari si quis autem voluerit,",fe32417d-31c8-48b0-ac77-0f6f7efbb331,30,35
939c79ab-f3ed-401d-908f-5b42296f7638,7d73e1bc-4464-435d-929d-cbc4c96a1cc8,VERS,5,"Quod arbores loquantur, non tantum ferae,",fe32417d-31c8-48b0-ac77-0f6f7efbb331,36,43
939c79ab-f3ed-401d-908f-5b42296f7638,36bd33b0-ba56-4816-ba87-474afadfb650,VERS,6,Fictis iocari nos meminerit fabulis.,fe32417d-31c8-48b0-ac77-0f6f7efbb331,44,49
939c79ab-f3ed-401d-908f-5b42296f7638,c32d3a0d-ef32-41d1-8149-8d33bfac8b75,POEM,0,Lupus et agnus.,ada38cc1-6fd8-45bc-b2b0-42bd8db61c9b,50,169
939c79ab-f3ed-401d-908f-5b42296f7638,f8103c59-ce22-4c33-b5bb-48b7102b45aa,TITL,0,Lupus et agnus.,c32d3a0d-ef32-41d1-8149-8d33bfac8b75,50,53
939c79ab-f3ed-401d-908f-5b42296f7638,8e7e05a8-ce21-4db4-9b13-a1f056f74c16,VERS,0,Ad rivum eundem lupus et agnus venerant,c32d3a0d-ef32-41d1-8149-8d33bfac8b75,54,60
939c79ab-f3ed-401d-908f-5b42296f7638,6dac35c7-cc95-45e6-93fe-35e390a0b151,VERS,1,Siti compulsi; superior stabat lupus,c32d3a0d-ef32-41d1-8149-8d33bfac8b75,61,66
939c79ab-f3ed-401d-908f-5b42296f7638,9aa9b165-202a-4aad-b773-88af75a3eca2,VERS,2,Longeque inferior agnus. Tunc fauce improba,c32d3a0d-ef32-41d1-8149-8d33bfac8b75,67,73
939c79ab-f3ed-401d-908f-5b42296f7638,140daf1f-47a2-4347-a637-4da4c97e6a9d,VERS,3,Latro incitatus iurgii causam intulit.,c32d3a0d-ef32-41d1-8149-8d33bfac8b75,74,79
939c79ab-f3ed-401d-908f-5b42296f7638,f604db18-df4a-4073-adcd-d4e1e20f65d7,VERS,4,"Cur, inquit, turbulentam fecisti mihi",c32d3a0d-ef32-41d1-8149-8d33bfac8b75,80,86
939c79ab-f3ed-401d-908f-5b42296f7638,4700afa9-92a5-49c6-92cd-a1d18f15dde6,VERS,5,Aquam bibenti? Laniger contra timens:,c32d3a0d-ef32-41d1-8149-8d33bfac8b75,87,93
939c79ab-f3ed-401d-908f-5b42296f7638,47effb86-fff0-4961-bbfd-58f318751dcd,VERS,6,"Qui possum, quaeso, facere, quod quereris, lupe?",c32d3a0d-ef32-41d1-8149-8d33bfac8b75,94,105
939c79ab-f3ed-401d-908f-5b42296f7638,5f2b84a8-0058-4e68-a1ea-8cefaa3993b2,VERS,7,A te decurrit ad meos haustus liquor.,c32d3a0d-ef32-41d1-8149-8d33bfac8b75,106,113
939c79ab-f3ed-401d-908f-5b42296f7638,01abb8ba-1ffd-4f3c-ab3d-0fa7ba42c941,VERS,8,Repulsus ille veritatis viribus:,c32d3a0d-ef32-41d1-8149-8d33bfac8b75,114,118
939c79ab-f3ed-401d-908f-5b42296f7638,e0b7f159-5931-463f-9b50-8869ae58676d,VERS,9,"Ante hos sex menses male, ait, dixisti mihi.",c32d3a0d-ef32-41d1-8149-8d33bfac8b75,119,129
939c79ab-f3ed-401d-908f-5b42296f7638,ea795d76-7a67-4f4a-9e81-950c3639e97b,VERS,10,Respondit agnus: Equidem natus non eram.,c32d3a0d-ef32-41d1-8149-8d33bfac8b75,130,137
939c79ab-f3ed-401d-908f-5b42296f7638,a02b8d37-b3b3-43d6-917a-9da6a75e023c,VERS,11,"Pater hercle tuus, ille inquit, male dixit mihi.",c32d3a0d-ef32-41d1-8149-8d33bfac8b75,138,148
939c79ab-f3ed-401d-908f-5b42296f7638,d1ca883b-a566-49c0-95e3-acc8068fda9e,VERS,12,Atque ita correptum lacerat iniusta nece.,c32d3a0d-ef32-41d1-8149-8d33bfac8b75,149,155
939c79ab-f3ed-401d-908f-5b42296f7638,38f14872-0c78-408d-95a3-2246bb238dd1,VERS,13,"Haec propter illos scripta est homines fabula,",c32d3a0d-ef32-41d1-8149-8d33bfac8b75,156,163
939c79ab-f3ed-401d-908f-5b42296f7638,54cf9f51-f97c-4052-8ce1-f98dabe56b71,VERS,14,Qui fictis causis innocentes opprimunt.,c32d3a0d-ef32-41d1-8149-8d33bfac8b75,164,169
939c79ab-f3ed-401d-908f-5b42296f7638,8abe2c97-2029-4059-b624-7e6e09cd691e,POEM,1,Ranae regem petierunt.,ada38cc1-6fd8-45bc-b2b0-42bd8db61c9b,170,378
939c79ab-f3ed-401d-908f-5b42296f7638,93678cf1-6f33-4f13-bb08-a6ac565e951f,TITL,0,Ranae regem petierunt.,8abe2c97-2029-4059-b624-7e6e09cd691e,170,173
939c79ab-f3ed-401d-908f-5b42296f7638,ed1cf150-3ea2-4a98-826d-9c1375b84f40,VERS,0,"Athenae cum florerent aequis legibus,",8abe2c97-2029-4059-b624-7e6e09cd691e,174,179
939c79ab-f3ed-401d-908f-5b42296f7638,202ca02f-f818-4889-9617-1cfc7dbce445,VERS,1,Procax libertas civitatem miscuit,8abe2c97-2029-4059-b624-7e6e09cd691e,180,183
939c79ab-f3ed-401d-908f-5b42296f7638,d87bf2cc-d0c9-4a03-8a86-1a697f445a7e,VERS,2,Frenumque solvit pristinum licentia.,8abe2c97-2029-4059-b624-7e6e09cd691e,184,188
939c79ab-f3ed-401d-908f-5b42296f7638,dff14eed-29fb-43d1-9dd6-51a322c96ae3,VERS,3,Hic conspiratis factionum partibus,8abe2c97-2029-4059-b624-7e6e09cd691e,189,192
939c79ab-f3ed-401d-908f-5b42296f7638,2082886a-b4ba-48bd-9c44-a2a1b87a3555,VERS,4,Arcem tyrannus occupat Pisistratus.,8abe2c97-2029-4059-b624-7e6e09cd691e,193,197
939c79ab-f3ed-401d-908f-5b42296f7638,2ed9a62e-825f-4595-a0ce-1b8c861b6534,VERS,5,"Cum tristem servitutem flerent Attici,",8abe2c97-2029-4059-b624-7e6e09cd691e,198,203
939c79ab-f3ed-401d-908f-5b42296f7638,2e0ada37-e824-466f-a700-4b0449f248ba,VERS,6,"(Non quia crudelis ille, sed quoniam gravis",8abe2c97-2029-4059-b624-7e6e09cd691e,204,212
939c79ab-f3ed-401d-908f-5b42296f7638,c9ba4f37-ba42-48e9-b77a-2a94bf2237c1,VERS,7,"Omnino insuetis), onus et coepissent queri,",8abe2c97-2029-4059-b624-7e6e09cd691e,213,221
939c79ab-f3ed-401d-908f-5b42296f7638,00018a32-891d-4108-b99f-cd92bf61e7ce,VERS,8,Aesopus talem tum fabellam rettulit.,8abe2c97-2029-4059-b624-7e6e09cd691e,222,227
939c79ab-f3ed-401d-908f-5b42296f7638,82b584ef-c6d9-49eb-8495-abe58ec2ae50,VERS,9,Ranae vagantes liberis paludibus,8abe2c97-2029-4059-b624-7e6e09cd691e,228,231
939c79ab-f3ed-401d-908f-5b42296f7638,ff741392-5b09-4a35-bade-e9b3f775ea62,VERS,10,"Clamore magno regem petiere a Iove,",8abe2c97-2029-4059-b624-7e6e09cd691e,232,238
939c79ab-f3ed-401d-908f-5b42296f7638,4e8d5446-2313-4cd2-af45-09bdc7632f71,VERS,11,Qui dissolutos mores vi compesceret.,8abe2c97-2029-4059-b624-7e6e09cd691e,239,244
939c79ab-f3ed-401d-908f-5b42296f7638,3597107b-58b8-4bf3-a7db-00c80a68e969,VERS,12,Pater deorum risit atque illis dedit,8abe2c97-2029-4059-b624-7e6e09cd691e,245,250
939c79ab-f3ed-401d-908f-5b42296f7638,c674fc48-f62a-4f98-a2fd-f1a77601cf03,VERS,13,"Parvum tigillum, missum quod subito vadi",8abe2c97-2029-4059-b624-7e6e09cd691e,251,257
939c79ab-f3ed-401d-908f-5b42296f7638,01e57534-3a79-41af-8055-f1d13f269978,VERS,14,Motu sonoque terruit pavidum genus.,8abe2c97-2029-4059-b624-7e6e09cd691e,258,263
939c79ab-f3ed-401d-908f-5b42296f7638,e7167b1b-115e-4160-94a2-6d4963b1ea74,VERS,15,"Hoc mersum limo cum iaceret diutius,",8abe2c97-2029-4059-b624-7e6e09cd691e,264,270
939c79ab-f3ed-401d-908f-5b42296f7638,93313536-28b3-47db-ae03-a52ee7f8c057,VERS,16,Forte una tacite profert e stagno caput,8abe2c97-2029-4059-b624-7e6e09cd691e,271,277
939c79ab-f3ed-401d-908f-5b42296f7638,614de311-740d-4d40-9ad5-5fb9aab6d555,VERS,17,Et explorato rege cunctas evocat.,8abe2c97-2029-4059-b624-7e6e09cd691e,278,283
939c79ab-f3ed-401d-908f-5b42296f7638,dd1a5691-c7f2-4553-8edb-299292656897,VERS,18,Illae timore posito certatim adnatant,8abe2c97-2029-4059-b624-7e6e09cd691e,284,288
939c79ab-f3ed-401d-908f-5b42296f7638,ac3d4a87-b69b-46ef-a96e-aac75fd0c9e5,VERS,19,Lignumque supera turba petulans insilit.,8abe2c97-2029-4059-b624-7e6e09cd691e,289,294
939c79ab-f3ed-401d-908f-5b42296f7638,67c496b5-f5f9-4774-b7e2-3d0d7741b0dc,VERS,20,"Quod cum inquinassent omni contumelia,",8abe2c97-2029-4059-b624-7e6e09cd691e,295,300
939c79ab-f3ed-401d-908f-5b42296f7638,1f5d377d-c245-49b4-b285-578fbaf63509,VERS,21,"Alium rogantes regem misere ad Iovem,",8abe2c97-2029-4059-b624-7e6e09cd691e,301,307
939c79ab-f3ed-401d-908f-5b42296f7638,248e2a55-5afc-4029-b849-adc87aaf4d10,VERS,22,Inutilis quoniam esset qui fuerat datus.,8abe2c97-2029-4059-b624-7e6e09cd691e,308,314
939c79ab-f3ed-401d-908f-5b42296f7638,e5038726-7678-4aec-a584-50de3e650f9a,VERS,23,"Tum misit illis hydrum, qui dente aspero",8abe2c97-2029-4059-b624-7e6e09cd691e,315,322
939c79ab-f3ed-401d-908f-5b42296f7638,05848eb4-2316-4e40-971a-2cc5ddef59f0,VERS,24,Corripere coepit singulas. Frustra necem,8abe2c97-2029-4059-b624-7e6e09cd691e,323,328
939c79ab-f3ed-401d-908f-5b42296f7638,e6fe03d1-670c-43f8-a76a-81ff82d233d2,VERS,25,"Fugitant inertes, vocem praecludit metus.",8abe2c97-2029-4059-b624-7e6e09cd691e,329,335
939c79ab-f3ed-401d-908f-5b42296f7638,9008ae95-6017-4d27-a829-49f19b374138,VERS,26,"Furtim igitur dant Mercurio mandata ad Iovem,",8abe2c97-2029-4059-b624-7e6e09cd691e,336,343
939c79ab-f3ed-401d-908f-5b42296f7638,ba1dc943-142d-4275-b331-d06903cfb0ff,VERS,27,Afflictis ut succurrat. Tunc contra deus:,8abe2c97-2029-4059-b624-7e6e09cd691e,344,351
939c79ab-f3ed-401d-908f-5b42296f7638,3e7c556e-b755-4a5b-a9e1-75f31765ae23,VERS,28,"Quia noluistis vestrum ferre inquit bonum,",8abe2c97-2029-4059-b624-7e6e09cd691e,352,358
939c79ab-f3ed-401d-908f-5b42296f7638,aef5c392-e927-499f-8a11-fd253e1b04ea,VERS,29,"Malum perferte. — Vos quoque, o cives, ait,",8abe2c97-2029-4059-b624-7e6e09cd691e,359,370
939c79ab-f3ed-401d-908f-5b42296f7638,213683de-6261-43b1-b8cb-ea83c3497cfe,VERS,30,"Hoc sustinete, maius ne veniat malum.",8abe2c97-2029-4059-b624-7e6e09cd691e,371,378
939c79ab-f3ed-401d-908f-5b42296f7638,3fd63016-fd6f-48f4-a7df-867450b5f504,POEM,2,Graculus superbus et pavo.,ada38cc1-6fd8-45bc-b2b0-42bd8db61c9b,379,480
939c79ab-f3ed-401d-908f-5b42296f7638,8358b298-36f0-49f9-a44f-dfd19aa81e99,TITL,0,Graculus superbus et pavo.,3fd63016-fd6f-48f4-a7df-867450b5f504,379,383
939c79ab-f3ed-401d-908f-5b42296f7638,ffb6cc4d-fc6a-42f3-a752-a628cd33ccfc,VERS,0,Ne gloriari libeat alienis bonis,3fd63016-fd6f-48f4-a7df-867450b5f504,384,388
939c79ab-f3ed-401d-908f-5b42296f7638,421f93b3-43f7-4b4d-8bf5-d302b8b9106b,VERS,1,"Suoque potius habitu vitam degere,",3fd63016-fd6f-48f4-a7df-867450b5f504,389,394
939c79ab-f3ed-401d-908f-5b42296f7638,777f6e52-db8b-40a9-a117-a2d41d4cf754,VERS,2,Aesopus nobis hoc exemplum prodidit.,3fd63016-fd6f-48f4-a7df-867450b5f504,395,400
939c79ab-f3ed-401d-908f-5b42296f7638,ea924b86-bdd0-4fc1-8a51-a6947536063e,VERS,3,"Tumens inani graculus superbia,",3fd63016-fd6f-48f4-a7df-867450b5f504,401,405
939c79ab-f3ed-401d-908f-5b42296f7638,2ee3b188-3360-4d8f-a52e-be4d803f3514,VERS,4,Pennas pavoni quae deciderant sustulit,3fd63016-fd6f-48f4-a7df-867450b5f504,406,410
939c79ab-f3ed-401d-908f-5b42296f7638,fc2ced06-ff4a-4827-adde-55ce8e66b005,VERS,5,Seque exornavit. Deinde contemnens suos,3fd63016-fd6f-48f4-a7df-867450b5f504,411,416
939c79ab-f3ed-401d-908f-5b42296f7638,74a4a648-a3cb-4e92-b55b-6a695d04518f,VERS,6,Se inmiscuit pavonum formoso gregi.,3fd63016-fd6f-48f4-a7df-867450b5f504,417,422
939c79ab-f3ed-401d-908f-5b42296f7638,0c39772a-f7ee-4b47-9d78-fc569147b16e,VERS,7,Illi inpudenti pennas eripiunt avi,3fd63016-fd6f-48f4-a7df-867450b5f504,423,427
939c79ab-f3ed-401d-908f-5b42296f7638,1fb164a1-cbe6-4d1a-a3f3-bd7d1927a3df,VERS,8,Fugantque rostris. Male mulcatus graculus,3fd63016-fd6f-48f4-a7df-867450b5f504,428,433
939c79ab-f3ed-401d-908f-5b42296f7638,e99eda71-449f-408c-92da-fc7cad6e63ec,VERS,9,Redire maerens coepit ad proprium genus;,3fd63016-fd6f-48f4-a7df-867450b5f504,434,440
939c79ab-f3ed-401d-908f-5b42296f7638,fc5e9318-77b8-41c3-9418-d1aacfd9dd0b,VERS,10,A quo repulsus tristem sustinuit notam.,3fd63016-fd6f-48f4-a7df-867450b5f504,441,447
939c79ab-f3ed-401d-908f-5b42296f7638,ba381949-81c6-47dd-9d2e-cd9efb0afbbb,VERS,11,"Tum quidam ex illis, quos prius despexerat:",3fd63016-fd6f-48f4-a7df-867450b5f504,448,456
939c79ab-f3ed-401d-908f-5b42296f7638,d80ec3f9-df3d-43c8-8b28-11e49f257e04,VERS,12,Contentus nostris si fuisses sedibus,3fd63016-fd6f-48f4-a7df-867450b5f504,457,461
939c79ab-f3ed-401d-908f-5b42296f7638,72160254-24b8-4903-a02b-8224c57cf613,VERS,13,"Et quod natura dederat voluisses pati,",3fd63016-fd6f-48f4-a7df-867450b5f504,462,468
939c79ab-f3ed-401d-908f-5b42296f7638,42f7470d-f4b5-48cd-98cc-f83105202c35,VERS,14,Nec illam expertus esses contumeliam,3fd63016-fd6f-48f4-a7df-867450b5f504,469,473
939c79ab-f3ed-401d-908f-5b42296f7638,5bdb4cd4-fdbc-4391-8b0c-752386a3a05c,VERS,15,Nec hanc repulsam tua sentiret calamitas.,3fd63016-fd6f-48f4-a7df-867450b5f504,474,480
939c79ab-f3ed-401d-908f-5b42296f7638,594b8425-667d-4eab-91cb-9b22c62454ce,POEM,3,Canis per fluvium carnem ferens.,ada38cc1-6fd8-45bc-b2b0-42bd8db61c9b,481,534
939c79ab-f3ed-401d-908f-5b42296f7638,260a77e8-ade9-48bd-8f56-d3880520adb1,TITL,0,Canis per fluvium carnem ferens.,594b8425-667d-4eab-91cb-9b22c62454ce,481,486
939c79ab-f3ed-401d-908f-5b42296f7638,fa16fd72-b680-430d-9bd5-8553d7f04bc3,VERS,0,Amittit merito proprium qui alienum adpetit.,594b8425-667d-4eab-91cb-9b22c62454ce,487,493
939c79ab-f3ed-401d-908f-5b42296f7638,9bc16ad5-ebce-4dd7-91ae-94874e67ca67,VERS,1,"Canis per flumen carnem cum ferret natans,",594b8425-667d-4eab-91cb-9b22c62454ce,494,501
939c79ab-f3ed-401d-908f-5b42296f7638,39e2d59e-9d61-40c8-93ba-de1d18d7a945,VERS,2,"Lympharum in speculo vidit simulacrum suum,",594b8425-667d-4eab-91cb-9b22c62454ce,502,508
939c79ab-f3ed-401d-908f-5b42296f7638,b420e1ad-80aa-44ff-932b-9ad08c5bb93b,VERS,3,Aliamque praedam ab altero ferri putans,594b8425-667d-4eab-91cb-9b22c62454ce,509,514
939c79ab-f3ed-401d-908f-5b42296f7638,6cc3d324-2bb0-4f53-b36c-24a355d95edc,VERS,4,Eripere voluit; verum decepta aviditas,594b8425-667d-4eab-91cb-9b22c62454ce,515,520
939c79ab-f3ed-401d-908f-5b42296f7638,cded27c0-e554-461b-a611-ac83911bb2ca,VERS,5,"Et quem tenebat ore dimisit cibum,",594b8425-667d-4eab-91cb-9b22c62454ce,521,527
939c79ab-f3ed-401d-908f-5b42296f7638,007c1df9-2623-4846-8c15-38e81397481f,VERS,6,Nec quem petebat potuit adeo adtingere.,594b8425-667d-4eab-91cb-9b22c62454ce,528,534
939c79ab-f3ed-401d-908f-5b42296f7638,9fede9dc-2002-4e1c-82bb-34a3d3f57450,POEM,4,"Vacca, capella, ovis, et leo.",ada38cc1-6fd8-45bc-b2b0-42bd8db61c9b,535,628
939c79ab-f3ed-401d-908f-5b42296f7638,e6f406c0-e51d-496b-baca-203790563746,TITL,0,"Vacca, capella, ovis, et leo.",9fede9dc-2002-4e1c-82bb-34a3d3f57450,535,543
939c79ab-f3ed-401d-908f-5b42296f7638,04be3b5c-b0fe-4f6d-82e4-21b66f0a0c01,VERS,0,Numquam est fidelis cum potente societas:,9fede9dc-2002-4e1c-82bb-34a3d3f57450,544,550
939c79ab-f3ed-401d-908f-5b42296f7638,8c673867-cca0-4c6d-ab39-f9948f417590,VERS,1,Testatur haec fabella propositum meum.,9fede9dc-2002-4e1c-82bb-34a3d3f57450,551,556
939c79ab-f3ed-401d-908f-5b42296f7638,51dde13e-802a-4e31-952c-2eb811fd7c17,VERS,2,Vacca et capella et patiens ovis iniuriae,9fede9dc-2002-4e1c-82bb-34a3d3f57450,557,563
939c79ab-f3ed-401d-908f-5b42296f7638,5f000c40-2f66-450b-97ed-0c4e7adba65d,VERS,3,Socii fuere cum leone in saltibus.,9fede9dc-2002-4e1c-82bb-34a3d3f57450,564,570
939c79ab-f3ed-401d-908f-5b42296f7638,fc98855f-292c-4251-aec8-2c227a4b5e69,VERS,4,"Hi cum cepissent cervum vasti corporis,",9fede9dc-2002-4e1c-82bb-34a3d3f57450,571,577
939c79ab-f3ed-401d-908f-5b42296f7638,21a63f3e-3b07-4355-9dd4-9e3dc8149433,VERS,5,"Sic est locutus, partibus factis, leo:",9fede9dc-2002-4e1c-82bb-34a3d3f57450,578,586
939c79ab-f3ed-401d-908f-5b42296f7638,ff9be09a-81f1-49ef-8b5a-13c1a46b0bff,VERS,6,"Ego primam tollo, †nominor quia leo;",9fede9dc-2002-4e1c-82bb-34a3d3f57450,587,595
939c79ab-f3ed-401d-908f-5b42296f7638,33aa1304-30a8-4526-adcc-98a0536096ad,VERS,7,"Secundam, quia sum fortis, tribuetis mihi;",9fede9dc-2002-4e1c-82bb-34a3d3f57450,596,604
939c79ab-f3ed-401d-908f-5b42296f7638,7802a711-bbd5-402e-a50d-f20224d693fc,VERS,8,"Tum, quia plus valeo, me sequetur tertia;",9fede9dc-2002-4e1c-82bb-34a3d3f57450,605,614
939c79ab-f3ed-401d-908f-5b42296f7638,c2d28acc-3ad9-4289-ba79-d014d2abe5d3,VERS,9,Malo afficietur si quis quartam tetigerit.,9fede9dc-2002-4e1c-82bb-34a3d3f57450,615,621
939c79ab-f3ed-401d-908f-5b42296f7638,0d78a1d5-6f94-4a7d-be68-1ef55017ce3f,VERS,10,Sic totam praedam sola improbitas abstulit.,9fede9dc-2002-4e1c-82bb-34a3d3f57450,622,628
939c79ab-f3ed-401d-908f-5b42296f7638,d0a91f68-d771-4e7b-abf1-8a6a4bad0c5a,POEM,5,Ranae ad solem.,ada38cc1-6fd8-45bc-b2b0-42bd8db61c9b,629,688
939c79ab-f3ed-401d-908f-5b42296f7638,bfe3ef86-8d0c-49ec-9f39-884602a559c7,TITL,0,Ranae ad solem.,d0a91f68-d771-4e7b-abf1-8a6a4bad0c5a,629,632
939c79ab-f3ed-401d-908f-5b42296f7638,5b9d4100-07fe-4204-aae7-7663490538b0,VERS,0,Vicini furis celebres vidit nuptias,d0a91f68-d771-4e7b-abf1-8a6a4bad0c5a,633,637
939c79ab-f3ed-401d-908f-5b42296f7638,3e79066b-28cf-4d84-8237-2dcd0e2d55d5,VERS,1,Aesopus et continuo narrare incipit:,d0a91f68-d771-4e7b-abf1-8a6a4bad0c5a,638,643
939c79ab-f3ed-401d-908f-5b42296f7638,e9e09a2b-a6e3-438e-adb3-1dc11350b683,VERS,2,"Uxorem quondam Sol cum vellet ducere,",d0a91f68-d771-4e7b-abf1-8a6a4bad0c5a,644,650
939c79ab-f3ed-401d-908f-5b42296f7638,f349d43d-7a08-4b01-b224-cfde10a38e6b,VERS,3,Clamorem ranae sustulere ad sidera.,d0a91f68-d771-4e7b-abf1-8a6a4bad0c5a,651,656
939c79ab-f3ed-401d-908f-5b42296f7638,91c76f2f-cc40-438d-8ac3-a8629bfe2f05,VERS,4,Convicio permotus quaerit Iuppiter,d0a91f68-d771-4e7b-abf1-8a6a4bad0c5a,657,660
939c79ab-f3ed-401d-908f-5b42296f7638,b9ba5b38-6625-4fb2-9708-0e390562d405,VERS,5,Causam querelae. Quaedam tum stagni incola:,d0a91f68-d771-4e7b-abf1-8a6a4bad0c5a,661,668
939c79ab-f3ed-401d-908f-5b42296f7638,38b5b164-e8ef-43aa-b449-755ef0189e9f,VERS,6,Nunc inquit omnes unus exurit lacus,d0a91f68-d771-4e7b-abf1-8a6a4bad0c5a,669,674
939c79ab-f3ed-401d-908f-5b42296f7638,92d3987a-c3af-4dd3-ad90-e589f0404a74,VERS,7,Cogitque miseras arida sede emori.,d0a91f68-d771-4e7b-abf1-8a6a4bad0c5a,675,680
939c79ab-f3ed-401d-908f-5b42296f7638,1af03d4a-58b9-4b93-94d0-b1f234245831,VERS,8,"Quidnam futurum est, si crearit liberos?",d0a91f68-d771-4e7b-abf1-8a6a4bad0c5a,681,688
939c79ab-f3ed-401d-908f-5b42296f7638,db4bf97c-72a9-41d7-bf5f-a76ae62f71fe,POEM,6,Vulpis ad personam tragicam.,ada38cc1-6fd8-45bc-b2b0-42bd8db61c9b,689,725
939c79ab-f3ed-401d-908f-5b42296f7638,582f56c9-c595-401b-82ec-afcabee3d1e1,TITL,0,Vulpis ad personam tragicam.,db4bf97c-72a9-41d7-bf5f-a76ae62f71fe,689,693
939c79ab-f3ed-401d-908f-5b42296f7638,84af5d3f-2088-4f22-820e-bf4e3c7cc86d,VERS,0,Personam tragicam forte vulpes viderat:,db4bf97c-72a9-41d7-bf5f-a76ae62f71fe,694,699
939c79ab-f3ed-401d-908f-5b42296f7638,687e29a3-4a43-48a7-b558-79a13c036a71,VERS,1,"O quanta species, inquit, cerebrum non habet!",db4bf97c-72a9-41d7-bf5f-a76ae62f71fe,700,709
939c79ab-f3ed-401d-908f-5b42296f7638,b589920d-06da-4394-ba64-4e1f44ec9ec0,VERS,2,"Hoc illis dictum est, quibus honorem et gloriam",db4bf97c-72a9-41d7-bf5f-a76ae62f71fe,710,718
939c79ab-f3ed-401d-908f-5b42296f7638,c3300103-b1ac-4187-b292-230e6b96f5e0,VERS,3,"Fortuna tribuit, sensum communem abstulit.",db4bf97c-72a9-41d7-bf5f-a76ae62f71fe,719,725
939c79ab-f3ed-401d-908f-5b42296f7638,68c0f9ca-e2b6-4024-b5ac-d30bdfc974ca,POEM,7,Lupus et gruis.,ada38cc1-6fd8-45bc-b2b0-42bd8db61c9b,726,809
939c79ab-f3ed-401d-908f-5b42296f7638,4723fb74-3e78-4ec7-b2f8-03c574ce6d0f,TITL,0,Lupus et gruis.,68c0f9ca-e2b6-4024-b5ac-d30bdfc974ca,726,729
939c79ab-f3ed-401d-908f-5b42296f7638,30a0e74b-8ce2-4b08-804f-2158c7f7410b,VERS,0,"Qui pretium meriti ab improbis desiderat,",68c0f9ca-e2b6-4024-b5ac-d30bdfc974ca,730,736
939c79ab-f3ed-401d-908f-5b42296f7638,596b261e-4947-4549-9bec-5193ed85dd62,VERS,1,Bis peccat: primum quoniam indignos adiuvat;,68c0f9ca-e2b6-4024-b5ac-d30bdfc974ca,737,744
939c79ab-f3ed-401d-908f-5b42296f7638,decd6cbc-158e-4b0b-ad76-b34235313be2,VERS,2,Impune abire deinde quia iam non potest.,68c0f9ca-e2b6-4024-b5ac-d30bdfc974ca,745,752
939c79ab-f3ed-401d-908f-5b42296f7638,3f708d4d-9f6f-404f-b548-439c34781f7c,VERS,3,"Os devoratum fauce cum haereret lupi,",68c0f9ca-e2b6-4024-b5ac-d30bdfc974ca,753,759
939c79ab-f3ed-401d-908f-5b42296f7638,50586d0b-4ec3-4b8f-a96b-fbf57c2cb528,VERS,4,Magno dolore victus coepit singulos,68c0f9ca-e2b6-4024-b5ac-d30bdfc974ca,760,764
939c79ab-f3ed-401d-908f-5b42296f7638,73f6c5ff-3622-4bbd-b790-878ecc26dc41,VERS,5,"Illicere pretio, ut illud extraherent malum.",68c0f9ca-e2b6-4024-b5ac-d30bdfc974ca,765,772
939c79ab-f3ed-401d-908f-5b42296f7638,96c0beea-5cb3-4f5a-8921-38d5fd7b8934,VERS,6,"Tandem persuasa est iure iurando gruis,",68c0f9ca-e2b6-4024-b5ac-d30bdfc974ca,773,779
939c79ab-f3ed-401d-908f-5b42296f7638,a175e5ae-6265-49c4-91a0-d058a11ecf59,VERS,7,"Gulaeque credens colli longitudinem,",68c0f9ca-e2b6-4024-b5ac-d30bdfc974ca,780,784
939c79ab-f3ed-401d-908f-5b42296f7638,c9c38500-e5c1-475a-9442-d8c435da3d4a,VERS,8,Periculosam fecit medicinam lupo.,68c0f9ca-e2b6-4024-b5ac-d30bdfc974ca,785,789
939c79ab-f3ed-401d-908f-5b42296f7638,65f846d3-8080-46e3-a8a2-8835f97b5518,VERS,9,Pro quo cum pactum flagitaret praemium:,68c0f9ca-e2b6-4024-b5ac-d30bdfc974ca,790,796
939c79ab-f3ed-401d-908f-5b42296f7638,b061526a-1ef5-4c5d-b366-e81083b0b314,VERS,10,Ingrata es inquit ore quae nostro caput,68c0f9ca-e2b6-4024-b5ac-d30bdfc974ca,797,803
939c79ab-f3ed-401d-908f-5b42296f7638,d89a684a-334c-4ff4-ac12-b21c72436428,VERS,11,Incolume abstuleris et mercedem postules.,68c0f9ca-e2b6-4024-b5ac-d30bdfc974ca,804,809
939c79ab-f3ed-401d-908f-5b42296f7638,d4546607-d7e4-4ad1-9e8d-6be171b59718,POEM,8,Passer ad leporem consiliator.,ada38cc1-6fd8-45bc-b2b0-42bd8db61c9b,810,882
939c79ab-f3ed-401d-908f-5b42296f7638,1edcd638-62a9-44c1-a3c5-bddf22773e94,TITL,0,Passer ad leporem consiliator.,d4546607-d7e4-4ad1-9e8d-6be171b59718,810,814
939c79ab-f3ed-401d-908f-5b42296f7638,fe5ac726-81b8-460f-ae13-39f5f3d7a1be,VERS,0,Sibi non cavere et aliis consilium dare,d4546607-d7e4-4ad1-9e8d-6be171b59718,815,821
939c79ab-f3ed-401d-908f-5b42296f7638,c2ca43d4-c198-4b0b-aec1-218d0e1833c9,VERS,1,Stultum esse paucis ostendemus versibus.,d4546607-d7e4-4ad1-9e8d-6be171b59718,822,827
939c79ab-f3ed-401d-908f-5b42296f7638,fe788251-5e98-4eb4-9c30-d7bd3665ef80,VERS,2,"Oppressum ab aquila, fletus edentem graves,",d4546607-d7e4-4ad1-9e8d-6be171b59718,828,835
939c79ab-f3ed-401d-908f-5b42296f7638,c65288a6-a260-44ea-a7dd-92e25464f680,VERS,3,Leporem obiurgabat passer: Ubi pernicitas,d4546607-d7e4-4ad1-9e8d-6be171b59718,836,841
939c79ab-f3ed-401d-908f-5b42296f7638,b61ab8ef-c6d8-420d-bb73-4a7021604a7d,VERS,4,Nota inquit illa est? Quid ita cessarunt pedes?,d4546607-d7e4-4ad1-9e8d-6be171b59718,842,851
939c79ab-f3ed-401d-908f-5b42296f7638,6a540306-39da-457c-9bbb-64b517fd97c5,VERS,5,"Dum loquitur, ipsum accipiter necopinum rapit",d4546607-d7e4-4ad1-9e8d-6be171b59718,852,858
939c79ab-f3ed-401d-908f-5b42296f7638,63c019c6-51bb-4aab-b4c2-7e69cabaf192,VERS,6,Questuque vano clamitantem interficit.,d4546607-d7e4-4ad1-9e8d-6be171b59718,859,863
939c79ab-f3ed-401d-908f-5b42296f7638,eb33acea-b932-44b8-8497-fae708bbc258,VERS,7,Lepus semianimus mortis in solacio:,d4546607-d7e4-4ad1-9e8d-6be171b59718,864,869
939c79ab-f3ed-401d-908f-5b42296f7638,ef2d1f79-8b5a-4919-8d93-e07fe23f15e0,VERS,8,"Qui modo securus nostra irridebas mala,",d4546607-d7e4-4ad1-9e8d-6be171b59718,870,876
939c79ab-f3ed-401d-908f-5b42296f7638,d4ee0100-43b9-40cd-ab1c-b1489e29fe42,VERS,9,Simili querela fata deploras tua.,d4546607-d7e4-4ad1-9e8d-6be171b59718,877,882
939c79ab-f3ed-401d-908f-5b42296f7638,d035f957-0599-4838-835a-0d98626f6589,POEM,9,Lupus et vulpes iudice simio.,ada38cc1-6fd8-45bc-b2b0-42bd8db61c9b,883,953
939c79ab-f3ed-401d-908f-5b42296f7638,207da83e-0bf5-42e1-b7a1-a345635a5f31,TITL,0,Lupus et vulpes iudice simio.,d035f957-0599-4838-835a-0d98626f6589,883,888
939c79ab-f3ed-401d-908f-5b42296f7638,e03d51a7-4484-4f01-86b1-c86308f052c8,VERS,0,"Quicumque turpi fraude semel innotuit,",d035f957-0599-4838-835a-0d98626f6589,889,894
939c79ab-f3ed-401d-908f-5b42296f7638,c7574ab5-c6c7-457a-ae46-0e04fc163f3e,VERS,1,"Etiam si verum dicit, amittit fidem.",d035f957-0599-4838-835a-0d98626f6589,895,902
939c79ab-f3ed-401d-908f-5b42296f7638,dedae9b4-92ed-4686-a3a9-eaf6f0e8916e,VERS,2,Hoc attestatur brevis Aesopi fabula.,d035f957-0599-4838-835a-0d98626f6589,903,908
939c79ab-f3ed-401d-908f-5b42296f7638,8bb24cf3-1f5d-4c3f-b815-07993e8cf332,VERS,3,Lupus arguebat vulpem furti crimine;,d035f957-0599-4838-835a-0d98626f6589,909,914
939c79ab-f3ed-401d-908f-5b42296f7638,c64033e3-d825-407d-b9e5-f9b854bea893,VERS,4,Negabat illa se esse culpae proximam.,d035f957-0599-4838-835a-0d98626f6589,915,921
939c79ab-f3ed-401d-908f-5b42296f7638,52e83a0e-0837-445b-a6be-8f199b9115a8,VERS,5,Tunc iudex inter illos sedit simius.,d035f957-0599-4838-835a-0d98626f6589,922,928
939c79ab-f3ed-401d-908f-5b42296f7638,cd7a1954-f858-4b93-a722-3647ba53329f,VERS,6,"Uterque causam cum perorassent suam,",d035f957-0599-4838-835a-0d98626f6589,929,934
939c79ab-f3ed-401d-908f-5b42296f7638,a517294d-04c9-4b39-82f8-f08c7f84347a,VERS,7,Dixisse fertur simius sententiam:,d035f957-0599-4838-835a-0d98626f6589,935,939
939c79ab-f3ed-401d-908f-5b42296f7638,1e7df5c8-597a-4863-aee7-b74514426e7d,VERS,8,Tu non videris perdidisse quod petis;,d035f957-0599-4838-835a-0d98626f6589,940,946
939c79ab-f3ed-401d-908f-5b42296f7638,6db0937b-432b-4e8b-90c1-a32433d9ba1c,VERS,9,Te credo surripuisse quod pulchre negas.,d035f957-0599-4838-835a-0d98626f6589,947,953
939c79ab-f3ed-401d-908f-5b42296f7638,dc5651d0-7062-482a-9354-07c60a8bfb8c,POEM,10,Asinus et leo venantes.,ada38cc1-6fd8-45bc-b2b0-42bd8db61c9b,954,1058
939c79ab-f3ed-401d-908f-5b42296f7638,3f3b2b42-b225-4de8-8868-845b2019f4d0,TITL,0,Asinus et leo venantes.,dc5651d0-7062-482a-9354-07c60a8bfb8c,954,958
939c79ab-f3ed-401d-908f-5b42296f7638,e4c8ed9b-02af-4f76-90a9-3879b79023e4,VERS,0,"Virtutis expers, verbis iactans gloriam,",dc5651d0-7062-482a-9354-07c60a8bfb8c,959,965
939c79ab-f3ed-401d-908f-5b42296f7638,64c7fe63-025b-464f-a3bb-34b6401107b5,VERS,1,"Ignotos fallit, notis est derisui.",dc5651d0-7062-482a-9354-07c60a8bfb8c,966,972
939c79ab-f3ed-401d-908f-5b42296f7638,38f3df3f-a8a2-4061-9647-e668d29065ff,VERS,2,"Venari asello comite cum vellet leo,",dc5651d0-7062-482a-9354-07c60a8bfb8c,973,979
939c79ab-f3ed-401d-908f-5b42296f7638,0441d5f4-bbae-40ab-95bf-83f530a90a39,VERS,3,"Contexit illum frutice et admonuit simul,",dc5651d0-7062-482a-9354-07c60a8bfb8c,980,986
939c79ab-f3ed-401d-908f-5b42296f7638,9c980b6a-589c-458d-a465-aa1bd5aee389,VERS,4,"Ut insueta voce terreret feras,",dc5651d0-7062-482a-9354-07c60a8bfb8c,987,992
939c79ab-f3ed-401d-908f-5b42296f7638,2cd73fbb-3e49-4876-a092-ec7bbbcdbe15,VERS,5,Fugientes ipse exciperet. Hic auritulus,dc5651d0-7062-482a-9354-07c60a8bfb8c,993,998
939c79ab-f3ed-401d-908f-5b42296f7638,c14a410d-869c-4d31-929a-f15a4822f444,VERS,6,Clamorem subito totis tollit viribus,dc5651d0-7062-482a-9354-07c60a8bfb8c,999,1003
939c79ab-f3ed-401d-908f-5b42296f7638,c4df60fa-5c4e-4443-ac93-7f2171eecd97,VERS,7,Novoque turbat bestias miraculo.,dc5651d0-7062-482a-9354-07c60a8bfb8c,1004,1008
939c79ab-f3ed-401d-908f-5b42296f7638,15d1951c-d28a-459a-913b-3818c3077ebb,VERS,8,"Quae dum paventes exitus notos petunt,",dc5651d0-7062-482a-9354-07c60a8bfb8c,1009,1015
939c79ab-f3ed-401d-908f-5b42296f7638,d35b6c20-87cf-4a8a-a7fc-2ece6d1dcb42,VERS,9,Leonis affliguntur horrendo impetu.,dc5651d0-7062-482a-9354-07c60a8bfb8c,1016,1020
939c79ab-f3ed-401d-908f-5b42296f7638,c2547133-6df7-46d3-9a46-a9be1a4d582d,VERS,10,"Qui postquam caede fessus est, asinum evocat",dc5651d0-7062-482a-9354-07c60a8bfb8c,1021,1028
939c79ab-f3ed-401d-908f-5b42296f7638,001be5a9-5910-43e5-86f5-b72dbe168598,VERS,11,Iubetque vocem premere. Tunc ille insolens:,dc5651d0-7062-482a-9354-07c60a8bfb8c,1029,1036
939c79ab-f3ed-401d-908f-5b42296f7638,00349d67-93cc-4d93-bb56-c9764e5aa8d2,VERS,12,Qualis videtur opera tibi vocis meae?,dc5651d0-7062-482a-9354-07c60a8bfb8c,1037,1043
939c79ab-f3ed-401d-908f-5b42296f7638,f232e94f-2d20-4cfe-ad1c-f1f444fce779,VERS,13,"Insignis inquit sic ut, nisi nossem tuum",dc5651d0-7062-482a-9354-07c60a8bfb8c,1044,1051
939c79ab-f3ed-401d-908f-5b42296f7638,69582367-e0f9-4feb-ba55-4907431388ca,VERS,14,"Animum genusque, simili fugissem metu.",dc5651d0-7062-482a-9354-07c60a8bfb8c,1052,1058
939c79ab-f3ed-401d-908f-5b42296f7638,f899a378-9f43-4602-a82a-4f3392ac8973,POEM,11,Cervus ad fontem.,ada38cc1-6fd8-45bc-b2b0-42bd8db61c9b,1059,1157
939c79ab-f3ed-401d-908f-5b42296f7638,bf46b552-947f-40c0-a191-50896e106f3f,TITL,0,Cervus ad fontem.,f899a378-9f43-4602-a82a-4f3392ac8973,1059,1062
939c79ab-f3ed-401d-908f-5b42296f7638,18062546-d584-432e-a7e9-a6ab490aea79,VERS,0,Laudatis utiliora quae contempseris,f899a378-9f43-4602-a82a-4f3392ac8973,1063,1066
939c79ab-f3ed-401d-908f-5b42296f7638,19fd3835-f92c-4ba2-b780-9ceef305a4ff,VERS,1,Saepe inveniri haec asserit narratio.,f899a378-9f43-4602-a82a-4f3392ac8973,1067,1072
939c79ab-f3ed-401d-908f-5b42296f7638,ec4aab60-d3c8-4bcc-b81b-ed81b80406ce,VERS,2,"Ad fontem cervus, cum bibisset, restitit",f899a378-9f43-4602-a82a-4f3392ac8973,1073,1080
939c79ab-f3ed-401d-908f-5b42296f7638,97d50f79-22e4-4e38-8aad-2f457fd3264a,VERS,3,Et in liquore vidit effigiem suam.,f899a378-9f43-4602-a82a-4f3392ac8973,1081,1087
939c79ab-f3ed-401d-908f-5b42296f7638,16c9752c-f189-4bba-a08f-f026e40d359d,VERS,4,Ibi dum ramosa mirans laudat cornua,f899a378-9f43-4602-a82a-4f3392ac8973,1088,1093
939c79ab-f3ed-401d-908f-5b42296f7638,f35ede11-3897-4512-b669-359c0e08d4df,VERS,5,"Crurumque nimiam tenuitatem vituperat,",f899a378-9f43-4602-a82a-4f3392ac8973,1094,1098
939c79ab-f3ed-401d-908f-5b42296f7638,a4049641-f7e5-4343-9d7c-66103481a7db,VERS,6,Venantum subito vocibus conterritus,f899a378-9f43-4602-a82a-4f3392ac8973,1099,1102
939c79ab-f3ed-401d-908f-5b42296f7638,307a13c3-cbb1-4824-981a-3e23b3c3ddb6,VERS,7,Per campum fugere coepit et cursu levi,f899a378-9f43-4602-a82a-4f3392ac8973,1103,1109
939c79ab-f3ed-401d-908f-5b42296f7638,3a7adb01-76b9-4121-804f-98d342d82663,VERS,8,"Canes elusit. Silva tum excepit ferum,",f899a378-9f43-4602-a82a-4f3392ac8973,1110,1117
939c79ab-f3ed-401d-908f-5b42296f7638,d0aa29bf-8988-482c-aade-efa582702a63,VERS,9,In qua retentis impeditus cornibus,f899a378-9f43-4602-a82a-4f3392ac8973,1118,1122
939c79ab-f3ed-401d-908f-5b42296f7638,402e0365-eafe-40c3-8f52-d853f3079555,VERS,10,Lacerari coepit morsibus saevis canum.,f899a378-9f43-4602-a82a-4f3392ac8973,1123,1128
939c79ab-f3ed-401d-908f-5b42296f7638,4f963c8f-cb29-42cf-8452-638a9c8d492c,VERS,11,Tunc moriens edidisse vocem hanc dicitur:,f899a378-9f43-4602-a82a-4f3392ac8973,1129,1135
939c79ab-f3ed-401d-908f-5b42296f7638,017418a2-762c-492b-a69a-f3021208d10d,VERS,12,O me infelicem! qui nunc demum intellego,f899a378-9f43-4602-a82a-4f3392ac8973,1136,1143
939c79ab-f3ed-401d-908f-5b42296f7638,d1b69bc1-a6f0-4ac1-8e41-3083315f4850,VERS,13,"Utilia mihi quam fuerint quae despexeram,",f899a378-9f43-4602-a82a-4f3392ac8973,1144,1150
939c79ab-f3ed-401d-908f-5b42296f7638,df3c1b13-c325-4040-92e9-0d41aebeca30,VERS,14,Et quae laudaram quantum luctus habuerint.,f899a378-9f43-4602-a82a-4f3392ac8973,1151,1157
939c79ab-f3ed-401d-908f-5b42296f7638,b9198e05-95b9-4f53-91f6-3979b81b8a15,POEM,12,Vulpes et corvus.,ada38cc1-6fd8-45bc-b2b0-42bd8db61c9b,1158,1264
939c79ab-f3ed-401d-908f-5b42296f7638,718102b2-5001-488f-a878-90544cf19788,TITL,0,Vulpes et corvus.,b9198e05-95b9-4f53-91f6-3979b81b8a15,1158,1161
939c79ab-f3ed-401d-908f-5b42296f7638,f1a9aa34-7561-4816-a951-b67c9b3376cc,VERS,0,"Qui se laudari gaudet verbis subdolis,",b9198e05-95b9-4f53-91f6-3979b81b8a15,1162,1168
939c79ab-f3ed-401d-908f-5b42296f7638,948cc5f0-165c-432b-a857-a4dcfc26a805,VERS,1,Fere dat poenas turpi paenitentia.,b9198e05-95b9-4f53-91f6-3979b81b8a15,1169,1174
939c79ab-f3ed-401d-908f-5b42296f7638,275f0c11-4c45-4a09-bc18-83835499bc44,VERS,2,Cum de fenestra corvus raptum caseum,b9198e05-95b9-4f53-91f6-3979b81b8a15,1175,1180
939c79ab-f3ed-401d-908f-5b42296f7638,c452f33f-b06a-480f-8b9b-6f5eb99e81a1,VERS,3,"Comesse vellet, celsa residens arbore,",b9198e05-95b9-4f53-91f6-3979b81b8a15,1181,1187
939c79ab-f3ed-401d-908f-5b42296f7638,69d6a62b-5875-4ec5-8222-38aba32edff0,VERS,4,"Vulpes hunc vidit, deinde sic coepit loqui:",b9198e05-95b9-4f53-91f6-3979b81b8a15,1188,1196
939c79ab-f3ed-401d-908f-5b42296f7638,e01c113b-1834-40fc-a125-db30abbbe65d,VERS,5,"O qui tuarum, corve, pennarum est nitor!",b9198e05-95b9-4f53-91f6-3979b81b8a15,1197,1206
939c79ab-f3ed-401d-908f-5b42296f7638,9f8ef509-7d88-4934-b795-53a10d727727,VERS,6,Quantum decoris corpore et vultu geris!,b9198e05-95b9-4f53-91f6-3979b81b8a15,1207,1213
939c79ab-f3ed-401d-908f-5b42296f7638,5f47f9a6-fb6f-428f-928f-565b5c303ed5,VERS,7,"Si vocem haberes, nulla prior ales foret.",b9198e05-95b9-4f53-91f6-3979b81b8a15,1214,1222
939c79ab-f3ed-401d-908f-5b42296f7638,5150c76f-f821-43df-ab73-c9a1a82c7855,VERS,8,"At ille stultus, dum vult vocem ostendere,",b9198e05-95b9-4f53-91f6-3979b81b8a15,1223,1231
939c79ab-f3ed-401d-908f-5b42296f7638,01b8eb1a-4c4b-49dc-bbaf-fb44d2ae3246,VERS,9,"Emisit ore caseum, quem celeriter",b9198e05-95b9-4f53-91f6-3979b81b8a15,1232,1237
939c79ab-f3ed-401d-908f-5b42296f7638,1a0b4cc8-404b-46be-9a32-1cf1bfccebd8,VERS,10,Dolosa vulpes avidis rapuit dentibus.,b9198e05-95b9-4f53-91f6-3979b81b8a15,1238,1243
939c79ab-f3ed-401d-908f-5b42296f7638,ad2d32f8-e2c9-4b57-b04f-9a706dbe6ef9,VERS,11,Tunc demum ingemuit corvi deceptus stupor.,b9198e05-95b9-4f53-91f6-3979b81b8a15,1244,1250
939c79ab-f3ed-401d-908f-5b42296f7638,9740596e-c1d0-401d-994f-718a7399ddce,VERS,12,Hac re probatur quantum ingenium valet;,b9198e05-95b9-4f53-91f6-3979b81b8a15,1251,1257
939c79ab-f3ed-401d-908f-5b42296f7638,e7a3bf2f-2d5c-4ad6-82b8-d39b1117d889,VERS,13,Virtute semper praevalet sapientia.,b9198e05-95b9-4f53-91f6-3979b81b8a15,1258,1262
939c79ab-f3ed-401d-908f-5b42296f7638,3fd84c67-c5d3-4e0d-a10f-4bb78c3ea1ca,POEM,13,Ex sutore medicus.,ada38cc1-6fd8-45bc-b2b0-42bd8db61c9b,1263,1376
939c79ab-f3ed-401d-908f-5b42296f7638,fe1fe8e0-262e-40a5-94cc-998fae913bbd,TITL,0,Ex sutore medicus.,3fd84c67-c5d3-4e0d-a10f-4bb78c3ea1ca,1263,1266
939c79ab-f3ed-401d-908f-5b42296f7638,5f303b71-c687-417f-9326-8cb2ecefaf83,VERS,0,Malus cum sutor inopia deperditus,3fd84c67-c5d3-4e0d-a10f-4bb78c3ea1ca,1267,1271
939c79ab-f3ed-401d-908f-5b42296f7638,b6866266-5bd0-4fee-b468-ec32a6c6f2d1,VERS,1,Medicinam ignoto facere coepisset loco,3fd84c67-c5d3-4e0d-a10f-4bb78c3ea1ca,1272,1276
939c79ab-f3ed-401d-908f-5b42296f7638,1b80cf03-1753-4c03-81b5-54826846a768,VERS,2,"Et venditaret falso antidotum nomine,",3fd84c67-c5d3-4e0d-a10f-4bb78c3ea1ca,1277,1282
939c79ab-f3ed-401d-908f-5b42296f7638,730d47fa-74aa-41e2-8f96-60418bd6b6dd,VERS,3,Verbosis acquisivit sibi famam strophis.,3fd84c67-c5d3-4e0d-a10f-4bb78c3ea1ca,1283,1288
939c79ab-f3ed-401d-908f-5b42296f7638,30d65181-4c62-4f88-8eaa-283d2bcc0060,VERS,4,Hic cum iaceret morbo confectus gravi,3fd84c67-c5d3-4e0d-a10f-4bb78c3ea1ca,1289,1294
939c79ab-f3ed-401d-908f-5b42296f7638,24a4df0a-32bd-4d0b-be3f-b00b132ec3ba,VERS,5,"Rex urbis, eius experiendi gratia",3fd84c67-c5d3-4e0d-a10f-4bb78c3ea1ca,1295,1300
939c79ab-f3ed-401d-908f-5b42296f7638,09de9608-df20-4b02-aba4-c7597c644583,VERS,6,Scyphum poposcit: fusa dein simulans aqua,3fd84c67-c5d3-4e0d-a10f-4bb78c3ea1ca,1301,1307
939c79ab-f3ed-401d-908f-5b42296f7638,f48754f8-61bf-49f8-b2bc-186c075e471d,VERS,7,"Miscere illius antidoto se toxicum,",3fd84c67-c5d3-4e0d-a10f-4bb78c3ea1ca,1308,1313
939c79ab-f3ed-401d-908f-5b42296f7638,bc08a205-ad77-4d48-b658-7f46885502b7,VERS,8,Ebibere iussit ipsum posito praemio.,3fd84c67-c5d3-4e0d-a10f-4bb78c3ea1ca,1314,1319
939c79ab-f3ed-401d-908f-5b42296f7638,68066180-d98a-41ee-a469-a294f44d9c8e,VERS,9,Timore mortis ille tum confessus est,3fd84c67-c5d3-4e0d-a10f-4bb78c3ea1ca,1320,1325
939c79ab-f3ed-401d-908f-5b42296f7638,4df01db4-0268-4c56-b7f5-7b5f1d25968e,VERS,10,"Non artis ulla medicum se prudentia,",3fd84c67-c5d3-4e0d-a10f-4bb78c3ea1ca,1326,1332
939c79ab-f3ed-401d-908f-5b42296f7638,f7ca8cb2-e817-4afb-9e70-e2c9b6d9bf9b,VERS,11,Verum stupore vulgi factum nobilem.,3fd84c67-c5d3-4e0d-a10f-4bb78c3ea1ca,1333,1338
939c79ab-f3ed-401d-908f-5b42296f7638,cedb16c4-9107-4f69-83d5-3ad6191d3499,VERS,12,Rex advocata contione haec addidit:,3fd84c67-c5d3-4e0d-a10f-4bb78c3ea1ca,1339,1344
939c79ab-f3ed-401d-908f-5b42296f7638,573adfbe-4aec-462f-bc55-79416cac0741,VERS,13,"Quantae putatis esse vos dementiae,",3fd84c67-c5d3-4e0d-a10f-4bb78c3ea1ca,1345,1350
939c79ab-f3ed-401d-908f-5b42296f7638,6bdae7a0-1989-478f-9764-fbeffdc47a28,VERS,14,"Qui capita vestra non dubitatis credere,",3fd84c67-c5d3-4e0d-a10f-4bb78c3ea1ca,1351,1357
939c79ab-f3ed-401d-908f-5b42296f7638,343d8ffd-0a6f-4444-96ba-31ca51b88f1b,VERS,15,Cui calceandos nemo commisit pedes?,3fd84c67-c5d3-4e0d-a10f-4bb78c3ea1ca,1358,1363
939c79ab-f3ed-401d-908f-5b42296f7638,3c17b870-3f83-4ea6-b444-d7113b2a33b7,VERS,16,"Hoc pertinere vere ad illos dixerim,",3fd84c67-c5d3-4e0d-a10f-4bb78c3ea1ca,1364,1370
939c79ab-f3ed-401d-908f-5b42296f7638,de322752-ebf6-42fb-a5f8-df521cf8a011,VERS,17,Quorum stultitia quaestus impudentiae est.,3fd84c67-c5d3-4e0d-a10f-4bb78c3ea1ca,1371,1376
939c79ab-f3ed-401d-908f-5b42296f7638,64499974-f464-4ec4-9c13-74132e712d40,POEM,14,Asinus ad senem pastorem.,ada38cc1-6fd8-45bc-b2b0-42bd8db61c9b,1377,1448
939c79ab-f3ed-401d-908f-5b42296f7638,c8abdb9b-6db2-4dfb-a64d-0e6eb3f9d7ef,TITL,0,Asinus ad senem pastorem.,64499974-f464-4ec4-9c13-74132e712d40,1377,1381
939c79ab-f3ed-401d-908f-5b42296f7638,304d77cf-2d7c-4030-84aa-d9780bbb467b,VERS,0,In principatu commutando saepius,64499974-f464-4ec4-9c13-74132e712d40,1382,1385
939c79ab-f3ed-401d-908f-5b42296f7638,9db6d355-3469-429c-8199-2ff88af3d02f,VERS,1,Nil praeter domini mores mutant pauperes.,64499974-f464-4ec4-9c13-74132e712d40,1386,1392
939c79ab-f3ed-401d-908f-5b42296f7638,1d85d1ff-2e80-4296-b6fc-27eb4aada3c4,VERS,2,Id esse verum parva haec fabella indicat.,64499974-f464-4ec4-9c13-74132e712d40,1393,1400
939c79ab-f3ed-401d-908f-5b42296f7638,630d8b25-80de-4bec-a1ad-7ce192c73222,VERS,3,Asellum in prato timidus pascebat senex.,64499974-f464-4ec4-9c13-74132e712d40,1401,1407
939c79ab-f3ed-401d-908f-5b42296f7638,a24185c7-d35f-48bc-949d-1f64eba44daf,VERS,4,Is hostium clamore subito territus,64499974-f464-4ec4-9c13-74132e712d40,1408,1412
939c79ab-f3ed-401d-908f-5b42296f7638,368a8ecf-e031-4c94-b7aa-ddaab1e899eb,VERS,5,"Suadebat asino fugere, ne possent capi.",64499974-f464-4ec4-9c13-74132e712d40,1413,1420
939c79ab-f3ed-401d-908f-5b42296f7638,339cf41f-883b-4c84-a98b-f6026768edbe,VERS,6,"At ille lentus: Quaeso, num binas mihi",64499974-f464-4ec4-9c13-74132e712d40,1421,1429
939c79ab-f3ed-401d-908f-5b42296f7638,cee80cbc-baf6-41b0-9bf0-8a93f41ad899,VERS,7,Clitellas impositurum victorem putas?,64499974-f464-4ec4-9c13-74132e712d40,1430,1434
939c79ab-f3ed-401d-908f-5b42296f7638,415a681a-6690-4e4d-903b-fefbe9927fcf,VERS,8,Senex negavit. Ergo quid refert mea,64499974-f464-4ec4-9c13-74132e712d40,1435,1441
939c79ab-f3ed-401d-908f-5b42296f7638,29269ae1-1f20-4abf-ac06-73d4804a63e8,VERS,9,Cui serviam clitellas cum portem meas?,64499974-f464-4ec4-9c13-74132e712d40,1442,1448
939c79ab-f3ed-401d-908f-5b42296f7638,3d58ec0a-5289-49f6-9b55-3bb6df006f2f,POEM,15,"Ovis, cervus, et lupus.",ada38cc1-6fd8-45bc-b2b0-42bd8db61c9b,1449,1505
939c79ab-f3ed-401d-908f-5b42296f7638,cc9f88f5-a63f-4a06-a5d9-8bfbef07e4e2,TITL,0,"Ovis, cervus, et lupus.",3d58ec0a-5289-49f6-9b55-3bb6df006f2f,1449,1455
939c79ab-f3ed-401d-908f-5b42296f7638,db004340-4df7-4594-9ce5-d2859d993284,VERS,0,"Fraudator homines cum advocat sponsum improbos,",3d58ec0a-5289-49f6-9b55-3bb6df006f2f,1456,1462
939c79ab-f3ed-401d-908f-5b42296f7638,885fa14e-717c-4059-b034-77883ddcb444,VERS,1,"Non rem expedire, sed mala videre expetit.",3d58ec0a-5289-49f6-9b55-3bb6df006f2f,1463,1471
939c79ab-f3ed-401d-908f-5b42296f7638,2442c123-5321-4259-81fa-498fad37594b,VERS,2,Ovem rogabat cervus modium tritici,3d58ec0a-5289-49f6-9b55-3bb6df006f2f,1472,1476
939c79ab-f3ed-401d-908f-5b42296f7638,443eb544-5b65-4d65-bed0-84d525afcf51,VERS,3,Lupo sponsore. At illa praemetuens dolum:,3d58ec0a-5289-49f6-9b55-3bb6df006f2f,1477,1484
939c79ab-f3ed-401d-908f-5b42296f7638,c9b9b942-d474-41c8-b9b5-9b0fbf055766,VERS,4,"Rapere atque abire semper assuevit lupus,",3d58ec0a-5289-49f6-9b55-3bb6df006f2f,1485,1491
939c79ab-f3ed-401d-908f-5b42296f7638,c5313ffc-8c75-42e1-8a32-16a56ae266a4,VERS,5,Tu de conspectu fugere veloci impetu;,3d58ec0a-5289-49f6-9b55-3bb6df006f2f,1492,1498
939c79ab-f3ed-401d-908f-5b42296f7638,053ab81e-94b1-4608-ad77-02789c602e53,VERS,6,Ubi vos requiram cum dies advenerit?,3d58ec0a-5289-49f6-9b55-3bb6df006f2f,1499,1505
939c79ab-f3ed-401d-908f-5b42296f7638,9b15e034-f2c2-4af9-869a-49da5423d795,POEM,16,"Ovis, canis, et lupus.",ada38cc1-6fd8-45bc-b2b0-42bd8db61c9b,1506,1571
939c79ab-f3ed-401d-908f-5b42296f7638,182aecc6-2f93-45e6-ac97-e212ddd9ecc4,TITL,0,"Ovis, canis, et lupus.",9b15e034-f2c2-4af9-869a-49da5423d795,1506,1512
939c79ab-f3ed-401d-908f-5b42296f7638,610d088a-5abc-472f-b5c6-1dbd346e3760,VERS,0,Solent mendaces luere poenas malefici.,9b15e034-f2c2-4af9-869a-49da5423d795,1513,1518
939c79ab-f3ed-401d-908f-5b42296f7638,2c403dce-1dc9-4f92-8d45-f42ffd483e22,VERS,1,"Calumniator ab ove cum peteret canis,",9b15e034-f2c2-4af9-869a-49da5423d795,1519,1525
939c79ab-f3ed-401d-908f-5b42296f7638,cf9275ad-5e90-49e7-988e-e8dd676f1532,VERS,2,"Quem commendasse panem se contenderet,",9b15e034-f2c2-4af9-869a-49da5423d795,1526,1531
939c79ab-f3ed-401d-908f-5b42296f7638,96b3e6c0-e43e-4efd-a439-ed77c69ee08b,VERS,3,Lupus citatus testis non unum modo,9b15e034-f2c2-4af9-869a-49da5423d795,1532,1537
939c79ab-f3ed-401d-908f-5b42296f7638,05ef8609-5fad-4228-8fa6-fd33092b9741,VERS,4,"Deberi dixit, verum affirmavit decem.",9b15e034-f2c2-4af9-869a-49da5423d795,1538,1544
939c79ab-f3ed-401d-908f-5b42296f7638,46e1c3e7-00a8-4066-b057-89635af88f9e,VERS,5,Ovis damnata falso testimonio,9b15e034-f2c2-4af9-869a-49da5423d795,1545,1548
939c79ab-f3ed-401d-908f-5b42296f7638,ee97c555-86f9-4cb4-8c08-62f52628ba66,VERS,6,Quod non debebat solvit. Post paucos dies,9b15e034-f2c2-4af9-869a-49da5423d795,1549,1556
939c79ab-f3ed-401d-908f-5b42296f7638,09d856be-c08e-4ffb-bd99-d3a274f972b6,VERS,7,Bidens iacentem in fovea conspexit lupum:,9b15e034-f2c2-4af9-869a-49da5423d795,1557,1563
939c79ab-f3ed-401d-908f-5b42296f7638,2f0fb722-468c-4b2c-a1c5-d062a64987d0,VERS,8,Haec inquit merces fraudis a superis datur.,9b15e034-f2c2-4af9-869a-49da5423d795,1564,1571
939c79ab-f3ed-401d-908f-5b42296f7638,e4b8157d-c59e-42ec-b1f7-33c6d3b9ce53,POEM,17,Mulier parturiens.,ada38cc1-6fd8-45bc-b2b0-42bd8db61c9b,1572,1622
939c79ab-f3ed-401d-908f-5b42296f7638,64376d91-6e36-4627-a659-051aee6c974d,TITL,0,Mulier parturiens.,e4b8157d-c59e-42ec-b1f7-33c6d3b9ce53,1572,1574
939c79ab-f3ed-401d-908f-5b42296f7638,1937420e-eb09-4c9b-adaa-e730b88e0cd7,VERS,0,Nemo libenter recolit qui laesit locum.,e4b8157d-c59e-42ec-b1f7-33c6d3b9ce53,1575,1581
939c79ab-f3ed-401d-908f-5b42296f7638,d8ed362e-c402-49fa-ae9c-72145f5bd3ce,VERS,1,Instante partu mulier actis mensibus,e4b8157d-c59e-42ec-b1f7-33c6d3b9ce53,1582,1586
939c79ab-f3ed-401d-908f-5b42296f7638,ca8a2e74-5fc1-4319-a8da-9daf166440c7,VERS,2,Humi iacebat flebilis gemitus ciens.,e4b8157d-c59e-42ec-b1f7-33c6d3b9ce53,1587,1592
939c79ab-f3ed-401d-908f-5b42296f7638,fcb91c8a-e7fb-4b87-93dd-f39f17d886c3,VERS,3,"Vir est hortatus, corpus lecto reciperet,",e4b8157d-c59e-42ec-b1f7-33c6d3b9ce53,1593,1600
939c79ab-f3ed-401d-908f-5b42296f7638,41d4232f-ee9c-4b7e-ac27-ca0cc2b634e1,VERS,4,Onus naturae melius quo deponeret.,e4b8157d-c59e-42ec-b1f7-33c6d3b9ce53,1601,1606
939c79ab-f3ed-401d-908f-5b42296f7638,e65dc0a3-7890-440d-8eee-b4ddf3ae476a,VERS,5,"Minime, inquit, illo posse confido loco",e4b8157d-c59e-42ec-b1f7-33c6d3b9ce53,1607,1614
939c79ab-f3ed-401d-908f-5b42296f7638,6404dbd9-8fe3-4b45-910b-cb9709c782b9,VERS,6,"Malum finiri, quo conceptum est initio.",e4b8157d-c59e-42ec-b1f7-33c6d3b9ce53,1615,1622
939c79ab-f3ed-401d-908f-5b42296f7638,bcea350e-7c93-4459-a29b-d2841138212c,POEM,18,Canis parturiens.,ada38cc1-6fd8-45bc-b2b0-42bd8db61c9b,1623,1691
939c79ab-f3ed-401d-908f-5b42296f7638,6d892cfc-435f-4fa7-bd8f-a9a6e1b31b25,TITL,0,Canis parturiens.,bcea350e-7c93-4459-a29b-d2841138212c,1623,1625
939c79ab-f3ed-401d-908f-5b42296f7638,a3f4d16c-8be5-4407-bbd0-fc7112526063,VERS,0,Habent insidias hominis blanditiae mali:,bcea350e-7c93-4459-a29b-d2841138212c,1626,1631
939c79ab-f3ed-401d-908f-5b42296f7638,c955cdca-5ac9-439c-b896-bef25214c44a,VERS,1,Quas ut vitemus versus subiecti monent.,bcea350e-7c93-4459-a29b-d2841138212c,1632,1638
939c79ab-f3ed-401d-908f-5b42296f7638,15241409-1d93-47a1-8034-1c30fec40c02,VERS,2,"Canis parturiens cum rogasset alteram,",bcea350e-7c93-4459-a29b-d2841138212c,1639,1644
939c79ab-f3ed-401d-908f-5b42296f7638,7d15a21c-42ba-4e99-ab1c-5dabf94be178,VERS,3,"Ut fetum in eius tugurio deponeret,",bcea350e-7c93-4459-a29b-d2841138212c,1645,1651
939c79ab-f3ed-401d-908f-5b42296f7638,fc6bfff2-0fff-4fbd-90af-b095ee7c53cb,VERS,4,Facile impetravit: dein reposcenti locum,bcea350e-7c93-4459-a29b-d2841138212c,1652,1657
939c79ab-f3ed-401d-908f-5b42296f7638,3a3e974b-687c-4c5a-be33-8c6e25766b6e,VERS,5,"Preces admovit, tempus exorans breve,",bcea350e-7c93-4459-a29b-d2841138212c,1658,1664
939c79ab-f3ed-401d-908f-5b42296f7638,e787575b-4d6d-4b91-a491-e1892f0c95da,VERS,6,Dum firmiores posset catulos ducere.,bcea350e-7c93-4459-a29b-d2841138212c,1665,1670
939c79ab-f3ed-401d-908f-5b42296f7638,796d4b00-9135-40c8-b2ce-4344688afcea,VERS,7,Hoc quoque consumpto flagitari validius,bcea350e-7c93-4459-a29b-d2841138212c,1671,1675
939c79ab-f3ed-401d-908f-5b42296f7638,ff58d445-9782-4507-8f23-2957c8250fe7,VERS,8,Cubile coepit. Si mihi et turbae meae,bcea350e-7c93-4459-a29b-d2841138212c,1676,1683
939c79ab-f3ed-401d-908f-5b42296f7638,02791a5f-7208-4c04-aef3-b597ca55c8dd,VERS,9,"Par inquit esse potueris, cedam loco.",bcea350e-7c93-4459-a29b-d2841138212c,1684,1691
939c79ab-f3ed-401d-908f-5b42296f7638,45c53178-3c05-454a-8d96-fd03cddf97dd,POEM,19,Canes famelici.,ada38cc1-6fd8-45bc-b2b0-42bd8db61c9b,1692,1735
939c79ab-f3ed-401d-908f-5b42296f7638,232ef27b-6e46-4596-93a3-762cdcf7a702,TITL,0,Canes famelici.,45c53178-3c05-454a-8d96-fd03cddf97dd,1692,1694
939c79ab-f3ed-401d-908f-5b42296f7638,5fcbf397-b777-4c39-88bc-5901b19f9016,VERS,0,"Stultum consilium non modo effectu caret,",45c53178-3c05-454a-8d96-fd03cddf97dd,1695,1701
939c79ab-f3ed-401d-908f-5b42296f7638,a9707458-694f-43b0-b7d9-abece439da64,VERS,1,Sed ad perniciem quoque mortalis devocat.,45c53178-3c05-454a-8d96-fd03cddf97dd,1702,1708
939c79ab-f3ed-401d-908f-5b42296f7638,b2101972-f5ed-495b-8e03-fff0321134f6,VERS,2,Corium depressum in fluvio viderunt canes.,45c53178-3c05-454a-8d96-fd03cddf97dd,1709,1715
939c79ab-f3ed-401d-908f-5b42296f7638,fcb1d58b-a6d5-480b-8e43-70de98036634,VERS,3,"Id ut comesse extractum possent facilius,",45c53178-3c05-454a-8d96-fd03cddf97dd,1716,1722
939c79ab-f3ed-401d-908f-5b42296f7638,f199cc34-ccec-49e5-9ad8-0898939c47eb,VERS,4,Aquam coepere ebibere: sed rupti prius,45c53178-3c05-454a-8d96-fd03cddf97dd,1723,1729
939c79ab-f3ed-401d-908f-5b42296f7638,40daa780-67a3-4fdd-81d2-c069855dee19,VERS,5,Periere quam quod petierant contingerent.,45c53178-3c05-454a-8d96-fd03cddf97dd,1730,1735
939c79ab-f3ed-401d-908f-5b42296f7638,f79fae65-6dfe-4d7d-9414-9845ec7944ce,POEM,20,"Leo senex, aper, taurus, et asinus.",ada38cc1-6fd8-45bc-b2b0-42bd8db61c9b,1736,1825
939c79ab-f3ed-401d-908f-5b42296f7638,8e036575-c77a-416c-bbad-52b0860b619b,TITL,0,"Leo senex, aper, taurus, et asinus.",f79fae65-6dfe-4d7d-9414-9845ec7944ce,1736,1745
939c79ab-f3ed-401d-908f-5b42296f7638,3ecb24f2-5b47-487f-a767-eaf242e34547,VERS,0,"Quicumque amisit dignitatem pristinam,",f79fae65-6dfe-4d7d-9414-9845ec7944ce,1746,1750
939c79ab-f3ed-401d-908f-5b42296f7638,7b2b6100-8c5b-4e81-8e3c-023d79669773,VERS,1,Ignavis etiam iocus est in casu gravi.,f79fae65-6dfe-4d7d-9414-9845ec7944ce,1751,1758
939c79ab-f3ed-401d-908f-5b42296f7638,6430d1be-e427-4026-b360-a926893caea9,VERS,2,Defectus annis et desertus viribus,f79fae65-6dfe-4d7d-9414-9845ec7944ce,1759,1763
939c79ab-f3ed-401d-908f-5b42296f7638,faf105f3-5d8d-40a1-a767-db4786fac46d,VERS,3,"Leo cum iaceret spiritum extremum trahens,",f79fae65-6dfe-4d7d-9414-9845ec7944ce,1764,1770
939c79ab-f3ed-401d-908f-5b42296f7638,dc16b2a5-54e6-49db-b70b-cd7b73d532a2,VERS,4,Aper fulmineis venit ad eum dentibus,f79fae65-6dfe-4d7d-9414-9845ec7944ce,1771,1776
939c79ab-f3ed-401d-908f-5b42296f7638,c8831b3d-8ffb-4a80-9d9c-4114989aa3c9,VERS,5,Et vindicavit ictu veterem iniuriam.,f79fae65-6dfe-4d7d-9414-9845ec7944ce,1777,1782
939c79ab-f3ed-401d-908f-5b42296f7638,697d42be-b2e0-416f-87ce-21ad85a17b39,VERS,6,Infestis taurus mox confodit cornibus,f79fae65-6dfe-4d7d-9414-9845ec7944ce,1783,1787
939c79ab-f3ed-401d-908f-5b42296f7638,63f66771-1971-44f1-938a-1b0731f9bbd6,VERS,7,"Hostile corpus. Asinus, ut vidit ferum",f79fae65-6dfe-4d7d-9414-9845ec7944ce,1788,1795
939c79ab-f3ed-401d-908f-5b42296f7638,5448914f-626a-4a8c-9455-64fd8fe25af8,VERS,8,"Impune laedi, calcibus frontem extudit.",f79fae65-6dfe-4d7d-9414-9845ec7944ce,1796,1802
939c79ab-f3ed-401d-908f-5b42296f7638,b7e1c9b7-89ce-4b79-a244-77bda98d55e3,VERS,9,At ille exspirans: Fortis indigne tuli,f79fae65-6dfe-4d7d-9414-9845ec7944ce,1803,1809
939c79ab-f3ed-401d-908f-5b42296f7638,52b21b78-6665-42a3-adf2-a82faca2299e,VERS,10,"Mihi insultare: te, naturae dedecus,",f79fae65-6dfe-4d7d-9414-9845ec7944ce,1810,1817
939c79ab-f3ed-401d-908f-5b42296f7638,6b7e1746-3734-469e-bf26-ac8d5b12f016,VERS,11,Quod ferre certe cogor bis videor mori.,f79fae65-6dfe-4d7d-9414-9845ec7944ce,1818,1825
939c79ab-f3ed-401d-908f-5b42296f7638,eb1559a9-9320-4c72-9fcc-9e1b640bc527,POEM,21,Mustela et homo,ada38cc1-6fd8-45bc-b2b0-42bd8db61c9b,1826,1915
939c79ab-f3ed-401d-908f-5b42296f7638,40c2f065-ed1e-478c-9738-d43e077cad65,TITL,0,Mustela et homo,eb1559a9-9320-4c72-9fcc-9e1b640bc527,1826,1828
939c79ab-f3ed-401d-908f-5b42296f7638,2d5b64d9-ea92-4a94-83f9-7381243e985f,VERS,0,Mustela ab homine prensa cum instantem necem,eb1559a9-9320-4c72-9fcc-9e1b640bc527,1829,1835
939c79ab-f3ed-401d-908f-5b42296f7638,b13f4df6-86a8-47f0-9fdd-26805834a29c,VERS,1,"Effugere vellet: Parce, quaeso inquit mihi,",eb1559a9-9320-4c72-9fcc-9e1b640bc527,1836,1844
939c79ab-f3ed-401d-908f-5b42296f7638,ffd6ef63-6b62-4754-992a-3b06a5d20a08,VERS,2,Quae tibi molestis muribus purgo domum.,eb1559a9-9320-4c72-9fcc-9e1b640bc527,1845,1851
939c79ab-f3ed-401d-908f-5b42296f7638,ec9f510f-0e4f-40eb-979c-4e328ddd6358,VERS,3,"Respondit ille: Faceres si causa mea,",eb1559a9-9320-4c72-9fcc-9e1b640bc527,1852,1859
939c79ab-f3ed-401d-908f-5b42296f7638,5ea6ac11-8316-4be3-bd3f-1ffb7a9ff6db,VERS,4,Gratum esset et dedissem veniam supplici.,eb1559a9-9320-4c72-9fcc-9e1b640bc527,1860,1866
939c79ab-f3ed-401d-908f-5b42296f7638,acbe3253-6d42-4ea1-a580-7235f2a14ce4,VERS,5,"Nunc quia laboras ut fruaris reliquiis,",eb1559a9-9320-4c72-9fcc-9e1b640bc527,1867,1873
939c79ab-f3ed-401d-908f-5b42296f7638,dc98450c-3343-437b-ade5-3b9580c7b99d,VERS,6,"Quas sunt rosuri, simul et ipsos devores,",eb1559a9-9320-4c72-9fcc-9e1b640bc527,1874,1882
939c79ab-f3ed-401d-908f-5b42296f7638,cf188a03-0ac1-4601-bdd5-f55803de9457,VERS,7,Noli imputare vanum beneficium mihi.,eb1559a9-9320-4c72-9fcc-9e1b640bc527,1883,1888
939c79ab-f3ed-401d-908f-5b42296f7638,db6c1aeb-6fb2-4627-80e6-ed9a2ffe7057,VERS,8,Atque ita locutus improbam leto dedit.,eb1559a9-9320-4c72-9fcc-9e1b640bc527,1889,1895
939c79ab-f3ed-401d-908f-5b42296f7638,116ab9b7-c64f-46fb-8169-3edc7a283ee3,VERS,9,"Hoc in se dictum debent illi agnoscere,",eb1559a9-9320-4c72-9fcc-9e1b640bc527,1896,1903
939c79ab-f3ed-401d-908f-5b42296f7638,de2bdb76-46d6-449c-8f2f-519586f53c43,VERS,10,"Quorum privata servit utilitas sibi,",eb1559a9-9320-4c72-9fcc-9e1b640bc527,1904,1909
939c79ab-f3ed-401d-908f-5b42296f7638,350de9a3-e818-47b8-9d14-47b931ddf688,VERS,11,Et meritum inane iactant imprudentibus.,eb1559a9-9320-4c72-9fcc-9e1b640bc527,1910,1915
939c79ab-f3ed-401d-908f-5b42296f7638,e74b8dc1-5fe9-4764-b514-4b73be36285d,POEM,22,Canis fidelis.,ada38cc1-6fd8-45bc-b2b0-42bd8db61c9b,1916,1974
939c79ab-f3ed-401d-908f-5b42296f7638,a5e5fb94-68b0-464c-8437-3b55408cdbe6,TITL,0,Canis fidelis.,e74b8dc1-5fe9-4764-b514-4b73be36285d,1916,1918
939c79ab-f3ed-401d-908f-5b42296f7638,185b6985-1d47-46a3-8d35-cdcb6ea204d6,VERS,0,"Repente liberalis stultis gratus est,",e74b8dc1-5fe9-4764-b514-4b73be36285d,1919,1924
939c79ab-f3ed-401d-908f-5b42296f7638,c889b6a6-a21a-4a95-9f54-b1dd934202a5,VERS,1,Verum peritis irritos tendit dolos.,e74b8dc1-5fe9-4764-b514-4b73be36285d,1925,1930
939c79ab-f3ed-401d-908f-5b42296f7638,ccae5cfb-4f17-4e32-beb5-3f8d8ec398c8,VERS,2,"Nocturnus cum fur panem misisset cani,",e74b8dc1-5fe9-4764-b514-4b73be36285d,1931,1937
939c79ab-f3ed-401d-908f-5b42296f7638,3d4bf141-031a-43b2-9036-71f97368ec19,VERS,3,Obiecto temptans an cibo posset capi:,e74b8dc1-5fe9-4764-b514-4b73be36285d,1938,1944
939c79ab-f3ed-401d-908f-5b42296f7638,5535de31-627d-460f-8cd8-c762ee2ebf5f,VERS,4,"Heus inquit linguam vis meam praecludere,",e74b8dc1-5fe9-4764-b514-4b73be36285d,1945,1951
939c79ab-f3ed-401d-908f-5b42296f7638,3d4817de-3676-4054-af32-69761fec6291,VERS,5,Ne latrem pro re domini? Multum falleris.,e74b8dc1-5fe9-4764-b514-4b73be36285d,1952,1960
939c79ab-f3ed-401d-908f-5b42296f7638,89dfeafe-4bf0-412c-8c34-ad6cb912a06f,VERS,6,Namque ista subita me iubet benignitas,e74b8dc1-5fe9-4764-b514-4b73be36285d,1961,1966
939c79ab-f3ed-401d-908f-5b42296f7638,a62a47ea-1a75-4ff8-a4a2-ba853faa3a76,VERS,7,"Vigilare, facias ne mea culpa lucrum.",e74b8dc1-5fe9-4764-b514-4b73be36285d,1967,1974
939c79ab-f3ed-401d-908f-5b42296f7638,559b2a01-2086-4083-bbd3-df671e1bd51e,POEM,23,Rana rupta et bos.,ada38cc1-6fd8-45bc-b2b0-42bd8db61c9b,1975,2046
939c79ab-f3ed-401d-908f-5b42296f7638,23729f65-1331-4dfb-9b03-70470adf66f4,TITL,0,Rana rupta et bos.,559b2a01-2086-4083-bbd3-df671e1bd51e,1975,1979
939c79ab-f3ed-401d-908f-5b42296f7638,e4c4c5fc-3b44-46ac-af69-a42e6df4547a,VERS,0,"Inops, potentem dum vult imitari, perit.",559b2a01-2086-4083-bbd3-df671e1bd51e,1980,1988
939c79ab-f3ed-401d-908f-5b42296f7638,ca75e81f-cf10-45e6-b39c-9fb530e83e90,VERS,1,In prato quondam rana conspexit bovem,559b2a01-2086-4083-bbd3-df671e1bd51e,1989,1994
939c79ab-f3ed-401d-908f-5b42296f7638,4900df3a-5b60-437f-a402-9741ebf7903b,VERS,2,Et tacta invidia tantae magnitudinis,559b2a01-2086-4083-bbd3-df671e1bd51e,1995,1999
939c79ab-f3ed-401d-908f-5b42296f7638,4c8ea0b6-df00-41f6-86cd-3f47911cfa34,VERS,3,Rugosam inflavit pellem: tum natos suos,559b2a01-2086-4083-bbd3-df671e1bd51e,2000,2006
939c79ab-f3ed-401d-908f-5b42296f7638,ecac19fa-e9b4-438e-9d06-eb404fde9c5f,VERS,4,"Interrogavit, an bove esset latior.",559b2a01-2086-4083-bbd3-df671e1bd51e,2007,2013
939c79ab-f3ed-401d-908f-5b42296f7638,699fb108-a79e-4ff8-adbd-cabf4f82e0d1,VERS,5,Illi negarunt. Rursus intendit cutem,559b2a01-2086-4083-bbd3-df671e1bd51e,2014,2019
939c79ab-f3ed-401d-908f-5b42296f7638,74f4b03a-72cb-46b7-84db-25fa30480cf6,VERS,6,"Maiore nisu et simili quaesivit modo,",559b2a01-2086-4083-bbd3-df671e1bd51e,2020,2026
939c79ab-f3ed-401d-908f-5b42296f7638,4ed26c3b-e081-4f10-9c30-9c0ec7464346,VERS,7,Quis maior esset. Illi dixerunt bovem.,559b2a01-2086-4083-bbd3-df671e1bd51e,2027,2034
939c79ab-f3ed-401d-908f-5b42296f7638,26ff211a-b21f-4cab-a2da-99408dab77fb,VERS,8,Novissime indignata dum vult validius,559b2a01-2086-4083-bbd3-df671e1bd51e,2035,2039
939c79ab-f3ed-401d-908f-5b42296f7638,ef8a6452-9ecf-4b16-850b-860efebcac09,VERS,9,"Inflare sese, rupto iacuit corpore.",559b2a01-2086-4083-bbd3-df671e1bd51e,2040,2046
939c79ab-f3ed-401d-908f-5b42296f7638,8f5e3958-661d-436a-9dc4-7c858df86c99,POEM,24,Canes et corcodili.,ada38cc1-6fd8-45bc-b2b0-42bd8db61c9b,2047,2110
939c79ab-f3ed-401d-908f-5b42296f7638,ff241e26-2ac7-4743-b207-82763859af1d,TITL,0,Canes et corcodili.,8f5e3958-661d-436a-9dc4-7c858df86c99,2047,2050
939c79ab-f3ed-401d-908f-5b42296f7638,9764a3ac-6e5c-4ed9-9ff1-7560e0e69b74,VERS,0,"Consilia qui dant prava cautis hominibus,",8f5e3958-661d-436a-9dc4-7c858df86c99,2051,2057
939c79ab-f3ed-401d-908f-5b42296f7638,828f0769-92e5-4193-8c4a-841c9f097d37,VERS,1,Et perdunt operam et deridentur turpiter.,8f5e3958-661d-436a-9dc4-7c858df86c99,2058,2064
939c79ab-f3ed-401d-908f-5b42296f7638,5625e16c-0a20-4b5b-ab17-5f6a2a0cbc7e,VERS,2,"Canes currentes bibere in Nilo flumine,",8f5e3958-661d-436a-9dc4-7c858df86c99,2065,2071
939c79ab-f3ed-401d-908f-5b42296f7638,c7442e00-c897-40ec-8b06-6d1e645d14d6,VERS,3,"A corcodilis ne rapiantur, traditum est.",8f5e3958-661d-436a-9dc4-7c858df86c99,2072,2079
939c79ab-f3ed-401d-908f-5b42296f7638,a3759756-14b8-467a-9f1e-d500099e3a0d,VERS,4,"Igitur cum currens bibere coepisset canis,",8f5e3958-661d-436a-9dc4-7c858df86c99,2080,2086
939c79ab-f3ed-401d-908f-5b42296f7638,af443151-5c7f-4f36-8a21-149726da3cfe,VERS,5,Sic corcodilus: Quamlibet lambe otio;,8f5e3958-661d-436a-9dc4-7c858df86c99,2087,2093
939c79ab-f3ed-401d-908f-5b42296f7638,3f3b217e-4d20-43e1-832c-b740cc17daca,VERS,6,"Noli vereri. At ille: Facerem mehercule,",8f5e3958-661d-436a-9dc4-7c858df86c99,2094,2102
939c79ab-f3ed-401d-908f-5b42296f7638,2501765a-8aca-4153-8b16-98df9ee42eb8,VERS,7,Nisi esse scirem carnis te cupidum meae.,8f5e3958-661d-436a-9dc4-7c858df86c99,2103,2110
939c79ab-f3ed-401d-908f-5b42296f7638,1793a09b-4d7a-416e-8565-9e2f3ad3273e,POEM,25,Vulpes et ciconia.,ada38cc1-6fd8-45bc-b2b0-42bd8db61c9b,2111,2193
939c79ab-f3ed-401d-908f-5b42296f7638,cda8bbcd-0eb2-4b71-8204-41b549242d91,TITL,0,Vulpes et ciconia.,1793a09b-4d7a-416e-8565-9e2f3ad3273e,2111,2114
939c79ab-f3ed-401d-908f-5b42296f7638,c960a2f7-57b4-4b4e-a913-fb7594d54d3b,VERS,0,"Nulli nocendum: si quis vero laeserit,",1793a09b-4d7a-416e-8565-9e2f3ad3273e,2115,2122
939c79ab-f3ed-401d-908f-5b42296f7638,776bf4b5-6a04-4400-a81b-b2dbf9e71b93,VERS,1,Multandum simili iure fabella admonet.,1793a09b-4d7a-416e-8565-9e2f3ad3273e,2123,2128
939c79ab-f3ed-401d-908f-5b42296f7638,f8334a8e-eef4-4340-9a87-894184493456,VERS,2,Vulpes ad cenam dicitur ciconiam,1793a09b-4d7a-416e-8565-9e2f3ad3273e,2129,2133
939c79ab-f3ed-401d-908f-5b42296f7638,54ed33f5-2fc1-4bf2-9efb-e53002fc76da,VERS,3,Prior invitasse et illi in patina liquidam,1793a09b-4d7a-416e-8565-9e2f3ad3273e,2134,2140
939c79ab-f3ed-401d-908f-5b42296f7638,f5a924cf-19b1-4b8d-8d76-00ab8d408d5f,VERS,4,"Posuisse sorbitionem, quam nullo modo",1793a09b-4d7a-416e-8565-9e2f3ad3273e,2141,2146
939c79ab-f3ed-401d-908f-5b42296f7638,3e98f913-91a7-44bb-ad06-f6bed15aa182,VERS,5,Gustare esuriens potuerit ciconia.,1793a09b-4d7a-416e-8565-9e2f3ad3273e,2147,2151
939c79ab-f3ed-401d-908f-5b42296f7638,80a7ff95-aadd-455e-8a70-51bdf43651f3,VERS,6,"Quae vulpem cum revocasset, intrito cibo",1793a09b-4d7a-416e-8565-9e2f3ad3273e,2152,2158
939c79ab-f3ed-401d-908f-5b42296f7638,20118d06-91a4-48ad-ab52-b93522ca8415,VERS,7,Plenam lagonam posuit: huic rostrum inserens,1793a09b-4d7a-416e-8565-9e2f3ad3273e,2159,2165
939c79ab-f3ed-401d-908f-5b42296f7638,82731061-de53-461a-9e11-eea5c086aa55,VERS,8,Satiatur ipsa et torquet convivam fame.,1793a09b-4d7a-416e-8565-9e2f3ad3273e,2166,2172
939c79ab-f3ed-401d-908f-5b42296f7638,b964b645-173f-4a6e-8a38-c2ea512a01ab,VERS,9,"Quae cum lagonae collum frustra lamberet,",1793a09b-4d7a-416e-8565-9e2f3ad3273e,2173,2179
939c79ab-f3ed-401d-908f-5b42296f7638,64bfed4f-d198-4c91-9aff-78f57331ab48,VERS,10,Peregrinam sic locutam volucrem accepimus:,1793a09b-4d7a-416e-8565-9e2f3ad3273e,2180,2185
939c79ab-f3ed-401d-908f-5b42296f7638,8d68b0d2-eaa6-4bab-a493-c0a8f3bc40fc,VERS,11,Sua quisque exempla debet aequo animo pati.,1793a09b-4d7a-416e-8565-9e2f3ad3273e,2186,2193
939c79ab-f3ed-401d-908f-5b42296f7638,74b44a5d-49c6-4fef-8952-8f8b62f4d68c,POEM,26,Canis et thesaurus et vulturius.,ada38cc1-6fd8-45bc-b2b0-42bd8db61c9b,2194,2276
939c79ab-f3ed-401d-908f-5b42296f7638,1ec29ecb-3c5d-402c-8832-7a7368b85d2d,TITL,0,Canis et thesaurus et vulturius.,74b44a5d-49c6-4fef-8952-8f8b62f4d68c,2194,2199
939c79ab-f3ed-401d-908f-5b42296f7638,024ddae1-324d-46d5-af3e-935e35ee639d,VERS,0,Haec res avaris esse conveniens potest,74b44a5d-49c6-4fef-8952-8f8b62f4d68c,2200,2205
939c79ab-f3ed-401d-908f-5b42296f7638,458270f4-c6a1-41b1-8297-f0685f7d9c56,VERS,1,Et qui humiles nati dici locupletes student.,74b44a5d-49c6-4fef-8952-8f8b62f4d68c,2206,2213
939c79ab-f3ed-401d-908f-5b42296f7638,1ab45c15-5f0c-47cc-9a13-488464b2db53,VERS,2,Humana effodiens ossa thesaurum canis,74b44a5d-49c6-4fef-8952-8f8b62f4d68c,2214,2218
939c79ab-f3ed-401d-908f-5b42296f7638,6c887502-9698-4e90-9996-28ddf517fd3d,VERS,3,"Invenit, et violarat quia Manes deos,",74b44a5d-49c6-4fef-8952-8f8b62f4d68c,2219,2226
939c79ab-f3ed-401d-908f-5b42296f7638,85e7492d-196f-41ba-a557-147c28cb4163,VERS,4,"Iniecta est illi divitiarum cupiditas,",74b44a5d-49c6-4fef-8952-8f8b62f4d68c,2227,2232
939c79ab-f3ed-401d-908f-5b42296f7638,1cdc86a5-2b50-4163-b97d-cb798fb74bc2,VERS,5,Poenas ut sanctae Religioni penderet.,74b44a5d-49c6-4fef-8952-8f8b62f4d68c,2233,2238
939c79ab-f3ed-401d-908f-5b42296f7638,26f79a53-bcbf-4f18-96a5-c8c7da3bc903,VERS,6,"Itaque, aurum dum custodit oblitus cibi,",74b44a5d-49c6-4fef-8952-8f8b62f4d68c,2239,2246
939c79ab-f3ed-401d-908f-5b42296f7638,d6a28602-69ee-48d6-8c80-ed0e86389307,VERS,7,Fame est consumptus; quem stans vulturius super,74b44a5d-49c6-4fef-8952-8f8b62f4d68c,2247,2254
939c79ab-f3ed-401d-908f-5b42296f7638,fe9ee730-56af-4fa4-9157-b251c04e2843,VERS,8,"Fertur locutus: O canis, merito iaces,",74b44a5d-49c6-4fef-8952-8f8b62f4d68c,2255,2263
939c79ab-f3ed-401d-908f-5b42296f7638,c093f094-4391-4aa8-8d8c-3e25e0cbf301,VERS,9,"Qui concupisti subito regales opes,",74b44a5d-49c6-4fef-8952-8f8b62f4d68c,2264,2269
939c79ab-f3ed-401d-908f-5b42296f7638,47bbd346-1275-4d56-b542-066059e5e936,VERS,10,"Trivio conceptus, educatus stercore.",74b44a5d-49c6-4fef-8952-8f8b62f4d68c,2270,2275
939c79ab-f3ed-401d-908f-5b42296f7638,4e6cffc9-eaed-4c12-9125-f6dc88965671,POEM,27,Vulpes et aquila.,ada38cc1-6fd8-45bc-b2b0-42bd8db61c9b,2276,2354
939c79ab-f3ed-401d-908f-5b42296f7638,c645270c-0a74-4dbc-8ab0-83ad48305473,TITL,0,Vulpes et aquila.,4e6cffc9-eaed-4c12-9125-f6dc88965671,2276,2279
939c79ab-f3ed-401d-908f-5b42296f7638,cbfef148-8d38-4b49-9dfc-ac1665f7ceed,VERS,0,"Quamvis sublimes debent humiles metuere,",4e6cffc9-eaed-4c12-9125-f6dc88965671,2280,2285
939c79ab-f3ed-401d-908f-5b42296f7638,067d3ce7-77dd-4ab2-875a-6719bfbee96e,VERS,1,Vindicta docili quia patet sollertiae.,4e6cffc9-eaed-4c12-9125-f6dc88965671,2286,2291
939c79ab-f3ed-401d-908f-5b42296f7638,0b83a428-8d8e-4fc0-9b63-fcb4a83ff001,VERS,2,Vulpinos catulos aquila quondam sustulit,4e6cffc9-eaed-4c12-9125-f6dc88965671,2292,2296
939c79ab-f3ed-401d-908f-5b42296f7638,21bc12b2-f175-4097-956a-892306f59a91,VERS,3,"Nidoque posuit pullis, escam ut carperent.",4e6cffc9-eaed-4c12-9125-f6dc88965671,2297,2304
939c79ab-f3ed-401d-908f-5b42296f7638,678b75c1-d0f2-44ee-a42b-b35b48394912,VERS,4,"Hanc persecuta mater orare incipit,",4e6cffc9-eaed-4c12-9125-f6dc88965671,2305,2310
939c79ab-f3ed-401d-908f-5b42296f7638,6cea6d34-060d-440c-9ad9-61f403110c60,VERS,5,Ne tantum miserae luctum importaret sibi.,4e6cffc9-eaed-4c12-9125-f6dc88965671,2311,2317
939c79ab-f3ed-401d-908f-5b42296f7638,ca7611f8-2d85-4fbe-a7ad-6cb5b6090723,VERS,6,"Contempsit illa, tuta quippe ipso loco.",4e6cffc9-eaed-4c12-9125-f6dc88965671,2318,2325
939c79ab-f3ed-401d-908f-5b42296f7638,84dcf6ec-c6f0-427d-9e59-4cee28e22a0e,VERS,7,Vulpes ab ara rapuit ardentem facem,4e6cffc9-eaed-4c12-9125-f6dc88965671,2326,2331
939c79ab-f3ed-401d-908f-5b42296f7638,da2994dc-b253-48da-8f19-4058ccdb725a,VERS,8,"Totamque flammis arborem circumdedit,",4e6cffc9-eaed-4c12-9125-f6dc88965671,2332,2336
939c79ab-f3ed-401d-908f-5b42296f7638,582c21c9-91df-4d7e-8ca6-82df1b612e0f,VERS,9,Hosti dolorem damno miscens sanguinis.,4e6cffc9-eaed-4c12-9125-f6dc88965671,2337,2342
939c79ab-f3ed-401d-908f-5b42296f7638,787d3207-b092-492a-97e5-d4f7112b2449,VERS,10,Aquila ut periclo mortis eriperet suos,4e6cffc9-eaed-4c12-9125-f6dc88965671,2343,2348
939c79ab-f3ed-401d-908f-5b42296f7638,2b1e2160-00e6-46c8-ab06-94b57a151f71,VERS,11,Incolumes natos supplex vulpi tradidit.,4e6cffc9-eaed-4c12-9125-f6dc88965671,2349,2354
939c79ab-f3ed-401d-908f-5b42296f7638,3197641f-96d5-446d-a6d2-bfbec3188fe8,POEM,28,Asinus inridens aprum.,ada38cc1-6fd8-45bc-b2b0-42bd8db61c9b,2355,2438
939c79ab-f3ed-401d-908f-5b42296f7638,987918dd-19bd-4834-a06d-2b8440509351,TITL,0,Asinus inridens aprum.,3197641f-96d5-446d-a6d2-bfbec3188fe8,2355,2358
939c79ab-f3ed-401d-908f-5b42296f7638,b283e76e-cd2d-4575-be49-11eee93a77a2,VERS,0,"Plerumque stulti risum dum captant levem,",3197641f-96d5-446d-a6d2-bfbec3188fe8,2359,2365
939c79ab-f3ed-401d-908f-5b42296f7638,425bd44e-f285-457c-950e-41ccc57356a8,VERS,1,Gravi destringunt alios contumelia,3197641f-96d5-446d-a6d2-bfbec3188fe8,2366,2369
939c79ab-f3ed-401d-908f-5b42296f7638,e2933d06-a1ff-4e35-894c-6396cbc5b307,VERS,2,Et sibi nocivum concitant periculum.,3197641f-96d5-446d-a6d2-bfbec3188fe8,2370,2375
939c79ab-f3ed-401d-908f-5b42296f7638,d4fec9c2-ad1e-4ac7-b52a-cb2b776d62d5,VERS,3,Asellus apro cum fuisset obvius:,3197641f-96d5-446d-a6d2-bfbec3188fe8,2376,2381
939c79ab-f3ed-401d-908f-5b42296f7638,5bd2fdfe-1418-46e1-9114-e8f22407d0d8,VERS,4,Salve inquit frater. Ille indignans repudiat,3197641f-96d5-446d-a6d2-bfbec3188fe8,2382,2388
939c79ab-f3ed-401d-908f-5b42296f7638,9f533bdd-b871-47a0-bb56-6c0c34fcc83c,VERS,5,"Officium et quaerit, cur sic mentiri velit.",3197641f-96d5-446d-a6d2-bfbec3188fe8,2389,2397
939c79ab-f3ed-401d-908f-5b42296f7638,4cd9c475-9267-4994-b1fe-c8d3be60e028,VERS,6,Asinus demisso pene: Similem si negas,3197641f-96d5-446d-a6d2-bfbec3188fe8,2398,2404
939c79ab-f3ed-401d-908f-5b42296f7638,97e6775f-13e2-49e2-919f-1ebcdb2b6786,VERS,7,"Tibi me esse, certe simile est hoc rostro tuo.",3197641f-96d5-446d-a6d2-bfbec3188fe8,2405,2415
939c79ab-f3ed-401d-908f-5b42296f7638,b1e70334-b3ff-4fe7-83ae-c6f673a8c365,VERS,8,"Aper, cum vellet facere generosum impetum,",3197641f-96d5-446d-a6d2-bfbec3188fe8,2416,2423
939c79ab-f3ed-401d-908f-5b42296f7638,3b0f11d3-b3fd-4a33-9252-5b327f05477d,VERS,9,"Repressit iram et: Facilis vindicta est mihi,",3197641f-96d5-446d-a6d2-bfbec3188fe8,2424,2432
939c79ab-f3ed-401d-908f-5b42296f7638,74d3047f-e3fd-4164-9d54-d3c467c79b12,VERS,10,Sed inquinari nolo ignavo sanguine.,3197641f-96d5-446d-a6d2-bfbec3188fe8,2433,2438
939c79ab-f3ed-401d-908f-5b42296f7638,a676270c-e026-40c0-9319-f8b759f9f433,POEM,29,Ranae metuentes taurorum proelia.,ada38cc1-6fd8-45bc-b2b0-42bd8db61c9b,2439,2516
939c79ab-f3ed-401d-908f-5b42296f7638,05a450ca-514a-4723-86da-cd2854297c2f,TITL,0,Ranae metuentes taurorum proelia.,a676270c-e026-40c0-9319-f8b759f9f433,2439,2443
939c79ab-f3ed-401d-908f-5b42296f7638,127e5291-e8e9-480e-a377-0a23fc62b6a8,VERS,0,Humiles laborant ubi potentes dissident.,a676270c-e026-40c0-9319-f8b759f9f433,2444,2449
939c79ab-f3ed-401d-908f-5b42296f7638,07034aea-8cd3-4c81-a805-994ca68661b4,VERS,1,Rana in palude pugnam taurorum intuens:,a676270c-e026-40c0-9319-f8b759f9f433,2450,2456
939c79ab-f3ed-401d-908f-5b42296f7638,b7695ada-6c25-452c-abb6-1f22e9897caf,VERS,2,Heu quanta nobis instat pernicies! ait.,a676270c-e026-40c0-9319-f8b759f9f433,2457,2464
939c79ab-f3ed-401d-908f-5b42296f7638,17251dcd-020e-4ed8-9138-b5fa8dc5e06e,VERS,3,"Interrogata ab alia cur hoc diceret,",a676270c-e026-40c0-9319-f8b759f9f433,2465,2471
939c79ab-f3ed-401d-908f-5b42296f7638,00410a20-1ae8-456c-b1e1-2f023acfa7b7,VERS,4,De principatu cum illi certarent gregis,a676270c-e026-40c0-9319-f8b759f9f433,2472,2477
939c79ab-f3ed-401d-908f-5b42296f7638,355b154d-ec32-49b7-a6e6-051381dd18a4,VERS,5,Longeque ab ipsis degerent vitam boves:,a676270c-e026-40c0-9319-f8b759f9f433,2478,2484
939c79ab-f3ed-401d-908f-5b42296f7638,9931ea9b-3721-4705-a6ff-f2658051f124,VERS,6,Est statio separata ac diversum genus;,a676270c-e026-40c0-9319-f8b759f9f433,2485,2491
939c79ab-f3ed-401d-908f-5b42296f7638,72e3595d-6e56-467b-b04c-1d174386a680,VERS,7,"Expulsus regno nemoris qui profugerit,",a676270c-e026-40c0-9319-f8b759f9f433,2492,2497
939c79ab-f3ed-401d-908f-5b42296f7638,09628fec-f51d-4e2b-a4d9-422b94c269b8,VERS,8,Paludis in secreta veniet latibula,a676270c-e026-40c0-9319-f8b759f9f433,2498,2502
939c79ab-f3ed-401d-908f-5b42296f7638,33b70ed8-b08b-4609-89f7-39bf780813d9,VERS,9,Et proculcatas obteret duro pede.,a676270c-e026-40c0-9319-f8b759f9f433,2503,2508
939c79ab-f3ed-401d-908f-5b42296f7638,bf403066-74d2-499b-b8b7-0655ad282c7e,VERS,10,Ita caput ad nostrum furor illorum pertinet.,a676270c-e026-40c0-9319-f8b759f9f433,2509,2516
939c79ab-f3ed-401d-908f-5b42296f7638,d02847e2-587d-4672-8562-4a521833ab67,POEM,30,Milvus et columbae.,ada38cc1-6fd8-45bc-b2b0-42bd8db61c9b,2517,2604
939c79ab-f3ed-401d-908f-5b42296f7638,0f57c4ab-fbee-407c-97c7-bf743e2d9588,TITL,0,Milvus et columbae.,d02847e2-587d-4672-8562-4a521833ab67,2517,2520
939c79ab-f3ed-401d-908f-5b42296f7638,4e36daca-3eb5-4c5d-945a-98ad4ab0d146,VERS,0,"Qui se committit homini tutandum improbo,",d02847e2-587d-4672-8562-4a521833ab67,2521,2527
939c79ab-f3ed-401d-908f-5b42296f7638,30351ab2-71c3-4d09-989c-08c9c768fa48,VERS,1,"Auxilia dum requirit, exitium invenit.",d02847e2-587d-4672-8562-4a521833ab67,2528,2534
939c79ab-f3ed-401d-908f-5b42296f7638,8fb60407-b03d-41c0-87d6-4d22199c9508,VERS,2,Columbae saepe cum fugissent miluum,d02847e2-587d-4672-8562-4a521833ab67,2535,2539
939c79ab-f3ed-401d-908f-5b42296f7638,dc01dc25-6bfa-466f-a7d4-657efe958fa4,VERS,3,"Et celeritate pennae vitassent necem,",d02847e2-587d-4672-8562-4a521833ab67,2540,2545
939c79ab-f3ed-401d-908f-5b42296f7638,6b1f4c9d-0cf5-4a77-815e-96a16af4b9e1,VERS,4,Consilium raptor vertit ad fallaciam,d02847e2-587d-4672-8562-4a521833ab67,2546,2550
939c79ab-f3ed-401d-908f-5b42296f7638,415a3ce3-7459-417a-a531-ca1261ad38f5,VERS,5,Et genus inerme tali decepit dolo:,d02847e2-587d-4672-8562-4a521833ab67,2551,2557
939c79ab-f3ed-401d-908f-5b42296f7638,b2e286d3-fa1a-41ba-bf64-603282b6f3ca,VERS,6,"Quare sollicitum potius aevum ducitis,",d02847e2-587d-4672-8562-4a521833ab67,2558,2563
939c79ab-f3ed-401d-908f-5b42296f7638,372e58a5-7714-4ee1-8638-399ca251a5f9,VERS,7,"Quam regem me creatis icto foedere,",d02847e2-587d-4672-8562-4a521833ab67,2564,2570
939c79ab-f3ed-401d-908f-5b42296f7638,560d5179-e771-4ce6-abd9-e870f464320d,VERS,8,Qui vos ab omni tutas praestem iniuria?,d02847e2-587d-4672-8562-4a521833ab67,2571,2578
939c79ab-f3ed-401d-908f-5b42296f7638,02ec2304-0287-4fe6-9132-fbcbec958e6e,VERS,9,Illae credentes tradunt sese miluo;,d02847e2-587d-4672-8562-4a521833ab67,2579,2584
939c79ab-f3ed-401d-908f-5b42296f7638,43931a2e-129b-4d85-a09b-280747d5e715,VERS,10,Qui regnum adeptus coepit vesci singulas,d02847e2-587d-4672-8562-4a521833ab67,2585,2590
939c79ab-f3ed-401d-908f-5b42296f7638,658170ae-c38e-44ec-a675-620fe650ba8e,VERS,11,Et exercere imperium saevis unguibus.,d02847e2-587d-4672-8562-4a521833ab67,2591,2596
939c79ab-f3ed-401d-908f-5b42296f7638,edb9a467-0ea9-489e-ac73-56e386ab4bab,VERS,12,Tunc de reliquis una: Merito plectimur.,d02847e2-587d-4672-8562-4a521833ab67,2597,2604
939c79ab-f3ed-401d-908f-5b42296f7638,ada38cc1-6fd8-45bc-b2b0-42bd8db61c9b,BOOK,0,Liber Primus,,0,2604
939c79ab-f3ed-401d-908f-5b42296f7638,c2f1d5d2-573c-4715-bd6b-719ae12c7895,TITL,0,Liber Secundus,1d327158-f92a-4895-9653-4d79b05f8751,2605,2606
939c79ab-f3ed-401d-908f-5b42296f7638,0068bc88-9323-435d-ba75-b7ef8c4bbd5d,PROL,0,Auctor.,1d327158-f92a-4895-9653-4d79b05f8751,2607,2705
939c79ab-f3ed-401d-908f-5b42296f7638,0bd296ba-5beb-426c-af35-72958c07e980,TITL,0,Auctor.,0068bc88-9323-435d-ba75-b7ef8c4bbd5d,2607,2608
939c79ab-f3ed-401d-908f-5b42296f7638,cd284c42-931f-432a-81df-eaa04c5109ef,VERS,0,Exemplis continetur Aesopi genus;,0068bc88-9323-435d-ba75-b7ef8c4bbd5d,2609,2613
939c79ab-f3ed-401d-908f-5b42296f7638,88878794-0ce2-40b1-9d57-3f452a2fc6b7,VERS,1,Nec aliud quicquam per fabellas quaeritur,0068bc88-9323-435d-ba75-b7ef8c4bbd5d,2614,2619
939c79ab-f3ed-401d-908f-5b42296f7638,e5573187-6549-4ec4-aafb-6bf177ed7db4,VERS,2,Quam corrigatur error ut mortalium,0068bc88-9323-435d-ba75-b7ef8c4bbd5d,2620,2624
939c79ab-f3ed-401d-908f-5b42296f7638,45319116-eaa1-4c55-b1e8-f9d218e5908b,VERS,3,Acuatque sese diligens industria.,0068bc88-9323-435d-ba75-b7ef8c4bbd5d,2625,2629
939c79ab-f3ed-401d-908f-5b42296f7638,121b138f-5bba-4a17-920e-9ca10e6cd0f8,VERS,4,"Quicumque fuerit ergo narrandi iocus,",0068bc88-9323-435d-ba75-b7ef8c4bbd5d,2630,2635
939c79ab-f3ed-401d-908f-5b42296f7638,68cbf522-3b6a-4de6-987d-2eff3c4a0f4a,VERS,5,"Dum capiat aurem et servet propositum suum,",0068bc88-9323-435d-ba75-b7ef8c4bbd5d,2636,2643
939c79ab-f3ed-401d-908f-5b42296f7638,cccf3be2-a804-4fc0-9a4f-a60cc5ae7934,VERS,6,"Re commendatur, non auctoris nomine.",0068bc88-9323-435d-ba75-b7ef8c4bbd5d,2644,2650
939c79ab-f3ed-401d-908f-5b42296f7638,05614077-e7dc-4ddc-a227-1aab083b55da,VERS,7,Equidem omni cura morem servabo senis;,0068bc88-9323-435d-ba75-b7ef8c4bbd5d,2651,2657
939c79ab-f3ed-401d-908f-5b42296f7638,6c1b25bc-4fc4-4530-a038-0c534cc60729,VERS,8,"Sed si libuerit aliquid interponere,",0068bc88-9323-435d-ba75-b7ef8c4bbd5d,2658,2663
939c79ab-f3ed-401d-908f-5b42296f7638,ef17443f-d480-44db-a72c-6a643a6f1fd7,VERS,9,"Dictorum sensus ut delectet varietas,",0068bc88-9323-435d-ba75-b7ef8c4bbd5d,2664,2669
939c79ab-f3ed-401d-908f-5b42296f7638,8b9dee6f-1b77-4457-8b36-c4e888539790,VERS,10,"Bonas in partes, lector, accipias velim,",0068bc88-9323-435d-ba75-b7ef8c4bbd5d,2670,2678
939c79ab-f3ed-401d-908f-5b42296f7638,9f0b5227-df98-430b-b5d5-ece531a5f8c3,VERS,11,Ita si rependet illi brevitas gratiam.,0068bc88-9323-435d-ba75-b7ef8c4bbd5d,2679,2685
939c79ab-f3ed-401d-908f-5b42296f7638,c81aab40-af25-4d10-b446-c65732d399a5,VERS,12,"Cuius verbosa ne sit commendatio,",0068bc88-9323-435d-ba75-b7ef8c4bbd5d,2686,2691
939c79ab-f3ed-401d-908f-5b42296f7638,0c7c05ab-bf9c-4752-acf3-af7290bc564b,VERS,13,"Attende, cur negare cupidis debeas,",0068bc88-9323-435d-ba75-b7ef8c4bbd5d,2692,2698
939c79ab-f3ed-401d-908f-5b42296f7638,c1bb5f56-a5b2-4370-9f24-7cdf422564af,VERS,14,Modestis etiam offerre quod non petierint.,0068bc88-9323-435d-ba75-b7ef8c4bbd5d,2699,2705
939c79ab-f3ed-401d-908f-5b42296f7638,b6788761-61dd-4899-820d-d6ebad67ffd9,POEM,0,"Iuvencus, leo, et praedator.",1d327158-f92a-4895-9653-4d79b05f8751,2706,2795
939c79ab-f3ed-401d-908f-5b42296f7638,c601818b-e8c4-4fbc-8142-9ecffae22245,TITL,0,"Iuvencus, leo, et praedator.",b6788761-61dd-4899-820d-d6ebad67ffd9,2706,2712
939c79ab-f3ed-401d-908f-5b42296f7638,7ceb7d58-a909-4ee8-8706-a75fd80c5487,VERS,0,Super iuvencum stabat deiectum leo.,b6788761-61dd-4899-820d-d6ebad67ffd9,2713,2718
939c79ab-f3ed-401d-908f-5b42296f7638,4d6e716b-8095-479a-922a-607f54f80d45,VERS,1,Praedator intervenit partem postulans.,b6788761-61dd-4899-820d-d6ebad67ffd9,2719,2723
939c79ab-f3ed-401d-908f-5b42296f7638,e7191695-27b0-459e-88b3-f65f41741740,VERS,2,Darem inquit nisi soleres per te sumere:,b6788761-61dd-4899-820d-d6ebad67ffd9,2724,2731
939c79ab-f3ed-401d-908f-5b42296f7638,0e252f0b-64c9-498e-bed6-e19079c64b94,VERS,3,Et improbum reiecit. Forte innoxius,b6788761-61dd-4899-820d-d6ebad67ffd9,2732,2737
939c79ab-f3ed-401d-908f-5b42296f7638,c3476b9e-a059-45a4-8133-98773f32ca45,VERS,4,Viator est deductus in eundem locum,b6788761-61dd-4899-820d-d6ebad67ffd9,2738,2743
939c79ab-f3ed-401d-908f-5b42296f7638,6625c4a3-2963-478a-87b2-90d2be708068,VERS,5,Feroque viso rettulit retro pedem.,b6788761-61dd-4899-820d-d6ebad67ffd9,2744,2749
939c79ab-f3ed-401d-908f-5b42296f7638,1e30d53e-070b-4447-8cac-96faa15d7b43,VERS,6,Cui placidus ille: Non est quod timeas ait;,b6788761-61dd-4899-820d-d6ebad67ffd9,2750,2759
939c79ab-f3ed-401d-908f-5b42296f7638,372ef48f-8e28-4636-a898-78d409c8efd0,VERS,7,"Et, quae debetur pars tuae modestiae,",b6788761-61dd-4899-820d-d6ebad67ffd9,2760,2767
939c79ab-f3ed-401d-908f-5b42296f7638,a4b42370-9d18-4fe7-b5dd-e8f5c195efcb,VERS,8,Audacter tolle. Tunc diviso tergore,b6788761-61dd-4899-820d-d6ebad67ffd9,2768,2773
939c79ab-f3ed-401d-908f-5b42296f7638,1f5e3a56-6945-463b-ae37-be7814dc3df0,VERS,9,"Silvas petivit, homini ut accessum daret.",b6788761-61dd-4899-820d-d6ebad67ffd9,2774,2781
939c79ab-f3ed-401d-908f-5b42296f7638,7f17e230-75af-4b33-9020-fa4a68e25155,VERS,10,Exemplum egregium prorsus et laudabile;,b6788761-61dd-4899-820d-d6ebad67ffd9,2782,2787
939c79ab-f3ed-401d-908f-5b42296f7638,a417979c-e2f8-4d04-835c-8e0f87d221cb,VERS,11,Verum est aviditas dives et pauper pudor.,b6788761-61dd-4899-820d-d6ebad67ffd9,2788,2795
939c79ab-f3ed-401d-908f-5b42296f7638,e02822fa-2adf-4b71-b542-6ef4833bcf1b,POEM,1,"Anus diligens iuvenem, item puella.",1d327158-f92a-4895-9653-4d79b05f8751,2796,2868
939c79ab-f3ed-401d-908f-5b42296f7638,7a1971cd-9a91-438b-b317-8ee545c9ffa0,TITL,0,"Anus diligens iuvenem, item puella.",e02822fa-2adf-4b71-b542-6ef4833bcf1b,2796,2802
939c79ab-f3ed-401d-908f-5b42296f7638,71f4bd2f-c8aa-4cd7-bea7-344ce07425ca,VERS,0,"A feminis utcumque spoliari viros,",e02822fa-2adf-4b71-b542-6ef4833bcf1b,2803,2808
939c79ab-f3ed-401d-908f-5b42296f7638,0035a7f2-8c9c-487b-ae14-ccbded7bf2e5,VERS,1,"Ament, amentur, nempe exemplis discimus.",e02822fa-2adf-4b71-b542-6ef4833bcf1b,2809,2816
939c79ab-f3ed-401d-908f-5b42296f7638,7f1bd4a2-52f0-46e2-8778-ec3948b03a2c,VERS,2,Aetatis mediae quendam mulier non rudis,e02822fa-2adf-4b71-b542-6ef4833bcf1b,2817,2822
939c79ab-f3ed-401d-908f-5b42296f7638,359ce667-bd58-4e5f-a5f1-f98a99401923,VERS,3,"Tenebat annos celans elegantia,",e02822fa-2adf-4b71-b542-6ef4833bcf1b,2823,2827
939c79ab-f3ed-401d-908f-5b42296f7638,2b2633fc-6724-4d92-b7e7-8353d8bd2837,VERS,4,Animosque eiusdem pulchra iuvenis ceperat.,e02822fa-2adf-4b71-b542-6ef4833bcf1b,2828,2833
939c79ab-f3ed-401d-908f-5b42296f7638,a5ff96c9-87c8-4700-92d0-232d91416987,VERS,5,"Ambae, videri dum volunt illi pares,",e02822fa-2adf-4b71-b542-6ef4833bcf1b,2834,2841
939c79ab-f3ed-401d-908f-5b42296f7638,71bfed9b-9ead-4404-9ed2-b96979659ec3,VERS,6,Capillos homini legere coepere invicem.,e02822fa-2adf-4b71-b542-6ef4833bcf1b,2842,2847
939c79ab-f3ed-401d-908f-5b42296f7638,e4a66ecd-638b-451c-aa3c-afa36f758b1e,VERS,7,"Qui se putaret fingi cura mulierum,",e02822fa-2adf-4b71-b542-6ef4833bcf1b,2848,2854
939c79ab-f3ed-401d-908f-5b42296f7638,bb3153c2-3498-47ab-8323-090f046873dc,VERS,8,Calvus repente factus est; nam funditus,e02822fa-2adf-4b71-b542-6ef4833bcf1b,2855,2861
939c79ab-f3ed-401d-908f-5b42296f7638,2fb186c9-a882-454a-bdef-7460c96ae041,VERS,9,"Canos puella, nigros anus evellerat.",e02822fa-2adf-4b71-b542-6ef4833bcf1b,2862,2868
939c79ab-f3ed-401d-908f-5b42296f7638,8e0abaac-6902-42bd-90a9-b77d5789101f,POEM,2,Aesopus ad quendam de successu improborum.,1d327158-f92a-4895-9653-4d79b05f8751,2869,2920
939c79ab-f3ed-401d-908f-5b42296f7638,f71cd91e-9b60-4f83-97db-6a260b307fb9,TITL,0,Aesopus ad quendam de successu improborum.,8e0abaac-6902-42bd-90a9-b77d5789101f,2869,2875
939c79ab-f3ed-401d-908f-5b42296f7638,f406a750-ad7c-4c1e-83ef-58266e15140d,VERS,0,Laceratus quidam morsu vehementis canis,8e0abaac-6902-42bd-90a9-b77d5789101f,2876,2880
939c79ab-f3ed-401d-908f-5b42296f7638,a6f6085a-0fab-4df3-b9af-33bc527acb6a,VERS,1,"Tinctum cruore panem misit malefico,",8e0abaac-6902-42bd-90a9-b77d5789101f,2881,2886
939c79ab-f3ed-401d-908f-5b42296f7638,1005dd37-d18a-4120-a6d9-a11f80f4d986,VERS,2,Audierat esse quod remedium vulneris.,8e0abaac-6902-42bd-90a9-b77d5789101f,2887,2892
939c79ab-f3ed-401d-908f-5b42296f7638,a3e94d8d-764e-4c54-93ec-79d03e0b51a5,VERS,3,Tunc sic Aesopus: Noli coram pluribus,8e0abaac-6902-42bd-90a9-b77d5789101f,2893,2899
939c79ab-f3ed-401d-908f-5b42296f7638,dcba35b5-9fba-4169-8efc-58637cbf9eb9,VERS,4,"Hoc facere canibus, ne nos vivos devorent,",8e0abaac-6902-42bd-90a9-b77d5789101f,2900,2908
939c79ab-f3ed-401d-908f-5b42296f7638,fe766823-35bf-4b89-b341-efbfd8aad56a,VERS,5,Cum scierint esse tale culpae praemium.,8e0abaac-6902-42bd-90a9-b77d5789101f,2909,2915
939c79ab-f3ed-401d-908f-5b42296f7638,c87bed8c-4c34-4477-882d-450ce315af81,VERS,6,Successus improborum plures allicit.,8e0abaac-6902-42bd-90a9-b77d5789101f,2916,2920
939c79ab-f3ed-401d-908f-5b42296f7638,a8011c4c-a156-4009-ba90-2b1aef5a8ef1,POEM,3,"Aquila, feles, et aper.",1d327158-f92a-4895-9653-4d79b05f8751,2921,3104
939c79ab-f3ed-401d-908f-5b42296f7638,a1b41b09-b33f-4b05-b82a-c0658c342061,TITL,0,"Aquila, feles, et aper.",a8011c4c-a156-4009-ba90-2b1aef5a8ef1,2921,2927
939c79ab-f3ed-401d-908f-5b42296f7638,45c6b84f-c674-4ed9-9285-efe16a59db17,VERS,0,Aquila in sublimi quercu nidum fecerat;,a8011c4c-a156-4009-ba90-2b1aef5a8ef1,2928,2934
939c79ab-f3ed-401d-908f-5b42296f7638,409ca8a8-b6c7-473d-a6c0-065d23e62200,VERS,1,Feles cavernam nancta in media pepererat;,a8011c4c-a156-4009-ba90-2b1aef5a8ef1,2935,2941
939c79ab-f3ed-401d-908f-5b42296f7638,454501b7-c004-4f94-8a68-c6fbf97a627c,VERS,2,Sus nemoris cultrix fetum ad imam posuerat.,a8011c4c-a156-4009-ba90-2b1aef5a8ef1,2942,2949
939c79ab-f3ed-401d-908f-5b42296f7638,770a1ee6-1ccb-4f72-81bb-b8ab1759dc27,VERS,3,Tum fortuitum feles contubernium,a8011c4c-a156-4009-ba90-2b1aef5a8ef1,2950,2953
939c79ab-f3ed-401d-908f-5b42296f7638,072752e5-7b48-486b-9680-b12c0d3c4d63,VERS,4,Fraude et scelesta sic evertit malitia.,a8011c4c-a156-4009-ba90-2b1aef5a8ef1,2954,2960
939c79ab-f3ed-401d-908f-5b42296f7638,b3d73633-b3cc-4212-be93-20c650e0acf0,VERS,5,Ad nidum scandit volucris: Pernicies ait,a8011c4c-a156-4009-ba90-2b1aef5a8ef1,2961,2967
939c79ab-f3ed-401d-908f-5b42296f7638,c9d16bca-62f0-4579-940d-07e3cae54a21,VERS,6,"Tibi paratur, forsan et miserae mihi;",a8011c4c-a156-4009-ba90-2b1aef5a8ef1,2968,2975
939c79ab-f3ed-401d-908f-5b42296f7638,0b2d6396-69b7-4077-ad6a-49d6679ba2ca,VERS,7,Nam fodere terram quod vides cotidie,a8011c4c-a156-4009-ba90-2b1aef5a8ef1,2976,2981
939c79ab-f3ed-401d-908f-5b42296f7638,f3617da5-d4ae-4979-a025-7a21ac296a14,VERS,8,"Aprum insidiosum, quercum vult evertere,",a8011c4c-a156-4009-ba90-2b1aef5a8ef1,2982,2988
939c79ab-f3ed-401d-908f-5b42296f7638,fe761387-89c8-4c4d-b414-5328decb9c65,VERS,9,Ut nostram in plano facile progeniem opprimat.,a8011c4c-a156-4009-ba90-2b1aef5a8ef1,2989,2996
939c79ab-f3ed-401d-908f-5b42296f7638,1abd613b-f730-41dc-866d-bf646e0972d2,VERS,10,Terrore offuso et perturbatis sensibus,a8011c4c-a156-4009-ba90-2b1aef5a8ef1,2997,3001
939c79ab-f3ed-401d-908f-5b42296f7638,74aecee9-a542-4624-b498-e506112cb287,VERS,11,Derepit ad cubile setosae suis:,a8011c4c-a156-4009-ba90-2b1aef5a8ef1,3002,3007
939c79ab-f3ed-401d-908f-5b42296f7638,4f448b38-d3f8-4baf-b4c4-981f4fc89b8a,VERS,12,Magno inquit in periclo sunt nati tui;,a8011c4c-a156-4009-ba90-2b1aef5a8ef1,3008,3015
939c79ab-f3ed-401d-908f-5b42296f7638,f05402ac-989b-4802-9a3c-7db771d29f7b,VERS,13,"Nam, simul exieris pastum cum tenero grege,",a8011c4c-a156-4009-ba90-2b1aef5a8ef1,3016,3024
939c79ab-f3ed-401d-908f-5b42296f7638,2079a8fd-51a3-4500-ad62-3354f24c4212,VERS,14,Aquila est parata rapere porcellos tibi.,a8011c4c-a156-4009-ba90-2b1aef5a8ef1,3025,3031
939c79ab-f3ed-401d-908f-5b42296f7638,21f81b07-87a6-41d8-a8ae-f4a8ef2c159b,VERS,15,"Hunc quoque timore postquam complevit locum,",a8011c4c-a156-4009-ba90-2b1aef5a8ef1,3032,3038
939c79ab-f3ed-401d-908f-5b42296f7638,e45736d8-baaf-4f5c-b67a-4e852382e9e7,VERS,16,Dolosa tuto condidit sese cavo.,a8011c4c-a156-4009-ba90-2b1aef5a8ef1,3039,3044
939c79ab-f3ed-401d-908f-5b42296f7638,8d896696-18c7-4d67-88a8-ef349cb09e4b,VERS,17,"Inde evagata noctu suspenso pede,",a8011c4c-a156-4009-ba90-2b1aef5a8ef1,3045,3050
939c79ab-f3ed-401d-908f-5b42296f7638,f368c12c-e0c1-4612-93af-dffccb26e304,VERS,18,"Ubi esca se replevit et prolem suam,",a8011c4c-a156-4009-ba90-2b1aef5a8ef1,3051,3058
939c79ab-f3ed-401d-908f-5b42296f7638,294bfb1b-b0f1-460c-a2e7-09df2ae9c1b0,VERS,19,Pavorem simulans prospicit toto die.,a8011c4c-a156-4009-ba90-2b1aef5a8ef1,3059,3064
939c79ab-f3ed-401d-908f-5b42296f7638,5539c1ce-522d-4d9f-add8-05eeada2bdd9,VERS,20,Ruinam metuens aquila ramis desidet;,a8011c4c-a156-4009-ba90-2b1aef5a8ef1,3065,3070
939c79ab-f3ed-401d-908f-5b42296f7638,acbfb3c9-2e1b-4eb3-84e8-4659d79f278d,VERS,21,Aper rapinam vitans non prodit foras.,a8011c4c-a156-4009-ba90-2b1aef5a8ef1,3071,3077
939c79ab-f3ed-401d-908f-5b42296f7638,79211d1f-4292-447b-96df-2f615e110695,VERS,22,Quid multa? Inedia sunt consumpti cum suis,a8011c4c-a156-4009-ba90-2b1aef5a8ef1,3078,3085
939c79ab-f3ed-401d-908f-5b42296f7638,ccf7745b-5855-4629-a587-1b356a354030,VERS,23,Felisque catulis largam praebuerunt dapem.,a8011c4c-a156-4009-ba90-2b1aef5a8ef1,3086,3091
939c79ab-f3ed-401d-908f-5b42296f7638,83e50503-649c-4605-84e2-c8afb743751f,VERS,24,"Quantum homo bilinguis saepe concinnet mali,",a8011c4c-a156-4009-ba90-2b1aef5a8ef1,3092,3098
939c79ab-f3ed-401d-908f-5b42296f7638,4de181e9-3538-46d8-81b5-3481e1a16d9b,VERS,25,Documentum habere stulta credulitas potest.,a8011c4c-a156-4009-ba90-2b1aef5a8ef1,3099,3104
939c79ab-f3ed-401d-908f-5b42296f7638,6481fb1a-4259-48de-9f6a-76644831ae96,POEM,4,Caesar ad atriensem.,1d327158-f92a-4895-9653-4d79b05f8751,3105,3272
939c79ab-f3ed-401d-908f-5b42296f7638,318dd366-c424-4683-a719-33395058244e,TITL,0,Caesar ad atriensem.,6481fb1a-4259-48de-9f6a-76644831ae96,3105,3108
939c79ab-f3ed-401d-908f-5b42296f7638,bb4d8d71-aacb-4d7c-a6b6-0ae6a02dfed7,VERS,0,"Est ardalionum quaedam Romae natio,",6481fb1a-4259-48de-9f6a-76644831ae96,3109,3114
939c79ab-f3ed-401d-908f-5b42296f7638,e54f52fc-290b-4c5f-8567-6fafdb9447d8,VERS,1,"Trepide concursans, occupata in otio,",6481fb1a-4259-48de-9f6a-76644831ae96,3115,3121
939c79ab-f3ed-401d-908f-5b42296f7638,f545ba50-0cf8-446d-8311-9b4cdec96b95,VERS,2,"Gratis anhelans, multa agendo nihil agens,",6481fb1a-4259-48de-9f6a-76644831ae96,3122,3129
939c79ab-f3ed-401d-908f-5b42296f7638,5c880f5e-c4d2-405e-adc4-c30e1dcf083f,VERS,3,Sibi molesta et aliis odiosissima.,6481fb1a-4259-48de-9f6a-76644831ae96,3130,3135
939c79ab-f3ed-401d-908f-5b42296f7638,6c8d4dd1-7bea-4dca-b0c8-39c77621fc9e,VERS,4,"Hanc emendare, si tamen possum, volo",6481fb1a-4259-48de-9f6a-76644831ae96,3136,3143
939c79ab-f3ed-401d-908f-5b42296f7638,29f3ae16-a221-4f0a-aa60-49e36205c520,VERS,5,Vera fabella: pretium est operae attendere.,6481fb1a-4259-48de-9f6a-76644831ae96,3144,3151
939c79ab-f3ed-401d-908f-5b42296f7638,ac216323-aed8-4b9b-a37c-a4f5d7cca307,VERS,6,Caesar Tiberius cum petens Neapolim,6481fb1a-4259-48de-9f6a-76644831ae96,3152,3156
939c79ab-f3ed-401d-908f-5b42296f7638,429b06d3-4f61-4c56-be38-9caa6c641a33,VERS,7,"In Misenensem villam venisset suam,",6481fb1a-4259-48de-9f6a-76644831ae96,3157,3162
939c79ab-f3ed-401d-908f-5b42296f7638,a80098fa-c7a5-4d9f-bfe7-0cd4fbf81d08,VERS,8,Quae monte summo posita Luculli manu,6481fb1a-4259-48de-9f6a-76644831ae96,3163,3168
939c79ab-f3ed-401d-908f-5b42296f7638,9a35d091-a135-4510-b3fe-c447dd538d11,VERS,9,Prospectat Siculum et perspicit Tuscum mare:,6481fb1a-4259-48de-9f6a-76644831ae96,3169,3175
939c79ab-f3ed-401d-908f-5b42296f7638,9b794e4d-62b3-4d88-8053-1bef147e35ba,VERS,10,"Ex alticinctis unus atriensibus,",6481fb1a-4259-48de-9f6a-76644831ae96,3176,3180
939c79ab-f3ed-401d-908f-5b42296f7638,3f03cc4d-cd73-4470-b1fb-47e5867b235a,VERS,11,Cui tunica ab umeris linteo Pelusio,6481fb1a-4259-48de-9f6a-76644831ae96,3181,3186
939c79ab-f3ed-401d-908f-5b42296f7638,dda3b0b9-f9b9-44e9-b395-91c6e760c4b5,VERS,12,"Erat destricta, cirris dependentibus,",6481fb1a-4259-48de-9f6a-76644831ae96,3187,3192
939c79ab-f3ed-401d-908f-5b42296f7638,4b4b943e-100b-4f19-a163-2292103981ca,VERS,13,"Perambulante laeta domino viridia,",6481fb1a-4259-48de-9f6a-76644831ae96,3193,3197
939c79ab-f3ed-401d-908f-5b42296f7638,4bd4bf1a-178a-4532-9575-a428e7a4bf22,VERS,14,Alveolo coepit ligneo conspargere,6481fb1a-4259-48de-9f6a-76644831ae96,3198,3201
939c79ab-f3ed-401d-908f-5b42296f7638,34c57932-f0cc-4d45-aaf2-f9ca3beffbcf,VERS,15,"Humum aestuantem, come officium iactitans,",6481fb1a-4259-48de-9f6a-76644831ae96,3202,3208
939c79ab-f3ed-401d-908f-5b42296f7638,b30f7f5c-ac6f-4590-bc19-628a95d403a2,VERS,16,Sed deridetur. Inde notis flexibus,6481fb1a-4259-48de-9f6a-76644831ae96,3209,3214
939c79ab-f3ed-401d-908f-5b42296f7638,690e99b3-007b-45e3-8c6a-4c102be04658,VERS,17,"Praecurrit alium in xystum, sedans pulverem.",6481fb1a-4259-48de-9f6a-76644831ae96,3215,3222
939c79ab-f3ed-401d-908f-5b42296f7638,1dc6cf6e-73f9-4814-a6f0-af9588d88c2d,VERS,18,Agnoscit hominem Caesar remque intellegit.,6481fb1a-4259-48de-9f6a-76644831ae96,3223,3228
939c79ab-f3ed-401d-908f-5b42296f7638,870772b5-d068-4d63-bfa2-e7a4492bb47e,VERS,19,Id ut putavit esse nescio quid boni:,6481fb1a-4259-48de-9f6a-76644831ae96,3229,3236
939c79ab-f3ed-401d-908f-5b42296f7638,75da63be-2338-45a1-8d5d-099929078299,VERS,20,"Heus! inquit dominus. Ille enimvero assilit,",6481fb1a-4259-48de-9f6a-76644831ae96,3237,3245
939c79ab-f3ed-401d-908f-5b42296f7638,06d6683d-7873-4cff-a6ce-9d4c0163490f,VERS,21,Donationis alacer certae gaudio.,6481fb1a-4259-48de-9f6a-76644831ae96,3246,3250
939c79ab-f3ed-401d-908f-5b42296f7638,b9c52838-a318-4dd8-8b5b-663a2b069693,VERS,22,Tum sic iocata est tanta maiestas ducis:,6481fb1a-4259-48de-9f6a-76644831ae96,3251,3258
939c79ab-f3ed-401d-908f-5b42296f7638,eeba3aaf-dbd6-46de-8f9c-8ce888c594fb,VERS,23,Non multum egisti et opera nequiquam perit:,6481fb1a-4259-48de-9f6a-76644831ae96,3259,3266
939c79ab-f3ed-401d-908f-5b42296f7638,87e7996c-9df6-4f97-a734-0c05662afd9b,VERS,24,Multo maioris alapae mecum veneunt.,6481fb1a-4259-48de-9f6a-76644831ae96,3267,3272
939c79ab-f3ed-401d-908f-5b42296f7638,128ba306-9d2c-4be6-b0be-9c42e095a2ff,POEM,5,Aquila et cornix.,1d327158-f92a-4895-9653-4d79b05f8751,3273,3391
939c79ab-f3ed-401d-908f-5b42296f7638,83faa3fe-55aa-4421-b7b7-b45141cc086c,TITL,0,Aquila et cornix.,128ba306-9d2c-4be6-b0be-9c42e095a2ff,3273,3276
939c79ab-f3ed-401d-908f-5b42296f7638,362c7f8e-cebc-48ba-a71b-dc9224b27d51,VERS,0,Contra potentes nemo est munitus satis;,128ba306-9d2c-4be6-b0be-9c42e095a2ff,3277,3283
939c79ab-f3ed-401d-908f-5b42296f7638,b93ec868-7ba6-4a44-ad23-dfe41992f8a3,VERS,1,"Si vero accessit consiliator maleficus,",128ba306-9d2c-4be6-b0be-9c42e095a2ff,3284,3289
939c79ab-f3ed-401d-908f-5b42296f7638,44269436-a968-4100-bc28-e5c3cc986be9,VERS,2,"Vis et nequitia quicquid oppugnant, ruit.",128ba306-9d2c-4be6-b0be-9c42e095a2ff,3290,3297
939c79ab-f3ed-401d-908f-5b42296f7638,33822b5e-5e7d-4440-94d6-1e52e1c136ab,VERS,3,Aquila in sublime sustulit testudinem.,128ba306-9d2c-4be6-b0be-9c42e095a2ff,3298,3303
939c79ab-f3ed-401d-908f-5b42296f7638,dfcdf9e7-26a0-4b9a-bc1a-b29ed992c73a,VERS,4,Quae cum abdidisset cornea corpus domo,128ba306-9d2c-4be6-b0be-9c42e095a2ff,3304,3309
939c79ab-f3ed-401d-908f-5b42296f7638,7c97ea77-58c9-4acf-bbc8-54479095e1b0,VERS,5,"Nec ullo pacto laedi posset condita,",128ba306-9d2c-4be6-b0be-9c42e095a2ff,3310,3316
939c79ab-f3ed-401d-908f-5b42296f7638,beef0509-6ec7-49f5-b444-247988db4846,VERS,6,Venit per auras cornix et propter volans:,128ba306-9d2c-4be6-b0be-9c42e095a2ff,3317,3324
939c79ab-f3ed-401d-908f-5b42296f7638,495622fb-1fb4-4027-a281-556c5399048a,VERS,7,Opimam sane praedam rapuisti unguibus;,128ba306-9d2c-4be6-b0be-9c42e095a2ff,3325,3330
939c79ab-f3ed-401d-908f-5b42296f7638,3011ea45-1922-46c4-ac0e-2a470c024ad7,VERS,8,"Sed nisi monstraro quid sit faciendum tibi,",128ba306-9d2c-4be6-b0be-9c42e095a2ff,3331,3338
939c79ab-f3ed-401d-908f-5b42296f7638,976a916f-8649-439c-b3aa-ee00fb01b3a1,VERS,9,Gravi nequiquam te lassabit pondere.,128ba306-9d2c-4be6-b0be-9c42e095a2ff,3339,3344
939c79ab-f3ed-401d-908f-5b42296f7638,6e5eb135-5d71-4093-ac45-f7a0616f9053,VERS,10,"Promissa parte suadet, ut scopulum super",128ba306-9d2c-4be6-b0be-9c42e095a2ff,3345,3351
939c79ab-f3ed-401d-908f-5b42296f7638,9936fecd-bae8-4ad7-b15e-55b71d5e0f7b,VERS,11,"Altis ab astris duram illidat corticem,",128ba306-9d2c-4be6-b0be-9c42e095a2ff,3352,3358
939c79ab-f3ed-401d-908f-5b42296f7638,17a86787-e583-44eb-9a45-aef1a0ca97dd,VERS,12,Qua comminuta facile vescatur cibo.,128ba306-9d2c-4be6-b0be-9c42e095a2ff,3359,3364
939c79ab-f3ed-401d-908f-5b42296f7638,87dbae48-0fb1-4df9-94d1-6dec83eee14d,VERS,13,"Inducta verbis aquila, monitis paruit,",128ba306-9d2c-4be6-b0be-9c42e095a2ff,3365,3371
939c79ab-f3ed-401d-908f-5b42296f7638,dc779837-cbad-4c9c-9aea-faba51ef8056,VERS,14,Simul et magistrae large divisit dapem.,128ba306-9d2c-4be6-b0be-9c42e095a2ff,3372,3378
939c79ab-f3ed-401d-908f-5b42296f7638,445fe98b-2511-4ffd-9385-6c7e77d5c6b9,VERS,15,"Sic tuta quae naturae fuerat munere,",128ba306-9d2c-4be6-b0be-9c42e095a2ff,3379,3385
939c79ab-f3ed-401d-908f-5b42296f7638,c625288a-3388-4241-8764-c27fa6d8a0f2,VERS,16,Impar duabus occidit tristi nece.,128ba306-9d2c-4be6-b0be-9c42e095a2ff,3386,3391
939c79ab-f3ed-401d-908f-5b42296f7638,c820c9b0-22ee-48a2-a6ce-42a1dc39b715,POEM,6,Muli duo et vectores.,1d327158-f92a-4895-9653-4d79b05f8751,3392,3485
939c79ab-f3ed-401d-908f-5b42296f7638,25633465-2c45-4189-b78b-702796ac0f72,TITL,0,Muli duo et vectores.,c820c9b0-22ee-48a2-a6ce-42a1dc39b715,3392,3396
939c79ab-f3ed-401d-908f-5b42296f7638,c925204f-15c1-4627-8b3b-dba565b8b9c9,VERS,0,Muli gravati sarcinis ibant duo:,c820c9b0-22ee-48a2-a6ce-42a1dc39b715,3397,3402
939c79ab-f3ed-401d-908f-5b42296f7638,9d95f96e-d5ee-43be-904c-d980e1479aae,VERS,1,"Unus ferebat fiscos cum pecunia,",c820c9b0-22ee-48a2-a6ce-42a1dc39b715,3403,3408
939c79ab-f3ed-401d-908f-5b42296f7638,590fc2a1-99b0-4244-9036-aa8285ecdea5,VERS,2,Alter tumentes multo saccos hordeo.,c820c9b0-22ee-48a2-a6ce-42a1dc39b715,3409,3414
939c79ab-f3ed-401d-908f-5b42296f7638,11b6aba5-9040-46b6-a83f-72b1378465be,VERS,3,Ille onere dives celsa cervice eminens,c820c9b0-22ee-48a2-a6ce-42a1dc39b715,3415,3420
939c79ab-f3ed-401d-908f-5b42296f7638,b62f250f-8407-4bed-a18f-0861efd4eb17,VERS,4,"Clarumque collo iactans tintinnabulum,",c820c9b0-22ee-48a2-a6ce-42a1dc39b715,3421,3425
939c79ab-f3ed-401d-908f-5b42296f7638,41ab0d1b-031c-4980-aa6f-fd7cd5ca8b08,VERS,5,Comes quieto sequitur et placido gradu.,c820c9b0-22ee-48a2-a6ce-42a1dc39b715,3426,3432
939c79ab-f3ed-401d-908f-5b42296f7638,4266394e-83b2-4838-9888-bcfdde3fcfff,VERS,6,Subito latrones ex insidiis advolant,c820c9b0-22ee-48a2-a6ce-42a1dc39b715,3433,3437
939c79ab-f3ed-401d-908f-5b42296f7638,86264df1-650e-47e1-8967-0ca99a19c2c7,VERS,7,"Interque caedem ferro mulum sauciant,",c820c9b0-22ee-48a2-a6ce-42a1dc39b715,3438,3443
939c79ab-f3ed-401d-908f-5b42296f7638,09d3e38c-824f-4fff-b75c-2e3c30ecf7c6,VERS,8,"Diripiunt nummos, neglegunt vile hordeum.",c820c9b0-22ee-48a2-a6ce-42a1dc39b715,3444,3450
939c79ab-f3ed-401d-908f-5b42296f7638,ab8caa4a-0c4f-458a-9af0-607e9e424f46,VERS,9,Spoliatus igitur casus cum fleret suos:,c820c9b0-22ee-48a2-a6ce-42a1dc39b715,3451,3457
939c79ab-f3ed-401d-908f-5b42296f7638,809c29d9-62c1-4e8d-9161-746806eaa063,VERS,10,Equidem inquit alter me contemptum gaudeo;,c820c9b0-22ee-48a2-a6ce-42a1dc39b715,3458,3464
939c79ab-f3ed-401d-908f-5b42296f7638,a5d159b1-797d-40c5-888a-e33a8c4af49d,VERS,11,Nam nil amisi nec sum laesus vulnere.,c820c9b0-22ee-48a2-a6ce-42a1dc39b715,3465,3472
939c79ab-f3ed-401d-908f-5b42296f7638,475d8d3c-679c-441a-8ce4-967a62420901,VERS,12,Hoc argumento tuta est hominum tenuitas;,c820c9b0-22ee-48a2-a6ce-42a1dc39b715,3473,3479
939c79ab-f3ed-401d-908f-5b42296f7638,2c530ed6-be07-408a-ae0b-638b26c1d7a0,VERS,13,Magnae periclo sunt opes obnoxiae.,c820c9b0-22ee-48a2-a6ce-42a1dc39b715,3480,3485
939c79ab-f3ed-401d-908f-5b42296f7638,539cacc2-8d11-4303-80a0-6e5c2879c6ee,POEM,7,Cervus ad boves.,1d327158-f92a-4895-9653-4d79b05f8751,3486,3680
939c79ab-f3ed-401d-908f-5b42296f7638,2b5a6b6a-98c4-4b64-a239-49ddb0014ac7,TITL,0,Cervus ad boves.,539cacc2-8d11-4303-80a0-6e5c2879c6ee,3486,3489
939c79ab-f3ed-401d-908f-5b42296f7638,029086a7-9be2-483e-95e9-3ae06c46da80,VERS,0,"Cervus nemorosis excitatus latibulis,",539cacc2-8d11-4303-80a0-6e5c2879c6ee,3490,3494
939c79ab-f3ed-401d-908f-5b42296f7638,244cd1b1-183a-4a3d-bf4e-5ccb71cf5dbd,VERS,1,"Ut venatorum effugeret instantem necem,",539cacc2-8d11-4303-80a0-6e5c2879c6ee,3495,3500
939c79ab-f3ed-401d-908f-5b42296f7638,87fdd2b7-7cc8-48d7-96f2-6e9ef09ee8a0,VERS,2,Caeco timore proximam villam petit,539cacc2-8d11-4303-80a0-6e5c2879c6ee,3501,3505
939c79ab-f3ed-401d-908f-5b42296f7638,030e0d84-e814-4038-83fb-ef30220c5691,VERS,3,Et opportuno se bovili condidit.,539cacc2-8d11-4303-80a0-6e5c2879c6ee,3506,3511
939c79ab-f3ed-401d-908f-5b42296f7638,a8c41372-b7c9-4f0c-a8ed-a97ef08ce4d3,VERS,4,"Hic bos latenti: Quidnam voluisti tibi,",539cacc2-8d11-4303-80a0-6e5c2879c6ee,3512,3519
939c79ab-f3ed-401d-908f-5b42296f7638,67cb10bb-acfa-4db6-8509-5c1400007338,VERS,5,"Infelix, ultro qui ad necem cucurreris",539cacc2-8d11-4303-80a0-6e5c2879c6ee,3520,3526
939c79ab-f3ed-401d-908f-5b42296f7638,848b079a-60f2-42bd-8c4c-ae90abf5cf73,VERS,6,Hominumque tecto spiritum commiseris?,539cacc2-8d11-4303-80a0-6e5c2879c6ee,3527,3531
939c79ab-f3ed-401d-908f-5b42296f7638,eea887b2-3170-4747-9701-ea0142d23593,VERS,7,At ille supplex: Vos modo inquit parcite;,539cacc2-8d11-4303-80a0-6e5c2879c6ee,3532,3540
939c79ab-f3ed-401d-908f-5b42296f7638,655634c6-f745-4174-81d1-bafd2928bfbc,VERS,8,Occasione rursus erumpam data.,539cacc2-8d11-4303-80a0-6e5c2879c6ee,3541,3545
939c79ab-f3ed-401d-908f-5b42296f7638,4ad0414e-83db-4930-86be-5a3adc4a5eb8,VERS,9,Spatium diei noctis excipiunt vices.,539cacc2-8d11-4303-80a0-6e5c2879c6ee,3546,3551
939c79ab-f3ed-401d-908f-5b42296f7638,29c8ed5e-3239-4ba4-b26a-cb71f2ea037f,VERS,10,"Frondem bubulcus affert, nil ideo videt.",539cacc2-8d11-4303-80a0-6e5c2879c6ee,3552,3559
939c79ab-f3ed-401d-908f-5b42296f7638,227c5640-f704-4dd2-9573-b465080d1566,VERS,11,"Eunt subinde et redeunt omnes rustici,",539cacc2-8d11-4303-80a0-6e5c2879c6ee,3560,3566
939c79ab-f3ed-401d-908f-5b42296f7638,957d4a84-27b6-4890-b64b-3738eddc32f3,VERS,12,"Nemo animadvertit: transit etiam vilicus,",539cacc2-8d11-4303-80a0-6e5c2879c6ee,3567,3573
939c79ab-f3ed-401d-908f-5b42296f7638,26ce2056-40c0-495d-86d4-3b8e420653d1,VERS,13,Nec ille quicquam sentit. Tum gaudens ferus,539cacc2-8d11-4303-80a0-6e5c2879c6ee,3574,3581
939c79ab-f3ed-401d-908f-5b42296f7638,fc2090eb-42c5-49f6-94b5-24d3d61c2b20,VERS,14,"Bubus quietis agere coepit gratias,",539cacc2-8d11-4303-80a0-6e5c2879c6ee,3582,3587
939c79ab-f3ed-401d-908f-5b42296f7638,f9fd6d4a-bd7d-4cd7-ab17-e36d0abf6842,VERS,15,Hospitium adverso quod praestiterint tempore.,539cacc2-8d11-4303-80a0-6e5c2879c6ee,3588,3593
939c79ab-f3ed-401d-908f-5b42296f7638,f94fd916-9a3e-453d-accc-65e5c9dcfc15,VERS,16,Respondit unus: Salvum te cupimus quidem;,539cacc2-8d11-4303-80a0-6e5c2879c6ee,3594,3601
939c79ab-f3ed-401d-908f-5b42296f7638,7aca97de-9207-4b67-a34b-f338f005f581,VERS,17,"Sed ille, qui oculos centum habet, si venerit,",539cacc2-8d11-4303-80a0-6e5c2879c6ee,3602,3612
939c79ab-f3ed-401d-908f-5b42296f7638,3fe36605-4f32-45b4-890f-1b27dbe79834,VERS,18,Magno in periclo vita vertetur tua.,539cacc2-8d11-4303-80a0-6e5c2879c6ee,3613,3619
939c79ab-f3ed-401d-908f-5b42296f7638,3d9be014-718a-464d-a746-e17feef02f90,VERS,19,Haec inter ipse dominus a cena redit,539cacc2-8d11-4303-80a0-6e5c2879c6ee,3620,3626
939c79ab-f3ed-401d-908f-5b42296f7638,92034ba9-4bd1-47ec-9321-efec4746de3e,VERS,20,"Et quia corruptos viderat nuper boves,",539cacc2-8d11-4303-80a0-6e5c2879c6ee,3627,3633
939c79ab-f3ed-401d-908f-5b42296f7638,95274a5e-f8b5-487e-a436-640ce45349e5,VERS,21,"Accedit ad praesepe: Cur frondis parum est,",539cacc2-8d11-4303-80a0-6e5c2879c6ee,3634,3642
939c79ab-f3ed-401d-908f-5b42296f7638,b0029874-71b9-4368-bb14-380f2e1959ac,VERS,22,Stramenta desunt? Tollere haec aranea,539cacc2-8d11-4303-80a0-6e5c2879c6ee,3643,3648
939c79ab-f3ed-401d-908f-5b42296f7638,8e5a602f-741f-4e6c-a9d5-621fdc32b7d7,VERS,23,"Quantum est laboris? Dum scrutatur singula,",539cacc2-8d11-4303-80a0-6e5c2879c6ee,3649,3656
939c79ab-f3ed-401d-908f-5b42296f7638,cc9c3cf0-c3cc-45f4-8c8d-ab9cdaf0655a,VERS,24,Cervi quoque alta conspicatur cornua;,539cacc2-8d11-4303-80a0-6e5c2879c6ee,3657,3662
939c79ab-f3ed-401d-908f-5b42296f7638,9f8264e8-0a9f-4634-afa3-fe9deb17f42a,VERS,25,Quem convocata iubet occidi familia,539cacc2-8d11-4303-80a0-6e5c2879c6ee,3663,3667
939c79ab-f3ed-401d-908f-5b42296f7638,b474ad9f-fce5-4a14-b174-1a6a9ddd1f32,VERS,26,Praedamque tollit. Haec significat fabula,539cacc2-8d11-4303-80a0-6e5c2879c6ee,3668,3673
939c79ab-f3ed-401d-908f-5b42296f7638,6a234c63-c602-412d-8a24-4dbb2cd08d74,VERS,27,Dominum videre plurimum in rebus suis.,539cacc2-8d11-4303-80a0-6e5c2879c6ee,3674,3680
939c79ab-f3ed-401d-908f-5b42296f7638,b68643bc-d909-47de-8598-0a337619f04b,EPIL,0,Auctor,1d327158-f92a-4895-9653-4d79b05f8751,3681,3806
939c79ab-f3ed-401d-908f-5b42296f7638,96eb3e7f-a5f8-4e95-addf-5da883d93406,TITL,0,Auctor,b68643bc-d909-47de-8598-0a337619f04b,3681,3681
939c79ab-f3ed-401d-908f-5b42296f7638,11287949-f480-4bbb-823e-1c5d28e221ef,VERS,0,Aesopi ingenio statuam posuere Attici,b68643bc-d909-47de-8598-0a337619f04b,3682,3686
939c79ab-f3ed-401d-908f-5b42296f7638,0c77c012-d051-4d1e-b560-62dbe5aa903b,VERS,1,"Servumque collocarunt aeterna in basi,",b68643bc-d909-47de-8598-0a337619f04b,3687,3692
939c79ab-f3ed-401d-908f-5b42296f7638,69742fca-680a-4651-a661-3c5d16a584b1,VERS,2,Patere honoris scirent ut cuncti viam,b68643bc-d909-47de-8598-0a337619f04b,3693,3698
939c79ab-f3ed-401d-908f-5b42296f7638,35a40247-1200-4182-889b-41f9968648b7,VERS,3,"Nec generi tribui, sed virtuti gloriam.",b68643bc-d909-47de-8598-0a337619f04b,3699,3706
939c79ab-f3ed-401d-908f-5b42296f7638,e938d2f2-eba0-453e-b17c-c09d41340290,VERS,4,"Quoniam occuparat alter ne primus foret,",b68643bc-d909-47de-8598-0a337619f04b,3707,3713
939c79ab-f3ed-401d-908f-5b42296f7638,dfeb6158-1175-4971-a02f-7d325a87a3ea,VERS,5,Ne solus esset studui; quod superfuit:,b68643bc-d909-47de-8598-0a337619f04b,3714,3721
939c79ab-f3ed-401d-908f-5b42296f7638,01c0b40c-bdbb-44b8-9c69-f6664b82c1fa,VERS,6,"Nec haec invidia, verum est aemulatio.",b68643bc-d909-47de-8598-0a337619f04b,3722,3729
939c79ab-f3ed-401d-908f-5b42296f7638,f3ecf9ee-98ef-4bce-b0d4-3fb75c9491b1,VERS,7,"Quod si labori faverit Latium meo,",b68643bc-d909-47de-8598-0a337619f04b,3730,3736
939c79ab-f3ed-401d-908f-5b42296f7638,6a4faeeb-9920-40e3-8f05-1e5d0fbc6c54,VERS,8,"Plures habebit, quos opponat Graeciae.",b68643bc-d909-47de-8598-0a337619f04b,3737,3743
939c79ab-f3ed-401d-908f-5b42296f7638,90760e7b-a268-4345-87ee-27d6d888f4e4,VERS,9,"Si livor obtrectare curam voluerit,",b68643bc-d909-47de-8598-0a337619f04b,3744,3749
939c79ab-f3ed-401d-908f-5b42296f7638,969739e8-c4cc-4354-a6b2-24a60149e5b7,VERS,10,Non tamen eripiet laudis conscientiam.,b68643bc-d909-47de-8598-0a337619f04b,3750,3755
939c79ab-f3ed-401d-908f-5b42296f7638,5558537b-349f-40a6-b688-717ba2cfe4d5,VERS,11,Si nostrum studium ad aures pervenit tuas,b68643bc-d909-47de-8598-0a337619f04b,3756,3762
939c79ab-f3ed-401d-908f-5b42296f7638,991c9da0-5cf4-4f50-a49e-f075c957ccfa,VERS,12,"Et arte fictas animus sentit fabulas,",b68643bc-d909-47de-8598-0a337619f04b,3763,3769
939c79ab-f3ed-401d-908f-5b42296f7638,df5eeceb-a1e8-464a-a93d-223edeface59,VERS,13,Omnem querelam submovet felicitas.,b68643bc-d909-47de-8598-0a337619f04b,3770,3774
939c79ab-f3ed-401d-908f-5b42296f7638,0fa18424-1874-4190-9e09-69c7f9477387,VERS,14,"Sin autem doctus illis occurrit labor,",b68643bc-d909-47de-8598-0a337619f04b,3775,3781
939c79ab-f3ed-401d-908f-5b42296f7638,17ba9698-2cef-4915-b714-e9464d9cf676,VERS,15,Sinistra quos in lucem natura extulit,b68643bc-d909-47de-8598-0a337619f04b,3782,3787
939c79ab-f3ed-401d-908f-5b42296f7638,f0e149dd-be3f-4610-a0a1-1f41a465f371,VERS,16,"Nec quicquam possunt nisi meliores carpere,",b68643bc-d909-47de-8598-0a337619f04b,3788,3794
939c79ab-f3ed-401d-908f-5b42296f7638,0c98cd9b-e440-46cb-b203-510e779abbea,VERS,17,"Fatale exitium corde durato feram,",b68643bc-d909-47de-8598-0a337619f04b,3795,3800
939c79ab-f3ed-401d-908f-5b42296f7638,feea375f-ecbb-4f6a-9a63-ecc85265fa3d,VERS,18,Donec fortunam criminis pudeat sui.,b68643bc-d909-47de-8598-0a337619f04b,3801,3806
939c79ab-f3ed-401d-908f-5b42296f7638,1d327158-f92a-4895-9653-4d79b05f8751,BOOK,1,Liber Secundus,,2605,3806
939c79ab-f3ed-401d-908f-5b42296f7638,349adad5-6029-4de9-a847-0786eaa077dc,TITL,0,Liber Tertius,4fa8a259-9a04-4e7d-b966-115a5032f40b,3807,3808
939c79ab-f3ed-401d-908f-5b42296f7638,6629511b-cdf5-4b6c-b38e-14dfab8349e8,PROL,0,Phaedrus ad Eutychum.,4fa8a259-9a04-4e7d-b966-115a5032f40b,3809,4250
939c79ab-f3ed-401d-908f-5b42296f7638,975b1864-c4db-4f28-a755-727aae0aa4fb,TITL,0,Phaedrus ad Eutychum.,6629511b-cdf5-4b6c-b38e-14dfab8349e8,3809,3812
939c79ab-f3ed-401d-908f-5b42296f7638,aa15b70e-5d29-4957-872d-ff3cc918291f,VERS,0,"Phaedri libellos legere si desideras,",6629511b-cdf5-4b6c-b38e-14dfab8349e8,3813,3818
939c79ab-f3ed-401d-908f-5b42296f7638,d376bdf7-a5f7-47e6-9ba7-c95b575ce892,VERS,1,"Vaces oportet, Eutyche, a negotiis,",6629511b-cdf5-4b6c-b38e-14dfab8349e8,3819,3826
939c79ab-f3ed-401d-908f-5b42296f7638,f671645d-4e37-4fbd-b8ca-913d09ea77f6,VERS,2,Ut liber animus sentiat vim carminis.,6629511b-cdf5-4b6c-b38e-14dfab8349e8,3827,3833
939c79ab-f3ed-401d-908f-5b42296f7638,4c40012c-de08-40a7-9375-596fe00beb34,VERS,3,"Verum inquis tanti non est ingenium tuum,",6629511b-cdf5-4b6c-b38e-14dfab8349e8,3834,3841
939c79ab-f3ed-401d-908f-5b42296f7638,ff835aca-db58-4a23-8075-fcec30df7db3,VERS,4,Momentum ut horae pereat officiis meis.,6629511b-cdf5-4b6c-b38e-14dfab8349e8,3842,3848
939c79ab-f3ed-401d-908f-5b42296f7638,8d22155e-70b0-472b-aa75-2db285392195,VERS,5,"Non ergo causa est manibus id tangi tuis,",6629511b-cdf5-4b6c-b38e-14dfab8349e8,3849,3857
939c79ab-f3ed-401d-908f-5b42296f7638,10391f86-cee9-4185-9c06-bdd48bb2de4b,VERS,6,Quod occupatis auribus non convenit.,6629511b-cdf5-4b6c-b38e-14dfab8349e8,3858,3863
939c79ab-f3ed-401d-908f-5b42296f7638,cb60310f-82ab-4b9d-b268-a9311194e1e8,VERS,7,"Fortasse dices: Aliquae venient feriae,",6629511b-cdf5-4b6c-b38e-14dfab8349e8,3864,3870
939c79ab-f3ed-401d-908f-5b42296f7638,02eaa1f3-add7-43a5-b4de-e5eb8e40f046,VERS,8,Quae me soluto pectore ad studium vocent.,6629511b-cdf5-4b6c-b38e-14dfab8349e8,3871,3878
939c79ab-f3ed-401d-908f-5b42296f7638,efad0448-184e-410e-8959-10ed4b99857e,VERS,9,"Legesne, quaeso, potius viles nenias,",6629511b-cdf5-4b6c-b38e-14dfab8349e8,3879,3886
939c79ab-f3ed-401d-908f-5b42296f7638,5b1cb7ba-63a2-4cfa-b3d5-567cee0050a6,VERS,10,"Impendas curam quam rei domesticae,",6629511b-cdf5-4b6c-b38e-14dfab8349e8,3887,3892
939c79ab-f3ed-401d-908f-5b42296f7638,e53c2210-f5e4-4318-b3c5-d354c93c7b81,VERS,11,"Reddas amicis tempora, uxori vaces,",6629511b-cdf5-4b6c-b38e-14dfab8349e8,3893,3899
939c79ab-f3ed-401d-908f-5b42296f7638,d0976562-539c-43e9-ae4f-4eef133c3f25,VERS,12,"Animum relaxes, otium des corpori,",6629511b-cdf5-4b6c-b38e-14dfab8349e8,3900,3906
939c79ab-f3ed-401d-908f-5b42296f7638,8af6c983-843b-46fc-b3a2-af5e0ce31260,VERS,13,Ut assuetam fortius praestes vicem?,6629511b-cdf5-4b6c-b38e-14dfab8349e8,3907,3912
939c79ab-f3ed-401d-908f-5b42296f7638,db644e5c-9c78-42ee-b102-88793f106c36,VERS,14,"Mutandum tibi propositum est ut vitae genus,",6629511b-cdf5-4b6c-b38e-14dfab8349e8,3913,3920
939c79ab-f3ed-401d-908f-5b42296f7638,4f1390a4-78ef-4871-bb88-c0c3948dd0e8,VERS,15,Intrare si Musarum limen cogitas.,6629511b-cdf5-4b6c-b38e-14dfab8349e8,3921,3926
939c79ab-f3ed-401d-908f-5b42296f7638,67b3a76d-1651-4f58-ba05-3d61e5934024,VERS,16,"Ego, quem Pierio mater enixa est iugo,",6629511b-cdf5-4b6c-b38e-14dfab8349e8,3927,3935
939c79ab-f3ed-401d-908f-5b42296f7638,7ac0b848-4151-41b4-b7f1-d47784aa7697,VERS,17,In quo tonanti sancta Mnemosyne Iovi,6629511b-cdf5-4b6c-b38e-14dfab8349e8,3936,3941
939c79ab-f3ed-401d-908f-5b42296f7638,7d70b421-407b-4717-b1a9-561101fcb062,VERS,18,"Fecunda novies artium peperit chorum,",6629511b-cdf5-4b6c-b38e-14dfab8349e8,3942,3947
939c79ab-f3ed-401d-908f-5b42296f7638,3bbdba94-bcec-4dd0-bd9a-e7def87aceb4,VERS,19,Quamvis in ipsa paene natus sim schola,6629511b-cdf5-4b6c-b38e-14dfab8349e8,3948,3954
939c79ab-f3ed-401d-908f-5b42296f7638,3184e1a5-7c8e-4445-a19e-fc672ae62fc8,VERS,20,Curamque habendi penitus corde eraserim,6629511b-cdf5-4b6c-b38e-14dfab8349e8,3955,3959
939c79ab-f3ed-401d-908f-5b42296f7638,a7af6acb-e89c-4597-b9a9-43bf5b39b385,VERS,21,"Et laude invicta vitam in hanc incubuerim,",6629511b-cdf5-4b6c-b38e-14dfab8349e8,3960,3967
939c79ab-f3ed-401d-908f-5b42296f7638,eeb2ee3d-cffe-4de5-a8c2-6a350d9d037f,VERS,22,Fastidiose tamen in coetum recipior.,6629511b-cdf5-4b6c-b38e-14dfab8349e8,3968,3973
939c79ab-f3ed-401d-908f-5b42296f7638,d1dfc537-b619-4d78-b837-e28f85bcb3bd,VERS,23,"Quid credis illi accidere, qui magnas opes",6629511b-cdf5-4b6c-b38e-14dfab8349e8,3974,3981
939c79ab-f3ed-401d-908f-5b42296f7638,f5ad3926-ba75-4107-9155-3ecdf63569c0,VERS,24,"Exaggerare quaerit omni vigilia,",6629511b-cdf5-4b6c-b38e-14dfab8349e8,3982,3986
939c79ab-f3ed-401d-908f-5b42296f7638,6f655f7d-9dae-4d80-a8f5-6f393a0f1313,VERS,25,Docto labori dulce praeponens lucrum?,6629511b-cdf5-4b6c-b38e-14dfab8349e8,3987,3992
939c79ab-f3ed-401d-908f-5b42296f7638,7efe36b9-4f36-4cb1-9be6-788c68113a3b,VERS,26,"Sed iam quodcumque fuerit, ut dixit Sinon,",6629511b-cdf5-4b6c-b38e-14dfab8349e8,3993,4001
939c79ab-f3ed-401d-908f-5b42296f7638,3ee51b1a-40c0-479a-a6e4-43867d3732c8,VERS,27,"Ad regem cum Dardaniae perductus foret,",6629511b-cdf5-4b6c-b38e-14dfab8349e8,4002,4008
939c79ab-f3ed-401d-908f-5b42296f7638,c2033f93-e881-45c3-81bd-f87e946052fe,VERS,28,"Librum exarabo tertium Aesopi stilo,",6629511b-cdf5-4b6c-b38e-14dfab8349e8,4009,4014
939c79ab-f3ed-401d-908f-5b42296f7638,6e045e98-29f2-46be-920c-b683ab298fd4,VERS,29,Honori et meritis dedicans illum tuis.,6629511b-cdf5-4b6c-b38e-14dfab8349e8,4015,4021
939c79ab-f3ed-401d-908f-5b42296f7638,33edf18b-3b34-45a1-abd1-ad0f565631e2,VERS,30,"Quem si leges, laetabor; sin autem minus,",6629511b-cdf5-4b6c-b38e-14dfab8349e8,4022,4031
939c79ab-f3ed-401d-908f-5b42296f7638,2c11034b-1f69-48be-9957-b03ad4aebdb9,VERS,31,Habebunt certe quo se oblectent posteri.,6629511b-cdf5-4b6c-b38e-14dfab8349e8,4032,4038
939c79ab-f3ed-401d-908f-5b42296f7638,3fb2ea59-af27-406c-b21a-3660080015a9,VERS,32,"Nunc fabularum cur sit inventum genus,",6629511b-cdf5-4b6c-b38e-14dfab8349e8,4039,4045
939c79ab-f3ed-401d-908f-5b42296f7638,28592262-25cb-4b3e-ade9-78b74f2179d9,VERS,33,"Brevi docebo. Servitus obnoxia,",6629511b-cdf5-4b6c-b38e-14dfab8349e8,4046,4051
939c79ab-f3ed-401d-908f-5b42296f7638,5233f738-17d7-4866-be18-2ec92f3352ca,VERS,34,"Quia quae volebat non audebat dicere,",6629511b-cdf5-4b6c-b38e-14dfab8349e8,4052,4058
939c79ab-f3ed-401d-908f-5b42296f7638,6ede0cbd-5d01-4433-b606-3629612bbad5,VERS,35,Affectus proprios in fabellas transtulit,6629511b-cdf5-4b6c-b38e-14dfab8349e8,4059,4063
939c79ab-f3ed-401d-908f-5b42296f7638,de2e81be-003b-48bc-8178-4fb28253268d,VERS,36,Calumniamque fictis elusit iocis.,6629511b-cdf5-4b6c-b38e-14dfab8349e8,4064,4068
939c79ab-f3ed-401d-908f-5b42296f7638,7e6fd59a-c6cc-4cb0-8f1f-1967b4df4db7,VERS,37,"Ego porro illius semita feci viam,",6629511b-cdf5-4b6c-b38e-14dfab8349e8,4069,4075
939c79ab-f3ed-401d-908f-5b42296f7638,4dad4d04-03df-4e69-983c-f86b8b519107,VERS,38,"Et cogitavi plura quam reliquerat,",6629511b-cdf5-4b6c-b38e-14dfab8349e8,4076,4081
939c79ab-f3ed-401d-908f-5b42296f7638,ca85d567-78b5-4816-8281-a37b98e80add,VERS,39,In calamitatem deligens quaedam meam.,6629511b-cdf5-4b6c-b38e-14dfab8349e8,4082,4087
939c79ab-f3ed-401d-908f-5b42296f7638,2813720f-eaa5-4173-9ec9-c68e7142d64c,VERS,40,"Quod si accusator alius Seiano foret,",6629511b-cdf5-4b6c-b38e-14dfab8349e8,4088,4094
939c79ab-f3ed-401d-908f-5b42296f7638,403a9be9-8051-43bc-a131-ae1a0682e8e9,VERS,41,"Si testis alius, iudex alius denique,",6629511b-cdf5-4b6c-b38e-14dfab8349e8,4095,4102
939c79ab-f3ed-401d-908f-5b42296f7638,1ff8a08d-5960-4748-93ce-c68129047227,VERS,42,"Dignum faterer esse me tantis malis,",6629511b-cdf5-4b6c-b38e-14dfab8349e8,4103,4109
939c79ab-f3ed-401d-908f-5b42296f7638,d5a26ac3-05a8-42be-8caf-77e03d16d75c,VERS,43,Nec his dolorem delenirem remediis.,6629511b-cdf5-4b6c-b38e-14dfab8349e8,4110,4115
939c79ab-f3ed-401d-908f-5b42296f7638,a0f234b9-acc4-4115-b6c2-82c80355a1d4,VERS,44,Suspicione si quis errabit sua,6629511b-cdf5-4b6c-b38e-14dfab8349e8,4116,4120
939c79ab-f3ed-401d-908f-5b42296f7638,843e9e4b-3b35-43ad-8a62-737b42080d2f,VERS,45,"Et rapiet ad se quod erit commune omnium,",6629511b-cdf5-4b6c-b38e-14dfab8349e8,4121,4129
939c79ab-f3ed-401d-908f-5b42296f7638,14bdd526-08b6-48da-86af-710dbfb48180,VERS,46,Stulte nudabit animi conscientiam.,6629511b-cdf5-4b6c-b38e-14dfab8349e8,4130,4134
939c79ab-f3ed-401d-908f-5b42296f7638,7fc084f1-04e8-4556-88a0-bca79d6fff58,VERS,47,Huic excusatum me velim nihilo minus:,6629511b-cdf5-4b6c-b38e-14dfab8349e8,4135,4141
939c79ab-f3ed-401d-908f-5b42296f7638,37d3316e-7db0-4643-b7c9-b1c6d80ecd3e,VERS,48,"Neque enim notare singulos mens est mihi,",6629511b-cdf5-4b6c-b38e-14dfab8349e8,4142,4149
939c79ab-f3ed-401d-908f-5b42296f7638,e254185d-7707-4603-a974-cbde51d4a246,VERS,49,Verum ipsam vitam et mores hominum ostendere.,6629511b-cdf5-4b6c-b38e-14dfab8349e8,4150,4157
939c79ab-f3ed-401d-908f-5b42296f7638,3cf72b37-dc6c-4840-aa79-5f497c01b2ca,VERS,50,Rem me professum dicet fors aliquis gravem.,6629511b-cdf5-4b6c-b38e-14dfab8349e8,4158,4165
939c79ab-f3ed-401d-908f-5b42296f7638,dff8e1cb-26a7-4853-b5fa-19034922c2f3,VERS,51,"Si Phryx Aesopus potuit, Anacharsis Scytha",6629511b-cdf5-4b6c-b38e-14dfab8349e8,4166,4172
939c79ab-f3ed-401d-908f-5b42296f7638,8a6c9e2e-989e-44e8-bb8d-07c16dbbfabb,VERS,52,Aeternam famam condere ingenio suo:,6629511b-cdf5-4b6c-b38e-14dfab8349e8,4173,4178
939c79ab-f3ed-401d-908f-5b42296f7638,74c0cf79-3f58-459f-b176-99c56e9501ca,VERS,53,"Ego, litteratae qui sum propior Graeciae,",6629511b-cdf5-4b6c-b38e-14dfab8349e8,4179,4186
939c79ab-f3ed-401d-908f-5b42296f7638,dce625ee-0f15-481d-a198-c105bdde9392,VERS,54,Cur somno inerti deseram patriae decus?,6629511b-cdf5-4b6c-b38e-14dfab8349e8,4187,4193
939c79ab-f3ed-401d-908f-5b42296f7638,5df60cdd-e4de-42de-a454-cdb37d687adb,VERS,55,"Threissa cum gens numeret auctores suos,",6629511b-cdf5-4b6c-b38e-14dfab8349e8,4194,4200
939c79ab-f3ed-401d-908f-5b42296f7638,7be41c11-f75e-4860-bac9-0368c1ffceae,VERS,56,"Linoque Apollo sit parens, Musa Orpheo,",6629511b-cdf5-4b6c-b38e-14dfab8349e8,4201,4208
939c79ab-f3ed-401d-908f-5b42296f7638,41f77ec5-bc2a-45b5-96b8-01cc495d78c7,VERS,57,Qui saxa cantu movit et domuit feras,6629511b-cdf5-4b6c-b38e-14dfab8349e8,4209,4215
939c79ab-f3ed-401d-908f-5b42296f7638,11cb6372-1917-4e68-afd0-f6b18f4bd11e,VERS,58,Hebrique tenuit impetus dulci mora.,6629511b-cdf5-4b6c-b38e-14dfab8349e8,4216,4221
939c79ab-f3ed-401d-908f-5b42296f7638,f45d9c90-c7d2-494c-9255-38ddf645504d,VERS,59,"Ergo hinc abesto, livor, ne frustra gemas,",6629511b-cdf5-4b6c-b38e-14dfab8349e8,4222,4231
939c79ab-f3ed-401d-908f-5b42296f7638,bcf43a68-f0a1-481b-82e7-94a86ae7b6ac,VERS,60,Quoniam mihi sollemnis debetur gloria.,6629511b-cdf5-4b6c-b38e-14dfab8349e8,4232,4237
939c79ab-f3ed-401d-908f-5b42296f7638,ef1a56d0-d7ab-4b73-99fa-03792f00ba2e,VERS,61,Induxi te ad legendum; sincerum mihi,6629511b-cdf5-4b6c-b38e-14dfab8349e8,4238,4244
939c79ab-f3ed-401d-908f-5b42296f7638,34802ab3-f060-438f-8695-687ffd947378,VERS,62,Candore noto reddas iudicium peto.,6629511b-cdf5-4b6c-b38e-14dfab8349e8,4245,4250
939c79ab-f3ed-401d-908f-5b42296f7638,a5e419d8-0d4d-47e2-8324-e49fe33fe28c,POEM,0,Anus ad amphoram.,4fa8a259-9a04-4e7d-b966-115a5032f40b,4251,4304
939c79ab-f3ed-401d-908f-5b42296f7638,f18cbf16-f046-4426-8b66-d6af1815360e,TITL,0,Anus ad amphoram.,a5e419d8-0d4d-47e2-8324-e49fe33fe28c,4251,4254
939c79ab-f3ed-401d-908f-5b42296f7638,0a30943c-afa7-4bf7-85d4-85b20e88553d,VERS,0,"Anus iacere vidit epotam amphoram,",a5e419d8-0d4d-47e2-8324-e49fe33fe28c,4255,4260
939c79ab-f3ed-401d-908f-5b42296f7638,871e78dc-9000-44a0-b1af-88cf2871587c,VERS,1,Adhuc Falerna faece ex testa nobili,a5e419d8-0d4d-47e2-8324-e49fe33fe28c,4261,4266
939c79ab-f3ed-401d-908f-5b42296f7638,6524a37d-8667-4b97-a84d-411965bcbb68,VERS,2,Odorem quae iucundum late spargeret.,a5e419d8-0d4d-47e2-8324-e49fe33fe28c,4267,4272
939c79ab-f3ed-401d-908f-5b42296f7638,17a5e3f1-e262-4a24-86d8-d1668ab9a8be,VERS,3,Hunc postquam totis avida traxit naribus:,a5e419d8-0d4d-47e2-8324-e49fe33fe28c,4273,4279
939c79ab-f3ed-401d-908f-5b42296f7638,ce7d8ba0-91cc-46d5-b345-972955063cf3,VERS,4,O suavis anima! quale te dicam bonum,a5e419d8-0d4d-47e2-8324-e49fe33fe28c,4280,4287
939c79ab-f3ed-401d-908f-5b42296f7638,f382b734-c5a9-4986-9d9e-9c7c62b35056,VERS,5,"Antehac fuisse, tales cum sint reliquiae?",a5e419d8-0d4d-47e2-8324-e49fe33fe28c,4288,4295
939c79ab-f3ed-401d-908f-5b42296f7638,d833cdbd-5f7f-4678-9fa5-65a36182b58f,VERS,6,"Hoc quo pertineat, dicet qui me noverit.",a5e419d8-0d4d-47e2-8324-e49fe33fe28c,4296,4304
939c79ab-f3ed-401d-908f-5b42296f7638,2c8a0e96-325b-48a3-bc60-da3042243c5b,POEM,1,Panthera et pastores.,4fa8a259-9a04-4e7d-b966-115a5032f40b,4305,4443
939c79ab-f3ed-401d-908f-5b42296f7638,9a4fdb77-c23f-45aa-8cef-59c63536002c,TITL,0,Panthera et pastores.,2c8a0e96-325b-48a3-bc60-da3042243c5b,4305,4308
939c79ab-f3ed-401d-908f-5b42296f7638,3596a322-57f9-4364-8071-9fc90da6c711,VERS,0,Solet a despectis par referri gratia.,2c8a0e96-325b-48a3-bc60-da3042243c5b,4309,4315
939c79ab-f3ed-401d-908f-5b42296f7638,93bccd7f-72e7-4fc0-b320-889debc7ac2a,VERS,1,Panthera imprudens olim in foveam decidit.,2c8a0e96-325b-48a3-bc60-da3042243c5b,4316,4322
939c79ab-f3ed-401d-908f-5b42296f7638,bed2cc08-69b7-4f1e-aa2f-78d31c3c5177,VERS,2,"Videre agrestes: alii fustes congerunt,",2c8a0e96-325b-48a3-bc60-da3042243c5b,4323,4329
939c79ab-f3ed-401d-908f-5b42296f7638,b2cecce9-5844-4909-8fd1-8ece5d57d7cc,VERS,3,Alii onerant saxis; quidam contra miseriti,2c8a0e96-325b-48a3-bc60-da3042243c5b,4330,4336
939c79ab-f3ed-401d-908f-5b42296f7638,d5c826c2-ee61-461d-93b1-269cdec8265a,VERS,4,"Periturae quippe, quamvis nemo laederet,",2c8a0e96-325b-48a3-bc60-da3042243c5b,4337,4343
939c79ab-f3ed-401d-908f-5b42296f7638,9671611b-f8d5-4452-acea-0af55b31ee59,VERS,5,Misere panem ut sustineret spiritum.,2c8a0e96-325b-48a3-bc60-da3042243c5b,4344,4349
939c79ab-f3ed-401d-908f-5b42296f7638,319dd653-b51e-4b34-a86e-dd487be39b3a,VERS,6,"Nox insecuta est: abeunt securi domum,",2c8a0e96-325b-48a3-bc60-da3042243c5b,4350,4357
939c79ab-f3ed-401d-908f-5b42296f7638,ca920551-d7fe-4235-9fb2-99d773ebee22,VERS,7,Quasi inventuri mortuam postridie.,2c8a0e96-325b-48a3-bc60-da3042243c5b,4358,4362
939c79ab-f3ed-401d-908f-5b42296f7638,c8a70d35-e83b-4b8d-aa2d-2fd87d41637e,VERS,8,"At illa, vires ut refecit languidas,",2c8a0e96-325b-48a3-bc60-da3042243c5b,4363,4370
939c79ab-f3ed-401d-908f-5b42296f7638,6ccdbfb2-956d-411d-b3d6-66f7757584a0,VERS,9,Veloci saltu fovea sese liberat,2c8a0e96-325b-48a3-bc60-da3042243c5b,4371,4375
939c79ab-f3ed-401d-908f-5b42296f7638,75a6e308-4751-4623-9934-bbb1e9e55e73,VERS,10,Et in cubile concito properat gradu.,2c8a0e96-325b-48a3-bc60-da3042243c5b,4376,4382
939c79ab-f3ed-401d-908f-5b42296f7638,13b797ac-f42c-4758-8fad-1908c46ae8e8,VERS,11,"Paucis diebus interpositis provolat,",2c8a0e96-325b-48a3-bc60-da3042243c5b,4383,4387
939c79ab-f3ed-401d-908f-5b42296f7638,b261d530-b87a-4aef-a87e-62dfccc81527,VERS,12,"Pecus trucidat, ipsos pastores necat,",2c8a0e96-325b-48a3-bc60-da3042243c5b,4388,4394
939c79ab-f3ed-401d-908f-5b42296f7638,5aea204c-5774-4f62-abb3-6d9d666f0e32,VERS,13,Et cuncta vastans saevit irato impetu.,2c8a0e96-325b-48a3-bc60-da3042243c5b,4395,4401
939c79ab-f3ed-401d-908f-5b42296f7638,c1401dd3-0eef-43ba-86ba-16ede4cddd35,VERS,14,"Tum sibi timentes, qui ferae pepercerant,",2c8a0e96-325b-48a3-bc60-da3042243c5b,4402,4409
939c79ab-f3ed-401d-908f-5b42296f7638,94d6785e-7a11-45ce-a5d9-ad76e0233f08,VERS,15,"Damnum haud recusant, tantum pro vita rogant.",2c8a0e96-325b-48a3-bc60-da3042243c5b,4410,4418
939c79ab-f3ed-401d-908f-5b42296f7638,ca412597-15b5-4bc0-99d0-38ed72cfacc9,VERS,16,"At illa: Memini qui me saxo petierit,",2c8a0e96-325b-48a3-bc60-da3042243c5b,4419,4427
939c79ab-f3ed-401d-908f-5b42296f7638,d1b83701-56da-407b-b350-cdb6deb13eb2,VERS,17,Qui panem dederit; vos timere absistite;,2c8a0e96-325b-48a3-bc60-da3042243c5b,4428,4435
939c79ab-f3ed-401d-908f-5b42296f7638,ee3b7d04-3310-4a65-83e5-6f9b4f00cb5f,VERS,18,"Illis revertor hostis, qui me laeserunt.",2c8a0e96-325b-48a3-bc60-da3042243c5b,4436,4443
939c79ab-f3ed-401d-908f-5b42296f7638,694c42bf-7b44-463e-88eb-f062d0542259,POEM,2,Aesopus et rusticus.,4fa8a259-9a04-4e7d-b966-115a5032f40b,4444,4553
939c79ab-f3ed-401d-908f-5b42296f7638,ebf40b41-ff0c-4d48-ad2a-c74b051e4999,TITL,0,Aesopus et rusticus.,694c42bf-7b44-463e-88eb-f062d0542259,4444,4447
939c79ab-f3ed-401d-908f-5b42296f7638,a044276b-beb2-4532-9389-d532970bf843,VERS,0,Usu peritus hariolo vel doctior,694c42bf-7b44-463e-88eb-f062d0542259,4448,4452
939c79ab-f3ed-401d-908f-5b42296f7638,3fbcb742-e68d-45f1-b68b-1ac5de75ca37,VERS,1,"Vulgo esse fertur, causa sed non dicitur,",694c42bf-7b44-463e-88eb-f062d0542259,4453,4461
939c79ab-f3ed-401d-908f-5b42296f7638,b2d2a424-3846-4dfa-ac28-e50a02483a45,VERS,2,Notescet quae nunc primum fabella mea.,694c42bf-7b44-463e-88eb-f062d0542259,4462,4468
939c79ab-f3ed-401d-908f-5b42296f7638,3cd34af8-8493-457c-aa8d-f80056f566b5,VERS,3,Habenti cuidam pecora pepererunt oves,694c42bf-7b44-463e-88eb-f062d0542259,4469,4473
939c79ab-f3ed-401d-908f-5b42296f7638,459b89e9-7a85-40e3-aae1-b6a99f4f6fd1,VERS,4,Agnos humano capite. Monstro territus,694c42bf-7b44-463e-88eb-f062d0542259,4474,4479
939c79ab-f3ed-401d-908f-5b42296f7638,dc21a9dd-3447-4f1a-9fc0-3bbfd61232e4,VERS,5,Ad consulendos currit maerens hariolos.,694c42bf-7b44-463e-88eb-f062d0542259,4480,4485
939c79ab-f3ed-401d-908f-5b42296f7638,b9b165cf-1b3d-40a9-9870-203749c8027f,VERS,6,Hic pertinere ad domini respondet caput,694c42bf-7b44-463e-88eb-f062d0542259,4486,4491
939c79ab-f3ed-401d-908f-5b42296f7638,772f641e-059b-46a7-a3d6-f2eae5a4a6f4,VERS,7,Et avertendum victima periculum.,694c42bf-7b44-463e-88eb-f062d0542259,4492,4496
939c79ab-f3ed-401d-908f-5b42296f7638,a8d19142-0b90-4016-8c0a-e7953e914098,VERS,8,Ille autem affirmat coniugem esse adulteram,694c42bf-7b44-463e-88eb-f062d0542259,4497,4502
939c79ab-f3ed-401d-908f-5b42296f7638,c02fca06-9723-4d5c-835a-ad2755718dd2,VERS,9,"Et insitivos significari liberos,",694c42bf-7b44-463e-88eb-f062d0542259,4503,4507
939c79ab-f3ed-401d-908f-5b42296f7638,3b9e013f-e978-4e57-aa6c-b1fa7690f0e9,VERS,10,Sed expiari posse maiore hostia.,694c42bf-7b44-463e-88eb-f062d0542259,4508,4513
939c79ab-f3ed-401d-908f-5b42296f7638,d404f22e-b531-4b6e-8962-6539a2054e17,VERS,11,Quid multa? Variis dissident sententiis,694c42bf-7b44-463e-88eb-f062d0542259,4514,4519
939c79ab-f3ed-401d-908f-5b42296f7638,8662acdb-a154-4fdb-9848-78b1e0885d27,VERS,12,Hominisque curam cura maiore aggravant.,694c42bf-7b44-463e-88eb-f062d0542259,4520,4525
939c79ab-f3ed-401d-908f-5b42296f7638,49814f7f-0099-4cc8-847f-5f9a03d80a45,VERS,13,"Aesopus ibi stans, naris emunctae senex,",694c42bf-7b44-463e-88eb-f062d0542259,4526,4533
939c79ab-f3ed-401d-908f-5b42296f7638,31d23f91-e601-4a72-a2a3-6a54f7eba413,VERS,14,Natura numquam verba cui potuit dare:,694c42bf-7b44-463e-88eb-f062d0542259,4534,4540
939c79ab-f3ed-401d-908f-5b42296f7638,0cc409d8-6a0b-4e02-a7a3-25b9fda2ded3,VERS,15,"Si procurare vis ostentum, rustice,",694c42bf-7b44-463e-88eb-f062d0542259,4541,4547
939c79ab-f3ed-401d-908f-5b42296f7638,66b5b2a2-9a04-4207-8250-227f9d1e5559,VERS,16,Uxores inquit da tuis pastoribus.,694c42bf-7b44-463e-88eb-f062d0542259,4548,4553
939c79ab-f3ed-401d-908f-5b42296f7638,b7a37d7f-e7cb-40d6-bd46-d8602a02fc2e,POEM,3,Lanius et simius.,4fa8a259-9a04-4e7d-b966-115a5032f40b,4554,4609
939c79ab-f3ed-401d-908f-5b42296f7638,8396aecb-5c03-4213-ac29-e98a02cb9446,TITL,0,Lanius et simius.,b7a37d7f-e7cb-40d6-bd46-d8602a02fc2e,4554,4557
939c79ab-f3ed-401d-908f-5b42296f7638,43cd49de-39f3-4c57-a5e5-a35a89066b21,VERS,0,"Pendere ad lanium quidam vidit simium,",b7a37d7f-e7cb-40d6-bd46-d8602a02fc2e,4558,4564
939c79ab-f3ed-401d-908f-5b42296f7638,83186cfb-0028-499f-a696-cc2632318ed4,VERS,1,Inter reliquas merces atque obsonia;,b7a37d7f-e7cb-40d6-bd46-d8602a02fc2e,4565,4570
939c79ab-f3ed-401d-908f-5b42296f7638,291d2bed-bd11-469d-b1e0-9e566be6835e,VERS,2,Quaesivit quidnam saperet. Tum lanius iocans:,b7a37d7f-e7cb-40d6-bd46-d8602a02fc2e,4571,4578
939c79ab-f3ed-401d-908f-5b42296f7638,2be16155-78c6-47e3-90bc-c5996758d1a9,VERS,3,"Quale inquit caput est, talis praestatur sapor.",b7a37d7f-e7cb-40d6-bd46-d8602a02fc2e,4579,4587
939c79ab-f3ed-401d-908f-5b42296f7638,3ebaa7e6-eb9d-448a-9c7c-c54a37a19cc4,VERS,4,Ridicule magis hoc dictum quam vere aestimo;,b7a37d7f-e7cb-40d6-bd46-d8602a02fc2e,4588,4595
939c79ab-f3ed-401d-908f-5b42296f7638,040858c0-7e6b-4d4b-ba56-b078e4f01456,VERS,5,"Quando et formosos saepe inveni pessimos,",b7a37d7f-e7cb-40d6-bd46-d8602a02fc2e,4596,4602
939c79ab-f3ed-401d-908f-5b42296f7638,ffefe16e-21c1-49d6-809e-dd89044872b1,VERS,6,Et turpi facie multos cognovi optimos.,b7a37d7f-e7cb-40d6-bd46-d8602a02fc2e,4603,4609
939c79ab-f3ed-401d-908f-5b42296f7638,7f60891c-8e60-4810-a96a-67bd340ae200,POEM,4,Aesopus et petulans.,4fa8a259-9a04-4e7d-b966-115a5032f40b,4610,4683
939c79ab-f3ed-401d-908f-5b42296f7638,81f801bb-8cae-4337-b07d-0f2264e94a71,TITL,0,Aesopus et petulans.,7f60891c-8e60-4810-a96a-67bd340ae200,4610,4613
939c79ab-f3ed-401d-908f-5b42296f7638,be6e33ad-ec44-497e-a7dc-6f078b9887b7,VERS,0,Successus ad perniciem multos devocat.,7f60891c-8e60-4810-a96a-67bd340ae200,4614,4619
939c79ab-f3ed-401d-908f-5b42296f7638,2bca54dc-ef06-4437-bf48-556ceba32920,VERS,1,Aesopo quidam petulans lapidem impegerat.,7f60891c-8e60-4810-a96a-67bd340ae200,4620,4625
939c79ab-f3ed-401d-908f-5b42296f7638,bef441b9-3d17-4ad8-87f2-dbe72e7ba43d,VERS,2,"Tanto inquit melior! Assem deinde illi dedit,",7f60891c-8e60-4810-a96a-67bd340ae200,4626,4634
939c79ab-f3ed-401d-908f-5b42296f7638,ad1c4ac7-39b7-4435-85d6-150bcf39c481,VERS,3,"Sic prosecutus: Plus non habeo mehercules,",7f60891c-8e60-4810-a96a-67bd340ae200,4635,4642
939c79ab-f3ed-401d-908f-5b42296f7638,1f486493-b15d-4935-b0b8-d4070523d5ff,VERS,4,Sed unde accipere possis monstrabo tibi.,7f60891c-8e60-4810-a96a-67bd340ae200,4643,4649
939c79ab-f3ed-401d-908f-5b42296f7638,534a60c9-b4fd-44bf-b9ef-67472cd4a6d3,VERS,5,Venit ecce dives et potens: huic similiter,7f60891c-8e60-4810-a96a-67bd340ae200,4650,4657
939c79ab-f3ed-401d-908f-5b42296f7638,fc36ec74-2186-4022-bde2-9c6f0f3009d9,VERS,6,Impinge lapidem et dignum accipies praemium.,7f60891c-8e60-4810-a96a-67bd340ae200,4658,4664
939c79ab-f3ed-401d-908f-5b42296f7638,57227815-9ec3-416e-a961-11ac6227881a,VERS,7,Persuasus ille fecit quod monitus fuit;,7f60891c-8e60-4810-a96a-67bd340ae200,4665,4671
939c79ab-f3ed-401d-908f-5b42296f7638,d3dbe50f-1727-425b-a492-b76da676858f,VERS,8,Sed spes fefellit impudentem audaciam:,7f60891c-8e60-4810-a96a-67bd340ae200,4672,4677
939c79ab-f3ed-401d-908f-5b42296f7638,26136f26-7c2c-4de9-b5ee-5e4497aa0273,VERS,9,Comprensus namque poenas persolvit cruce.,7f60891c-8e60-4810-a96a-67bd340ae200,4678,4683
939c79ab-f3ed-401d-908f-5b42296f7638,419e5e7b-2244-4eb0-8b4a-3144e5655455,POEM,5,Musca et mula.,4fa8a259-9a04-4e7d-b966-115a5032f40b,4684,4766
939c79ab-f3ed-401d-908f-5b42296f7638,a7e3bf26-d0e5-403a-98d3-ce310c76a2b9,TITL,0,Musca et mula.,419e5e7b-2244-4eb0-8b4a-3144e5655455,4684,4687
939c79ab-f3ed-401d-908f-5b42296f7638,d1f2d025-cb20-4da7-85c9-2ebcaeb4e2c9,VERS,0,Musca in temone sedit et mulam increpans:,419e5e7b-2244-4eb0-8b4a-3144e5655455,4688,4695
939c79ab-f3ed-401d-908f-5b42296f7638,b5dfe000-a68d-47ee-ab39-5d3563867843,VERS,1,Quam tarda es! inquit non vis citius progredi?,419e5e7b-2244-4eb0-8b4a-3144e5655455,4696,4705
939c79ab-f3ed-401d-908f-5b42296f7638,69cc460a-f0f3-4fb2-a1c6-c8c0b64aff7d,VERS,2,Vide ne dolone collum compungam tibi.,419e5e7b-2244-4eb0-8b4a-3144e5655455,4706,4712
939c79ab-f3ed-401d-908f-5b42296f7638,8916fa1f-bbde-4655-827e-6b4780168b0c,VERS,3,Respondit illa: Verbis non moveor tuis;,419e5e7b-2244-4eb0-8b4a-3144e5655455,4713,4720
939c79ab-f3ed-401d-908f-5b42296f7638,2ceb474b-1170-479d-8af6-21dfb994c256,VERS,4,Sed istum timeo sella qui prima sedens,419e5e7b-2244-4eb0-8b4a-3144e5655455,4721,4727
939c79ab-f3ed-401d-908f-5b42296f7638,355fa2c6-aa2f-42aa-9cfb-e2f735c2aa55,VERS,5,Iugum flagello temperat lento meum,419e5e7b-2244-4eb0-8b4a-3144e5655455,4728,4732
939c79ab-f3ed-401d-908f-5b42296f7638,175a449b-2efe-47f4-9e14-71a4c889ab6b,VERS,6,Et ora frenis continet spumantibus.,419e5e7b-2244-4eb0-8b4a-3144e5655455,4733,4738
939c79ab-f3ed-401d-908f-5b42296f7638,b1c2277b-2858-4e5a-93e8-77b0dbee0321,VERS,7,Quapropter aufer frivolam insolentiam;,419e5e7b-2244-4eb0-8b4a-3144e5655455,4739,4743
939c79ab-f3ed-401d-908f-5b42296f7638,0e1c544a-2bc0-46b2-928b-3dcf6de20994,VERS,8,Nam et ubi tricandum et ubi sit currendum scio.,419e5e7b-2244-4eb0-8b4a-3144e5655455,4744,4753
939c79ab-f3ed-401d-908f-5b42296f7638,4b1c514b-d245-40c2-91e5-b5bb166f345e,VERS,9,"Hac derideri fabula merito potest,",419e5e7b-2244-4eb0-8b4a-3144e5655455,4754,4759
939c79ab-f3ed-401d-908f-5b42296f7638,cb6481fb-3782-49d4-ae83-34d9844dacf2,VERS,10,Qui sine virtute vanas exercet minas.,419e5e7b-2244-4eb0-8b4a-3144e5655455,4760,4766
939c79ab-f3ed-401d-908f-5b42296f7638,29b69251-a742-4046-928b-e8212dc68569,POEM,6,Lupus ad canem.,4fa8a259-9a04-4e7d-b966-115a5032f40b,4767,4992
939c79ab-f3ed-401d-908f-5b42296f7638,f4c0bbc9-d171-4960-849c-6581e2abfefd,TITL,0,Lupus ad canem.,29b69251-a742-4046-928b-e8212dc68569,4767,4770
939c79ab-f3ed-401d-908f-5b42296f7638,09fca08a-72d3-4191-bb0f-7314c7ab9fd1,VERS,0,"Quam dulcis sit libertas, breviter proloquar.",29b69251-a742-4046-928b-e8212dc68569,4771,4778
939c79ab-f3ed-401d-908f-5b42296f7638,01fe3d34-981f-43f1-9ee1-9a9445721034,VERS,1,Cani perpasto macie confectus lupus,29b69251-a742-4046-928b-e8212dc68569,4779,4783
939c79ab-f3ed-401d-908f-5b42296f7638,cd4ae61f-1bea-4d20-b3e4-6acbb12e8259,VERS,2,Forte occucurrit. Dein salutati invicem,29b69251-a742-4046-928b-e8212dc68569,4784,4789
939c79ab-f3ed-401d-908f-5b42296f7638,fadca4f2-f402-478b-9062-d26dd1bdcf2e,VERS,3,"Ut restiterunt: Unde sic, quaeso, nites?",29b69251-a742-4046-928b-e8212dc68569,4790,4799
939c79ab-f3ed-401d-908f-5b42296f7638,dc767b6c-c0be-4e46-8eb6-4958c44eeb57,VERS,4,Aut quo cibo fecisti tantum corporis?,29b69251-a742-4046-928b-e8212dc68569,4800,4806
939c79ab-f3ed-401d-908f-5b42296f7638,8ab545be-63ad-437c-8ede-75ecbbaf2979,VERS,5,"Ego, qui sum longe fortior, pereo fame.",29b69251-a742-4046-928b-e8212dc68569,4807,4816
939c79ab-f3ed-401d-908f-5b42296f7638,96b4055c-e087-4111-a59d-599d1022d34a,VERS,6,"Canis simpliciter: Eadem est condicio tibi,",29b69251-a742-4046-928b-e8212dc68569,4817,4824
939c79ab-f3ed-401d-908f-5b42296f7638,9136b06b-cd60-4f06-8780-ed5e00129728,VERS,7,Praestare domino si par officium potes.,29b69251-a742-4046-928b-e8212dc68569,4825,4831
939c79ab-f3ed-401d-908f-5b42296f7638,220c1fd2-eeee-498e-b1c4-ff54216a022e,VERS,8,"Quod? inquit ille. Custos ut sis liminis,",29b69251-a742-4046-928b-e8212dc68569,4832,4841
939c79ab-f3ed-401d-908f-5b42296f7638,9ca39539-36a4-40c3-ae35-b5bdd8d2fff8,VERS,9,A furibus tuearis et noctu domum.,29b69251-a742-4046-928b-e8212dc68569,4842,4848
939c79ab-f3ed-401d-908f-5b42296f7638,88c291d4-6b7c-42f8-b185-3eb2094a9d8d,VERS,10,Ego vero sum paratus: nunc patior nives,29b69251-a742-4046-928b-e8212dc68569,4849,4856
939c79ab-f3ed-401d-908f-5b42296f7638,594dc5ce-4d83-434b-ab50-493b936a3b07,VERS,11,Imbresque in silvis asperam vitam trahens:,29b69251-a742-4046-928b-e8212dc68569,4857,4863
939c79ab-f3ed-401d-908f-5b42296f7638,3d18cd2e-bfe0-4d27-a5f1-d497134dd9d7,VERS,12,"Quanto est facilius mihi sub tecto vivere,",29b69251-a742-4046-928b-e8212dc68569,4864,4871
939c79ab-f3ed-401d-908f-5b42296f7638,29a751de-e14a-4d0b-a5e6-4616260ad6e3,VERS,13,Et otiosum largo satiari cibo?,29b69251-a742-4046-928b-e8212dc68569,4872,4877
939c79ab-f3ed-401d-908f-5b42296f7638,8f1ef07c-e4e8-4c20-9e57-b8717b0dfc64,VERS,14,"Veni ergo mecum. Dum procedunt, aspicit",29b69251-a742-4046-928b-e8212dc68569,4878,4885
939c79ab-f3ed-401d-908f-5b42296f7638,f31c52ad-18cd-4161-ae6f-ef3d398d4b77,VERS,15,Lupus a catena collum detritum cani.,29b69251-a742-4046-928b-e8212dc68569,4886,4892
939c79ab-f3ed-401d-908f-5b42296f7638,e5a16f8e-1e5c-4c45-a0ee-0e96c897dc93,VERS,16,"Unde hoc, amice? Nihil est. Dic sodes tamen.",29b69251-a742-4046-928b-e8212dc68569,4893,4904
939c79ab-f3ed-401d-908f-5b42296f7638,55cacaf9-d682-466c-8879-12d852b279b2,VERS,17,"Quia videor acer, alligant me interdiu,",29b69251-a742-4046-928b-e8212dc68569,4905,4912
939c79ab-f3ed-401d-908f-5b42296f7638,6365c8df-427d-487a-9b2f-0f40dd43748b,VERS,18,"Luce ut quiescam et vigilem, nox cum venerit:",29b69251-a742-4046-928b-e8212dc68569,4913,4922
939c79ab-f3ed-401d-908f-5b42296f7638,ae71ba68-97eb-4613-85f4-dd046bed0132,VERS,19,"Crepusculo solutus, qua visum est, vagor.",29b69251-a742-4046-928b-e8212dc68569,4923,4931
939c79ab-f3ed-401d-908f-5b42296f7638,25f0250b-8c64-46c2-9409-1880193796c9,VERS,20,Affertur ultro panis; de mensa sua,29b69251-a742-4046-928b-e8212dc68569,4932,4938
939c79ab-f3ed-401d-908f-5b42296f7638,ce9b2325-75b9-4185-bcd3-8316e7f8fb00,VERS,21,Dat ossa dominus; frusta iactat familia,29b69251-a742-4046-928b-e8212dc68569,4939,4945
939c79ab-f3ed-401d-908f-5b42296f7638,e960984d-0f21-453b-9611-1b95d9f37139,VERS,22,"Et, quod fastidit quisque, pulmentarium.",29b69251-a742-4046-928b-e8212dc68569,4946,4953
939c79ab-f3ed-401d-908f-5b42296f7638,eeae4d1c-fe75-4b87-b211-6088a9f876be,VERS,23,Sic sine labore venter impletur meus.,29b69251-a742-4046-928b-e8212dc68569,4954,4960
939c79ab-f3ed-401d-908f-5b42296f7638,e3fd582c-c26e-4cc6-abef-7136e7c72ce7,VERS,24,"Age, si quo abire est animus, est licentia?",29b69251-a742-4046-928b-e8212dc68569,4961,4971
939c79ab-f3ed-401d-908f-5b42296f7638,72b62609-2185-403f-a04e-6db373b18fcc,VERS,25,"Non plane est inquit. Fruere, quae laudas, canis:",29b69251-a742-4046-928b-e8212dc68569,4972,4983
939c79ab-f3ed-401d-908f-5b42296f7638,23a7f060-a69e-4a5c-b413-dc25c4a33cf2,VERS,26,"Regnare nolo, liber ut non sim mihi.",29b69251-a742-4046-928b-e8212dc68569,4984,4992
939c79ab-f3ed-401d-908f-5b42296f7638,e83ecaf0-3d32-412f-a630-a359e5a0a426,POEM,7,Soror et frater.,4fa8a259-9a04-4e7d-b966-115a5032f40b,4993,5101
939c79ab-f3ed-401d-908f-5b42296f7638,c061e6e0-d878-4bd7-ba6a-addf01c771b6,TITL,0,Soror et frater.,e83ecaf0-3d32-412f-a630-a359e5a0a426,4993,4996
939c79ab-f3ed-401d-908f-5b42296f7638,c3b69970-2715-409e-b07e-c1dc34a7289d,VERS,0,Praecepto monitus saepe te considera.,e83ecaf0-3d32-412f-a630-a359e5a0a426,4997,5002
939c79ab-f3ed-401d-908f-5b42296f7638,dc7cdc90-c67f-4372-88fc-665431d30fab,VERS,1,Habebat quidam filiam turpissimam,e83ecaf0-3d32-412f-a630-a359e5a0a426,5003,5006
939c79ab-f3ed-401d-908f-5b42296f7638,f7edd125-e59d-46d2-bba7-977e40b9ca3c,VERS,2,Idemque insignem pulchra facie filium.,e83ecaf0-3d32-412f-a630-a359e5a0a426,5007,5012
939c79ab-f3ed-401d-908f-5b42296f7638,8b7340dc-52b9-4d35-967b-c827e86d54d9,VERS,3,"Hi, speculum in cathedra matris ut positum fuit,",e83ecaf0-3d32-412f-a630-a359e5a0a426,5013,5022
939c79ab-f3ed-401d-908f-5b42296f7638,29bb4684-87fa-47ff-b793-d0b2c059c187,VERS,4,Pueriliter ludentes forte inspexerunt.,e83ecaf0-3d32-412f-a630-a359e5a0a426,5023,5027
939c79ab-f3ed-401d-908f-5b42296f7638,a0812604-2b44-4207-a2cc-2be779656f92,VERS,5,Hic se formosum iactat: illa irascitur,e83ecaf0-3d32-412f-a630-a359e5a0a426,5028,5034
939c79ab-f3ed-401d-908f-5b42296f7638,0b1d6a02-f634-4b2f-93e5-3809e667851b,VERS,6,"Nec gloriantis sustinet fratris iocos,",e83ecaf0-3d32-412f-a630-a359e5a0a426,5035,5040
939c79ab-f3ed-401d-908f-5b42296f7638,dfa4d77d-732d-435d-8d6f-6897d62e3193,VERS,7,"Accipiens, quid enim? cuncta in contumeliam.",e83ecaf0-3d32-412f-a630-a359e5a0a426,5041,5049
939c79ab-f3ed-401d-908f-5b42296f7638,99b0d855-136b-4d93-ac46-7a00a1bcfd4e,VERS,8,Ergo ad patrem decurrit laesura invicem,e83ecaf0-3d32-412f-a630-a359e5a0a426,5050,5055
939c79ab-f3ed-401d-908f-5b42296f7638,46bac28b-ac06-47a2-af3f-07c105f5d9b5,VERS,9,"Magnaque invidia criminatur filium,",e83ecaf0-3d32-412f-a630-a359e5a0a426,5056,5060
939c79ab-f3ed-401d-908f-5b42296f7638,b518cb4f-7121-496b-b56b-3aa9361e8038,VERS,10,Vir natus quod rem feminarum tetigerit.,e83ecaf0-3d32-412f-a630-a359e5a0a426,5061,5067
939c79ab-f3ed-401d-908f-5b42296f7638,5f7d4cf5-ca7d-421e-ba71-3fa23c83834c,VERS,11,Amplexus ille utrumque et carpens oscula,e83ecaf0-3d32-412f-a630-a359e5a0a426,5068,5073
939c79ab-f3ed-401d-908f-5b42296f7638,402d8a24-9def-48b7-9925-01b12ff4a227,VERS,12,Dulcemque in ambos caritatem partiens:,e83ecaf0-3d32-412f-a630-a359e5a0a426,5074,5079
939c79ab-f3ed-401d-908f-5b42296f7638,95b4eec1-c405-48c7-9684-128a289c5baa,VERS,13,Cotidie inquit speculo vos uti volo:,e83ecaf0-3d32-412f-a630-a359e5a0a426,5080,5086
939c79ab-f3ed-401d-908f-5b42296f7638,3ea96f9f-3e2f-4e0c-a51a-4754f0e003a0,VERS,14,Tu formam ne corrumpas nequitiae malis;,e83ecaf0-3d32-412f-a630-a359e5a0a426,5087,5093
939c79ab-f3ed-401d-908f-5b42296f7638,6615962d-5df4-48ee-805d-80b9dcf7a298,VERS,15,Tu faciem ut istam moribus vincas bonis.,e83ecaf0-3d32-412f-a630-a359e5a0a426,5094,5101
939c79ab-f3ed-401d-908f-5b42296f7638,528908ee-abe4-476b-b646-5ca1f4d7ed97,POEM,8,Socrates ad amicos.,4fa8a259-9a04-4e7d-b966-115a5032f40b,5102,5167
939c79ab-f3ed-401d-908f-5b42296f7638,106c2a97-e903-4852-bf41-6a8f21342d00,TITL,0,Socrates ad amicos.,528908ee-abe4-476b-b646-5ca1f4d7ed97,5102,5105
939c79ab-f3ed-401d-908f-5b42296f7638,5a2991cd-ddb2-48b1-8e36-aa83b55539ca,VERS,0,"Vulgare amici nomen, sed rara est fides.",528908ee-abe4-476b-b646-5ca1f4d7ed97,5106,5114
939c79ab-f3ed-401d-908f-5b42296f7638,8f753817-dcfe-45c5-897b-311bfab2fbaf,VERS,1,"Cum parvas aedes sibi fundasset Socrates,",528908ee-abe4-476b-b646-5ca1f4d7ed97,5115,5121
939c79ab-f3ed-401d-908f-5b42296f7638,c0ef6087-569b-4c0f-83cf-d4034853d325,VERS,2,"(Cuius non fugio mortem, si famam assequar,",528908ee-abe4-476b-b646-5ca1f4d7ed97,5122,5131
939c79ab-f3ed-401d-908f-5b42296f7638,a2dc5605-f508-4820-9bfe-46d1b5c0f2fd,VERS,3,"Et cedo invidiae, dummodo absolvar cinis),",528908ee-abe4-476b-b646-5ca1f4d7ed97,5132,5140
939c79ab-f3ed-401d-908f-5b42296f7638,69b2a5b3-d9e7-4757-89d8-ea67cb9232e1,VERS,4,"Ex populo sic nescio quis, ut fieri solet:",528908ee-abe4-476b-b646-5ca1f4d7ed97,5141,5150
939c79ab-f3ed-401d-908f-5b42296f7638,df3bd7e6-63be-4141-af20-545fca50eb6a,VERS,5,"Quaeso, tam angustam talis vir ponis domum?",528908ee-abe4-476b-b646-5ca1f4d7ed97,5151,5159
939c79ab-f3ed-401d-908f-5b42296f7638,653bdc60-0430-4903-9e20-9a013accad33,VERS,6,Utinam inquit veris hanc amicis impleam!.,528908ee-abe4-476b-b646-5ca1f4d7ed97,5160,5167
939c79ab-f3ed-401d-908f-5b42296f7638,7c5cf880-5ec6-45fd-9fb4-ac907cc30084,POEM,9,Poeta,4fa8a259-9a04-4e7d-b966-115a5032f40b,5168,5548
939c79ab-f3ed-401d-908f-5b42296f7638,dc7d0bc1-caf2-404a-8e86-a72465374b09,TITL,0,Poeta,7c5cf880-5ec6-45fd-9fb4-ac907cc30084,5168,5168
939c79ab-f3ed-401d-908f-5b42296f7638,94158fce-da75-4326-8a66-71ddb2433fa6,VERS,0,Periculosum est credere et non credere.,7c5cf880-5ec6-45fd-9fb4-ac907cc30084,5169,5175
939c79ab-f3ed-401d-908f-5b42296f7638,02d31421-3033-4606-8a9a-807050d19827,VERS,1,Utriusque exemplum breviter exponam rei.,7c5cf880-5ec6-45fd-9fb4-ac907cc30084,5176,5181
939c79ab-f3ed-401d-908f-5b42296f7638,4329a77d-488b-4a6e-83ed-95b74e7123da,VERS,2,"Hippolytus obiit, quia novercae creditum est;",7c5cf880-5ec6-45fd-9fb4-ac907cc30084,5182,5189
939c79ab-f3ed-401d-908f-5b42296f7638,5f7a0e2b-3b4e-4c7e-bde6-b1a0d74912c3,VERS,3,"Cassandrae quia non creditum, ruit Ilium.",7c5cf880-5ec6-45fd-9fb4-ac907cc30084,5190,5197
939c79ab-f3ed-401d-908f-5b42296f7638,73c49a54-9de4-4cd0-b5d4-259503b44a6e,VERS,4,"Ergo exploranda est veritas multum, prius",7c5cf880-5ec6-45fd-9fb4-ac907cc30084,5198,5204
939c79ab-f3ed-401d-908f-5b42296f7638,800a3a48-9fe6-42cf-bb94-f9b76f0b4087,VERS,5,Quam stulta prave iudicet sententia.,7c5cf880-5ec6-45fd-9fb4-ac907cc30084,5205,5210
939c79ab-f3ed-401d-908f-5b42296f7638,c4aafc6c-f049-48c5-a2bd-aef98d231ddf,VERS,6,"Sed fabulosa ne vetustate elevem,",7c5cf880-5ec6-45fd-9fb4-ac907cc30084,5211,5216
939c79ab-f3ed-401d-908f-5b42296f7638,915654bc-2653-41b4-b099-600ce17c50dd,VERS,7,Narrabo tibi memoria quod factum est mea.,7c5cf880-5ec6-45fd-9fb4-ac907cc30084,5217,5224
939c79ab-f3ed-401d-908f-5b42296f7638,f96e441d-f390-44f9-a20d-7782c43da9d1,VERS,8,Maritus quidam cum diligeret coniugem,7c5cf880-5ec6-45fd-9fb4-ac907cc30084,5225,5229
939c79ab-f3ed-401d-908f-5b42296f7638,b12d2b53-cc84-489e-8179-eb988937f02c,VERS,9,"Togamque puram iam pararet filio,",7c5cf880-5ec6-45fd-9fb4-ac907cc30084,5230,5235
939c79ab-f3ed-401d-908f-5b42296f7638,6834b781-f56c-4e31-93f8-12a2b709a859,VERS,10,"Seductus in secretum a liberto est suo,",7c5cf880-5ec6-45fd-9fb4-ac907cc30084,5236,5243
939c79ab-f3ed-401d-908f-5b42296f7638,2f76e2ef-8fff-4108-8bb9-ca106bfb76f5,VERS,11,Sperante heredem suffici se proximum.,7c5cf880-5ec6-45fd-9fb4-ac907cc30084,5244,5249
939c79ab-f3ed-401d-908f-5b42296f7638,52f99a5f-dcbd-4400-b5a6-49f111c750d6,VERS,12,Qui cum de puero multa mentitus foret,7c5cf880-5ec6-45fd-9fb4-ac907cc30084,5250,5256
939c79ab-f3ed-401d-908f-5b42296f7638,3728566e-f7f5-47d4-9e33-daabcf195ddb,VERS,13,"Et plura de flagitiis castae mulieris,",7c5cf880-5ec6-45fd-9fb4-ac907cc30084,5257,5263
939c79ab-f3ed-401d-908f-5b42296f7638,aaf7ced2-426c-4f15-b200-d975702826ca,VERS,14,"Adiecit id, quod sentiebat maxime",7c5cf880-5ec6-45fd-9fb4-ac907cc30084,5264,5269
939c79ab-f3ed-401d-908f-5b42296f7638,e721991f-bb12-4f30-b77e-27af803274eb,VERS,15,"Doliturum amanti, ventitare adulterum",7c5cf880-5ec6-45fd-9fb4-ac907cc30084,5270,5274
939c79ab-f3ed-401d-908f-5b42296f7638,7992f53e-0857-4efb-9307-729b9842ebcc,VERS,16,Stuproque turpi pollui famam domus.,7c5cf880-5ec6-45fd-9fb4-ac907cc30084,5275,5280
939c79ab-f3ed-401d-908f-5b42296f7638,a2249c2b-f973-40a7-a7bb-af8c3fe2419c,VERS,17,Incensus ille falso uxoris crimine,7c5cf880-5ec6-45fd-9fb4-ac907cc30084,5281,5285
939c79ab-f3ed-401d-908f-5b42296f7638,6d9d63b2-71e3-480e-88c3-661f806f3a5e,VERS,18,Simulavit iter ad villam clamque in oppido,7c5cf880-5ec6-45fd-9fb4-ac907cc30084,5286,5292
939c79ab-f3ed-401d-908f-5b42296f7638,2f5f47c5-9343-4868-b851-c46bd1af6a27,VERS,19,Subsedit: deinde noctu subito ianuam,7c5cf880-5ec6-45fd-9fb4-ac907cc30084,5293,5298
939c79ab-f3ed-401d-908f-5b42296f7638,57e663f5-e712-4a30-9e73-9b8956db209d,VERS,20,"Intravit, recta cubiculum uxoris petens,",7c5cf880-5ec6-45fd-9fb4-ac907cc30084,5299,5305
939c79ab-f3ed-401d-908f-5b42296f7638,98f9c04a-6e1e-4d7e-8054-e49b4dd95b61,VERS,21,"In quo dormire mater natum iusserat,",7c5cf880-5ec6-45fd-9fb4-ac907cc30084,5306,5312
939c79ab-f3ed-401d-908f-5b42296f7638,a09ff18e-8b62-47d2-8346-e0becd7b708e,VERS,22,Aetatem adultam servans diligentius.,7c5cf880-5ec6-45fd-9fb4-ac907cc30084,5313,5317
939c79ab-f3ed-401d-908f-5b42296f7638,99bb99cf-086d-4b7c-bd62-2a9b9edde7c8,VERS,23,"Dum quaerunt lumen, dum concursant familia,",7c5cf880-5ec6-45fd-9fb4-ac907cc30084,5318,5325
939c79ab-f3ed-401d-908f-5b42296f7638,37180c91-0a8d-49d2-b146-212304956e11,VERS,24,Irae furentis impetum non sustinens,7c5cf880-5ec6-45fd-9fb4-ac907cc30084,5326,5330
939c79ab-f3ed-401d-908f-5b42296f7638,aaa90832-9167-4e78-9e86-1ba270202dd4,VERS,25,"Ad lectum vadit, temptat in tenebris caput.",7c5cf880-5ec6-45fd-9fb4-ac907cc30084,5331,5339
939c79ab-f3ed-401d-908f-5b42296f7638,fc690b97-629a-4fb4-bb41-b55f54883773,VERS,26,"Ut sentit tonsum, gladio pectus transigit,",7c5cf880-5ec6-45fd-9fb4-ac907cc30084,5340,5347
939c79ab-f3ed-401d-908f-5b42296f7638,57005771-a224-4dde-9ef3-6a38cee9e6d3,VERS,27,"Nihil respiciens, dum dolorem vindicet.",7c5cf880-5ec6-45fd-9fb4-ac907cc30084,5348,5354
939c79ab-f3ed-401d-908f-5b42296f7638,d6f1bb2a-26ef-4461-8553-9c7da0eb5331,VERS,28,"Lucerna allata, simul aspexit filium",7c5cf880-5ec6-45fd-9fb4-ac907cc30084,5355,5360
939c79ab-f3ed-401d-908f-5b42296f7638,fbce13d4-d1e6-4f2b-bef5-718af183e388,VERS,29,"Sanctamque uxorem dormientem cubiculo,",7c5cf880-5ec6-45fd-9fb4-ac907cc30084,5361,5365
939c79ab-f3ed-401d-908f-5b42296f7638,e7070e42-e4a0-4823-8f23-d57310718cda,VERS,30,Sopita primo quae nil somno senserat;,7c5cf880-5ec6-45fd-9fb4-ac907cc30084,5366,5372
939c79ab-f3ed-401d-908f-5b42296f7638,d0b59933-3cd2-4151-a57e-bd9a24321759,VERS,31,Repraesentavit in se poenam facinoris,7c5cf880-5ec6-45fd-9fb4-ac907cc30084,5373,5377
939c79ab-f3ed-401d-908f-5b42296f7638,c2a9e2ae-9447-4d6e-977d-4917dc1dea56,VERS,32,"Et ferro incubuit, quod credulitas strinxerat.",7c5cf880-5ec6-45fd-9fb4-ac907cc30084,5378,5385
939c79ab-f3ed-401d-908f-5b42296f7638,a7ea838e-3767-41fc-9f4e-ccb95c1f063d,VERS,33,Accusatores postularunt mulierem,7c5cf880-5ec6-45fd-9fb4-ac907cc30084,5386,5388
939c79ab-f3ed-401d-908f-5b42296f7638,2a4deeb2-f647-411d-9dc8-8f658aa960f6,VERS,34,Romamque pertraxerunt ad centumviros.,7c5cf880-5ec6-45fd-9fb4-ac907cc30084,5389,5393
939c79ab-f3ed-401d-908f-5b42296f7638,fe8acf8f-cfe1-4449-ba84-c0993120707f,VERS,35,"Maligna insontem deprimit suspicio,",7c5cf880-5ec6-45fd-9fb4-ac907cc30084,5394,5398
939c79ab-f3ed-401d-908f-5b42296f7638,7f4021cf-96b5-432e-8772-38aeb79e6191,VERS,36,Quod bona possideat. Stant patroni fortiter,7c5cf880-5ec6-45fd-9fb4-ac907cc30084,5399,5405
939c79ab-f3ed-401d-908f-5b42296f7638,681bd9f1-35d0-46b0-9ffa-3a606624bddd,VERS,37,Causam tuentes innocentis feminae.,7c5cf880-5ec6-45fd-9fb4-ac907cc30084,5406,5410
939c79ab-f3ed-401d-908f-5b42296f7638,2619b042-a75a-4232-b889-e1084aab89f9,VERS,38,"A Divo Augusto tunc petierunt iudices,",7c5cf880-5ec6-45fd-9fb4-ac907cc30084,5411,5417
939c79ab-f3ed-401d-908f-5b42296f7638,2488f428-716e-41ec-88cc-34283a9123fc,VERS,39,"Ut adiuvaret iuris iurandi fidem,",7c5cf880-5ec6-45fd-9fb4-ac907cc30084,5418,5423
939c79ab-f3ed-401d-908f-5b42296f7638,5df3d519-64d0-4089-9edf-87d73396f185,VERS,40,Quod ipsos error implicuisset criminis.,7c5cf880-5ec6-45fd-9fb4-ac907cc30084,5424,5429
939c79ab-f3ed-401d-908f-5b42296f7638,b87d42fe-0bf9-4579-aa0c-b77422e58f0b,VERS,41,Qui postquam tenebras dispulit calumniae,7c5cf880-5ec6-45fd-9fb4-ac907cc30084,5430,5434
939c79ab-f3ed-401d-908f-5b42296f7638,078bb180-5983-4867-9b09-33ddf732a87a,VERS,42,Certumque fontem veritatis repperit:,7c5cf880-5ec6-45fd-9fb4-ac907cc30084,5435,5439
939c79ab-f3ed-401d-908f-5b42296f7638,549d77b9-2fc2-4a49-b52a-516250775b62,VERS,43,Luat inquit poenas causa libertus mali;,7c5cf880-5ec6-45fd-9fb4-ac907cc30084,5440,5446
939c79ab-f3ed-401d-908f-5b42296f7638,068574a9-ce16-47ef-82ca-4ad55d47422e,VERS,44,Namque orbam nato simul et privatam viro,7c5cf880-5ec6-45fd-9fb4-ac907cc30084,5447,5453
939c79ab-f3ed-401d-908f-5b42296f7638,dc6af2de-3489-4ab8-8a04-837fafc28563,VERS,45,Miserandam potius quam damnandam existimo.,7c5cf880-5ec6-45fd-9fb4-ac907cc30084,5454,5459
939c79ab-f3ed-401d-908f-5b42296f7638,4394535e-c3e2-4278-87d9-0f15db67ebb3,VERS,46,Quod si delata perscrutatus crimina,7c5cf880-5ec6-45fd-9fb4-ac907cc30084,5460,5464
939c79ab-f3ed-401d-908f-5b42296f7638,efa8b510-7b62-44dd-9a38-d11fb9c64a5c,VERS,47,"Paterfamilias esset, si mendacium",7c5cf880-5ec6-45fd-9fb4-ac907cc30084,5465,5469
939c79ab-f3ed-401d-908f-5b42296f7638,f7d3509e-925b-48d1-a996-eed0270ec10e,VERS,48,"Subtiliter limasset, a radicibus",7c5cf880-5ec6-45fd-9fb4-ac907cc30084,5470,5474
939c79ab-f3ed-401d-908f-5b42296f7638,9cf00fd1-7a28-4516-a54e-05f29d63cb7c,VERS,49,Non evertisset scelere funesto domum.,7c5cf880-5ec6-45fd-9fb4-ac907cc30084,5475,5480
939c79ab-f3ed-401d-908f-5b42296f7638,fb87e82a-9eba-4b8e-9e52-53511859af1b,VERS,50,"Nil spernat auris, nec tamen credat statim.",7c5cf880-5ec6-45fd-9fb4-ac907cc30084,5481,5489
939c79ab-f3ed-401d-908f-5b42296f7638,de03a215-f815-46cc-9cb2-c6041b6b39e1,VERS,51,"Quandoquidem et illi peccant, quos minime putes,",7c5cf880-5ec6-45fd-9fb4-ac907cc30084,5490,5498
939c79ab-f3ed-401d-908f-5b42296f7638,b63a9c32-937f-4dbe-9658-745a285a9e4b,VERS,52,"Et qui non peccant, impugnantur fraudibus.",7c5cf880-5ec6-45fd-9fb4-ac907cc30084,5499,5506
939c79ab-f3ed-401d-908f-5b42296f7638,f5b87ab4-aada-427b-adbc-e92f70ae23df,VERS,53,"Hoc admonere simplices etiam potest,",7c5cf880-5ec6-45fd-9fb4-ac907cc30084,5507,5512
939c79ab-f3ed-401d-908f-5b42296f7638,760782ac-fe06-4342-acc9-84da39df10f3,VERS,54,Opinione alterius ne quid ponderent:,7c5cf880-5ec6-45fd-9fb4-ac907cc30084,5513,5518
939c79ab-f3ed-401d-908f-5b42296f7638,58a3cd3f-32bb-42b6-ab45-0ab50cf50393,VERS,55,Ambitio namque dissidens mortalium,7c5cf880-5ec6-45fd-9fb4-ac907cc30084,5519,5522
939c79ab-f3ed-401d-908f-5b42296f7638,7b6da885-905c-419e-8c0a-879b8589afd5,VERS,56,Aut gratiae subscribit aut odio suo.,7c5cf880-5ec6-45fd-9fb4-ac907cc30084,5523,5529
939c79ab-f3ed-401d-908f-5b42296f7638,a27b4856-cfa7-476c-8189-6355b754dba2,VERS,57,Erit ille notus quem per te cognoveris.,7c5cf880-5ec6-45fd-9fb4-ac907cc30084,5530,5537
939c79ab-f3ed-401d-908f-5b42296f7638,75f2ca9c-2a19-4da4-8bbc-9cbd27db10e8,VERS,58,Haec exsecutus sum propterea pluribus,7c5cf880-5ec6-45fd-9fb4-ac907cc30084,5538,5542
939c79ab-f3ed-401d-908f-5b42296f7638,602b6e33-b5da-4353-a8d4-91aa59dc4db7,VERS,59,Brevitate nimia quoniam quosdam offendimus.,7c5cf880-5ec6-45fd-9fb4-ac907cc30084,5543,5548
939c79ab-f3ed-401d-908f-5b42296f7638,ea0a5695-48ee-42be-8593-f6e9205d28e9,POEM,10,Eunuchus ad improbum.,4fa8a259-9a04-4e7d-b966-115a5032f40b,5549,5606
939c79ab-f3ed-401d-908f-5b42296f7638,6c5b94cc-3fa2-4fea-ac2f-c7d61da6c919,TITL,0,Eunuchus ad improbum.,ea0a5695-48ee-42be-8593-f6e9205d28e9,5549,5552
939c79ab-f3ed-401d-908f-5b42296f7638,feb7bf9d-c39c-47d2-9af9-8535f1164bfa,VERS,0,"Eunuchus litigabat cum quodam improbo,",ea0a5695-48ee-42be-8593-f6e9205d28e9,5553,5558
939c79ab-f3ed-401d-908f-5b42296f7638,c0d6451a-4e16-4c1e-8808-e9d239e1ce7a,VERS,1,Qui super obscena dicta et petulans iurgium,ea0a5695-48ee-42be-8593-f6e9205d28e9,5559,5565
939c79ab-f3ed-401d-908f-5b42296f7638,c469cb34-4f2d-4140-a3be-89bd39f14787,VERS,2,Damnum insectatus est amissi corporis.,ea0a5695-48ee-42be-8593-f6e9205d28e9,5566,5571
939c79ab-f3ed-401d-908f-5b42296f7638,cd77b259-f8e4-4219-893d-8219ab03adec,VERS,3,"En ait hoc unum est, cur laborem validius,",ea0a5695-48ee-42be-8593-f6e9205d28e9,5572,5581
939c79ab-f3ed-401d-908f-5b42296f7638,24a3bcb0-4e3d-48b5-9f3d-bf96fac9e3af,VERS,4,Integritatis testes quia desunt mihi.,ea0a5695-48ee-42be-8593-f6e9205d28e9,5582,5587
939c79ab-f3ed-401d-908f-5b42296f7638,a072525a-4797-4837-8193-eac712a085bf,VERS,5,"Sed quid fortunae, stulte, delictum arguis?",ea0a5695-48ee-42be-8593-f6e9205d28e9,5588,5596
939c79ab-f3ed-401d-908f-5b42296f7638,a26b0c8d-6bed-4be8-a8d8-1b3d5655c724,VERS,6,"Id demum est homini turpe, quod meruit pati.",ea0a5695-48ee-42be-8593-f6e9205d28e9,5597,5606
939c79ab-f3ed-401d-908f-5b42296f7638,4a29be33-c117-4bfa-9931-112b0a7000db,POEM,11,Pullus ad margaritam.,4fa8a259-9a04-4e7d-b966-115a5032f40b,5607,5670
939c79ab-f3ed-401d-908f-5b42296f7638,e72ede5b-a0a7-486f-bd53-1454957fbd4c,TITL,0,Pullus ad margaritam.,4a29be33-c117-4bfa-9931-112b0a7000db,5607,5610
939c79ab-f3ed-401d-908f-5b42296f7638,6ce70acf-f733-4049-9ec1-620878b9888c,VERS,0,In sterquilino pullus gallinaceus,4a29be33-c117-4bfa-9931-112b0a7000db,5611,5614
939c79ab-f3ed-401d-908f-5b42296f7638,02a2b5c5-1072-4891-b96f-631f1d4b213e,VERS,1,"Dum quaerit escam, margaritam repperit.",4a29be33-c117-4bfa-9931-112b0a7000db,5615,5621
939c79ab-f3ed-401d-908f-5b42296f7638,c6b09de6-7c24-4a34-959e-572d32866a58,VERS,2,Iaces indigno quanta res inquit loco!,4a29be33-c117-4bfa-9931-112b0a7000db,5622,5628
939c79ab-f3ed-401d-908f-5b42296f7638,d4a4c4f7-6c0d-488f-9882-22fd0f537664,VERS,3,"Hoc si quis pretii cupidus vidisset tui,",4a29be33-c117-4bfa-9931-112b0a7000db,5629,5636
939c79ab-f3ed-401d-908f-5b42296f7638,5e539393-ae90-496d-9f08-e5da7df1b3b6,VERS,4,Olim redisses ad splendorem pristinum.,4a29be33-c117-4bfa-9931-112b0a7000db,5637,5642
939c79ab-f3ed-401d-908f-5b42296f7638,44454d14-9e59-4365-ab46-d347b54d3e41,VERS,5,"Ego quod te inveni, potior cui multo est cibus,",4a29be33-c117-4bfa-9931-112b0a7000db,5643,5653
939c79ab-f3ed-401d-908f-5b42296f7638,e16c922f-8a2a-4ce0-b804-df1938ceff68,VERS,6,Nec tibi prodesse nec mihi quicquam potest.,4a29be33-c117-4bfa-9931-112b0a7000db,5654,5661
939c79ab-f3ed-401d-908f-5b42296f7638,fa76f369-5d57-4cb6-8e5e-aa0e139f4ccb,VERS,7,"Hoc illis narro, qui me non intellegunt.",4a29be33-c117-4bfa-9931-112b0a7000db,5662,5670
939c79ab-f3ed-401d-908f-5b42296f7638,1b04781f-dc59-4f38-a455-327ffdd06447,POEM,12,Apes et fuci vespa iudice.,4fa8a259-9a04-4e7d-b966-115a5032f40b,5671,5799
939c79ab-f3ed-401d-908f-5b42296f7638,db387aed-ff2d-4f8a-bd52-fb3f1581e834,TITL,0,Apes et fuci vespa iudice.,1b04781f-dc59-4f38-a455-327ffdd06447,5671,5676
939c79ab-f3ed-401d-908f-5b42296f7638,28c5b657-64ee-4f80-9b40-90e6905c3994,VERS,0,Apes in alta fecerant quercu favos:,1b04781f-dc59-4f38-a455-327ffdd06447,5677,5683
939c79ab-f3ed-401d-908f-5b42296f7638,cb2d2cf7-af39-43ca-a377-7acbdeeb9a1b,VERS,1,Hos fuci inertes esse dicebant suos.,1b04781f-dc59-4f38-a455-327ffdd06447,5684,5690
939c79ab-f3ed-401d-908f-5b42296f7638,b931676c-8daa-4e39-aafc-6cbb166475ab,VERS,2,"Lis ad forum deducta est, vespa iudice.",1b04781f-dc59-4f38-a455-327ffdd06447,5691,5699
939c79ab-f3ed-401d-908f-5b42296f7638,a2510990-4d7d-444e-ba1b-5da1ad29d329,VERS,3,"Quae genus utrumque nosset cum pulcherrime,",1b04781f-dc59-4f38-a455-327ffdd06447,5700,5706
939c79ab-f3ed-401d-908f-5b42296f7638,6f907942-6b22-477f-98c0-afb0908e81a6,VERS,4,Legem duabus hanc proposuit partibus:,1b04781f-dc59-4f38-a455-327ffdd06447,5707,5712
939c79ab-f3ed-401d-908f-5b42296f7638,8f7152f7-d2c7-4560-b2d9-56d21868642d,VERS,5,"Non inconveniens corpus et par est color,",1b04781f-dc59-4f38-a455-327ffdd06447,5713,5720
939c79ab-f3ed-401d-908f-5b42296f7638,7b259cf6-13f7-4ee3-85b2-f820917a2273,VERS,6,In dubium plane res ut merito venerit.,1b04781f-dc59-4f38-a455-327ffdd06447,5721,5728
939c79ab-f3ed-401d-908f-5b42296f7638,adbd443c-8588-4070-80e6-dbdb42436ed0,VERS,7,"Sed ne religio peccet imprudens mea,",1b04781f-dc59-4f38-a455-327ffdd06447,5729,5735
939c79ab-f3ed-401d-908f-5b42296f7638,b5b1181c-753d-411f-84ef-12bdb0ab11e4,VERS,8,"Alvos accipite et ceris opus infundite,",1b04781f-dc59-4f38-a455-327ffdd06447,5736,5742
939c79ab-f3ed-401d-908f-5b42296f7638,9f3f3782-8ff3-447b-b991-e77478a16a7e,VERS,9,"Ut ex sapore mellis et forma favi,",1b04781f-dc59-4f38-a455-327ffdd06447,5743,5750
939c79ab-f3ed-401d-908f-5b42296f7638,663b9103-8e84-4d47-8d3c-203d572e3464,VERS,10,"De quis nunc agitur, auctor horum appareat.",1b04781f-dc59-4f38-a455-327ffdd06447,5751,5759
939c79ab-f3ed-401d-908f-5b42296f7638,2eb55e4d-82ac-4de7-88e4-24d267fe66e5,VERS,11,Fuci recusant: apibus condicio placet.,1b04781f-dc59-4f38-a455-327ffdd06447,5760,5766
939c79ab-f3ed-401d-908f-5b42296f7638,e5531b80-aca2-4126-b006-d648e3924c7a,VERS,12,Tunc illa talem protulit sententiam:,1b04781f-dc59-4f38-a455-327ffdd06447,5767,5772
939c79ab-f3ed-401d-908f-5b42296f7638,9bf2d4f3-58b4-4c6f-a4cf-be4b2c5ca0d5,VERS,13,Apertum est quis non possit et quis fecerit.,1b04781f-dc59-4f38-a455-327ffdd06447,5773,5781
939c79ab-f3ed-401d-908f-5b42296f7638,49f8e56d-a01f-48ae-b417-2bd6abc12e7c,VERS,14,Quapropter apibus fructum restituo suum.,1b04781f-dc59-4f38-a455-327ffdd06447,5782,5787
939c79ab-f3ed-401d-908f-5b42296f7638,e104df78-e04b-461f-a97a-cbc0921c7ce9,VERS,15,"Hanc praeterissem fabulam silentio,",1b04781f-dc59-4f38-a455-327ffdd06447,5788,5792
939c79ab-f3ed-401d-908f-5b42296f7638,94cd88df-0d3d-4876-aab7-fe322404e0dc,VERS,16,Si pactam fuci non recusassent fidem.,1b04781f-dc59-4f38-a455-327ffdd06447,5793,5799
939c79ab-f3ed-401d-908f-5b42296f7638,e3f2c937-364c-4dd0-9e8a-76b74d2ef014,POEM,13,De lusu et severitate.,4fa8a259-9a04-4e7d-b966-115a5032f40b,5800,5897
939c79ab-f3ed-401d-908f-5b42296f7638,ebe356eb-0900-4630-85da-6ffc3bd18267,TITL,0,De lusu et severitate.,e3f2c937-364c-4dd0-9e8a-76b74d2ef014,5800,5804
939c79ab-f3ed-401d-908f-5b42296f7638,f24ac47f-146a-4012-acf0-3c8186cdac1b,VERS,0,Puerorum in turba quidam ludentem Atticus,e3f2c937-364c-4dd0-9e8a-76b74d2ef014,5805,5810
939c79ab-f3ed-401d-908f-5b42296f7638,3a4728d1-e3ac-441d-b2bf-3d5124ea72aa,VERS,1,"Aesopum nucibus cum vidisset, restitit",e3f2c937-364c-4dd0-9e8a-76b74d2ef014,5811,5816
939c79ab-f3ed-401d-908f-5b42296f7638,8ec607af-95f9-41c0-91c3-9bb3ea6dc6c0,VERS,2,Et quasi delirum risit. Quod sensit simul,e3f2c937-364c-4dd0-9e8a-76b74d2ef014,5817,5824
939c79ab-f3ed-401d-908f-5b42296f7638,e2ca71c9-228a-474a-b48c-6db38fd66507,VERS,3,"Derisor potius quam deridendus senex,",e3f2c937-364c-4dd0-9e8a-76b74d2ef014,5825,5830
939c79ab-f3ed-401d-908f-5b42296f7638,efb11a27-cc2f-4f90-89a0-5edc983353d2,VERS,4,Arcum retensum posuit in media via:,e3f2c937-364c-4dd0-9e8a-76b74d2ef014,5831,5837
939c79ab-f3ed-401d-908f-5b42296f7638,07ceb28d-bda7-4879-ba02-e2cffedd3691,VERS,5,"Heus! inquit sapiens, expedi quid fecerim.",e3f2c937-364c-4dd0-9e8a-76b74d2ef014,5838,5846
939c79ab-f3ed-401d-908f-5b42296f7638,9bb3f738-21d4-4205-beae-5a51bed3ffd7,VERS,6,Concurrit populus. Ille se torquet diu,e3f2c937-364c-4dd0-9e8a-76b74d2ef014,5847,5853
939c79ab-f3ed-401d-908f-5b42296f7638,33886b0a-424e-4610-ad19-d2223b174d57,VERS,7,Nec quaestionis positae causam intellegit.,e3f2c937-364c-4dd0-9e8a-76b74d2ef014,5854,5859
939c79ab-f3ed-401d-908f-5b42296f7638,32ab6d1e-3a47-4fd9-a529-4566132ac8e6,VERS,8,Novissime succumbit. Tum victor sophus:,e3f2c937-364c-4dd0-9e8a-76b74d2ef014,5860,5866
939c79ab-f3ed-401d-908f-5b42296f7638,bccc2e11-b96e-41a0-bc82-c6e2e313b6b1,VERS,9,Cito rumpes arcum semper si tensum habueris;,e3f2c937-364c-4dd0-9e8a-76b74d2ef014,5867,5874
939c79ab-f3ed-401d-908f-5b42296f7638,fe7f088d-c252-4141-b044-b263914423d6,VERS,10,"At si laxaris, cum voles erit utilis.",e3f2c937-364c-4dd0-9e8a-76b74d2ef014,5875,5883
939c79ab-f3ed-401d-908f-5b42296f7638,ca4d2e44-557e-4097-a7b7-c87998ba2683,VERS,11,"Sic lusus animo debent aliquando dari,",e3f2c937-364c-4dd0-9e8a-76b74d2ef014,5884,5890
939c79ab-f3ed-401d-908f-5b42296f7638,c5759f06-4f9b-4106-be1e-33dd7a8c9647,VERS,12,Ad cogitandum melior ut redeat tibi.,e3f2c937-364c-4dd0-9e8a-76b74d2ef014,5891,5897
939c79ab-f3ed-401d-908f-5b42296f7638,57e24011-06ad-4cfd-83a2-1e58870d7b71,POEM,14,Canis ad agnum.,4fa8a259-9a04-4e7d-b966-115a5032f40b,5898,6050
939c79ab-f3ed-401d-908f-5b42296f7638,f35c6a78-4c7f-42ff-b2e5-3af2958c1daf,TITL,0,Canis ad agnum.,57e24011-06ad-4cfd-83a2-1e58870d7b71,5898,5901
939c79ab-f3ed-401d-908f-5b42296f7638,3960deaa-a531-4869-a734-9f896369da2a,VERS,0,Inter capellas agno balanti canis:,57e24011-06ad-4cfd-83a2-1e58870d7b71,5902,5907
939c79ab-f3ed-401d-908f-5b42296f7638,961914b1-d8fd-4345-98e0-5fff1fd70913,VERS,1,"Stulte, inquit erras; non est hic mater tua;",57e24011-06ad-4cfd-83a2-1e58870d7b71,5908,5918
939c79ab-f3ed-401d-908f-5b42296f7638,c7178a6d-d178-42b9-9355-e0d5a7986793,VERS,2,Ovesque segregatas ostendit procul.,57e24011-06ad-4cfd-83a2-1e58870d7b71,5919,5923
939c79ab-f3ed-401d-908f-5b42296f7638,b5bcde8b-215f-4da3-89ef-dac11f8ff048,VERS,3,"Non illam quaero, quae, cum libitum est, concipit,",57e24011-06ad-4cfd-83a2-1e58870d7b71,5924,5935
939c79ab-f3ed-401d-908f-5b42296f7638,25070215-51ff-4efd-ba59-7a98f77de746,VERS,4,"Dein portat onus ignotum certis mensibus,",57e24011-06ad-4cfd-83a2-1e58870d7b71,5936,5942
939c79ab-f3ed-401d-908f-5b42296f7638,e10bb54f-9c0f-40f1-990d-378d1f74b8a3,VERS,5,Novissime prolapsam effundit sarcinam;,57e24011-06ad-4cfd-83a2-1e58870d7b71,5943,5947
939c79ab-f3ed-401d-908f-5b42296f7638,adc45b4c-26e8-4c86-b95e-2e65f1d26d26,VERS,6,"Verum illam, quae me nutrit admoto ubere",57e24011-06ad-4cfd-83a2-1e58870d7b71,5948,5955
939c79ab-f3ed-401d-908f-5b42296f7638,f3e69ac5-64f6-422b-b63e-91395132186b,VERS,7,"Fraudatque natos lacte, ne desit mihi.",57e24011-06ad-4cfd-83a2-1e58870d7b71,5956,5963
939c79ab-f3ed-401d-908f-5b42296f7638,2fe71331-5ba8-4518-b8d6-1c7576f84fa6,VERS,8,Tamen illa est potior quae te peperit. Non ita est.,57e24011-06ad-4cfd-83a2-1e58870d7b71,5964,5975
939c79ab-f3ed-401d-908f-5b42296f7638,cd96ccae-7bbb-4100-b94a-e3e392489de0,VERS,9,Unde illa scivit niger an albus nascerer?,57e24011-06ad-4cfd-83a2-1e58870d7b71,5976,5983
939c79ab-f3ed-401d-908f-5b42296f7638,6bb54470-8161-4c47-9ad8-f9a50a2437e5,VERS,10,"Age porro: parere si voluisset feminam,",57e24011-06ad-4cfd-83a2-1e58870d7b71,5984,5991
939c79ab-f3ed-401d-908f-5b42296f7638,fb6a726f-e7f7-4a71-9bbf-30a0cad8f215,VERS,11,"Quid profecisset, cum crearer masculus?",57e24011-06ad-4cfd-83a2-1e58870d7b71,5992,5998
939c79ab-f3ed-401d-908f-5b42296f7638,bc75ada9-e14b-4f51-a74a-8a814ad3a543,VERS,12,"Beneficium sane magnum natali dedit,",57e24011-06ad-4cfd-83a2-1e58870d7b71,5999,6004
939c79ab-f3ed-401d-908f-5b42296f7638,9ef3e74c-7acd-40ed-9afc-8d581742e7f3,VERS,13,Ut exspectarem lanium in horas singulas!,57e24011-06ad-4cfd-83a2-1e58870d7b71,6005,6011
939c79ab-f3ed-401d-908f-5b42296f7638,98bf9f62-a6aa-4bcc-9d28-a6a46f1d32d6,VERS,14,"Cuius potestas nulla in gignendo fuit,",57e24011-06ad-4cfd-83a2-1e58870d7b71,6012,6018
939c79ab-f3ed-401d-908f-5b42296f7638,f34ec1c1-63c8-49f3-ab37-1e5262ed5d84,VERS,15,Cur hac sit potior quae iacentis miserita est,57e24011-06ad-4cfd-83a2-1e58870d7b71,6019,6026
939c79ab-f3ed-401d-908f-5b42296f7638,b40fd449-d1bd-4873-a70d-4a1009c4844e,VERS,16,Dulcemque sponte praestat benevolentiam?,57e24011-06ad-4cfd-83a2-1e58870d7b71,6027,6031
939c79ab-f3ed-401d-908f-5b42296f7638,ba98e674-335a-4569-a399-3b36f2c749ef,VERS,17,"Facit parentes bonitas, non necessitas.",57e24011-06ad-4cfd-83a2-1e58870d7b71,6032,6038
939c79ab-f3ed-401d-908f-5b42296f7638,d70f7dea-2dea-420f-b7c4-effa644ab3c5,VERS,18,His demonstrare voluit auctor versibus,57e24011-06ad-4cfd-83a2-1e58870d7b71,6039,6043
939c79ab-f3ed-401d-908f-5b42296f7638,ffececfd-fe41-4eeb-9439-879380718ae4,VERS,19,"Obsistere homines legibus, meritis capi.",57e24011-06ad-4cfd-83a2-1e58870d7b71,6044,6050
939c79ab-f3ed-401d-908f-5b42296f7638,a0ccb398-fec3-4f32-8b51-8932b462865d,POEM,15,Cicada et noctua.,4fa8a259-9a04-4e7d-b966-115a5032f40b,6051,6184
939c79ab-f3ed-401d-908f-5b42296f7638,432d84e5-e772-40b0-9749-1451310c50f5,TITL,0,Cicada et noctua.,a0ccb398-fec3-4f32-8b51-8932b462865d,6051,6054
939c79ab-f3ed-401d-908f-5b42296f7638,c65a2b39-2a89-4452-869d-09c3604878d1,VERS,0,"Humanitati qui se non accommodat,",a0ccb398-fec3-4f32-8b51-8932b462865d,6055,6060
939c79ab-f3ed-401d-908f-5b42296f7638,0107f7c1-ed02-4bbc-995b-869420b0dd65,VERS,1,Plerumque poenas oppetit superbiae.,a0ccb398-fec3-4f32-8b51-8932b462865d,6061,6065
939c79ab-f3ed-401d-908f-5b42296f7638,98f5b3ba-ab83-47d3-80c1-3e002ff44d47,VERS,2,Cicada acerbum noctuae convicium,a0ccb398-fec3-4f32-8b51-8932b462865d,6066,6069
939c79ab-f3ed-401d-908f-5b42296f7638,d12d282c-e2d4-4833-81cb-0e43c9dfd174,VERS,3,"Faciebat, solitae victum in tenebris quaerere",a0ccb398-fec3-4f32-8b51-8932b462865d,6070,6076
939c79ab-f3ed-401d-908f-5b42296f7638,a378978e-4093-4b24-9aae-43c63879a551,VERS,4,Cavoque ramo capere somnum interdiu.,a0ccb398-fec3-4f32-8b51-8932b462865d,6077,6082
939c79ab-f3ed-401d-908f-5b42296f7638,051f0698-7807-48a6-8180-08dce198488f,VERS,5,Rogata est ut taceret. Multo validius,a0ccb398-fec3-4f32-8b51-8932b462865d,6083,6089
939c79ab-f3ed-401d-908f-5b42296f7638,2039f77f-47f7-4b6d-a456-d4b3a11578ae,VERS,6,Clamare occepit. Rursus admota prece,a0ccb398-fec3-4f32-8b51-8932b462865d,6090,6095
939c79ab-f3ed-401d-908f-5b42296f7638,4edc12ad-50fe-4c20-806d-0e8043487ed1,VERS,7,Accensa magis est. Noctua ut vidit sibi,a0ccb398-fec3-4f32-8b51-8932b462865d,6096,6103
939c79ab-f3ed-401d-908f-5b42296f7638,62bf77fe-2d33-47dc-a850-f609c4353738,VERS,8,"Nullum esse auxilium et verba contemni sua,",a0ccb398-fec3-4f32-8b51-8932b462865d,6104,6111
939c79ab-f3ed-401d-908f-5b42296f7638,e1e96f28-be43-460e-8ac1-d6ffc7d607dc,VERS,9,Hac est aggressa garrulam fallacia:,a0ccb398-fec3-4f32-8b51-8932b462865d,6112,6117
939c79ab-f3ed-401d-908f-5b42296f7638,ab1735b7-d862-4ea0-81fe-a509afe1ed9f,VERS,10,"Dormire quia me non sinunt cantus tui,",a0ccb398-fec3-4f32-8b51-8932b462865d,6118,6125
939c79ab-f3ed-401d-908f-5b42296f7638,177fedbc-c867-405a-b1b9-5d1c8fee7128,VERS,11,"Sonare citharam quos putes Apollinis,",a0ccb398-fec3-4f32-8b51-8932b462865d,6126,6131
939c79ab-f3ed-401d-908f-5b42296f7638,054d3150-5126-4299-bef6-b5eac3709293,VERS,12,"Potare est animus nectar, quod Pallas mihi",a0ccb398-fec3-4f32-8b51-8932b462865d,6132,6139
939c79ab-f3ed-401d-908f-5b42296f7638,146f5df2-5349-477e-a45a-f7992ee52199,VERS,13,"Nuper donavit; si non fastidis, veni;",a0ccb398-fec3-4f32-8b51-8932b462865d,6140,6148
939c79ab-f3ed-401d-908f-5b42296f7638,e960fdf0-e640-4548-90ee-75685a4b56c4,VERS,14,"Una bibamus. Illa, quae arebat siti,",a0ccb398-fec3-4f32-8b51-8932b462865d,6149,6157
939c79ab-f3ed-401d-908f-5b42296f7638,637d6a11-5a72-4771-a243-90f6f0cf2522,VERS,15,"Simul cognovit vocem laudari suam,",a0ccb398-fec3-4f32-8b51-8932b462865d,6158,6163
939c79ab-f3ed-401d-908f-5b42296f7638,ae5194ef-17ce-4189-a9b0-553fd76152bc,VERS,16,Cupide advolavit. Noctua egressa e cavo,a0ccb398-fec3-4f32-8b51-8932b462865d,6164,6170
939c79ab-f3ed-401d-908f-5b42296f7638,38272f9f-d969-4d33-95bd-0b9cc36b0be4,VERS,17,Trepidantem consectata est et leto dedit.,a0ccb398-fec3-4f32-8b51-8932b462865d,6171,6177
939c79ab-f3ed-401d-908f-5b42296f7638,bb0d2e50-917e-41a2-a546-b46f8ff0180f,VERS,18,Sic viva quod negarat tribuit mortua.,a0ccb398-fec3-4f32-8b51-8932b462865d,6178,6184
939c79ab-f3ed-401d-908f-5b42296f7638,a6c6348d-8897-4ad3-a996-faeb1b12ba28,POEM,16,Arbores in deorum tutela.,4fa8a259-9a04-4e7d-b966-115a5032f40b,6185,6284
939c79ab-f3ed-401d-908f-5b42296f7638,0034ef1c-6e25-43c2-bafd-f80dde10fcb4,TITL,0,Arbores in deorum tutela.,a6c6348d-8897-4ad3-a996-faeb1b12ba28,6185,6189
939c79ab-f3ed-401d-908f-5b42296f7638,feab2aea-be67-4d74-8422-fe1f1aaa8e8d,VERS,0,"Olim quas vellent esse in tutela sua,",a6c6348d-8897-4ad3-a996-faeb1b12ba28,6190,6197
939c79ab-f3ed-401d-908f-5b42296f7638,27f0a096-d0c7-4fe0-8722-0df527e88642,VERS,1,Divi legerunt arbores. Quercus Iovi,a6c6348d-8897-4ad3-a996-faeb1b12ba28,6198,6203
939c79ab-f3ed-401d-908f-5b42296f7638,1cc6cd3e-cfae-44bb-b62b-56379e7b81ea,VERS,2,"Et myrtus Veneri placuit, Phoebo laurea,",a6c6348d-8897-4ad3-a996-faeb1b12ba28,6204,6211
939c79ab-f3ed-401d-908f-5b42296f7638,0f64d495-1038-4cdc-b7ad-8fa4e99725c4,VERS,3,"Pinus Cybebae, populus celsa Herculi.",a6c6348d-8897-4ad3-a996-faeb1b12ba28,6212,6218
939c79ab-f3ed-401d-908f-5b42296f7638,fd2841c2-a00e-4305-9b5b-bff40158e7f9,VERS,4,"Minerva admirans, quare steriles sumerent",a6c6348d-8897-4ad3-a996-faeb1b12ba28,6219,6224
939c79ab-f3ed-401d-908f-5b42296f7638,00d3ade5-5309-4b74-8b4b-5609f406f92f,VERS,5,Interrogavit. Causam dixit Iuppiter:,a6c6348d-8897-4ad3-a996-faeb1b12ba28,6225,6230
939c79ab-f3ed-401d-908f-5b42296f7638,bc81197b-c257-4248-b47f-c09743e82240,VERS,6,Honorem fructu ne videamur vendere.,a6c6348d-8897-4ad3-a996-faeb1b12ba28,6231,6236
939c79ab-f3ed-401d-908f-5b42296f7638,58c00fc3-79ac-494c-bf42-549780b93f3e,VERS,7,"At mehercules narrabit quod quis voluerit,",a6c6348d-8897-4ad3-a996-faeb1b12ba28,6237,6243
939c79ab-f3ed-401d-908f-5b42296f7638,17b2a786-d226-41f6-80be-0acde2562596,VERS,8,Oliva nobis propter fructum est gratior.,a6c6348d-8897-4ad3-a996-faeb1b12ba28,6244,6250
939c79ab-f3ed-401d-908f-5b42296f7638,4fa2917a-8907-4e1f-8bd7-143c25e57b63,VERS,9,Tunc sic deorum genitor atque hominum sator:,a6c6348d-8897-4ad3-a996-faeb1b12ba28,6251,6258
939c79ab-f3ed-401d-908f-5b42296f7638,d1aff432-5595-4352-92f6-afecb3ca751f,VERS,10,"O nata, merito sapiens dicere omnibus!",a6c6348d-8897-4ad3-a996-faeb1b12ba28,6259,6266
939c79ab-f3ed-401d-908f-5b42296f7638,8168fe01-942e-4ee1-8380-624d5e2c4091,VERS,11,"Nisi utile est quod facimus, stulta est gloria.",a6c6348d-8897-4ad3-a996-faeb1b12ba28,6267,6276
939c79ab-f3ed-401d-908f-5b42296f7638,b6f8601c-edb3-41e5-a225-19caa6de0de5,VERS,12,Nihil agere quod non prosit fabella admonet.,a6c6348d-8897-4ad3-a996-faeb1b12ba28,6277,6284
939c79ab-f3ed-401d-908f-5b42296f7638,e21ad38d-5047-4be4-8b03-8ff23579d684,POEM,17,Pavo ad Iunonem de voce sua.,4fa8a259-9a04-4e7d-b966-115a5032f40b,6285,6396
939c79ab-f3ed-401d-908f-5b42296f7638,69740016-3d22-4378-a2cd-316dfee23de9,TITL,0,Pavo ad Iunonem de voce sua.,e21ad38d-5047-4be4-8b03-8ff23579d684,6285,6291
939c79ab-f3ed-401d-908f-5b42296f7638,8158843e-6e0a-4509-816c-a50b35cf741c,VERS,0,"Pavo ad Iunonem venit, indigne ferens",e21ad38d-5047-4be4-8b03-8ff23579d684,6292,6298
939c79ab-f3ed-401d-908f-5b42296f7638,0e91a7ff-0297-435c-9d9f-18228219e7c2,VERS,1,Cantus luscinii quod sibi non tribuerit;,e21ad38d-5047-4be4-8b03-8ff23579d684,6299,6305
939c79ab-f3ed-401d-908f-5b42296f7638,cb0bb840-edcb-4dd6-b463-d660e886baab,VERS,2,"Illum esse cunctis avibus admirabilem,",e21ad38d-5047-4be4-8b03-8ff23579d684,6306,6311
939c79ab-f3ed-401d-908f-5b42296f7638,21c02b5f-3044-48d0-b52c-a3f3a2f2e8f6,VERS,3,Se derideri simul ac vocem miserit.,e21ad38d-5047-4be4-8b03-8ff23579d684,6312,6318
939c79ab-f3ed-401d-908f-5b42296f7638,3101873f-0a09-434c-ae24-d5b919fabb4b,VERS,4,Tunc consolandi gratia dixit dea:,e21ad38d-5047-4be4-8b03-8ff23579d684,6319,6324
939c79ab-f3ed-401d-908f-5b42296f7638,535a80dc-622c-48a9-8351-2b44dabaec37,VERS,5,"Sed forma vincis, vincis magnitudine;",e21ad38d-5047-4be4-8b03-8ff23579d684,6325,6331
939c79ab-f3ed-401d-908f-5b42296f7638,fafcceba-ce2a-47aa-994d-0127d254c6e0,VERS,6,Nitor smaragdi collo praefulget tuo,e21ad38d-5047-4be4-8b03-8ff23579d684,6332,6336
939c79ab-f3ed-401d-908f-5b42296f7638,b2332c7b-f075-453f-bf3a-e91b175437d7,VERS,7,Pictisque plumis gemmeam caudam explicas.,e21ad38d-5047-4be4-8b03-8ff23579d684,6337,6342
939c79ab-f3ed-401d-908f-5b42296f7638,00a25a5c-d691-431b-ba42-bec31211e01b,VERS,8,"Quo mi inquit mutam speciem, si vincor sono?",e21ad38d-5047-4be4-8b03-8ff23579d684,6343,6352
939c79ab-f3ed-401d-908f-5b42296f7638,c9d23658-d304-4937-9897-e385753a0803,VERS,9,Fatorum arbitrio partes sunt vobis datae:,e21ad38d-5047-4be4-8b03-8ff23579d684,6353,6359
939c79ab-f3ed-401d-908f-5b42296f7638,993f473e-1544-4a26-a97b-839acd591115,VERS,10,"Tibi forma, vires aquilae, luscinio melos,",e21ad38d-5047-4be4-8b03-8ff23579d684,6360,6368
939c79ab-f3ed-401d-908f-5b42296f7638,c4618529-462c-411f-8c4a-840cc74c9d93,VERS,11,"Augurium corvo, laeva cornici omina,",e21ad38d-5047-4be4-8b03-8ff23579d684,6369,6375
939c79ab-f3ed-401d-908f-5b42296f7638,ea571b78-6452-4da1-9fd8-470c206d130b,VERS,12,Omnesque propriis sunt contentae dotibus.,e21ad38d-5047-4be4-8b03-8ff23579d684,6376,6381
939c79ab-f3ed-401d-908f-5b42296f7638,f7431489-17a0-4965-b750-054e2fbc313d,VERS,13,"Noli affectare quod tibi non est datum,",e21ad38d-5047-4be4-8b03-8ff23579d684,6382,6389
939c79ab-f3ed-401d-908f-5b42296f7638,85baa0ae-d776-45ee-aab7-a90bb07efb18,VERS,14,Delusa ne spes ad querelam reccidat.,e21ad38d-5047-4be4-8b03-8ff23579d684,6390,6396
939c79ab-f3ed-401d-908f-5b42296f7638,38b01e89-2815-4a00-bd6b-63991511f226,POEM,18,Aesopus respondet garrulo.,4fa8a259-9a04-4e7d-b966-115a5032f40b,6397,6486
939c79ab-f3ed-401d-908f-5b42296f7638,bf780b42-fd09-4d27-be2b-0a2ba8ad0bb7,TITL,0,Aesopus respondet garrulo.,38b01e89-2815-4a00-bd6b-63991511f226,6397,6400
939c79ab-f3ed-401d-908f-5b42296f7638,a0373685-131a-449d-8ce0-e5a043b7351e,VERS,0,"Aesopus domino solus cum esset familia,",38b01e89-2815-4a00-bd6b-63991511f226,6401,6407
939c79ab-f3ed-401d-908f-5b42296f7638,2613b51a-0a74-4d4c-b5f1-b32cb558cced,VERS,1,Parare cenam iussus est maturius.,38b01e89-2815-4a00-bd6b-63991511f226,6408,6413
939c79ab-f3ed-401d-908f-5b42296f7638,9ea0aae2-92f2-4bf5-b9a7-b665f502b801,VERS,2,"Ignem ergo quaerens aliquot lustravit domus,",38b01e89-2815-4a00-bd6b-63991511f226,6414,6420
939c79ab-f3ed-401d-908f-5b42296f7638,6e431f07-7f9e-4ff9-b7db-32c2794ef381,VERS,3,Tandemque invenit ubi lucernam accenderet.,38b01e89-2815-4a00-bd6b-63991511f226,6421,6426
939c79ab-f3ed-401d-908f-5b42296f7638,1f81fe24-af48-410c-a316-0184e1b860ff,VERS,4,Tum circumeunti fuerat quod iter longius,38b01e89-2815-4a00-bd6b-63991511f226,6427,6432
939c79ab-f3ed-401d-908f-5b42296f7638,49012328-1f5f-4584-aaef-b4e2694a41e9,VERS,5,Effecit brevius: namque recta per forum,38b01e89-2815-4a00-bd6b-63991511f226,6433,6439
939c79ab-f3ed-401d-908f-5b42296f7638,1be0ac9e-1bef-4ef5-90f5-e223b3e9eee2,VERS,6,Coepit redire. Et quidam e turba garrulus:,38b01e89-2815-4a00-bd6b-63991511f226,6440,6448
939c79ab-f3ed-401d-908f-5b42296f7638,9d37d077-7273-4351-9dd8-d8858452b932,VERS,7,"Aesope, medio sole quid cum lumine?",38b01e89-2815-4a00-bd6b-63991511f226,6449,6456
939c79ab-f3ed-401d-908f-5b42296f7638,4c24a7b9-b392-4019-93d3-b5b6e50a607b,VERS,8,"Hominem inquit quaero, et abiit festinans domum.",38b01e89-2815-4a00-bd6b-63991511f226,6457,6465
939c79ab-f3ed-401d-908f-5b42296f7638,c045678e-0ef1-48cc-b976-22b1d4984476,VERS,9,"Hoc si molestus ille ad animum rettulit,",38b01e89-2815-4a00-bd6b-63991511f226,6466,6473
939c79ab-f3ed-401d-908f-5b42296f7638,59dbcf18-7fb4-4310-9ef5-40a4f2a036d9,VERS,10,"Sensit profecto se hominem non visum seni,",38b01e89-2815-4a00-bd6b-63991511f226,6474,6481
939c79ab-f3ed-401d-908f-5b42296f7638,7af44643-251b-41ad-ba74-0d994e888b68,VERS,11,Intempestive qui occupato alluserit.,38b01e89-2815-4a00-bd6b-63991511f226,6482,6486
939c79ab-f3ed-401d-908f-5b42296f7638,0a15d1fd-2332-4405-803b-fc287290f539,EPIL,0,Poeta.,4fa8a259-9a04-4e7d-b966-115a5032f40b,6487,6726
939c79ab-f3ed-401d-908f-5b42296f7638,fe4bd155-0f74-4737-b7ae-a296836e8891,TITL,0,Poeta.,0a15d1fd-2332-4405-803b-fc287290f539,6487,6488
939c79ab-f3ed-401d-908f-5b42296f7638,cb585982-4fbc-4b12-b60c-5951a2d6d201,VERS,0,"Supersunt mihi quae scribam, sed parco sciens,",0a15d1fd-2332-4405-803b-fc287290f539,6489,6497
939c79ab-f3ed-401d-908f-5b42296f7638,c71e544a-4180-47bf-928d-b87972c0f0bb,VERS,1,"Primum ne videar esse tibi molestior,",0a15d1fd-2332-4405-803b-fc287290f539,6498,6504
939c79ab-f3ed-401d-908f-5b42296f7638,5a425cfd-4996-4c50-b4c5-8c2d1d773b28,VERS,2,Distringit quem multarum rerum varietas;,0a15d1fd-2332-4405-803b-fc287290f539,6505,6510
939c79ab-f3ed-401d-908f-5b42296f7638,9409e6d0-ab10-4d53-aa68-966842deb8cc,VERS,3,"Dein si quis eadem forte conari velit,",0a15d1fd-2332-4405-803b-fc287290f539,6511,6518
939c79ab-f3ed-401d-908f-5b42296f7638,7aa88951-03e4-4a37-addf-322239a6be36,VERS,4,Habere ut possit aliquid operis residui:,0a15d1fd-2332-4405-803b-fc287290f539,6519,6525
939c79ab-f3ed-401d-908f-5b42296f7638,8b4d15d1-540b-49df-bc89-fc46ac35b3a9,VERS,5,"Quamvis materiae tanta abundet copia,",0a15d1fd-2332-4405-803b-fc287290f539,6526,6531
939c79ab-f3ed-401d-908f-5b42296f7638,c559c895-8d09-4969-b81d-ec42655eecc0,VERS,6,"Labori faber ut desit, non fabro labor.",0a15d1fd-2332-4405-803b-fc287290f539,6532,6540
939c79ab-f3ed-401d-908f-5b42296f7638,ff2b6665-5703-4f4f-ab3d-23b54b209485,VERS,7,Brevitati nostrae praemium ut reddas peto,0a15d1fd-2332-4405-803b-fc287290f539,6541,6546
939c79ab-f3ed-401d-908f-5b42296f7638,749e8ebe-63c1-4daa-84c0-404782f2a5bc,VERS,8,Quod es pollicitus: exhibe vocis fidem.,0a15d1fd-2332-4405-803b-fc287290f539,6547,6554
939c79ab-f3ed-401d-908f-5b42296f7638,d548cc51-62e5-4756-a432-e4ffcc32db8f,VERS,9,"Nam vita morti propior est cotidie,",0a15d1fd-2332-4405-803b-fc287290f539,6555,6561
939c79ab-f3ed-401d-908f-5b42296f7638,fbf3e5e2-9ec3-4f22-a142-809248190de9,VERS,10,"Et hoc minus perveniet ad me muneris,",0a15d1fd-2332-4405-803b-fc287290f539,6562,6569
939c79ab-f3ed-401d-908f-5b42296f7638,955a4f18-c11a-4ec6-81e4-a986e25ff859,VERS,11,Quo plus consumet temporis dilatio.,0a15d1fd-2332-4405-803b-fc287290f539,6570,6575
939c79ab-f3ed-401d-908f-5b42296f7638,55f3a272-0453-44d1-85ad-0027489efa9c,VERS,12,"Si cito rem perages, usus fiet longior:",0a15d1fd-2332-4405-803b-fc287290f539,6576,6584
939c79ab-f3ed-401d-908f-5b42296f7638,49461d39-f6d9-4dc9-a87f-6fe7a5dcc4cf,VERS,13,"Fruar diutius, si celerius coepero.",0a15d1fd-2332-4405-803b-fc287290f539,6585,6591
939c79ab-f3ed-401d-908f-5b42296f7638,88703553-3705-46b7-b387-2d062bccf904,VERS,14,"Languentis aevi dum sunt aliquae reliquiae,",0a15d1fd-2332-4405-803b-fc287290f539,6592,6598
939c79ab-f3ed-401d-908f-5b42296f7638,08419fef-0ea6-4fe7-aeb4-6caef4b30db6,VERS,15,Auxilio locus est: olim senio debilem,0a15d1fd-2332-4405-803b-fc287290f539,6599,6605
939c79ab-f3ed-401d-908f-5b42296f7638,5d32ab71-4001-4df1-bc72-55459da7f4ad,VERS,16,"Frustra adiuvare bonitas nitetur tua,",0a15d1fd-2332-4405-803b-fc287290f539,6606,6611
939c79ab-f3ed-401d-908f-5b42296f7638,adbaf28a-7ec9-4bbf-9b7b-5d58580d6d47,VERS,17,Cum iam desierit esse beneficium utile,0a15d1fd-2332-4405-803b-fc287290f539,6612,6617
939c79ab-f3ed-401d-908f-5b42296f7638,5005cf73-34c9-49ea-8bc8-4ceb8eb69581,VERS,18,Et mors vicina flagitabit debitum.,0a15d1fd-2332-4405-803b-fc287290f539,6618,6623
939c79ab-f3ed-401d-908f-5b42296f7638,37a48766-717c-47a4-8dd5-b238e1248f4a,VERS,19,"Stultum admovere tibi preces existimo,",0a15d1fd-2332-4405-803b-fc287290f539,6624,6629
939c79ab-f3ed-401d-908f-5b42296f7638,bd5d8ee8-c084-4dfe-885d-2a83647abf6a,VERS,20,Proclivis ultro cum sit misericordia.,0a15d1fd-2332-4405-803b-fc287290f539,6630,6635
939c79ab-f3ed-401d-908f-5b42296f7638,c9e229f2-8d1a-4c73-a1a0-f52765a0dfc9,VERS,21,Saepe impetravit veniam confessus reus:,0a15d1fd-2332-4405-803b-fc287290f539,6636,6641
939c79ab-f3ed-401d-908f-5b42296f7638,b8e0953c-2dfd-427f-8216-c76fb046e84a,VERS,22,Quanto innocenti iustius debet dari?,0a15d1fd-2332-4405-803b-fc287290f539,6642,6647
939c79ab-f3ed-401d-908f-5b42296f7638,90f9379a-7098-4fad-8345-8e46245fd00b,VERS,23,"Tuae sunt partes; fuerunt aliorum prius,",0a15d1fd-2332-4405-803b-fc287290f539,6648,6655
939c79ab-f3ed-401d-908f-5b42296f7638,143c05e6-dc42-433a-b61a-ec235b7a246c,VERS,24,Dein simili gyro venient aliorum vices.,0a15d1fd-2332-4405-803b-fc287290f539,6656,6662
939c79ab-f3ed-401d-908f-5b42296f7638,3bf417dd-cbe5-4e93-b92f-774095244d32,VERS,25,"Decerne quod religio, quod patitur fides,",0a15d1fd-2332-4405-803b-fc287290f539,6663,6670
939c79ab-f3ed-401d-908f-5b42296f7638,e12202af-3627-445d-86f1-bca5cb2a1200,VERS,26,Et graviter me tutare iudicio tuo.,0a15d1fd-2332-4405-803b-fc287290f539,6671,6677
939c79ab-f3ed-401d-908f-5b42296f7638,bfad4c89-3b97-4066-9d32-41b0e845f2f6,VERS,27,Excedit animus quem proposuit terminum;,0a15d1fd-2332-4405-803b-fc287290f539,6678,6683
939c79ab-f3ed-401d-908f-5b42296f7638,502b7887-bb2e-4221-a1b1-b4f4aa74c96c,VERS,28,"Sed difficulter continetur spiritus,",0a15d1fd-2332-4405-803b-fc287290f539,6684,6688
939c79ab-f3ed-401d-908f-5b42296f7638,3912b092-e04b-49c4-96ac-91f676d2e509,VERS,29,Integritatis qui sincerae conscius,0a15d1fd-2332-4405-803b-fc287290f539,6689,6692
939c79ab-f3ed-401d-908f-5b42296f7638,6df2fe22-8d7e-4791-b1d4-09b3d07f9755,VERS,30,A noxiorum premitur insolentiis.,0a15d1fd-2332-4405-803b-fc287290f539,6693,6697
939c79ab-f3ed-401d-908f-5b42296f7638,d8000649-577e-4f24-bb63-2efe30de4050,VERS,31,"Qui sint, requires; apparebunt tempore.",0a15d1fd-2332-4405-803b-fc287290f539,6698,6705
939c79ab-f3ed-401d-908f-5b42296f7638,af5606d5-2045-4f18-8790-b9530589648b,VERS,32,"Ego, quondam legi quam puer sententiam,",0a15d1fd-2332-4405-803b-fc287290f539,6706,6713
939c79ab-f3ed-401d-908f-5b42296f7638,85fb31ed-165d-42f4-a2dc-64ee5b7cd8be,VERS,33,"Palam muttire plebeio piaculum est,",0a15d1fd-2332-4405-803b-fc287290f539,6714,6719
939c79ab-f3ed-401d-908f-5b42296f7638,7f9d29db-5998-4cd3-afa2-8167b378ae9e,VERS,34,"Dum sanitas constabit, pulchre meminero.",0a15d1fd-2332-4405-803b-fc287290f539,6720,6726
939c79ab-f3ed-401d-908f-5b42296f7638,4fa8a259-9a04-4e7d-b966-115a5032f40b,BOOK,2,Liber Tertius,,3807,6726
939c79ab-f3ed-401d-908f-5b42296f7638,8e0ad9fb-006f-4515-8b98-dead59136698,TITL,0,Liber Quartus,f7deca28-43c2-4a9c-8491-f7e0b9bb5731,6727,6728
939c79ab-f3ed-401d-908f-5b42296f7638,efdd5fa7-08c9-48d8-983f-554cca53b3ee,PROL,0,Poeta ad Particulonem.,f7deca28-43c2-4a9c-8491-f7e0b9bb5731,6729,6879
939c79ab-f3ed-401d-908f-5b42296f7638,ff6dc7a8-c7f1-4074-abd4-cdd6d8d98718,TITL,0,Poeta ad Particulonem.,efdd5fa7-08c9-48d8-983f-554cca53b3ee,6729,6732
939c79ab-f3ed-401d-908f-5b42296f7638,ea259b8c-f3af-426f-a87a-a9ec2e4bf5b4,VERS,0,Cum destinassem operis habere terminum,efdd5fa7-08c9-48d8-983f-554cca53b3ee,6733,6737
939c79ab-f3ed-401d-908f-5b42296f7638,9a2bfe90-3dd9-4d2a-8bac-f8d7d5061243,VERS,1,"In hoc, ut aliis esset materiae satis,",efdd5fa7-08c9-48d8-983f-554cca53b3ee,6738,6746
939c79ab-f3ed-401d-908f-5b42296f7638,a471fe78-a301-4a74-b61d-d2dfe4734536,VERS,2,Consilium tacito corde damnavi meum.,efdd5fa7-08c9-48d8-983f-554cca53b3ee,6747,6752
939c79ab-f3ed-401d-908f-5b42296f7638,f4a6a160-0187-4ce8-97f0-39efff109dab,VERS,3,"Nam si quis talis etiam tituli est appetens,",efdd5fa7-08c9-48d8-983f-554cca53b3ee,6753,6761
939c79ab-f3ed-401d-908f-5b42296f7638,3cb2d244-3458-426d-910e-d06622fa5641,VERS,4,"Quo pacto divinabit quidnam omiserim,",efdd5fa7-08c9-48d8-983f-554cca53b3ee,6762,6767
939c79ab-f3ed-401d-908f-5b42296f7638,66af626b-2893-48a9-9f5e-842c3044c845,VERS,5,"Ut illud ipsum cupiat famae tradere,",efdd5fa7-08c9-48d8-983f-554cca53b3ee,6768,6774
939c79ab-f3ed-401d-908f-5b42296f7638,b9b95d36-d127-4c89-a462-335219029b67,VERS,6,Sua cuique cum sit animi cogitatio,efdd5fa7-08c9-48d8-983f-554cca53b3ee,6775,6780
939c79ab-f3ed-401d-908f-5b42296f7638,d950f891-3d6b-4bcd-ac31-9a23f0c4ab0b,VERS,7,"Colorque proprius? Ergo non levitas mihi,",efdd5fa7-08c9-48d8-983f-554cca53b3ee,6781,6788
939c79ab-f3ed-401d-908f-5b42296f7638,7f6a4b73-73de-43e3-807f-3840e4aa5c25,VERS,8,Sed certa ratio causam scribendi dedit.,efdd5fa7-08c9-48d8-983f-554cca53b3ee,6789,6795
939c79ab-f3ed-401d-908f-5b42296f7638,ee5bfed7-1bbc-48de-b013-42de8e3d7d0e,VERS,9,"Quare, Particulo, quoniam caperis fabulis,",efdd5fa7-08c9-48d8-983f-554cca53b3ee,6796,6803
939c79ab-f3ed-401d-908f-5b42296f7638,3e6d9896-d9cb-405e-9522-dbf0590a7620,VERS,10,"(Quas Aesopias, non Aesopi, nomino,",efdd5fa7-08c9-48d8-983f-554cca53b3ee,6804,6812
939c79ab-f3ed-401d-908f-5b42296f7638,7c582091-8b0a-4045-81ab-a24d0a758771,VERS,11,"Quia paucas ille ostendit, ego plures fero,",efdd5fa7-08c9-48d8-983f-554cca53b3ee,6813,6821
939c79ab-f3ed-401d-908f-5b42296f7638,392b4812-35e7-4415-990f-ff2cb0cfa655,VERS,12,"Usus vetusto genere, sed rebus novis),",efdd5fa7-08c9-48d8-983f-554cca53b3ee,6822,6830
939c79ab-f3ed-401d-908f-5b42296f7638,0837e844-bc67-49f3-a345-339c8f8fff74,VERS,13,"Quartum libellum, cum vacarit, perleges.",efdd5fa7-08c9-48d8-983f-554cca53b3ee,6831,6838
939c79ab-f3ed-401d-908f-5b42296f7638,b56d23a8-c36f-4acf-832a-5364f983ef85,VERS,14,"Hunc obtrectare si volet malignitas,",efdd5fa7-08c9-48d8-983f-554cca53b3ee,6839,6844
939c79ab-f3ed-401d-908f-5b42296f7638,8399658a-5172-40a6-8e13-ff249040ec53,VERS,15,"Imitari dum non possit, obtrectet licet.",efdd5fa7-08c9-48d8-983f-554cca53b3ee,6845,6852
939c79ab-f3ed-401d-908f-5b42296f7638,76564d8d-90a1-4df5-8f87-63b3be04a334,VERS,16,"Mihi parta laus est quod tu, quod similes tui",efdd5fa7-08c9-48d8-983f-554cca53b3ee,6853,6862
939c79ab-f3ed-401d-908f-5b42296f7638,7c962497-0b2d-4f7e-bd28-747026cfb88a,VERS,17,"Vestras in chartas verba transfertis mea,",efdd5fa7-08c9-48d8-983f-554cca53b3ee,6863,6869
939c79ab-f3ed-401d-908f-5b42296f7638,1b8da0f2-5957-43b8-903a-3803c7a2b643,VERS,18,Dignumque longa iudicatis memoria.,efdd5fa7-08c9-48d8-983f-554cca53b3ee,6870,6874
939c79ab-f3ed-401d-908f-5b42296f7638,feae0798-c6ef-40ff-bc5f-26264e69c4fc,VERS,19,Illitteratum plausum nec desidero.,efdd5fa7-08c9-48d8-983f-554cca53b3ee,6875,6879
939c79ab-f3ed-401d-908f-5b42296f7638,128e52e6-1c11-4238-b06f-f1d2af2d1676,POEM,0,Asinus et Galli.,f7deca28-43c2-4a9c-8491-f7e0b9bb5731,6880,6957
939c79ab-f3ed-401d-908f-5b42296f7638,02e8e6a9-f52e-4fb1-8461-2a17b26a45c3,TITL,0,Asinus et Galli.,128e52e6-1c11-4238-b06f-f1d2af2d1676,6880,6883
939c79ab-f3ed-401d-908f-5b42296f7638,67d9efe4-b835-4225-89fe-f46d534d18b6,VERS,0,"Qui natus est infelix, non vitam modo",128e52e6-1c11-4238-b06f-f1d2af2d1676,6884,6891
939c79ab-f3ed-401d-908f-5b42296f7638,6036b9b8-3033-4d1a-82b0-3c7f09246ba4,VERS,1,"Tristem decurrit, verum post obitum quoque",128e52e6-1c11-4238-b06f-f1d2af2d1676,6892,6898
939c79ab-f3ed-401d-908f-5b42296f7638,a2763d60-99c3-4661-ba27-60e5e5766d83,VERS,2,Persequitur illum dura fati miseria.,128e52e6-1c11-4238-b06f-f1d2af2d1676,6899,6904
939c79ab-f3ed-401d-908f-5b42296f7638,0b19116c-1977-4858-9b63-3d67db4d3f86,VERS,3,Galli Cybebes circum in quaestus ducere,128e52e6-1c11-4238-b06f-f1d2af2d1676,6905,6910
939c79ab-f3ed-401d-908f-5b42296f7638,119b10f7-6ac4-4c74-9a98-c97a0722054c,VERS,4,Asinum solebant baiulantem sarcinas.,128e52e6-1c11-4238-b06f-f1d2af2d1676,6911,6915
939c79ab-f3ed-401d-908f-5b42296f7638,291d93fe-f8df-464b-aab0-cbc2516cb6a2,VERS,5,"Is cum labore et plagis esset mortuus,",128e52e6-1c11-4238-b06f-f1d2af2d1676,6916,6923
939c79ab-f3ed-401d-908f-5b42296f7638,fc37e9e1-93ec-46d9-87d4-e677361f48ef,VERS,6,Detracta pelle sibi fecerunt tympana.,128e52e6-1c11-4238-b06f-f1d2af2d1676,6924,6929
939c79ab-f3ed-401d-908f-5b42296f7638,c5eb245f-93c9-4cff-b1d8-054c582d0b79,VERS,7,"Rogati mox a quodam, delicio suo",128e52e6-1c11-4238-b06f-f1d2af2d1676,6930,6936
939c79ab-f3ed-401d-908f-5b42296f7638,212234c2-048a-4583-96bc-c186ddde391a,VERS,8,"Quidnam fecissent, hoc locuti sunt modo:",128e52e6-1c11-4238-b06f-f1d2af2d1676,6937,6944
939c79ab-f3ed-401d-908f-5b42296f7638,c41fdd70-494d-476b-830d-bf3d5e855e24,VERS,9,Putabat se post mortem securum fore;,128e52e6-1c11-4238-b06f-f1d2af2d1676,6945,6951
939c79ab-f3ed-401d-908f-5b42296f7638,95d2018c-9a3e-4093-9fd5-43911e5a6524,VERS,10,Ecce aliae plagae congeruntur mortuo.,128e52e6-1c11-4238-b06f-f1d2af2d1676,6952,6957
939c79ab-f3ed-401d-908f-5b42296f7638,208139cb-801d-4b80-85fc-25754761594e,POEM,1,Poeta.,f7deca28-43c2-4a9c-8491-f7e0b9bb5731,6958,7087
939c79ab-f3ed-401d-908f-5b42296f7638,4d24da1c-b06e-4d29-93f2-9b052cb3ba86,TITL,0,Poeta.,208139cb-801d-4b80-85fc-25754761594e,6958,6959
939c79ab-f3ed-401d-908f-5b42296f7638,f0b53e4d-2b8c-41e6-b497-c5c364b3fd39,VERS,0,"Ioculare tibi videtur, et sane levi,",208139cb-801d-4b80-85fc-25754761594e,6960,6967
939c79ab-f3ed-401d-908f-5b42296f7638,e9c305b4-fddf-46df-946e-97cdd91d05b2,VERS,1,"Dum nihil habemus maius, calamo ludimus.",208139cb-801d-4b80-85fc-25754761594e,6968,6975
939c79ab-f3ed-401d-908f-5b42296f7638,794ddca2-c319-4059-84b4-9e82a9481555,VERS,2,Sed diligenter intuere has nenias:,208139cb-801d-4b80-85fc-25754761594e,6976,6981
939c79ab-f3ed-401d-908f-5b42296f7638,3b7d7f8d-fc99-443a-819b-9f807e5db101,VERS,3,Quantam sub titulis utilitatem reperies!,208139cb-801d-4b80-85fc-25754761594e,6982,6987
939c79ab-f3ed-401d-908f-5b42296f7638,9e9d6e30-5b56-4988-9d4e-2d80328deb92,VERS,4,Non semper ea sunt quae videntur; decipit,208139cb-801d-4b80-85fc-25754761594e,6988,6995
939c79ab-f3ed-401d-908f-5b42296f7638,481a21ff-4a63-45a7-87b5-99529cdef71b,VERS,5,Frons prima multos: rara mens intellegit,208139cb-801d-4b80-85fc-25754761594e,6996,7002
939c79ab-f3ed-401d-908f-5b42296f7638,df7e29d7-5172-47b2-ad75-20930ca11cb9,VERS,6,Quod interiore condidit cura angulo.,208139cb-801d-4b80-85fc-25754761594e,7003,7008
939c79ab-f3ed-401d-908f-5b42296f7638,ea191396-a84d-40ea-bb49-7806e88bcc12,VERS,7,"Hoc ne locutus sine mercede existimer,",208139cb-801d-4b80-85fc-25754761594e,7009,7015
939c79ab-f3ed-401d-908f-5b42296f7638,a6a6e205-6a5a-4bcf-9f62-46d779db1abb,VERS,8,Fabellam adiciam de mustela et muribus.,208139cb-801d-4b80-85fc-25754761594e,7016,7022
939c79ab-f3ed-401d-908f-5b42296f7638,02012b27-5d79-4d06-ab15-59dbfa5b50f9,VERS,9,Mustela cum annis et senecta debilis,208139cb-801d-4b80-85fc-25754761594e,7023,7028
939c79ab-f3ed-401d-908f-5b42296f7638,473a992f-468b-480e-921e-ebe9ec00e32c,VERS,10,"Mures veloces non valeret assequi,",208139cb-801d-4b80-85fc-25754761594e,7029,7034
939c79ab-f3ed-401d-908f-5b42296f7638,c3fa437d-ead5-43bb-894a-f530da9e96f9,VERS,11,Involvit se farina et obscuro loco,208139cb-801d-4b80-85fc-25754761594e,7035,7040
939c79ab-f3ed-401d-908f-5b42296f7638,175bfb42-e799-4149-8964-69327b3cf085,VERS,12,Abiecit neglegenter. Mus escam putans,208139cb-801d-4b80-85fc-25754761594e,7041,7046
939c79ab-f3ed-401d-908f-5b42296f7638,1bbee18d-fd67-43ce-9bf1-3dec15d9499c,VERS,13,Assiluit et compressus occubuit neci.,208139cb-801d-4b80-85fc-25754761594e,7047,7052
939c79ab-f3ed-401d-908f-5b42296f7638,f93ce96e-1741-4d9f-a7d3-7dcadb432b50,VERS,14,"Alter similiter, deinde perit et tertius.",208139cb-801d-4b80-85fc-25754761594e,7053,7060
939c79ab-f3ed-401d-908f-5b42296f7638,0acb63ef-4a41-4c52-b829-176e3dab56eb,VERS,15,Mox venit aliquot saeculis retorridus,208139cb-801d-4b80-85fc-25754761594e,7061,7065
939c79ab-f3ed-401d-908f-5b42296f7638,24267386-19d1-493a-a3fb-a45242ba32e6,VERS,16,Qui saepe laqueos et muscipula effugerat;,208139cb-801d-4b80-85fc-25754761594e,7066,7072
939c79ab-f3ed-401d-908f-5b42296f7638,88e6c217-7064-431a-8836-fd6f27c13de0,VERS,17,Proculque insidias cernens hostis callidi:,208139cb-801d-4b80-85fc-25754761594e,7073,7078
939c79ab-f3ed-401d-908f-5b42296f7638,0d9da7bf-7e20-4a48-b28a-e30ca124d2d1,VERS,18,Sic valeas inquit ut farina es quae iaces!,208139cb-801d-4b80-85fc-25754761594e,7079,7087
939c79ab-f3ed-401d-908f-5b42296f7638,7e61c370-7f33-4ef9-9aab-5c803dd855cd,POEM,2,De vulpe et uva.,f7deca28-43c2-4a9c-8491-f7e0b9bb5731,7088,7135
939c79ab-f3ed-401d-908f-5b42296f7638,2eeae819-3a8c-4da8-ab8c-7ade4477593b,TITL,0,De vulpe et uva.,7e61c370-7f33-4ef9-9aab-5c803dd855cd,7088,7092
939c79ab-f3ed-401d-908f-5b42296f7638,bf2c3d75-ce24-4402-a8e1-00ee4b1c423c,VERS,0,Fame coacta vulpes alta in vinea,7e61c370-7f33-4ef9-9aab-5c803dd855cd,7093,7098
939c79ab-f3ed-401d-908f-5b42296f7638,23ef92c2-990d-4b1a-910b-e1d324b0d24d,VERS,1,Uvam appetebat summis saliens viribus;,7e61c370-7f33-4ef9-9aab-5c803dd855cd,7099,7104
939c79ab-f3ed-401d-908f-5b42296f7638,6116ed45-e15c-4833-88fa-223bcbdbe3d2,VERS,2,"Quam tangere ut non potuit, discedens ait:",7e61c370-7f33-4ef9-9aab-5c803dd855cd,7105,7113
939c79ab-f3ed-401d-908f-5b42296f7638,46e9e0f1-591e-4926-bca2-6001b80d8110,VERS,3,Nondum matura est; nolo acerbam sumere.,7e61c370-7f33-4ef9-9aab-5c803dd855cd,7114,7121
939c79ab-f3ed-401d-908f-5b42296f7638,38e3f728-c03c-4294-8ddf-f5d1875b2610,VERS,4,"Qui facere quae non possunt verbis elevant,",7e61c370-7f33-4ef9-9aab-5c803dd855cd,7122,7129
939c79ab-f3ed-401d-908f-5b42296f7638,196cbf42-bf00-4c3d-a6fc-1c01e4aa8dad,VERS,5,Ascribere hoc debebunt exemplum sibi.,7e61c370-7f33-4ef9-9aab-5c803dd855cd,7130,7135
939c79ab-f3ed-401d-908f-5b42296f7638,8acd75c4-73ee-4a2c-adab-15f0f4066ec9,POEM,3,Equus et aper.,f7deca28-43c2-4a9c-8491-f7e0b9bb5731,7136,7231
939c79ab-f3ed-401d-908f-5b42296f7638,3bcea4dc-1860-4722-bb8d-2c8383abe734,TITL,0,Equus et aper.,8acd75c4-73ee-4a2c-adab-15f0f4066ec9,7136,7139
939c79ab-f3ed-401d-908f-5b42296f7638,eb5a637b-cff7-4cb4-a101-5122200b88d4,VERS,0,"Equus sedare solitus quo fuerat sitim,",8acd75c4-73ee-4a2c-adab-15f0f4066ec9,7140,7146
939c79ab-f3ed-401d-908f-5b42296f7638,f58894a8-5632-4245-8201-a180f09a16d1,VERS,1,Dum sese aper volutat turbavit vadum.,8acd75c4-73ee-4a2c-adab-15f0f4066ec9,7147,7153
939c79ab-f3ed-401d-908f-5b42296f7638,1e1238a1-d268-4034-9442-986dee17591b,VERS,2,Hinc orta lis est. Sonipes iratus fero,8acd75c4-73ee-4a2c-adab-15f0f4066ec9,7154,7161
939c79ab-f3ed-401d-908f-5b42296f7638,6c3b1ae8-cf15-4bfd-9ae0-0d721759f6e2,VERS,3,"Auxilium petiit hominis, quem dorso levans",8acd75c4-73ee-4a2c-adab-15f0f4066ec9,7162,7168
939c79ab-f3ed-401d-908f-5b42296f7638,db3d40dc-637c-46c8-9d9d-3a926f4cc7d5,VERS,4,Rediit ad hostem. Iactis hunc telis eques,8acd75c4-73ee-4a2c-adab-15f0f4066ec9,7169,7176
939c79ab-f3ed-401d-908f-5b42296f7638,3a498d11-8b3c-49df-b35e-37112e5906db,VERS,5,"Postquam interfecit, sic locutus traditur:",8acd75c4-73ee-4a2c-adab-15f0f4066ec9,7177,7183
939c79ab-f3ed-401d-908f-5b42296f7638,40d95ba6-80f4-4c46-839b-e5d07a9763a0,VERS,6,"Laetor tulisse auxilium me precibus tuis,",8acd75c4-73ee-4a2c-adab-15f0f4066ec9,7184,7190
939c79ab-f3ed-401d-908f-5b42296f7638,6499dfd5-c459-4b3e-9ad7-1ce3f5849d16,VERS,7,Nam praedam cepi et didici quam sis utilis.,8acd75c4-73ee-4a2c-adab-15f0f4066ec9,7191,7199
939c79ab-f3ed-401d-908f-5b42296f7638,c818ad2a-06e6-404f-a8c5-8791edcb35ee,VERS,8,Atque ita coegit frenos invitum pati.,8acd75c4-73ee-4a2c-adab-15f0f4066ec9,7200,7206
939c79ab-f3ed-401d-908f-5b42296f7638,a6ff6607-78bd-4e3e-bbb4-bd6756a39541,VERS,9,Tum maestus ille: Parvae vindictam rei,8acd75c4-73ee-4a2c-adab-15f0f4066ec9,7207,7213
939c79ab-f3ed-401d-908f-5b42296f7638,e4f62721-1b1a-4b59-800c-30df75771333,VERS,10,"Dum quaero demens, servitutem repperi.",8acd75c4-73ee-4a2c-adab-15f0f4066ec9,7214,7220
939c79ab-f3ed-401d-908f-5b42296f7638,f9cf0ac9-c896-4cf2-a23f-f8e51b659d6d,VERS,11,Haec iracundos admonebit fabula,8acd75c4-73ee-4a2c-adab-15f0f4066ec9,7221,7224
939c79ab-f3ed-401d-908f-5b42296f7638,79fff4ae-8f54-47ba-8a1c-2e26ab0da4f7,VERS,12,Impune potius laedi quam dedi alteri.,8acd75c4-73ee-4a2c-adab-15f0f4066ec9,7225,7231
939c79ab-f3ed-401d-908f-5b42296f7638,c4574f86-4707-4338-b2a2-5b75b23867e4,POEM,4,Poeta.,f7deca28-43c2-4a9c-8491-f7e0b9bb5731,7232,7559
939c79ab-f3ed-401d-908f-5b42296f7638,7840a2b2-8b81-4c7e-b928-0709cf2ddc11,TITL,0,Poeta.,c4574f86-4707-4338-b2a2-5b75b23867e4,7232,7233
939c79ab-f3ed-401d-908f-5b42296f7638,702c6508-0f6f-424c-bde1-a459cd62f999,VERS,0,"Plus esse in uno saepe quam in turba boni,",c4574f86-4707-4338-b2a2-5b75b23867e4,7234,7243
939c79ab-f3ed-401d-908f-5b42296f7638,f6741aeb-e169-418f-96fe-4cb320d8ed01,VERS,1,Narratione posteris tradam brevi.,c4574f86-4707-4338-b2a2-5b75b23867e4,7244,7248
939c79ab-f3ed-401d-908f-5b42296f7638,4efa143d-a172-44ae-a52f-62788e803a33,VERS,2,Quidam decedens tres reliquit filias:,c4574f86-4707-4338-b2a2-5b75b23867e4,7249,7254
939c79ab-f3ed-401d-908f-5b42296f7638,65b49b6c-92fa-478b-bee7-d97e639bc851,VERS,3,Unam formosam et oculis venantem viros;,c4574f86-4707-4338-b2a2-5b75b23867e4,7255,7261
939c79ab-f3ed-401d-908f-5b42296f7638,6cbe473a-bf5b-48c1-b16e-1b8eabe86f16,VERS,4,At alteram lanificam et frugi rusticam;,c4574f86-4707-4338-b2a2-5b75b23867e4,7262,7268
939c79ab-f3ed-401d-908f-5b42296f7638,8693ff93-a990-4f5c-8777-4091d7bdc6a9,VERS,5,Devotam vino tertiam et turpissimam.,c4574f86-4707-4338-b2a2-5b75b23867e4,7269,7274
939c79ab-f3ed-401d-908f-5b42296f7638,1d8e6437-71e3-4be7-9857-4a65ce86d05d,VERS,6,Harum autem matrem fecit heredem senex,c4574f86-4707-4338-b2a2-5b75b23867e4,7275,7280
939c79ab-f3ed-401d-908f-5b42296f7638,aab7b92e-5b33-4cc8-b3e8-ba04e03a954a,VERS,7,Sub condicione totam ut fortunam tribus,c4574f86-4707-4338-b2a2-5b75b23867e4,7281,7286
939c79ab-f3ed-401d-908f-5b42296f7638,34854953-c113-4576-85ad-3b927636d317,VERS,8,"Aequaliter distribuat, sed tali modo:",c4574f86-4707-4338-b2a2-5b75b23867e4,7287,7293
939c79ab-f3ed-401d-908f-5b42296f7638,bd60102d-97f2-426a-86e1-e2ac233060fe,VERS,9,Ni data possideant aut fruantur; tum: simul,c4574f86-4707-4338-b2a2-5b75b23867e4,7294,7302
939c79ab-f3ed-401d-908f-5b42296f7638,8002355b-f597-4623-9b18-73c4d3336d62,VERS,10,"Habere res desierint, quas acceperint,",c4574f86-4707-4338-b2a2-5b75b23867e4,7303,7309
939c79ab-f3ed-401d-908f-5b42296f7638,7ba73148-a860-4962-a4cf-ba6196ed82a9,VERS,11,Centena matri conferant sestertia.,c4574f86-4707-4338-b2a2-5b75b23867e4,7310,7314
939c79ab-f3ed-401d-908f-5b42296f7638,b1f60c6b-a528-47f9-8c41-b1da0b67b1ba,VERS,12,Athenas rumor implet. Mater sedula,c4574f86-4707-4338-b2a2-5b75b23867e4,7315,7320
939c79ab-f3ed-401d-908f-5b42296f7638,aab3d701-a411-4563-b583-ce66b4706a5b,VERS,13,Iuris peritos consulit; nemo expedit,c4574f86-4707-4338-b2a2-5b75b23867e4,7321,7326
939c79ab-f3ed-401d-908f-5b42296f7638,51d02125-8adc-4061-be00-755365902434,VERS,14,"Quo pacto non possideant, quod fuerit datum,",c4574f86-4707-4338-b2a2-5b75b23867e4,7327,7335
939c79ab-f3ed-401d-908f-5b42296f7638,7bcbd76b-85f6-4ef4-aedc-ca45d916750c,VERS,15,"Fructumve capiant; deinde quae tulerint nihil,",c4574f86-4707-4338-b2a2-5b75b23867e4,7336,7343
939c79ab-f3ed-401d-908f-5b42296f7638,04b15147-9f54-4e0a-b79b-190270259d93,VERS,16,Quanam ratione conferant pecuniam.,c4574f86-4707-4338-b2a2-5b75b23867e4,7344,7348
939c79ab-f3ed-401d-908f-5b42296f7638,6a2367d1-8314-4dde-9a85-e0b1f52187d9,VERS,17,"Postquam consumpta est temporis longi mora,",c4574f86-4707-4338-b2a2-5b75b23867e4,7349,7355
939c79ab-f3ed-401d-908f-5b42296f7638,3cddf216-2fe1-4968-9fb9-7743011b44d8,VERS,18,"Nec testamenti potuit sensus colligi,",c4574f86-4707-4338-b2a2-5b75b23867e4,7356,7361
939c79ab-f3ed-401d-908f-5b42296f7638,5d79e5d1-57a8-4578-8d72-fdefbd9fbcfb,VERS,19,Fidem advocavit iure neglecto parens.,c4574f86-4707-4338-b2a2-5b75b23867e4,7362,7367
939c79ab-f3ed-401d-908f-5b42296f7638,cbca093c-6613-4be0-8363-16621da201f8,VERS,20,"Seponit moechae vestem, mundum muliebrem,",c4574f86-4707-4338-b2a2-5b75b23867e4,7368,7374
939c79ab-f3ed-401d-908f-5b42296f7638,0a8cb261-989b-4db4-9854-30c35025be25,VERS,21,"Lavationem argenteam, eunuchos, glabros;",c4574f86-4707-4338-b2a2-5b75b23867e4,7375,7381
939c79ab-f3ed-401d-908f-5b42296f7638,0370f677-810a-4b20-ae4f-bf7897b9e4d9,VERS,22,"Lanificae agellos, pecora, villam, operarios,",c4574f86-4707-4338-b2a2-5b75b23867e4,7382,7390
939c79ab-f3ed-401d-908f-5b42296f7638,e30bdb4e-24d6-4ceb-9606-d19b1d23a78e,VERS,23,"Boves, iumenta et instrumentum rusticum;",c4574f86-4707-4338-b2a2-5b75b23867e4,7391,7397
939c79ab-f3ed-401d-908f-5b42296f7638,6ccad034-9f05-4f23-ba60-6c4c26d9fcd4,VERS,24,"Potrici plenam antiquis apothecam cadis,",c4574f86-4707-4338-b2a2-5b75b23867e4,7398,7403
939c79ab-f3ed-401d-908f-5b42296f7638,3263f9ca-75f4-4b61-aa49-0856c6450961,VERS,25,Domum politam et delicatos hortulos.,c4574f86-4707-4338-b2a2-5b75b23867e4,7404,7409
939c79ab-f3ed-401d-908f-5b42296f7638,c3de7b88-ce83-40cd-b93a-159b33f1948b,VERS,26,Sic destinata dare cum vellet singulis,c4574f86-4707-4338-b2a2-5b75b23867e4,7410,7415
939c79ab-f3ed-401d-908f-5b42296f7638,8f521bb8-5c2d-4992-8e6c-7742ba23fe79,VERS,27,"Et approbaret populus, qui illas noverat,",c4574f86-4707-4338-b2a2-5b75b23867e4,7416,7423
939c79ab-f3ed-401d-908f-5b42296f7638,d588c8bd-8a44-4d76-b0f4-8795adc30d0b,VERS,28,Aesopus media subito in turba constitit:,c4574f86-4707-4338-b2a2-5b75b23867e4,7424,7430
939c79ab-f3ed-401d-908f-5b42296f7638,d441c1a9-e050-423f-bb81-51cdaaaa75cf,VERS,29,"O si maneret condito sensus patri,",c4574f86-4707-4338-b2a2-5b75b23867e4,7431,7437
939c79ab-f3ed-401d-908f-5b42296f7638,6dd7f714-3500-42ee-b1cc-a2319aff12ff,VERS,30,"Quam graviter ferret, quod voluntatem suam",c4574f86-4707-4338-b2a2-5b75b23867e4,7438,7444
939c79ab-f3ed-401d-908f-5b42296f7638,27d2d6bf-0906-4787-bc22-320bbd4b0d87,VERS,31,Interpretari non potuissent Attici!,c4574f86-4707-4338-b2a2-5b75b23867e4,7445,7449
939c79ab-f3ed-401d-908f-5b42296f7638,44a73209-9c50-4f0a-a2b0-66cc663917d0,VERS,32,Rogatus deinde solvit errorem omnium:,c4574f86-4707-4338-b2a2-5b75b23867e4,7450,7455
939c79ab-f3ed-401d-908f-5b42296f7638,79fd4360-7caf-4b3d-8c91-1540201333f6,VERS,33,Domum et ornamenta cum venustis hortulis,c4574f86-4707-4338-b2a2-5b75b23867e4,7456,7461
939c79ab-f3ed-401d-908f-5b42296f7638,172208ad-5256-4559-84ca-c88815da29f3,VERS,34,Et vina vetera date lanificae rusticae;,c4574f86-4707-4338-b2a2-5b75b23867e4,7462,7468
939c79ab-f3ed-401d-908f-5b42296f7638,03dbd5dd-558c-4ea2-9905-b6bb3ee8de94,VERS,35,"Vestem, uniones, pedisequos et cetera",c4574f86-4707-4338-b2a2-5b75b23867e4,7469,7475
939c79ab-f3ed-401d-908f-5b42296f7638,4fb5b330-e730-4877-a8ec-52d7fc7f7bc7,VERS,36,Illi assignate vitam quae luxu trahit;,c4574f86-4707-4338-b2a2-5b75b23867e4,7476,7482
939c79ab-f3ed-401d-908f-5b42296f7638,46c6b590-d2f3-43a4-a75f-dd2aeac7a1bd,VERS,37,"Agros, buvile et pecora cum pastoribus",c4574f86-4707-4338-b2a2-5b75b23867e4,7483,7489
939c79ab-f3ed-401d-908f-5b42296f7638,83f6bdf0-ecf2-4501-b8c4-7165b4b22348,VERS,38,"Donate moechae. Nulla poterit perpeti,",c4574f86-4707-4338-b2a2-5b75b23867e4,7490,7496
939c79ab-f3ed-401d-908f-5b42296f7638,eb43f369-a0e4-4ac9-b38b-c12fc718f6e5,VERS,39,Ut moribus quid teneat alienum suis.,c4574f86-4707-4338-b2a2-5b75b23867e4,7497,7503
939c79ab-f3ed-401d-908f-5b42296f7638,c6770c0c-80fa-42de-b1cb-b5a8df2a629f,VERS,40,Deformis cultum vendet ut vinum paret;,c4574f86-4707-4338-b2a2-5b75b23867e4,7504,7510
939c79ab-f3ed-401d-908f-5b42296f7638,8217b747-3576-49db-89df-c1dcbd36723e,VERS,41,Agros abiciet moecha ut ornatum gerat;,c4574f86-4707-4338-b2a2-5b75b23867e4,7511,7517
939c79ab-f3ed-401d-908f-5b42296f7638,59e68b51-fc28-44a9-95bb-391af2f8efb2,VERS,42,At illa gaudens pecore et lanae dedita,c4574f86-4707-4338-b2a2-5b75b23867e4,7518,7524
939c79ab-f3ed-401d-908f-5b42296f7638,c3799397-9dbb-4cc9-bc9f-c53d4a8a4cc7,VERS,43,Quacumque summa tradet luxuriae domum.,c4574f86-4707-4338-b2a2-5b75b23867e4,7525,7530
939c79ab-f3ed-401d-908f-5b42296f7638,2a19352f-1f3f-4e2e-9819-b26845450aa3,VERS,44,"Sic nulla possidebit quod fuerit datum,",c4574f86-4707-4338-b2a2-5b75b23867e4,7531,7537
939c79ab-f3ed-401d-908f-5b42296f7638,5c952b03-dcfc-4b25-a828-7d8b85d454c4,VERS,45,Et dictam matri conferent pecuniam,c4574f86-4707-4338-b2a2-5b75b23867e4,7538,7542
939c79ab-f3ed-401d-908f-5b42296f7638,3bc2db32-42b9-4b10-ba62-87934e82d91d,VERS,46,Ex pretio rerum quas vendiderint singulae.,c4574f86-4707-4338-b2a2-5b75b23867e4,7543,7549
939c79ab-f3ed-401d-908f-5b42296f7638,77739e5e-7afa-4f6a-aa09-189d074daaa2,VERS,47,Ita quod multorum fugit imprudentiam,c4574f86-4707-4338-b2a2-5b75b23867e4,7550,7554
939c79ab-f3ed-401d-908f-5b42296f7638,4b3c2173-32b4-4bd4-8624-8cb07e0ca8e0,VERS,48,Unius hominis repperit sollertia.,c4574f86-4707-4338-b2a2-5b75b23867e4,7555,7559
939c79ab-f3ed-401d-908f-5b42296f7638,bb2d77a0-58bd-4d9e-8675-99ef6fa6ff67,POEM,5,Pugna murium et mustelarum.,f7deca28-43c2-4a9c-8491-f7e0b9bb5731,7560,7644
939c79ab-f3ed-401d-908f-5b42296f7638,29270f98-2cde-4fc3-bb31-561713841dfd,TITL,0,Pugna murium et mustelarum.,bb2d77a0-58bd-4d9e-8675-99ef6fa6ff67,7560,7564
939c79ab-f3ed-401d-908f-5b42296f7638,93b22dbc-2417-4cf1-aa46-fc729439149c,VERS,0,Cum victi mures mustelarum exercitu,bb2d77a0-58bd-4d9e-8675-99ef6fa6ff67,7565,7569
939c79ab-f3ed-401d-908f-5b42296f7638,9e3e464b-5054-400d-ad43-71e398e5bf0d,VERS,1,(Historia quorum et in tabernis pingitur),bb2d77a0-58bd-4d9e-8675-99ef6fa6ff67,7570,7577
939c79ab-f3ed-401d-908f-5b42296f7638,25bb454a-7843-498d-991f-bdaad44585c3,VERS,2,"Fugerent et artos circum trepidarent cavos,",bb2d77a0-58bd-4d9e-8675-99ef6fa6ff67,7578,7584
939c79ab-f3ed-401d-908f-5b42296f7638,8c8ff1f3-8538-4e9b-9884-6266187444ad,VERS,3,Aegre recepti tamen evaserunt necem.,bb2d77a0-58bd-4d9e-8675-99ef6fa6ff67,7585,7590
939c79ab-f3ed-401d-908f-5b42296f7638,82c929a1-c1bd-4c59-b2c2-85c3355be2e1,VERS,4,"Duces eorum, qui capitibus cornua",bb2d77a0-58bd-4d9e-8675-99ef6fa6ff67,7591,7596
939c79ab-f3ed-401d-908f-5b42296f7638,10ac1e80-08ef-4b25-95e0-9f772785487d,VERS,5,"Suis ligarant, ut conspicuum in proelio",bb2d77a0-58bd-4d9e-8675-99ef6fa6ff67,7597,7603
939c79ab-f3ed-401d-908f-5b42296f7638,dd955cbd-8881-4c5d-aad1-18d2a00ebf50,VERS,6,"Haberent signum quod sequerentur milites,",bb2d77a0-58bd-4d9e-8675-99ef6fa6ff67,7604,7609
939c79ab-f3ed-401d-908f-5b42296f7638,8977e223-c32a-4040-89dd-ce71e440eb96,VERS,7,Haesere in portis suntque capti ab hostibus;,bb2d77a0-58bd-4d9e-8675-99ef6fa6ff67,7610,7617
939c79ab-f3ed-401d-908f-5b42296f7638,cb23995b-73a7-4c13-9ae4-b4eb767a6355,VERS,8,Quos immolatos victor avidis dentibus,bb2d77a0-58bd-4d9e-8675-99ef6fa6ff67,7618,7622
939c79ab-f3ed-401d-908f-5b42296f7638,5f06f3d2-d3d1-4327-bbf4-7ed9f0122333,VERS,9,Capacis alvi mersit tartareo specu.,bb2d77a0-58bd-4d9e-8675-99ef6fa6ff67,7623,7628
939c79ab-f3ed-401d-908f-5b42296f7638,810ac5aa-e870-40a8-b851-a26f7860d492,VERS,10,"Quemcumque populum tristis eventus premit,",bb2d77a0-58bd-4d9e-8675-99ef6fa6ff67,7629,7634
939c79ab-f3ed-401d-908f-5b42296f7638,3f09f94b-b0fc-43f3-9d63-6a2b8fa0c09c,VERS,11,Periclitatur magnitudo principum;,bb2d77a0-58bd-4d9e-8675-99ef6fa6ff67,7635,7638
939c79ab-f3ed-401d-908f-5b42296f7638,79dd8314-a677-4310-891f-0554cd8e9e8d,VERS,12,Minuta plebes facili praesidio latet.,bb2d77a0-58bd-4d9e-8675-99ef6fa6ff67,7639,7644
939c79ab-f3ed-401d-908f-5b42296f7638,1b6cf7f1-df08-4f17-af25-862d8a0ccfbb,POEM,6,Phaedrus.,f7deca28-43c2-4a9c-8491-f7e0b9bb5731,7645,7816
939c79ab-f3ed-401d-908f-5b42296f7638,3783ee0b-1d69-4741-9186-ff8c7144ae18,TITL,0,Phaedrus.,1b6cf7f1-df08-4f17-af25-862d8a0ccfbb,7645,7646
939c79ab-f3ed-401d-908f-5b42296f7638,22e1945b-eb4f-4b90-b36e-57617d759d2e,VERS,0,"Tu qui, nasute, scripta destringis mea",1b6cf7f1-df08-4f17-af25-862d8a0ccfbb,7647,7654
939c79ab-f3ed-401d-908f-5b42296f7638,5ada4c3f-68dd-4813-880e-65f718847f9f,VERS,1,"Et hoc iocorum legere fastidis genus,",1b6cf7f1-df08-4f17-af25-862d8a0ccfbb,7655,7661
939c79ab-f3ed-401d-908f-5b42296f7638,f6651ca7-1547-4c2d-82f0-8a2d6c084472,VERS,2,"Parva libellum sustine patientia,",1b6cf7f1-df08-4f17-af25-862d8a0ccfbb,7662,7666
939c79ab-f3ed-401d-908f-5b42296f7638,dc0808a5-2bea-49a0-9d34-c4abc5f972da,VERS,3,Severitatem frontis dum placo tuae,1b6cf7f1-df08-4f17-af25-862d8a0ccfbb,7667,7671
939c79ab-f3ed-401d-908f-5b42296f7638,d6bced01-1d2b-40b2-b38f-8b503836d51c,VERS,4,Et in cothurnis prodit Aesopus novis.,1b6cf7f1-df08-4f17-af25-862d8a0ccfbb,7672,7678
939c79ab-f3ed-401d-908f-5b42296f7638,fd7681ba-ddcd-4229-9b42-cac99156e8ec,VERS,5,Utinam nec umquam Pelii nemoris iugo,1b6cf7f1-df08-4f17-af25-862d8a0ccfbb,7679,7684
939c79ab-f3ed-401d-908f-5b42296f7638,caafc0f5-6c1a-47d3-bb85-6a185edae3dc,VERS,6,"Pinus bipenni concidisset Thessala,",1b6cf7f1-df08-4f17-af25-862d8a0ccfbb,7685,7689
939c79ab-f3ed-401d-908f-5b42296f7638,c6204a04-8992-45d9-b518-2496207962db,VERS,7,Nec ad professae mortis audacem viam,1b6cf7f1-df08-4f17-af25-862d8a0ccfbb,7690,7695
939c79ab-f3ed-401d-908f-5b42296f7638,25006dbb-86ba-48e1-a704-6e24489cbbec,VERS,8,"Fabricasset Argus opere Palladio ratem,",1b6cf7f1-df08-4f17-af25-862d8a0ccfbb,7696,7701
939c79ab-f3ed-401d-908f-5b42296f7638,2a204886-4c66-47bf-9c8b-921f551d1783,VERS,9,Inhospitalis prima quae ponti sinus,1b6cf7f1-df08-4f17-af25-862d8a0ccfbb,7702,7706
939c79ab-f3ed-401d-908f-5b42296f7638,915bc758-4390-47da-ae22-105b9ab7dd1e,VERS,10,Patefecit in perniciem Graium et barbarum!,1b6cf7f1-df08-4f17-af25-862d8a0ccfbb,7707,7713
939c79ab-f3ed-401d-908f-5b42296f7638,8ea579e7-d39c-4ef5-8730-598d51c45871,VERS,11,"Namque et superbi luget Aeetae domus,",1b6cf7f1-df08-4f17-af25-862d8a0ccfbb,7714,7720
939c79ab-f3ed-401d-908f-5b42296f7638,3501ca11-74f6-4687-b829-82d715299105,VERS,12,"Et regna Peliae scelere Medeae iacent,",1b6cf7f1-df08-4f17-af25-862d8a0ccfbb,7721,7727
939c79ab-f3ed-401d-908f-5b42296f7638,ae65d68e-bc76-4cee-aca9-47988b33222e,VERS,13,Quae saevum ingenium variis involvens modis,1b6cf7f1-df08-4f17-af25-862d8a0ccfbb,7728,7733
939c79ab-f3ed-401d-908f-5b42296f7638,abf5526d-2186-452e-8f32-605782f9cb24,VERS,14,"Illic per artus fratris explicuit fugam,",1b6cf7f1-df08-4f17-af25-862d8a0ccfbb,7734,7740
939c79ab-f3ed-401d-908f-5b42296f7638,f2772da8-5bbf-462f-becf-9cba03313ace,VERS,15,Hic caede patris Peliadum infecit manus.,1b6cf7f1-df08-4f17-af25-862d8a0ccfbb,7741,7747
939c79ab-f3ed-401d-908f-5b42296f7638,fcf2a205-4b7f-4283-9eaf-4f3b200811c0,VERS,16,Quid tibi videtur? Hoc quoque insulsum est ait,1b6cf7f1-df08-4f17-af25-862d8a0ccfbb,7748,7756
939c79ab-f3ed-401d-908f-5b42296f7638,8e0ff5db-5535-4b50-8567-087fa1debed3,VERS,17,Falsoque dictum; longe quia vetustior,1b6cf7f1-df08-4f17-af25-862d8a0ccfbb,7757,7762
939c79ab-f3ed-401d-908f-5b42296f7638,0af67a6b-9af2-4511-868a-3db0dd07fe10,VERS,18,Aegaea Minos classe perdomuit freta,1b6cf7f1-df08-4f17-af25-862d8a0ccfbb,7763,7767
939c79ab-f3ed-401d-908f-5b42296f7638,9f1841b0-931b-416b-991a-84096378760f,VERS,19,Iustoque vindicavit exemplo impetum.,1b6cf7f1-df08-4f17-af25-862d8a0ccfbb,7768,7772
939c79ab-f3ed-401d-908f-5b42296f7638,089b1d4c-7ed4-4ae5-b8ad-9aad403455b3,VERS,20,"Quid ergo possum facere tibi, lector Cato,",1b6cf7f1-df08-4f17-af25-862d8a0ccfbb,7773,7781
939c79ab-f3ed-401d-908f-5b42296f7638,fe37a3a8-470e-49c7-a87b-d7bbb0215109,VERS,21,Si nec fabellae te iuvant nec fabulae?,1b6cf7f1-df08-4f17-af25-862d8a0ccfbb,7782,7789
939c79ab-f3ed-401d-908f-5b42296f7638,e5f96491-ca5e-45ba-adfa-7b072a66d491,VERS,22,"Noli molestus esse omnino litteris,",1b6cf7f1-df08-4f17-af25-862d8a0ccfbb,7790,7795
939c79ab-f3ed-401d-908f-5b42296f7638,d102e2e6-2719-4db8-954a-230dd000f698,VERS,23,Maiorem exhibeant ne tibi molestiam.,1b6cf7f1-df08-4f17-af25-862d8a0ccfbb,7796,7801
939c79ab-f3ed-401d-908f-5b42296f7638,dd9fd40c-0c77-414c-83ba-7b35dc3dd252,VERS,24,"Hoc illis dictum est, qui stultitia nauseant",1b6cf7f1-df08-4f17-af25-862d8a0ccfbb,7802,7809
939c79ab-f3ed-401d-908f-5b42296f7638,a7a9449c-8c90-4129-8a71-af906d4c40ac,VERS,25,Et ut putentur sapere caelum vituperant.,1b6cf7f1-df08-4f17-af25-862d8a0ccfbb,7810,7816
939c79ab-f3ed-401d-908f-5b42296f7638,6987fe5a-5d8c-4557-bfdb-8c45f4dfce6f,POEM,7,Serpens ad fabrum ferrarium.,f7deca28-43c2-4a9c-8491-f7e0b9bb5731,7817,7869
939c79ab-f3ed-401d-908f-5b42296f7638,8db3a082-5820-4279-bcfd-f8fa40b28d6c,TITL,0,Serpens ad fabrum ferrarium.,6987fe5a-5d8c-4557-bfdb-8c45f4dfce6f,7817,7821
939c79ab-f3ed-401d-908f-5b42296f7638,87529234-2c0a-42eb-85d7-172cc8a2cd27,VERS,0,Mordaciorem qui improbo dente appetit,6987fe5a-5d8c-4557-bfdb-8c45f4dfce6f,7822,7826
939c79ab-f3ed-401d-908f-5b42296f7638,fa915423-9f9b-4777-a823-10a24cccc05f,VERS,1,Hoc argumento se describi sentiat.,6987fe5a-5d8c-4557-bfdb-8c45f4dfce6f,7827,7832
939c79ab-f3ed-401d-908f-5b42296f7638,172f8a11-6172-4c34-9b8c-99de07cebbd5,VERS,2,In officinam fabri venit vipera.,6987fe5a-5d8c-4557-bfdb-8c45f4dfce6f,7833,7838
939c79ab-f3ed-401d-908f-5b42296f7638,ded41ce5-6b71-49c9-9ecc-997d6162dccf,VERS,3,"Haec cum temptaret si qua res esset cibi,",6987fe5a-5d8c-4557-bfdb-8c45f4dfce6f,7839,7847
939c79ab-f3ed-401d-908f-5b42296f7638,a57ada1f-1715-4a17-8be4-bb7a58db3470,VERS,4,Limam momordit. Illa contra contumax:,6987fe5a-5d8c-4557-bfdb-8c45f4dfce6f,7848,7854
939c79ab-f3ed-401d-908f-5b42296f7638,c4bf8316-c23a-4b87-aafc-044fcb62a479,VERS,5,"Quid me inquit stulta, dente captas laedere,",6987fe5a-5d8c-4557-bfdb-8c45f4dfce6f,7855,7863
939c79ab-f3ed-401d-908f-5b42296f7638,f61987db-d36c-45ac-bcf2-fb534e34bcb4,VERS,6,Omne assuevi ferrum quae corrodere?,6987fe5a-5d8c-4557-bfdb-8c45f4dfce6f,7864,7869
939c79ab-f3ed-401d-908f-5b42296f7638,043e9129-5d27-4c09-a0ed-6535534a7756,POEM,8,Vulpes et caper.,f7deca28-43c2-4a9c-8491-f7e0b9bb5731,7870,7951
939c79ab-f3ed-401d-908f-5b42296f7638,3422568c-b807-4c62-847c-948da89467f8,TITL,0,Vulpes et caper.,043e9129-5d27-4c09-a0ed-6535534a7756,7870,7873
939c79ab-f3ed-401d-908f-5b42296f7638,b6f091c9-36ba-4ca5-9832-0d4bcae14994,VERS,0,"Homo in periclum simul ac venit callidus,",043e9129-5d27-4c09-a0ed-6535534a7756,7874,7881
939c79ab-f3ed-401d-908f-5b42296f7638,fd2e2a3a-e131-47da-b534-2cb65ba3ab29,VERS,1,Reperire effugium quaerit alterius malo.,043e9129-5d27-4c09-a0ed-6535534a7756,7882,7887
939c79ab-f3ed-401d-908f-5b42296f7638,ccba8956-aa9d-48fc-9452-00695d825bc1,VERS,2,Cum decidisset vulpes in puteum inscia,043e9129-5d27-4c09-a0ed-6535534a7756,7888,7893
939c79ab-f3ed-401d-908f-5b42296f7638,657af9d9-aa38-40f5-854f-a3aec6af3a2c,VERS,3,"Et altiore clauderetur margine,",043e9129-5d27-4c09-a0ed-6535534a7756,7894,7898
939c79ab-f3ed-401d-908f-5b42296f7638,a08b0d04-c9fb-4973-b929-a456e3068f3e,VERS,4,Devenit hircus sitiens in eundem locum;,043e9129-5d27-4c09-a0ed-6535534a7756,7899,7905
939c79ab-f3ed-401d-908f-5b42296f7638,e7ff3a0d-9188-4764-a390-09ff384bcae2,VERS,5,Simul rogavit esset an dulcis liquor,043e9129-5d27-4c09-a0ed-6535534a7756,7906,7911
939c79ab-f3ed-401d-908f-5b42296f7638,f6a5ae5f-95a1-466d-9f02-6a8ffd188fa3,VERS,6,Et copiosus. Illa fraudem moliens:,043e9129-5d27-4c09-a0ed-6535534a7756,7912,7918
939c79ab-f3ed-401d-908f-5b42296f7638,2c39bd6d-3026-48b8-a2cd-4e75a5adde64,VERS,7,"Descende, amice; tanta bonitas est aquae",043e9129-5d27-4c09-a0ed-6535534a7756,7919,7926
939c79ab-f3ed-401d-908f-5b42296f7638,aa7a060c-9a29-445e-8876-9be34a190db0,VERS,8,Voluptas ut satiari non possit mea.,043e9129-5d27-4c09-a0ed-6535534a7756,7927,7933
939c79ab-f3ed-401d-908f-5b42296f7638,5ae70f6c-f1e4-4c6c-9ad3-24bc05996f59,VERS,9,Immisit se barbatus. Tum vulpecula,043e9129-5d27-4c09-a0ed-6535534a7756,7934,7939
939c79ab-f3ed-401d-908f-5b42296f7638,a7c53e0c-8d2f-4af5-9c45-4fe3a9a4f5ca,VERS,10,"Evasit puteo nixa celsis cornibus,",043e9129-5d27-4c09-a0ed-6535534a7756,7940,7945
939c79ab-f3ed-401d-908f-5b42296f7638,85a638e1-63d7-41b9-a008-1d3225100055,VERS,11,Hircumque clauso liquit haerentem vado.,043e9129-5d27-4c09-a0ed-6535534a7756,7946,7951
939c79ab-f3ed-401d-908f-5b42296f7638,860f796a-7e5c-4943-bbf1-89c53344ccfc,POEM,9,De vitiis hominum.,f7deca28-43c2-4a9c-8491-f7e0b9bb5731,7952,7989
939c79ab-f3ed-401d-908f-5b42296f7638,9fc5dba2-a0ed-466a-ba7c-54f5c2c1fe8d,TITL,0,De vitiis hominum.,860f796a-7e5c-4943-bbf1-89c53344ccfc,7952,7955
939c79ab-f3ed-401d-908f-5b42296f7638,f773684d-d3fe-49d9-88ee-61a41137c416,VERS,0,Peras imposuit Iuppiter nobis duas:,860f796a-7e5c-4943-bbf1-89c53344ccfc,7956,7961
939c79ab-f3ed-401d-908f-5b42296f7638,b0d8e656-cc2a-4973-a02d-3fd1e8cf451d,VERS,1,"Propriis repletam vitiis post tergum dedit,",860f796a-7e5c-4943-bbf1-89c53344ccfc,7962,7968
939c79ab-f3ed-401d-908f-5b42296f7638,ca471236-8244-4f1b-91c4-49006ed46a05,VERS,2,Alienis ante pectus suspendit gravem.,860f796a-7e5c-4943-bbf1-89c53344ccfc,7969,7974
939c79ab-f3ed-401d-908f-5b42296f7638,9276d294-d9d1-4dd6-bd14-53806f6e1a6a,VERS,3,Hac re videre nostra mala non possumus;,860f796a-7e5c-4943-bbf1-89c53344ccfc,7975,7982
939c79ab-f3ed-401d-908f-5b42296f7638,00acbfb6-67f1-4992-976b-36eb3f494b51,VERS,4,"Alii simul delinquunt, censores sumus.",860f796a-7e5c-4943-bbf1-89c53344ccfc,7983,7989
939c79ab-f3ed-401d-908f-5b42296f7638,5b197ed5-6b36-4a0d-943a-d888f65e738c,POEM,10,Fur et lucerna.,f7deca28-43c2-4a9c-8491-f7e0b9bb5731,7990,8130
939c79ab-f3ed-401d-908f-5b42296f7638,93c95b0d-2f49-4472-9378-5202c5123514,TITL,0,Fur et lucerna.,5b197ed5-6b36-4a0d-943a-d888f65e738c,7990,7993
939c79ab-f3ed-401d-908f-5b42296f7638,922c2c0d-7452-490d-8e85-4b7d19104c24,VERS,0,Lucernam fur accendit ex ara Iovis,5b197ed5-6b36-4a0d-943a-d888f65e738c,7994,7999
939c79ab-f3ed-401d-908f-5b42296f7638,4d972d49-3856-4160-aae3-629e7f77df82,VERS,1,Ipsumque compilavit ad lumen suum.,5b197ed5-6b36-4a0d-943a-d888f65e738c,8000,8005
939c79ab-f3ed-401d-908f-5b42296f7638,7c2af964-0125-416f-bf76-ce8c4b11e786,VERS,2,"Onustus qui sacrilegio cum discederet,",5b197ed5-6b36-4a0d-943a-d888f65e738c,8006,8011
939c79ab-f3ed-401d-908f-5b42296f7638,b816181c-ac85-4ab0-a9c5-3af0ab1c1d53,VERS,3,Repente vocem sancta misit Religio:,5b197ed5-6b36-4a0d-943a-d888f65e738c,8012,8017
939c79ab-f3ed-401d-908f-5b42296f7638,1a54d9aa-18df-4cee-8b9f-e67c9d745299,VERS,4,Malorum quamvis ista fuerint munera,5b197ed5-6b36-4a0d-943a-d888f65e738c,8018,8022
939c79ab-f3ed-401d-908f-5b42296f7638,ffd5880b-ade5-4924-9a18-9147f703d7ca,VERS,5,"Mihique invisa, ut non offendar surripi,",5b197ed5-6b36-4a0d-943a-d888f65e738c,8023,8030
939c79ab-f3ed-401d-908f-5b42296f7638,6cb086c5-873b-472d-a10b-bd029d69b903,VERS,6,"Tamen, sceleste, spiritu culpam lues,",5b197ed5-6b36-4a0d-943a-d888f65e738c,8031,8038
939c79ab-f3ed-401d-908f-5b42296f7638,7ea0699d-31f4-40a4-81c6-42e1e3b82a75,VERS,7,Olim cum ascriptus venerit poenae dies.,5b197ed5-6b36-4a0d-943a-d888f65e738c,8039,8045
939c79ab-f3ed-401d-908f-5b42296f7638,053a3af7-3166-4429-8be8-2b5db949e30f,VERS,8,"Sed ne ignis noster facinori praeluceat,",5b197ed5-6b36-4a0d-943a-d888f65e738c,8046,8052
939c79ab-f3ed-401d-908f-5b42296f7638,e820ba7a-5369-4732-b2b7-2b1c5f8fa6f1,VERS,9,"Per quem verendos excolit pietas deos,",5b197ed5-6b36-4a0d-943a-d888f65e738c,8053,8059
939c79ab-f3ed-401d-908f-5b42296f7638,bbf40066-0047-4f17-85a6-837494614c7c,VERS,10,Veto esse tale luminis commercium.,5b197ed5-6b36-4a0d-943a-d888f65e738c,8060,8065
939c79ab-f3ed-401d-908f-5b42296f7638,93670d30-2f7d-417c-8aa4-854b8b9453b6,VERS,11,Itaque hodie nec lucernam de flamma deum,5b197ed5-6b36-4a0d-943a-d888f65e738c,8066,8072
939c79ab-f3ed-401d-908f-5b42296f7638,e64e6df1-7c1a-4408-9645-daafcb4f1f42,VERS,12,Nec de lucerna fas est accendi sacrum.,5b197ed5-6b36-4a0d-943a-d888f65e738c,8073,8080
939c79ab-f3ed-401d-908f-5b42296f7638,0806bf4a-c8e9-4c00-aec4-432fd5dbc943,VERS,13,"Quot res contineat hoc argumentum utiles,",5b197ed5-6b36-4a0d-943a-d888f65e738c,8081,8087
939c79ab-f3ed-401d-908f-5b42296f7638,4f140936-cfdf-42e7-a53d-fe215453d373,VERS,14,Non explicabit alius quam qui repperit.,5b197ed5-6b36-4a0d-943a-d888f65e738c,8088,8094
939c79ab-f3ed-401d-908f-5b42296f7638,98f9ba3f-c44b-4e10-bb9c-12ce6efc7e87,VERS,15,"Significat primo saepe quos ipse alueris,",5b197ed5-6b36-4a0d-943a-d888f65e738c,8095,8101
939c79ab-f3ed-401d-908f-5b42296f7638,10740f1d-c4cf-46ab-888b-23eb847c921b,VERS,16,Tibi inveniri maxime contrarios;,5b197ed5-6b36-4a0d-943a-d888f65e738c,8102,8106
939c79ab-f3ed-401d-908f-5b42296f7638,5ab4b6fd-6ee6-48ad-9c44-a04b5e0b5b6d,VERS,17,"Secundum ostendit scelera non ira deum,",5b197ed5-6b36-4a0d-943a-d888f65e738c,8107,8113
939c79ab-f3ed-401d-908f-5b42296f7638,c539c88c-cfcc-42e8-88a8-e65baf5cef7c,VERS,18,Fatorum dicto sed puniri tempore;,5b197ed5-6b36-4a0d-943a-d888f65e738c,8114,8119
939c79ab-f3ed-401d-908f-5b42296f7638,85d136c5-39ea-41c4-9c93-ad8fdafef2f0,VERS,19,Novissime interdicit ne cum malefico,5b197ed5-6b36-4a0d-943a-d888f65e738c,8120,8124
939c79ab-f3ed-401d-908f-5b42296f7638,6a3636a9-cdbd-4d13-9f3d-07b8697182e1,VERS,20,Usum bonus consociet ullius rei.,5b197ed5-6b36-4a0d-943a-d888f65e738c,8125,8130
939c79ab-f3ed-401d-908f-5b42296f7638,9d6726f9-f39a-49d6-80d5-e121eeea3273,POEM,11,Malas esse divitias.,f7deca28-43c2-4a9c-8491-f7e0b9bb5731,8131,8187
939c79ab-f3ed-401d-908f-5b42296f7638,b0498544-6043-4b90-95ca-28db3edff87b,TITL,0,Malas esse divitias.,9d6726f9-f39a-49d6-80d5-e121eeea3273,8131,8134
939c79ab-f3ed-401d-908f-5b42296f7638,8a38ea28-922c-4273-8ace-08211599cdf5,VERS,0,"Opes invisae merito sunt forti viro,",9d6726f9-f39a-49d6-80d5-e121eeea3273,8135,8141
939c79ab-f3ed-401d-908f-5b42296f7638,b7ca0645-b564-4baa-84d4-48bd2e616c4b,VERS,1,Quia dives arca veram laudem intercipit.,9d6726f9-f39a-49d6-80d5-e121eeea3273,8142,8148
939c79ab-f3ed-401d-908f-5b42296f7638,1f531b6c-ecc7-49d2-bb18-128f274a0102,VERS,2,Caelo receptus propter virtutem Hercules,9d6726f9-f39a-49d6-80d5-e121eeea3273,8149,8153
939c79ab-f3ed-401d-908f-5b42296f7638,41d49477-1905-4917-a581-9542fc53b505,VERS,3,"Cum gratulantes persalutasset deos,",9d6726f9-f39a-49d6-80d5-e121eeea3273,8154,8158
939c79ab-f3ed-401d-908f-5b42296f7638,2343343f-ef2a-4386-aea5-a19310cd340c,VERS,4,"Veniente Pluto, qui Fortunae est filius,",9d6726f9-f39a-49d6-80d5-e121eeea3273,8159,8166
939c79ab-f3ed-401d-908f-5b42296f7638,c146104a-3637-4602-8a7a-989cec5ec309,VERS,5,Avertit oculos. Causam quaesivit pater.,9d6726f9-f39a-49d6-80d5-e121eeea3273,8167,8173
939c79ab-f3ed-401d-908f-5b42296f7638,b81faa90-32b7-4af6-a641-495d0ff426d1,VERS,6,"Odi inquit illum, quia malis amicus est",9d6726f9-f39a-49d6-80d5-e121eeea3273,8174,8181
939c79ab-f3ed-401d-908f-5b42296f7638,86409268-2644-4d32-993b-5b9c17fc6c79,VERS,7,Simulque obiecto cuncta corrumpit lucro.,9d6726f9-f39a-49d6-80d5-e121eeea3273,8182,8187
939c79ab-f3ed-401d-908f-5b42296f7638,cf78242f-8714-4ebb-b6d1-822407fef96a,POEM,12,De leone regnante.,f7deca28-43c2-4a9c-8491-f7e0b9bb5731,8188,8246
939c79ab-f3ed-401d-908f-5b42296f7638,8f9a8c48-6f94-4b34-8409-22eb5559adab,TITL,0,De leone regnante.,cf78242f-8714-4ebb-b6d1-822407fef96a,8188,8191
939c79ab-f3ed-401d-908f-5b42296f7638,974e016d-c4cd-45d5-a414-7b4f77a68010,VERS,0,Utilius homini nihil est quam recte loqui:,cf78242f-8714-4ebb-b6d1-822407fef96a,8192,8199
939c79ab-f3ed-401d-908f-5b42296f7638,42bbd6a3-55dc-4a4b-9abc-ef82710cc590,VERS,1,"Probanda cunctis est quidem sententia,",cf78242f-8714-4ebb-b6d1-822407fef96a,8200,8205
939c79ab-f3ed-401d-908f-5b42296f7638,f7976b8a-83f7-4680-b163-d12b34115a43,VERS,2,Sed ad perniciem solet agi sinceritas.,cf78242f-8714-4ebb-b6d1-822407fef96a,8206,8212
939c79ab-f3ed-401d-908f-5b42296f7638,f9e351e1-b413-49bf-ba21-961fa8180b68,VERS,3,Cum se ferarum regem fecissit leo,cf78242f-8714-4ebb-b6d1-822407fef96a,8213,8218
939c79ab-f3ed-401d-908f-5b42296f7638,7a02f6ad-fba1-4e0f-a7b3-b53d27508342,VERS,4,"Et aequitatis vellet famam consequi,",cf78242f-8714-4ebb-b6d1-822407fef96a,8219,8224
939c79ab-f3ed-401d-908f-5b42296f7638,998c36fe-337a-44bc-8573-447815c1fa2f,VERS,5,A pristina deflexit consuetudine,cf78242f-8714-4ebb-b6d1-822407fef96a,8225,8228
939c79ab-f3ed-401d-908f-5b42296f7638,64deed58-235d-4d92-8e68-0bc46fad74ad,VERS,6,Atque inter illas tenui contentus cibo,cf78242f-8714-4ebb-b6d1-822407fef96a,8229,8234
939c79ab-f3ed-401d-908f-5b42296f7638,dd0a11c4-3eb1-48ae-809f-12cacd44610a,VERS,7,Sancta incorrupta iura reddebat fide.,cf78242f-8714-4ebb-b6d1-822407fef96a,8235,8240
939c79ab-f3ed-401d-908f-5b42296f7638,4d7c75eb-c0c0-41e6-bf13-88fb9e06f440,VERS,8,"Postquam labare coepit paenitentia,",cf78242f-8714-4ebb-b6d1-822407fef96a,8241,8245
939c79ab-f3ed-401d-908f-5b42296f7638,cee9edee-5aa8-4109-8cb8-2c9ad1082001,VERS,9,,cf78242f-8714-4ebb-b6d1-822407fef96a,8246,8246
939c79ab-f3ed-401d-908f-5b42296f7638,1ca31375-32de-427d-b212-57ea910a0e20,POEM,13,Prometheus.,f7deca28-43c2-4a9c-8491-f7e0b9bb5731,8247,8260
939c79ab-f3ed-401d-908f-5b42296f7638,f7805d19-b98a-4eca-aafa-6265a1730d4e,TITL,0,Prometheus.,1ca31375-32de-427d-b212-57ea910a0e20,8247,8248
939c79ab-f3ed-401d-908f-5b42296f7638,74d35e1b-58ea-4295-85e4-1cb71591d60e,VERS,0,,1ca31375-32de-427d-b212-57ea910a0e20,8249,8249
939c79ab-f3ed-401d-908f-5b42296f7638,beae423f-d133-4f15-be21-b64d1d5b5673,VERS,1,A fictione veretri linguam mulieris.,1ca31375-32de-427d-b212-57ea910a0e20,8250,8255
939c79ab-f3ed-401d-908f-5b42296f7638,7561f2f2-189f-4580-b329-96f50a659814,VERS,2,Affinitatem traxit inde obscenitas.,1ca31375-32de-427d-b212-57ea910a0e20,8256,8260
939c79ab-f3ed-401d-908f-5b42296f7638,653addf5-3022-460d-935c-9c9e6add69e3,POEM,14,Idem.,f7deca28-43c2-4a9c-8491-f7e0b9bb5731,8261,8353
939c79ab-f3ed-401d-908f-5b42296f7638,a4a32f04-664d-4358-be44-d3c052b15d63,TITL,0,Idem.,653addf5-3022-460d-935c-9c9e6add69e3,8261,8262
939c79ab-f3ed-401d-908f-5b42296f7638,7cd299f1-6360-4823-a544-76fa534ee182,VERS,0,"Rogavit alter, tribadas et molles mares",653addf5-3022-460d-935c-9c9e6add69e3,8263,8269
939c79ab-f3ed-401d-908f-5b42296f7638,0b82605f-8140-4989-92d3-915e190e700c,VERS,1,Quae ratio procreasset. Exposuit senex:,653addf5-3022-460d-935c-9c9e6add69e3,8270,8276
939c79ab-f3ed-401d-908f-5b42296f7638,b07020fe-eb16-4b29-ba81-87e02fe0b9b8,VERS,2,"Idem Prometheus, auctor vulgi fictilis",653addf5-3022-460d-935c-9c9e6add69e3,8277,8282
939c79ab-f3ed-401d-908f-5b42296f7638,4c302627-a8df-4ca5-8e41-a1242e9b47bb,VERS,3,"Qui simul offendit ad fortunam frangitur,",653addf5-3022-460d-935c-9c9e6add69e3,8283,8289
939c79ab-f3ed-401d-908f-5b42296f7638,78561a50-2e75-4222-b087-87c7464488ed,VERS,4,"Naturae partis veste quas celat pudor,",653addf5-3022-460d-935c-9c9e6add69e3,8290,8296
939c79ab-f3ed-401d-908f-5b42296f7638,089a5873-a9af-4cae-afad-dd18a240e3a8,VERS,5,"Cum separatim toto finxisset die,",653addf5-3022-460d-935c-9c9e6add69e3,8297,8302
939c79ab-f3ed-401d-908f-5b42296f7638,efd03750-1e46-4813-9cf5-eb6af9504765,VERS,6,"Aptare mox ut posset corporibus suis,",653addf5-3022-460d-935c-9c9e6add69e3,8303,8309
939c79ab-f3ed-401d-908f-5b42296f7638,30e35bf4-a40d-4279-b336-07cb0fb0aeb3,VERS,7,Ad cenam est invitatus subito a Libero.,653addf5-3022-460d-935c-9c9e6add69e3,8310,8317
939c79ab-f3ed-401d-908f-5b42296f7638,f9ef8c5e-ee34-4862-b444-35606598e744,VERS,8,"Ubi irrigatus multo venas nectare,",653addf5-3022-460d-935c-9c9e6add69e3,8318,8323
939c79ab-f3ed-401d-908f-5b42296f7638,29897caa-0bda-4eab-9d7d-430440804de3,VERS,9,Sero domum est reversus titubanti pede.,653addf5-3022-460d-935c-9c9e6add69e3,8324,8330
939c79ab-f3ed-401d-908f-5b42296f7638,4ee8e0c6-89e0-4068-84a7-cb19d076d0ff,VERS,10,Tum semisomno corde et errore ebrio,653addf5-3022-460d-935c-9c9e6add69e3,8331,8336
939c79ab-f3ed-401d-908f-5b42296f7638,4e30f510-5ac5-4699-97f2-fd787b77ea1e,VERS,11,Applicuit virginale generi masculo,653addf5-3022-460d-935c-9c9e6add69e3,8337,8340
939c79ab-f3ed-401d-908f-5b42296f7638,dde224e1-7b75-4335-9e57-097163e1bcb8,VERS,12,Et masculina membra applicuit feminis.,653addf5-3022-460d-935c-9c9e6add69e3,8341,8346
939c79ab-f3ed-401d-908f-5b42296f7638,604df70b-3ecc-436c-a443-2ad13059536e,VERS,13,Ita nunc libido pravo fruitur gaudio.,653addf5-3022-460d-935c-9c9e6add69e3,8347,8353
939c79ab-f3ed-401d-908f-5b42296f7638,a9fd4dd8-afb7-43ca-a8a8-6a158e3efa86,POEM,15,De capris barbatis.,f7deca28-43c2-4a9c-8491-f7e0b9bb5731,8354,8407
939c79ab-f3ed-401d-908f-5b42296f7638,8b3285e4-a991-456f-aab8-12852c09e844,TITL,0,De capris barbatis.,a9fd4dd8-afb7-43ca-a8a8-6a158e3efa86,8354,8357
939c79ab-f3ed-401d-908f-5b42296f7638,80a1a001-7524-4f47-81f8-9ae54921e157,VERS,0,"Barbam capellae cum impetrassent ab Iove,",a9fd4dd8-afb7-43ca-a8a8-6a158e3efa86,8358,8364
939c79ab-f3ed-401d-908f-5b42296f7638,4b9cc70f-9a7c-474c-b733-7abdbfae49a1,VERS,1,Hirci maerentes indignari coeperunt,a9fd4dd8-afb7-43ca-a8a8-6a158e3efa86,8365,8368
939c79ab-f3ed-401d-908f-5b42296f7638,7f7946e6-7970-4ce8-bfaf-030b2ba5fd25,VERS,2,Quod dignitatem feminae aequassent suam.,a9fd4dd8-afb7-43ca-a8a8-6a158e3efa86,8369,8374
939c79ab-f3ed-401d-908f-5b42296f7638,7e905cd3-bb8b-412d-80f1-0c530d32fd3f,VERS,3,Sinite inquit illas gloria vana frui,a9fd4dd8-afb7-43ca-a8a8-6a158e3efa86,8375,8380
939c79ab-f3ed-401d-908f-5b42296f7638,a802836c-e078-407f-b6dc-bcb7cb1d5b6a,VERS,4,"Et usurpare vestri ornatum muneris,",a9fd4dd8-afb7-43ca-a8a8-6a158e3efa86,8381,8386
939c79ab-f3ed-401d-908f-5b42296f7638,23ed55a5-6c29-4cea-a476-72d85656f7e7,VERS,5,Pares dum non sint vestrae fortitudinis.,a9fd4dd8-afb7-43ca-a8a8-6a158e3efa86,8387,8393
939c79ab-f3ed-401d-908f-5b42296f7638,50e191f1-30df-4421-99c2-0603d1a8dd3f,VERS,6,Hoc argumentum monet ut sustineas tibi,a9fd4dd8-afb7-43ca-a8a8-6a158e3efa86,8394,8399
939c79ab-f3ed-401d-908f-5b42296f7638,e8340ba2-4285-495e-a061-3a8d437fea35,VERS,7,Habitu esse similes qui sint virtute impares.,a9fd4dd8-afb7-43ca-a8a8-6a158e3efa86,8400,8407
939c79ab-f3ed-401d-908f-5b42296f7638,3ec6c927-a502-473b-a485-dfdedac10271,POEM,16,De fortunis hominum.,f7deca28-43c2-4a9c-8491-f7e0b9bb5731,8408,8473
939c79ab-f3ed-401d-908f-5b42296f7638,5db338b0-6cf1-43a8-aa67-2ce3caef0a6b,TITL,0,De fortunis hominum.,3ec6c927-a502-473b-a485-dfdedac10271,8408,8411
939c79ab-f3ed-401d-908f-5b42296f7638,bd997e1a-88ca-4414-9ac7-2132419c753a,VERS,0,"Cum de fortunis quidam quereretur suis,",3ec6c927-a502-473b-a485-dfdedac10271,8412,8418
939c79ab-f3ed-401d-908f-5b42296f7638,4e8e1f62-3c04-4a9f-bfdd-3b1383cffb6c,VERS,1,Aesopus finxit consolandi gratia:,3ec6c927-a502-473b-a485-dfdedac10271,8419,8423
939c79ab-f3ed-401d-908f-5b42296f7638,c871e1f5-9f4c-4455-acc4-17caf9702155,VERS,2,"Vexata saevis navis tempestatibus,",3ec6c927-a502-473b-a485-dfdedac10271,8424,8428
939c79ab-f3ed-401d-908f-5b42296f7638,87e1263a-9d81-4be8-9f60-158d898f0265,VERS,3,Inter vectorum lacrimas et mortis metum,3ec6c927-a502-473b-a485-dfdedac10271,8429,8434
939c79ab-f3ed-401d-908f-5b42296f7638,250ec39a-d559-49fc-8525-be4b6a16f7b8,VERS,4,"Faciem ad serenam subito ut mutatur dies,",3ec6c927-a502-473b-a485-dfdedac10271,8435,8442
939c79ab-f3ed-401d-908f-5b42296f7638,610f5eee-dd31-4ce3-a08b-6d21b34375c4,VERS,5,Ferri secundis tuta coepit flatibus,3ec6c927-a502-473b-a485-dfdedac10271,8443,8447
939c79ab-f3ed-401d-908f-5b42296f7638,39ae33f9-df6e-45b5-aa0b-fb8a0c614165,VERS,6,Nimiaque nautas hilaritate extollere.,3ec6c927-a502-473b-a485-dfdedac10271,8448,8452
939c79ab-f3ed-401d-908f-5b42296f7638,dff283b8-ce8d-4e78-87a4-8fa08fe6f43b,VERS,7,Factus periclis tum gubernator sophus:,3ec6c927-a502-473b-a485-dfdedac10271,8453,8458
939c79ab-f3ed-401d-908f-5b42296f7638,045edfa7-eedd-4d80-a4c8-944ca0fe5a51,VERS,8,"Parce gaudere oportet et sensim queri,",3ec6c927-a502-473b-a485-dfdedac10271,8459,8465
939c79ab-f3ed-401d-908f-5b42296f7638,f536f0e7-28ce-4e01-b7d7-e0ce7a38797b,VERS,9,Totam aeque vitam miscet dolor et gaudium.,3ec6c927-a502-473b-a485-dfdedac10271,8466,8473
939c79ab-f3ed-401d-908f-5b42296f7638,65139340-da84-4d29-9f0c-bd6fc99d3377,POEM,17,Canum legati ad Iovem.,f7deca28-43c2-4a9c-8491-f7e0b9bb5731,8474,8715
939c79ab-f3ed-401d-908f-5b42296f7638,85dcaadd-857f-44db-a4a6-7f463330a1de,TITL,0,Canum legati ad Iovem.,65139340-da84-4d29-9f0c-bd6fc99d3377,8474,8478
939c79ab-f3ed-401d-908f-5b42296f7638,5063c92d-f2fa-4173-9390-b8772e956fa1,VERS,0,Canes legatos olim misere ad Iovem,65139340-da84-4d29-9f0c-bd6fc99d3377,8479,8484
939c79ab-f3ed-401d-908f-5b42296f7638,f3523fd8-5198-4139-bb0f-5d69b982c367,VERS,1,"Melioris vitae tempus oratum suae,",65139340-da84-4d29-9f0c-bd6fc99d3377,8485,8490
939c79ab-f3ed-401d-908f-5b42296f7638,34dc2002-68fe-4380-a516-8bcd5f600503,VERS,2,"Ut sese eriperet hominum contumeliis,",65139340-da84-4d29-9f0c-bd6fc99d3377,8491,8496
939c79ab-f3ed-401d-908f-5b42296f7638,9b3437bf-a5c0-450c-94fd-1cf4c38860fe,VERS,3,Furfuribus sibi consparsum quod panem darent,65139340-da84-4d29-9f0c-bd6fc99d3377,8497,8502
939c79ab-f3ed-401d-908f-5b42296f7638,e63db7d4-2135-493c-833a-25cbe20bb89e,VERS,4,Fimoque turpi maximam explerent famem.,65139340-da84-4d29-9f0c-bd6fc99d3377,8503,8508
939c79ab-f3ed-401d-908f-5b42296f7638,305f71b7-2249-44f9-b66d-e535eb1284ce,VERS,5,Profecti sunt legati non celeri pede.,65139340-da84-4d29-9f0c-bd6fc99d3377,8509,8515
939c79ab-f3ed-401d-908f-5b42296f7638,a6f661ad-0b07-49c7-b58b-6ee0e6365be9,VERS,6,"Dum naribus scrutantur escam in stercore,",65139340-da84-4d29-9f0c-bd6fc99d3377,8516,8522
939c79ab-f3ed-401d-908f-5b42296f7638,e3a668b4-828b-4ece-bcef-9ee5eefae707,VERS,7,Citati non respondent. Vix tandem invenit,65139340-da84-4d29-9f0c-bd6fc99d3377,8523,8529
939c79ab-f3ed-401d-908f-5b42296f7638,59d78168-73e0-4049-9edc-bd6b1af31215,VERS,8,Eos Mercurius et turbatos attrahit.,65139340-da84-4d29-9f0c-bd6fc99d3377,8530,8535
939c79ab-f3ed-401d-908f-5b42296f7638,9e557c60-a670-4a53-85b3-60dc1e742e39,VERS,9,"Tum vero vultum magni ut viderunt Iovis,",65139340-da84-4d29-9f0c-bd6fc99d3377,8536,8543
939c79ab-f3ed-401d-908f-5b42296f7638,7f59697c-0cb9-4812-8d89-0b6eab7d6493,VERS,10,Totam timentes concacarunt regiam;,65139340-da84-4d29-9f0c-bd6fc99d3377,8544,8548
939c79ab-f3ed-401d-908f-5b42296f7638,0681f022-05dc-45dc-aff7-8ef673e73fbb,VERS,11,Propulsi vero fustibus vadunt foras.,65139340-da84-4d29-9f0c-bd6fc99d3377,8549,8554
939c79ab-f3ed-401d-908f-5b42296f7638,895032e0-d6c0-407b-86eb-0cf623a0ea37,VERS,12,Vetat dimitti magnus illos Iuppiter.,65139340-da84-4d29-9f0c-bd6fc99d3377,8555,8560
939c79ab-f3ed-401d-908f-5b42296f7638,8f0bfaa2-b29b-40a5-a7f0-20a515c44eb8,VERS,13,"Mirati sibi legatos non revertier,",65139340-da84-4d29-9f0c-bd6fc99d3377,8561,8566
939c79ab-f3ed-401d-908f-5b42296f7638,9dfdc769-d85d-4aeb-8df1-6a5e7778c938,VERS,14,"Turpe aestimantes aliquid commissum a suis,",65139340-da84-4d29-9f0c-bd6fc99d3377,8567,8573
939c79ab-f3ed-401d-908f-5b42296f7638,b83b8b69-b83e-4419-9d00-6cd88282bb35,VERS,15,Post aliquod tempus alios ascribi iubent.,65139340-da84-4d29-9f0c-bd6fc99d3377,8574,8580
939c79ab-f3ed-401d-908f-5b42296f7638,c3378160-84ae-4214-9c54-38df226ad5bb,VERS,16,Rumor legatos superiores prodidit.,65139340-da84-4d29-9f0c-bd6fc99d3377,8581,8585
939c79ab-f3ed-401d-908f-5b42296f7638,576b4201-f9cc-4679-be5c-e6daaa6be99a,VERS,17,"Timentes rursus aliquid ne simile accidat,",65139340-da84-4d29-9f0c-bd6fc99d3377,8586,8592
939c79ab-f3ed-401d-908f-5b42296f7638,d3bf4b65-394b-4cc7-8a7d-4164119cb98e,VERS,18,"Odore canibus anum, sed multo, replent.",65139340-da84-4d29-9f0c-bd6fc99d3377,8593,8601
939c79ab-f3ed-401d-908f-5b42296f7638,79228f24-0e9e-45e9-b558-53ea7892d2b0,VERS,19,Mandata dantur et dimittuntur statim.,65139340-da84-4d29-9f0c-bd6fc99d3377,8602,8607
939c79ab-f3ed-401d-908f-5b42296f7638,6bbe37c3-8166-49bb-ac59-58041119abac,VERS,20,Adeunt. Rogantes aditum continuo impetrant.,65139340-da84-4d29-9f0c-bd6fc99d3377,8608,8614
939c79ab-f3ed-401d-908f-5b42296f7638,4af22994-30de-418f-a52e-2f417691fdd1,VERS,21,Consedit genitor tum deorum maximus,65139340-da84-4d29-9f0c-bd6fc99d3377,8615,8619
939c79ab-f3ed-401d-908f-5b42296f7638,5366306d-7ead-40a3-89f7-b9fe59b2c420,VERS,22,Quassatque fulmen: tremere coepere omnia.,65139340-da84-4d29-9f0c-bd6fc99d3377,8620,8626
939c79ab-f3ed-401d-908f-5b42296f7638,97851f64-5a72-41c8-b4f6-c9f49697febd,VERS,23,"Canes, confusus subito quod fuerat fragor,",65139340-da84-4d29-9f0c-bd6fc99d3377,8627,8634
939c79ab-f3ed-401d-908f-5b42296f7638,c0be36ef-0e06-449e-a668-f4675227ce57,VERS,24,Repente odorem mixtum cum merdis cacant.,65139340-da84-4d29-9f0c-bd6fc99d3377,8635,8641
939c79ab-f3ed-401d-908f-5b42296f7638,3a222c87-f694-4a36-bbca-4ac96fb8edf9,VERS,25,Reclamant omnes vindicandam iniuriam.,65139340-da84-4d29-9f0c-bd6fc99d3377,8642,8646
939c79ab-f3ed-401d-908f-5b42296f7638,3bc1737b-e9d7-4fea-a164-74391a31fabd,VERS,26,Sic est locutus ante poenam Iuppiter:,65139340-da84-4d29-9f0c-bd6fc99d3377,8647,8653
939c79ab-f3ed-401d-908f-5b42296f7638,c4a3eab7-e95c-4bc6-ad6d-927f7e39d666,VERS,27,"Legatos non est regis non dimittere,",65139340-da84-4d29-9f0c-bd6fc99d3377,8654,8660
939c79ab-f3ed-401d-908f-5b42296f7638,d575bc4f-c205-4d8a-a912-4c36c4c14a65,VERS,28,Nec est difficile poenas culpae imponere;,65139340-da84-4d29-9f0c-bd6fc99d3377,8661,8667
939c79ab-f3ed-401d-908f-5b42296f7638,93c8e34e-5c16-48ce-852f-521691476fda,VERS,29,Sed hoc feretis pro iudicio praemium:,65139340-da84-4d29-9f0c-bd6fc99d3377,8668,8674
939c79ab-f3ed-401d-908f-5b42296f7638,82d918c5-53bf-4257-ae5d-ca8f3fbdaa0a,VERS,30,"Non veto dimitti, verum cruciari fame,",65139340-da84-4d29-9f0c-bd6fc99d3377,8675,8682
939c79ab-f3ed-401d-908f-5b42296f7638,497b09c2-025d-454c-b98a-7f2f6b349aad,VERS,31,Ne ventrem continere non possint suum.,65139340-da84-4d29-9f0c-bd6fc99d3377,8683,8689
939c79ab-f3ed-401d-908f-5b42296f7638,d441abfc-7f77-4c80-95cb-7586b905a6fc,VERS,32,Illi autem qui miserunt vos tam futtiles,65139340-da84-4d29-9f0c-bd6fc99d3377,8690,8696
939c79ab-f3ed-401d-908f-5b42296f7638,f9a83490-eb32-466c-b0cd-f75cddb24481,VERS,33,Numquam carebunt hominis contumelia.,65139340-da84-4d29-9f0c-bd6fc99d3377,8697,8701
939c79ab-f3ed-401d-908f-5b42296f7638,a44983f3-a1c0-4b81-9cf3-bede9aa03ccf,VERS,34,Ita nunc legatos exspectant et posteri,65139340-da84-4d29-9f0c-bd6fc99d3377,8702,8707
939c79ab-f3ed-401d-908f-5b42296f7638,8e880285-b103-42f2-8dc4-203cec447753,VERS,35,Novum et venire qui videt culum olfacit.,65139340-da84-4d29-9f0c-bd6fc99d3377,8708,8715
939c79ab-f3ed-401d-908f-5b42296f7638,ff1fa628-f81c-4827-a951-84254be9448d,POEM,18,Serpens. Misericordia nociva.,f7deca28-43c2-4a9c-8491-f7e0b9bb5731,8716,8763
939c79ab-f3ed-401d-908f-5b42296f7638,85d3b5d8-dab7-44c7-ba36-fad7e97817c0,TITL,0,Serpens. Misericordia nociva.,ff1fa628-f81c-4827-a951-84254be9448d,8716,8720
939c79ab-f3ed-401d-908f-5b42296f7638,8c9b9587-17ab-4262-9c2c-922915e01196,VERS,0,Qui fert malis auxilium post tempus dolet.,ff1fa628-f81c-4827-a951-84254be9448d,8721,8728
939c79ab-f3ed-401d-908f-5b42296f7638,0a17bf40-72cf-404c-b51f-902e20de5998,VERS,1,Gelu rigentem quidam colubram sustulit,ff1fa628-f81c-4827-a951-84254be9448d,8729,8733
939c79ab-f3ed-401d-908f-5b42296f7638,2539c1b6-3712-4700-b7aa-eb82ba221779,VERS,2,Sinuque fovit contra se ipse misericors:,ff1fa628-f81c-4827-a951-84254be9448d,8734,8740
939c79ab-f3ed-401d-908f-5b42296f7638,1abf94a8-9361-4d2e-b55e-36a403fb0620,VERS,3,Namque ut refecta est necuit hominem protinus.,ff1fa628-f81c-4827-a951-84254be9448d,8741,8748
939c79ab-f3ed-401d-908f-5b42296f7638,08ff97a9-0a07-4fb2-b376-1c81ffb8ff8e,VERS,4,"Hanc alia cum rogaret causam facinoris,",ff1fa628-f81c-4827-a951-84254be9448d,8749,8755
939c79ab-f3ed-401d-908f-5b42296f7638,b0fd1c41-89dd-4bd5-b2f6-4ee48a8da086,VERS,5,Respondit: Ne quis discat prodesse improbis.,ff1fa628-f81c-4827-a951-84254be9448d,8756,8763
939c79ab-f3ed-401d-908f-5b42296f7638,b0e515eb-de34-4411-94d9-ba1317dfd40f,POEM,19,Vulpes et draco.,f7deca28-43c2-4a9c-8491-f7e0b9bb5731,8764,8953
939c79ab-f3ed-401d-908f-5b42296f7638,c3b709f9-0c17-4979-a49f-daedc841641d,TITL,0,Vulpes et draco.,b0e515eb-de34-4411-94d9-ba1317dfd40f,8764,8767
939c79ab-f3ed-401d-908f-5b42296f7638,9f99b306-272f-4825-9604-8cfd7225f29b,VERS,0,"Vulpes, cubile fodiens, dum terram eruit",b0e515eb-de34-4411-94d9-ba1317dfd40f,8768,8775
939c79ab-f3ed-401d-908f-5b42296f7638,7595cd05-b45e-4011-ba03-cd25356705c4,VERS,1,"Agitque pluris altius cuniculos,",b0e515eb-de34-4411-94d9-ba1317dfd40f,8776,8780
939c79ab-f3ed-401d-908f-5b42296f7638,2bb846f4-84fc-4c37-9f7b-32bbd406674f,VERS,2,"Pervenit ad draconis speluncam ultimam,",b0e515eb-de34-4411-94d9-ba1317dfd40f,8781,8786
939c79ab-f3ed-401d-908f-5b42296f7638,94cbf6c0-a302-4537-b0e3-80adc2c99bf9,VERS,3,Custodiebat qui thesauros abditos.,b0e515eb-de34-4411-94d9-ba1317dfd40f,8787,8791
939c79ab-f3ed-401d-908f-5b42296f7638,752f8857-dada-4cc3-9c2d-40d0e288a34c,VERS,4,Hunc simul aspexit: Oro ut imprudentiae,b0e515eb-de34-4411-94d9-ba1317dfd40f,8792,8798
939c79ab-f3ed-401d-908f-5b42296f7638,11b808ad-3af0-40ff-abdf-2b3eed931696,VERS,5,"Des primum veniam; deinde si pulchre vides,",b0e515eb-de34-4411-94d9-ba1317dfd40f,8799,8807
939c79ab-f3ed-401d-908f-5b42296f7638,7f20a2fa-3b7d-4807-bc69-b206437568a5,VERS,6,"Quam non conveniens aurum sit vitae meae,",b0e515eb-de34-4411-94d9-ba1317dfd40f,8808,8815
939c79ab-f3ed-401d-908f-5b42296f7638,b9160064-ae7e-4a9b-a9ba-ed6a3dfce5cc,VERS,7,Respondeas clementer. Quem fructum capis,b0e515eb-de34-4411-94d9-ba1317dfd40f,8816,8821
939c79ab-f3ed-401d-908f-5b42296f7638,6fabc298-98d5-46cf-8abb-517645531749,VERS,8,"Hoc ex labore, quodve tantum est praemium",b0e515eb-de34-4411-94d9-ba1317dfd40f,8822,8829
939c79ab-f3ed-401d-908f-5b42296f7638,e9d45784-8a2a-47e0-a33d-0348835ae380,VERS,9,Ut careas somno et aevum in tenebris exigas?,b0e515eb-de34-4411-94d9-ba1317dfd40f,8830,8838
939c79ab-f3ed-401d-908f-5b42296f7638,cca2c090-3854-4708-8933-d884fa5d3d29,VERS,10,Nullum inquit ille verum hoc ab summo mihi,b0e515eb-de34-4411-94d9-ba1317dfd40f,8839,8846
939c79ab-f3ed-401d-908f-5b42296f7638,1e9a33f2-cf1c-459f-a544-8c71fb29f6c3,VERS,11,Iove attributum est. Ergo nec sumis tibi,b0e515eb-de34-4411-94d9-ba1317dfd40f,8847,8854
939c79ab-f3ed-401d-908f-5b42296f7638,5c202e3d-53ce-444b-9ecb-36406a394d85,VERS,12,Nec ulli donas quicquam? Sic fatis placet.,b0e515eb-de34-4411-94d9-ba1317dfd40f,8855,8863
939c79ab-f3ed-401d-908f-5b42296f7638,6153588f-bb0d-4bfb-97bf-c1265cec0248,VERS,13,"Nolo irascaris, libere si dixero:",b0e515eb-de34-4411-94d9-ba1317dfd40f,8864,8870
939c79ab-f3ed-401d-908f-5b42296f7638,903688c0-d5ad-499d-8f02-9772b0f99199,VERS,14,"Dis est iratis natus, qui est similis tibi.",b0e515eb-de34-4411-94d9-ba1317dfd40f,8871,8880
939c79ab-f3ed-401d-908f-5b42296f7638,99be1164-09f5-4652-ac29-01920a07a425,VERS,15,"Abiturus illuc, quo priores abierunt,",b0e515eb-de34-4411-94d9-ba1317dfd40f,8881,8887
939c79ab-f3ed-401d-908f-5b42296f7638,3ddf2fea-5eba-424e-9129-bc0e9e42d69e,VERS,16,Quid mente caeca miserum torques spiritum?,b0e515eb-de34-4411-94d9-ba1317dfd40f,8888,8894
939c79ab-f3ed-401d-908f-5b42296f7638,88269648-46e9-4d51-9dae-f2947f2ab2c7,VERS,17,"Tibi dico, avare, gaudium heredis tui,",b0e515eb-de34-4411-94d9-ba1317dfd40f,8895,8903
939c79ab-f3ed-401d-908f-5b42296f7638,d9cc3246-ef7f-482c-b79c-889fdd210a43,VERS,18,"Qui ture superos, ipsum te fraudas cibo,",b0e515eb-de34-4411-94d9-ba1317dfd40f,8904,8912
939c79ab-f3ed-401d-908f-5b42296f7638,a5141143-9e41-4f97-9adb-19633566ce8e,VERS,19,"Qui tristis audis musicum citharae sonum,",b0e515eb-de34-4411-94d9-ba1317dfd40f,8913,8919
939c79ab-f3ed-401d-908f-5b42296f7638,b786be16-bdb0-4bd0-bdbf-b53ed160298e,VERS,20,"Quem tibiarum macerat iucunditas,",b0e515eb-de34-4411-94d9-ba1317dfd40f,8920,8924
939c79ab-f3ed-401d-908f-5b42296f7638,5316b373-e2c6-4988-9d6d-62a94a1b918b,VERS,21,"Obsoniorum pretia cui gemitum exprimunt,",b0e515eb-de34-4411-94d9-ba1317dfd40f,8925,8930
939c79ab-f3ed-401d-908f-5b42296f7638,61d00e37-5f29-4093-8f04-3b1e10eb38b2,VERS,22,Qui dum quadrantes aggeras patrimonio,b0e515eb-de34-4411-94d9-ba1317dfd40f,8931,8935
939c79ab-f3ed-401d-908f-5b42296f7638,00edcfe6-524e-4e6f-9ec0-6c51e7630758,VERS,23,"Caelum fatigas sordido periurio,",b0e515eb-de34-4411-94d9-ba1317dfd40f,8936,8940
939c79ab-f3ed-401d-908f-5b42296f7638,405331bb-a2c0-4403-a7dd-e6dd8fcafb4d,VERS,24,Qui circumcidis omnem impensam funeri,b0e515eb-de34-4411-94d9-ba1317dfd40f,8941,8945
939c79ab-f3ed-401d-908f-5b42296f7638,45498d92-92b3-4fce-9212-9e5c69188598,VERS,25,Libitina ne quid de tuo faciat lucri.,b0e515eb-de34-4411-94d9-ba1317dfd40f,8946,8953
939c79ab-f3ed-401d-908f-5b42296f7638,4d86906d-f50d-4bcd-a5fe-7b7c2290c09e,POEM,20,Phaedrus.,f7deca28-43c2-4a9c-8491-f7e0b9bb5731,8954,9018
939c79ab-f3ed-401d-908f-5b42296f7638,0ad56cb9-518b-41e1-a38d-ddc813e4ce1b,TITL,0,Phaedrus.,4d86906d-f50d-4bcd-a5fe-7b7c2290c09e,8954,8955
939c79ab-f3ed-401d-908f-5b42296f7638,752d56ff-af48-449a-a7ee-7006ca828118,VERS,0,"Quid iudicare cogitet livor modo,",4d86906d-f50d-4bcd-a5fe-7b7c2290c09e,8956,8961
939c79ab-f3ed-401d-908f-5b42296f7638,0f20c73a-c9b2-4b21-b0a6-1b6b97751403,VERS,1,"Licet dissimulet, pulchre tamen intellego.",4d86906d-f50d-4bcd-a5fe-7b7c2290c09e,8962,8968
939c79ab-f3ed-401d-908f-5b42296f7638,77a00083-01a8-46e1-abe7-80b24d37bde0,VERS,2,"Quicquid putabit esse dignum memoria,",4d86906d-f50d-4bcd-a5fe-7b7c2290c09e,8969,8974
939c79ab-f3ed-401d-908f-5b42296f7638,501ea982-9c67-4fdb-95fa-989db1757b00,VERS,3,"Aesopi dicet; si quid minus arriserit,",4d86906d-f50d-4bcd-a5fe-7b7c2290c09e,8975,8982
939c79ab-f3ed-401d-908f-5b42296f7638,5d3e9d2a-a2fe-4a73-af0f-5cdffe229b62,VERS,4,A me contendet fictum quovis pignore.,4d86906d-f50d-4bcd-a5fe-7b7c2290c09e,8983,8989
939c79ab-f3ed-401d-908f-5b42296f7638,683309c8-9132-4dd2-9154-92dfaf8c9933,VERS,5,Quem volo refelli iam nunc responso meo:,4d86906d-f50d-4bcd-a5fe-7b7c2290c09e,8990,8997
939c79ab-f3ed-401d-908f-5b42296f7638,3abda554-9a0d-4eb1-bf50-55685c2dc10e,VERS,6,"Sive hoc ineptum sive laudandum est opus,",4d86906d-f50d-4bcd-a5fe-7b7c2290c09e,8998,9005
939c79ab-f3ed-401d-908f-5b42296f7638,7b25bbef-6425-4401-9a74-f844132faaf4,VERS,7,"Invenit ille, nostra perfecit manus.",4d86906d-f50d-4bcd-a5fe-7b7c2290c09e,9006,9012
939c79ab-f3ed-401d-908f-5b42296f7638,aad11f8d-c893-4783-b44b-3465ac2f2cc7,VERS,8,Sed exsequamur coepti propositum ordinem.,4d86906d-f50d-4bcd-a5fe-7b7c2290c09e,9013,9018
939c79ab-f3ed-401d-908f-5b42296f7638,1a703a66-07f7-4930-b8e4-3be99506145b,POEM,21,De Simonide.,f7deca28-43c2-4a9c-8491-f7e0b9bb5731,9019,9216
939c79ab-f3ed-401d-908f-5b42296f7638,4682d9da-af4d-4452-9d7b-c4a0c8eacc57,TITL,0,De Simonide.,1a703a66-07f7-4930-b8e4-3be99506145b,9019,9021
939c79ab-f3ed-401d-908f-5b42296f7638,967fd898-b466-47f6-b8b3-ed69b2e5f14d,VERS,0,Homo doctus in se semper divitias habet.,1a703a66-07f7-4930-b8e4-3be99506145b,9022,9029
939c79ab-f3ed-401d-908f-5b42296f7638,256ec343-c9e5-4e7e-834f-f8a1d0cd9c13,VERS,1,"Simonides, qui scripsit egregium melos,",1a703a66-07f7-4930-b8e4-3be99506145b,9030,9036
939c79ab-f3ed-401d-908f-5b42296f7638,f274c0ce-2b15-4e6d-beaa-f911ffbe724b,VERS,2,"Quo paupertatem sustineret facilius,",1a703a66-07f7-4930-b8e4-3be99506145b,9037,9041
939c79ab-f3ed-401d-908f-5b42296f7638,004fb98a-08b6-486a-bed6-34037496dd14,VERS,3,"Circum ire coepit urbes Asiae nobiles,",1a703a66-07f7-4930-b8e4-3be99506145b,9042,9048
939c79ab-f3ed-401d-908f-5b42296f7638,a789adc7-ff91-40d0-b20e-71e23cdf1964,VERS,4,Mercede accepta laudem victorum canens.,1a703a66-07f7-4930-b8e4-3be99506145b,9049,9054
939c79ab-f3ed-401d-908f-5b42296f7638,a3c5d761-598c-4813-9686-da2f52dedf27,VERS,5,"Hoc genere quaestus postquam locuples factus est,",1a703a66-07f7-4930-b8e4-3be99506145b,9055,9062
939c79ab-f3ed-401d-908f-5b42296f7638,664b8ab4-ece7-4279-94a4-431d6dd610a0,VERS,6,Redire in patriam voluit cursu pelagio;,1a703a66-07f7-4930-b8e4-3be99506145b,9063,9069
939c79ab-f3ed-401d-908f-5b42296f7638,d7029afc-202c-467b-a8ab-376491815447,VERS,7,"Erat autem, ut aiunt, natus in Cia insula:",1a703a66-07f7-4930-b8e4-3be99506145b,9070,9080
939c79ab-f3ed-401d-908f-5b42296f7638,d59e39b4-e710-4b3d-a341-646a7be3d2b7,VERS,8,"Ascendit navem, quam tempestas horrida",1a703a66-07f7-4930-b8e4-3be99506145b,9081,9086
939c79ab-f3ed-401d-908f-5b42296f7638,cef266f6-aafc-467c-9c64-1e09fc38a3b2,VERS,9,Simul et vetustas medio dissolvit mari.,1a703a66-07f7-4930-b8e4-3be99506145b,9087,9093
939c79ab-f3ed-401d-908f-5b42296f7638,16db4900-0864-4daa-bc13-cbdb9a3ba0ed,VERS,10,"Hi zonas, illi res pretiosas colligunt,",1a703a66-07f7-4930-b8e4-3be99506145b,9094,9101
939c79ab-f3ed-401d-908f-5b42296f7638,8b955b3b-966a-487f-afc9-a12031d2b9d2,VERS,11,Subsidium vitae. Quidam curiosior:,1a703a66-07f7-4930-b8e4-3be99506145b,9102,9107
939c79ab-f3ed-401d-908f-5b42296f7638,4789009e-fb7a-4052-a250-7816de8f1754,VERS,12,"Simonide, tu ex opibus nil sumis tuis?",1a703a66-07f7-4930-b8e4-3be99506145b,9108,9116
939c79ab-f3ed-401d-908f-5b42296f7638,8555947b-03a1-45d9-9404-737d10d04928,VERS,13,"Mecum inquit mea sunt cuncta. Tunc pauci enatant,",1a703a66-07f7-4930-b8e4-3be99506145b,9117,9126
939c79ab-f3ed-401d-908f-5b42296f7638,00e53008-b304-4b8d-9ae5-5b35d963773f,VERS,14,Quia plures onere degravati perierant.,1a703a66-07f7-4930-b8e4-3be99506145b,9127,9132
939c79ab-f3ed-401d-908f-5b42296f7638,6e3751a2-bf13-4647-903b-d21fcd0b6c47,VERS,15,"Praedones adsunt, rapiunt, quod quisque extulit,",1a703a66-07f7-4930-b8e4-3be99506145b,9133,9141
939c79ab-f3ed-401d-908f-5b42296f7638,cbad5f25-f1ac-4c3b-bdbc-d553fc57c707,VERS,16,Nudos relinquunt. Forte Clazomenae prope,1a703a66-07f7-4930-b8e4-3be99506145b,9142,9147
939c79ab-f3ed-401d-908f-5b42296f7638,3472a361-53be-475b-84f4-d761969d3ceb,VERS,17,"Antiqua fuit urbs, quam petierunt naufragi.",1a703a66-07f7-4930-b8e4-3be99506145b,9148,9155
939c79ab-f3ed-401d-908f-5b42296f7638,e60b5c4c-a29d-4b59-8d59-649c7b7dbee6,VERS,18,"Hic litterarum quidam studio deditus,",1a703a66-07f7-4930-b8e4-3be99506145b,9156,9161
939c79ab-f3ed-401d-908f-5b42296f7638,f1300698-4959-476e-b2b1-0a6a4ee73556,VERS,19,Simonidis qui saepe versus legerat,1a703a66-07f7-4930-b8e4-3be99506145b,9162,9166
939c79ab-f3ed-401d-908f-5b42296f7638,8d80e892-e2c5-403e-956c-853b08778e2f,VERS,20,"Eratque absentis admirator maximus,",1a703a66-07f7-4930-b8e4-3be99506145b,9167,9171
939c79ab-f3ed-401d-908f-5b42296f7638,b5b3d2aa-1377-4807-9894-5156129595af,VERS,21,Sermone ab ipso cognitum cupidissime,1a703a66-07f7-4930-b8e4-3be99506145b,9172,9176
939c79ab-f3ed-401d-908f-5b42296f7638,689c3c33-65a2-463f-a9f6-41f286f67b22,VERS,22,"Ad se recepit; veste, nummis, familia",1a703a66-07f7-4930-b8e4-3be99506145b,9177,9185
939c79ab-f3ed-401d-908f-5b42296f7638,8d3d9051-d1d8-4f35-849e-0a00387fea49,VERS,23,Hominem exornavit. Ceteri tabulam suam,1a703a66-07f7-4930-b8e4-3be99506145b,9186,9191
939c79ab-f3ed-401d-908f-5b42296f7638,f2a9a38d-588d-483f-9180-46770bcb31a5,VERS,24,Portant rogantes victum. Quos casu obvios,1a703a66-07f7-4930-b8e4-3be99506145b,9192,9198
939c79ab-f3ed-401d-908f-5b42296f7638,a82b0775-76cd-4f1a-9c18-1365387a79ba,VERS,25,"Simonides ut vidit: Dixi, inquit, mea",1a703a66-07f7-4930-b8e4-3be99506145b,9199,9207
939c79ab-f3ed-401d-908f-5b42296f7638,49cf3b07-60a9-4f3c-be0c-fac78b9fa221,VERS,26,Mecum esse cuncta; vos quod rapuistis perit.,1a703a66-07f7-4930-b8e4-3be99506145b,9208,9216
939c79ab-f3ed-401d-908f-5b42296f7638,40f9baa3-694c-458a-8cdc-303a0ae8ac86,POEM,22,Mons parturiens.,f7deca28-43c2-4a9c-8491-f7e0b9bb5731,9217,9252
939c79ab-f3ed-401d-908f-5b42296f7638,5de0221d-b878-49c6-8e9b-fefba7abc02c,TITL,0,Mons parturiens.,40f9baa3-694c-458a-8cdc-303a0ae8ac86,9217,9219
939c79ab-f3ed-401d-908f-5b42296f7638,47e318d4-e5fc-48ef-90e0-3284a2f67d0a,VERS,0,"Mons parturibat, gemitus immanes ciens,",40f9baa3-694c-458a-8cdc-303a0ae8ac86,9220,9226
939c79ab-f3ed-401d-908f-5b42296f7638,e911952b-ee55-4f26-8e01-9c937ca3c423,VERS,1,Eratque in terris maxima exspectatio.,40f9baa3-694c-458a-8cdc-303a0ae8ac86,9227,9232
939c79ab-f3ed-401d-908f-5b42296f7638,ec24fd31-2f89-4dee-917a-3d82c7821d94,VERS,2,"At ille murem peperit. †Hoc scriptum est tibi,",40f9baa3-694c-458a-8cdc-303a0ae8ac86,9233,9243
939c79ab-f3ed-401d-908f-5b42296f7638,4ab1d44d-849c-4c27-b9b4-18e5851c8141,VERS,3,"Qui, magna cum minaris, extricas nihil.",40f9baa3-694c-458a-8cdc-303a0ae8ac86,9244,9252
939c79ab-f3ed-401d-908f-5b42296f7638,1a6c7dc1-322a-4f28-bc81-b4c0dc8f35c6,POEM,23,Formica et musca.,f7deca28-43c2-4a9c-8491-f7e0b9bb5731,9253,9442
939c79ab-f3ed-401d-908f-5b42296f7638,8347fd3b-a986-4990-86eb-601c72f311cb,TITL,0,Formica et musca.,1a6c7dc1-322a-4f28-bc81-b4c0dc8f35c6,9253,9256
939c79ab-f3ed-401d-908f-5b42296f7638,bd422884-8d68-406c-a41b-fe4d9e47eca2,PARA,0,Nihil agere quod non prosit fabella admonet.,1a6c7dc1-322a-4f28-bc81-b4c0dc8f35c6,9257,9264
939c79ab-f3ed-401d-908f-5b42296f7638,87089721-55de-42d7-8761-b3044f8ecdce,VERS,0,Formica et musca contendebant acriter,1a6c7dc1-322a-4f28-bc81-b4c0dc8f35c6,9265,9269
939c79ab-f3ed-401d-908f-5b42296f7638,641d1c76-a3a2-427c-be6f-02fe01748b73,VERS,1,Quae pluris esset. Musca sic coepit prior:,1a6c7dc1-322a-4f28-bc81-b4c0dc8f35c6,9270,9278
939c79ab-f3ed-401d-908f-5b42296f7638,737da200-30c7-48e3-ba16-8844d98c54f8,VERS,2,Conferre nostris tu potes te laudibus?,1a6c7dc1-322a-4f28-bc81-b4c0dc8f35c6,9279,9285
939c79ab-f3ed-401d-908f-5b42296f7638,98313605-480a-4561-b58a-b5f051557d5a,VERS,4,"Moror inter aras, templa perlustro omnia,",1a6c7dc1-322a-4f28-bc81-b4c0dc8f35c6,9286,9293
939c79ab-f3ed-401d-908f-5b42296f7638,a37d2d35-0057-4677-8c02-6a380776f4e0,VERS,5,"Ubi immolatur, exta praegusto deum.",1a6c7dc1-322a-4f28-bc81-b4c0dc8f35c6,9294,9300
939c79ab-f3ed-401d-908f-5b42296f7638,565146d9-552c-4cec-ae31-5d466b754bb0,VERS,6,"In capite regis sedeo cum visum est mihi,",1a6c7dc1-322a-4f28-bc81-b4c0dc8f35c6,9301,9309
939c79ab-f3ed-401d-908f-5b42296f7638,5a6c9a9a-fbf1-417f-bd51-cf947e933a36,VERS,7,Et matronarum casta delibo oscula.,1a6c7dc1-322a-4f28-bc81-b4c0dc8f35c6,9310,9315
939c79ab-f3ed-401d-908f-5b42296f7638,2d765817-ab99-4cf5-a5ce-ae7f6be6c587,VERS,8,Laboro nihil atque optimis rebus fruor.,1a6c7dc1-322a-4f28-bc81-b4c0dc8f35c6,9316,9322
939c79ab-f3ed-401d-908f-5b42296f7638,3d88ce0d-0f1e-4890-abb8-971f4cd88245,VERS,9,"Quid horum simile tibi contingit, rustica?",1a6c7dc1-322a-4f28-bc81-b4c0dc8f35c6,9323,9330
939c79ab-f3ed-401d-908f-5b42296f7638,996e2af0-4cd8-4ad9-9436-cdf9016cd5a2,VERS,10,"Est gloriosus sane convictus deum,",1a6c7dc1-322a-4f28-bc81-b4c0dc8f35c6,9331,9336
939c79ab-f3ed-401d-908f-5b42296f7638,1ea6f64f-e6a5-4bbd-a925-6e2c5e1a2e4c,VERS,11,"Sed illi qui invitatur, non qui invisus est.",1a6c7dc1-322a-4f28-bc81-b4c0dc8f35c6,9337,9346
939c79ab-f3ed-401d-908f-5b42296f7638,3dda8261-7abf-43a3-92b5-172106c991be,VERS,12,"Aras frequentas? nempe abigeris, quom venis.",1a6c7dc1-322a-4f28-bc81-b4c0dc8f35c6,9347,9355
939c79ab-f3ed-401d-908f-5b42296f7638,268fcbfa-4f4f-452f-9706-244d802fb2aa,VERS,13,Reges commemoras et matronarum oscula?,1a6c7dc1-322a-4f28-bc81-b4c0dc8f35c6,9356,9361
939c79ab-f3ed-401d-908f-5b42296f7638,635ce9fd-2375-44b8-9fcb-1df7abe04b49,VERS,14,Super etiam iactas tegere quod debet pudor.,1a6c7dc1-322a-4f28-bc81-b4c0dc8f35c6,9362,9369
939c79ab-f3ed-401d-908f-5b42296f7638,fb2910ab-c1b8-4a0e-a0bb-aff5a3e67ea5,VERS,15,"Nihil laboras? ideo, cum opus est, nil habes.",1a6c7dc1-322a-4f28-bc81-b4c0dc8f35c6,9370,9381
939c79ab-f3ed-401d-908f-5b42296f7638,ce66647d-ab89-4f6c-8d9d-247ea4edaf74,VERS,16,"Ego granum in hiemem cum studiose congero,",1a6c7dc1-322a-4f28-bc81-b4c0dc8f35c6,9382,9389
939c79ab-f3ed-401d-908f-5b42296f7638,06902542-f322-442d-9c39-c70846df7ba3,VERS,17,Te circa murum pasci video stercore.,1a6c7dc1-322a-4f28-bc81-b4c0dc8f35c6,9390,9396
939c79ab-f3ed-401d-908f-5b42296f7638,1b9de4d5-0f4d-4c10-aebf-3e1b4ae9290e,VERS,18,Aestate me lacessis; cum bruma est siles.,1a6c7dc1-322a-4f28-bc81-b4c0dc8f35c6,9397,9405
939c79ab-f3ed-401d-908f-5b42296f7638,0485057e-6144-45c2-85ba-0fc7bb3d1975,VERS,19,"Mori contractam cum te cogunt frigora,",1a6c7dc1-322a-4f28-bc81-b4c0dc8f35c6,9406,9412
939c79ab-f3ed-401d-908f-5b42296f7638,727ab4f4-fb9d-4323-8b49-35f2185cc2e6,VERS,20,Me copiosa recipit incolumem domus.,1a6c7dc1-322a-4f28-bc81-b4c0dc8f35c6,9413,9418
939c79ab-f3ed-401d-908f-5b42296f7638,00c5a4bc-c749-414b-b739-8a48a4d82e2c,VERS,21,Satis profecto rettudi superbiam.,1a6c7dc1-322a-4f28-bc81-b4c0dc8f35c6,9419,9423
939c79ab-f3ed-401d-908f-5b42296f7638,e776fba7-1b09-4385-ad73-aefb98979831,VERS,22,Fabella talis hominum discernit notas,1a6c7dc1-322a-4f28-bc81-b4c0dc8f35c6,9424,9428
939c79ab-f3ed-401d-908f-5b42296f7638,1fd8f456-5e35-4d7b-8512-8064964e69b7,VERS,23,"Eorum qui se falsis ornant laudibus,",1a6c7dc1-322a-4f28-bc81-b4c0dc8f35c6,9429,9435
939c79ab-f3ed-401d-908f-5b42296f7638,9a99c269-08ff-47af-9b76-9a069fcb6899,VERS,24,Et quorum virtus exhibet solidum decus.,1a6c7dc1-322a-4f28-bc81-b4c0dc8f35c6,9436,9442
939c79ab-f3ed-401d-908f-5b42296f7638,15dcbde8-9551-4308-a625-89030ec71693,POEM,24,Poeta.,f7deca28-43c2-4a9c-8491-f7e0b9bb5731,9443,9656
939c79ab-f3ed-401d-908f-5b42296f7638,3cc3571d-1995-4c2d-a336-38fdb1bdef2a,TITL,0,Poeta.,15dcbde8-9551-4308-a625-89030ec71693,9443,9444
939c79ab-f3ed-401d-908f-5b42296f7638,19b60a5d-5be5-47a6-9937-7e2d00882850,VERS,0,"Quantum valerent inter homines litterae,",15dcbde8-9551-4308-a625-89030ec71693,9445,9450
939c79ab-f3ed-401d-908f-5b42296f7638,665e638c-44dc-469c-989e-a2a97a11111f,VERS,1,Dixi superius: quantus nunc illis honos,15dcbde8-9551-4308-a625-89030ec71693,9451,9457
939c79ab-f3ed-401d-908f-5b42296f7638,081170f6-68df-4a9c-aab8-0efbecb5c9b3,VERS,2,A superis sit tributus tradam memoriae.,15dcbde8-9551-4308-a625-89030ec71693,9458,9464
939c79ab-f3ed-401d-908f-5b42296f7638,06e80677-25cb-4ceb-a69f-055211039c8c,VERS,3,"Simonides idem ille de quo rettuli,",15dcbde8-9551-4308-a625-89030ec71693,9465,9471
939c79ab-f3ed-401d-908f-5b42296f7638,0f03e07b-8b43-47de-a258-c6cc6245afe9,VERS,4,Victori laudem cuidam pyctae ut scriberet,15dcbde8-9551-4308-a625-89030ec71693,9472,9477
939c79ab-f3ed-401d-908f-5b42296f7638,b127c280-d5de-4c89-9df8-bf972a042b97,VERS,5,"Certo conduxit pretio, secretum petit.",15dcbde8-9551-4308-a625-89030ec71693,9478,9484
939c79ab-f3ed-401d-908f-5b42296f7638,497813e8-657d-48b7-90d8-f6b49ddbbc95,VERS,6,"Exigua cum frenaret materia impetum,",15dcbde8-9551-4308-a625-89030ec71693,9485,9490
939c79ab-f3ed-401d-908f-5b42296f7638,3282d494-f113-4af5-a019-192df739da57,VERS,7,Usus poeta moris est licentia,15dcbde8-9551-4308-a625-89030ec71693,9491,9495
939c79ab-f3ed-401d-908f-5b42296f7638,3c3d2048-afa3-4170-80d0-6df14bc5c018,VERS,8,"Atque interposuit gemina Ledae sidera,",15dcbde8-9551-4308-a625-89030ec71693,9496,9501
939c79ab-f3ed-401d-908f-5b42296f7638,ca91d949-24dc-4867-8958-f421bd9b853e,VERS,9,Auctoritatem similis referens gloriae.,15dcbde8-9551-4308-a625-89030ec71693,9502,9506
939c79ab-f3ed-401d-908f-5b42296f7638,e8f294e3-7244-4a81-b891-6129b3e1e783,VERS,10,Opus approbavit; sed mercedis tertiam,15dcbde8-9551-4308-a625-89030ec71693,9507,9512
939c79ab-f3ed-401d-908f-5b42296f7638,01d945ef-00fa-4c5b-8c48-e257731f44c9,VERS,11,Accepit partem. Cum reliquum posceret:,15dcbde8-9551-4308-a625-89030ec71693,9513,9519
939c79ab-f3ed-401d-908f-5b42296f7638,d58333fc-721a-46ee-9bee-8c46c88d0b2d,VERS,12,Illi inquit reddent quorum sunt laudis duae.,15dcbde8-9551-4308-a625-89030ec71693,9520,9527
939c79ab-f3ed-401d-908f-5b42296f7638,55fa9c43-17d6-4211-aebd-e5d05312d907,VERS,13,"Verum ut ne irate te dimissum sentiant,",15dcbde8-9551-4308-a625-89030ec71693,9528,9535
939c79ab-f3ed-401d-908f-5b42296f7638,89e49a50-21b5-4bcf-88d0-898101cf0471,VERS,14,Ad cenam mihi promitte; cognatos volo,15dcbde8-9551-4308-a625-89030ec71693,9536,9542
939c79ab-f3ed-401d-908f-5b42296f7638,a37f2d08-4259-4933-9262-49d8122127f8,VERS,15,"Hodie invitare, quorum es in numero mihi.",15dcbde8-9551-4308-a625-89030ec71693,9543,9551
939c79ab-f3ed-401d-908f-5b42296f7638,6a536c8c-cdc7-4f82-99e0-edbdd79d1ad1,VERS,16,"Fraudatus quamvis et dolens iniuria,",15dcbde8-9551-4308-a625-89030ec71693,9552,9557
939c79ab-f3ed-401d-908f-5b42296f7638,59bb701d-8b2d-4377-989e-ae7f2441ea28,VERS,17,"Ne male dimissam gratiam corrumperet,",15dcbde8-9551-4308-a625-89030ec71693,9558,9563
939c79ab-f3ed-401d-908f-5b42296f7638,19c0c438-6c51-4498-bcc9-164c23d5bc32,VERS,18,"Promisit. Rediit hora dicta, recubuit.",15dcbde8-9551-4308-a625-89030ec71693,9564,9571
939c79ab-f3ed-401d-908f-5b42296f7638,db566c53-3686-4479-a754-c90dead0109d,VERS,19,"Splendebat hilare poculis convivium,",15dcbde8-9551-4308-a625-89030ec71693,9572,9576
939c79ab-f3ed-401d-908f-5b42296f7638,26b03506-81de-4801-8f06-90744c72a35c,VERS,20,"Magno apparatu laeta resonabat domus,",15dcbde8-9551-4308-a625-89030ec71693,9577,9582
939c79ab-f3ed-401d-908f-5b42296f7638,0f28b8e1-5b53-48e1-bf40-3b1b32879c8a,VERS,21,"Repente duo cum iuvenes sparsi pulvere,",15dcbde8-9551-4308-a625-89030ec71693,9583,9589
939c79ab-f3ed-401d-908f-5b42296f7638,3a3e165a-8397-4ddf-9d71-d465832564a9,VERS,22,"Sudore multo diffluentes corpora,",15dcbde8-9551-4308-a625-89030ec71693,9590,9594
939c79ab-f3ed-401d-908f-5b42296f7638,7a851ed4-eb03-43bf-8eb7-1506f0b3be8d,VERS,23,"Humanam supra formam, cuidam servulo",15dcbde8-9551-4308-a625-89030ec71693,9595,9600
939c79ab-f3ed-401d-908f-5b42296f7638,92e84601-7e8c-41cd-b515-9cfc351141d0,VERS,24,Mandant ut ad se provocet Simonidem;,15dcbde8-9551-4308-a625-89030ec71693,9601,9607
939c79ab-f3ed-401d-908f-5b42296f7638,837297f4-0925-45ef-89fa-70b4965e7966,VERS,25,"Illius interesse, ne faciat moram.",15dcbde8-9551-4308-a625-89030ec71693,9608,9614
939c79ab-f3ed-401d-908f-5b42296f7638,eddcb075-65e1-4b15-91bf-014d99378b97,VERS,26,Homo perturbatus excitat Simonidem.,15dcbde8-9551-4308-a625-89030ec71693,9615,9619
939c79ab-f3ed-401d-908f-5b42296f7638,13e58d9f-1692-48b5-bfe0-a85dbf31d8a4,VERS,27,"Unum promorat vix pedem triclinio,",15dcbde8-9551-4308-a625-89030ec71693,9620,9625
939c79ab-f3ed-401d-908f-5b42296f7638,28297728-6bc5-48a0-9f69-687950ddb79f,VERS,28,Ruina camerae subito oppressit ceteros;,15dcbde8-9551-4308-a625-89030ec71693,9626,9631
939c79ab-f3ed-401d-908f-5b42296f7638,f6bf285b-9de1-45f7-9111-f06a98100c2b,VERS,29,Nec ulli iuvenes sunt reperti ad ianuam.,15dcbde8-9551-4308-a625-89030ec71693,9632,9639
939c79ab-f3ed-401d-908f-5b42296f7638,a447c20b-06da-41cc-932e-a90198a7ec05,VERS,30,"Ut est vulgatus ordo narratae rei,",15dcbde8-9551-4308-a625-89030ec71693,9640,9646
939c79ab-f3ed-401d-908f-5b42296f7638,258c3805-c198-483f-98c1-d0ea4cb9a681,VERS,31,Omnes scierunt numinum praesentiam,15dcbde8-9551-4308-a625-89030ec71693,9647,9650
939c79ab-f3ed-401d-908f-5b42296f7638,b4d3b10f-d67e-40eb-974c-23c911018486,VERS,32,Vati dedisse vitam mercedis loco.,15dcbde8-9551-4308-a625-89030ec71693,9651,9656
939c79ab-f3ed-401d-908f-5b42296f7638,887e83ea-6764-497f-b725-f356222672b1,EPIL,0,Poeta ad Particulonem.,f7deca28-43c2-4a9c-8491-f7e0b9bb5731,9657,9718
939c79ab-f3ed-401d-908f-5b42296f7638,136ff401-c596-438d-a2df-a09d52136bb8,TITL,0,Poeta ad Particulonem.,887e83ea-6764-497f-b725-f356222672b1,9657,9660
939c79ab-f3ed-401d-908f-5b42296f7638,32ce38c5-cd6d-4725-af6e-0c7abb4a1b0f,VERS,0,"Adhuc supersunt multa quae possim loqui,",887e83ea-6764-497f-b725-f356222672b1,9661,9667
939c79ab-f3ed-401d-908f-5b42296f7638,4a429695-9d0f-4a44-acf2-ab2dbe9e5b7a,VERS,1,Et copiosa abundat rerum varietas;,887e83ea-6764-497f-b725-f356222672b1,9668,9673
939c79ab-f3ed-401d-908f-5b42296f7638,1002210e-0cd0-4cb8-8ac5-a48d9bb4aa45,VERS,2,"Sed temperatae suaves sunt argutiae,",887e83ea-6764-497f-b725-f356222672b1,9674,9679
939c79ab-f3ed-401d-908f-5b42296f7638,190def67-dc7c-40fb-a5fe-065ec64f69d4,VERS,3,"Immodicae offendunt. Quare, vir sanctissime,",887e83ea-6764-497f-b725-f356222672b1,9680,9687
939c79ab-f3ed-401d-908f-5b42296f7638,2551f41e-158a-4ca9-bba2-e3aa136b5826,VERS,4,"Particulo, chartis nomen victurum meis",887e83ea-6764-497f-b725-f356222672b1,9688,9693
939c79ab-f3ed-401d-908f-5b42296f7638,6e624ef2-e315-4a91-b2a0-3458cbfc5745,VERS,5,"Latinis dum manebit pretium litteris,",887e83ea-6764-497f-b725-f356222672b1,9694,9699
939c79ab-f3ed-401d-908f-5b42296f7638,34011180-2050-418f-bc0c-c34f8527e48f,VERS,6,"Si non ingenium, certe brevitatem approba,",887e83ea-6764-497f-b725-f356222672b1,9700,9707
939c79ab-f3ed-401d-908f-5b42296f7638,7af81977-dba2-4b2c-84f5-189fd54c9087,VERS,7,Quae commendari tanto debet iustius,887e83ea-6764-497f-b725-f356222672b1,9708,9712
939c79ab-f3ed-401d-908f-5b42296f7638,b21e0048-67ae-4732-9f05-68e491f834da,VERS,8,Quanto poetae sunt molesti validius.,887e83ea-6764-497f-b725-f356222672b1,9713,9718
939c79ab-f3ed-401d-908f-5b42296f7638,f7deca28-43c2-4a9c-8491-f7e0b9bb5731,BOOK,3,Liber Quartus,,6727,9718
939c79ab-f3ed-401d-908f-5b42296f7638,9715ea07-e7dc-41f4-9b48-4d26913265b6,TITL,0,Liber Quintus,868865fe-01ab-4c0d-b0e9-3341abe1c0e2,9719,9720
939c79ab-f3ed-401d-908f-5b42296f7638,9e798c1d-b6b7-4d0e-8b33-f52f3424fd69,PROL,0,Idem poeta.,868865fe-01ab-4c0d-b0e9-3341abe1c0e2,9721,9786
939c79ab-f3ed-401d-908f-5b42296f7638,639b0d40-c173-45bd-9b92-04905b2ece1d,TITL,0,Idem poeta.,9e798c1d-b6b7-4d0e-8b33-f52f3424fd69,9721,9723
939c79ab-f3ed-401d-908f-5b42296f7638,cb49ca49-e0e7-4c50-8e90-84c9b6083b76,VERS,0,"Aesopi nomen sicubi interposuero,",9e798c1d-b6b7-4d0e-8b33-f52f3424fd69,9724,9728
939c79ab-f3ed-401d-908f-5b42296f7638,e4b47f77-c093-405e-95d5-fabaa2f08633,VERS,1,"Cui reddidi iam pridem quicquid debui,",9e798c1d-b6b7-4d0e-8b33-f52f3424fd69,9729,9735
939c79ab-f3ed-401d-908f-5b42296f7638,448d0c53-9496-4fd4-8e9c-59f933ef8c34,VERS,2,Auctoritatis esse scito gratia:,9e798c1d-b6b7-4d0e-8b33-f52f3424fd69,9736,9740
939c79ab-f3ed-401d-908f-5b42296f7638,28aec91e-4bf9-4db4-a289-4980273ebe68,VERS,3,"Ut quidam artifices nostro faciunt saeculo,",9e798c1d-b6b7-4d0e-8b33-f52f3424fd69,9741,9747
939c79ab-f3ed-401d-908f-5b42296f7638,0ab2b11f-2b5d-4692-9869-2f509765838a,VERS,4,"Qui pretium operibus maius inveniunt novis,",9e798c1d-b6b7-4d0e-8b33-f52f3424fd69,9748,9754
939c79ab-f3ed-401d-908f-5b42296f7638,643abe22-541f-4740-858b-e5a73867f6dd,VERS,5,"Si marmori ascripserunt Praxitelen suo,",9e798c1d-b6b7-4d0e-8b33-f52f3424fd69,9755,9760
939c79ab-f3ed-401d-908f-5b42296f7638,a47ae4ca-2201-41a9-b405-1f3f26f61ecb,VERS,6,"Trito Myronem argento, tabulae Zeuxidem.",9e798c1d-b6b7-4d0e-8b33-f52f3424fd69,9761,9767
939c79ab-f3ed-401d-908f-5b42296f7638,cf4caad8-a714-4a26-875c-36049135a148,VERS,7,Adeo fucatae plus vetustati favet,9e798c1d-b6b7-4d0e-8b33-f52f3424fd69,9768,9772
939c79ab-f3ed-401d-908f-5b42296f7638,43c37048-aa96-4813-b2d7-7898f25d6d14,VERS,8,Invidia mordax quam bonis praesentibus.,9e798c1d-b6b7-4d0e-8b33-f52f3424fd69,9773,9778
939c79ab-f3ed-401d-908f-5b42296f7638,43a106f2-4b4c-4027-ba32-7c20dae45995,VERS,9,Sed iam ad fabellam talis exempli feror.,9e798c1d-b6b7-4d0e-8b33-f52f3424fd69,9779,9786
939c79ab-f3ed-401d-908f-5b42296f7638,375bb636-93ff-404a-9dfc-4981743d2bfe,POEM,0,Demetrius rex et Menander poeta: Quomodo saepe fallatur hominum iudicium.,868865fe-01ab-4c0d-b0e9-3341abe1c0e2,9787,9921
939c79ab-f3ed-401d-908f-5b42296f7638,f41f58fc-4f6c-4b66-aef1-a6624a3c721e,TITL,0,Demetrius rex et Menander poeta: Quomodo saepe fallatur hominum iudicium.,375bb636-93ff-404a-9dfc-4981743d2bfe,9787,9798
939c79ab-f3ed-401d-908f-5b42296f7638,09cf5dc6-a31b-480e-9352-96342f3b1324,VERS,0,"Demetrius qui dictus est Phalereus,",375bb636-93ff-404a-9dfc-4981743d2bfe,9799,9804
939c79ab-f3ed-401d-908f-5b42296f7638,6a3f2816-a4fc-4b17-9e23-9dd13354d903,VERS,1,Athenas occupavit imperio improbo.,375bb636-93ff-404a-9dfc-4981743d2bfe,9805,9809
939c79ab-f3ed-401d-908f-5b42296f7638,93d43523-e2ac-4bcc-aa30-7cf2cda112db,VERS,2,"Ut mos est vulgi, passim et certatim ruit,",375bb636-93ff-404a-9dfc-4981743d2bfe,9810,9819
939c79ab-f3ed-401d-908f-5b42296f7638,44af6252-6a8f-4fb6-81a9-347d0a097a09,VERS,3,"""Feliciter!"" succlamans. Ipsi principes",375bb636-93ff-404a-9dfc-4981743d2bfe,9820,9827
939c79ab-f3ed-401d-908f-5b42296f7638,8d893dce-212a-489c-aedb-4cc5b4d57735,VERS,4,"Illam osculantur, qua sunt oppressi, manum,",375bb636-93ff-404a-9dfc-4981743d2bfe,9828,9836
939c79ab-f3ed-401d-908f-5b42296f7638,40b087a1-ddab-4019-b57d-63c507871066,VERS,5,Tacite gementes tristem fortunae vicem.,375bb636-93ff-404a-9dfc-4981743d2bfe,9837,9842
939c79ab-f3ed-401d-908f-5b42296f7638,3280d1e8-7d63-4ebf-871d-24908015c798,VERS,6,"Quin etiam resides et sequentes otium,",375bb636-93ff-404a-9dfc-4981743d2bfe,9843,9849
939c79ab-f3ed-401d-908f-5b42296f7638,da7e2b17-acce-43bd-a9f6-f79f972ae392,VERS,7,"Ni defuisse noceat, repunt ultimi;",375bb636-93ff-404a-9dfc-4981743d2bfe,9850,9856
939c79ab-f3ed-401d-908f-5b42296f7638,006ccf97-549c-4e49-8e50-7b258edb0d82,VERS,8,"In quis Menander, nobilis comoediis",375bb636-93ff-404a-9dfc-4981743d2bfe,9857,9862
939c79ab-f3ed-401d-908f-5b42296f7638,aa565f9b-c583-4a19-9e66-a396efcb662f,VERS,9,"Quas, ipsum ignorans, legerat Demetrius",375bb636-93ff-404a-9dfc-4981743d2bfe,9863,9869
939c79ab-f3ed-401d-908f-5b42296f7638,a6c11117-9822-4e1a-a90e-566d5c0e37a0,VERS,10,"Et admiratus fuerat ingenium viri,",375bb636-93ff-404a-9dfc-4981743d2bfe,9870,9875
939c79ab-f3ed-401d-908f-5b42296f7638,b89742c8-fe4f-4fd1-9fbc-ee8aeb248621,VERS,11,"Unguento delibutus, vestitu fluens,",375bb636-93ff-404a-9dfc-4981743d2bfe,9876,9881
939c79ab-f3ed-401d-908f-5b42296f7638,ef00f7e6-6fe9-48ab-9b3f-126c659c2082,VERS,12,Veniebat gressu delicato et languido.,375bb636-93ff-404a-9dfc-4981743d2bfe,9882,9887
939c79ab-f3ed-401d-908f-5b42296f7638,30090113-8ab3-4201-a281-37542cd852b2,VERS,13,Hunc ubi tyrannus vidit extremo agmine:,375bb636-93ff-404a-9dfc-4981743d2bfe,9888,9894
939c79ab-f3ed-401d-908f-5b42296f7638,76435398-ca7f-4f25-b35f-4ddbfac963c4,VERS,14,Quisnam cinaedus ille in conspectum meum,375bb636-93ff-404a-9dfc-4981743d2bfe,9895,9900
939c79ab-f3ed-401d-908f-5b42296f7638,5cf84c7c-376f-403f-8b8d-1202c6b3476d,VERS,15,Audet venire? Responderunt proximi:,375bb636-93ff-404a-9dfc-4981743d2bfe,9901,9906
939c79ab-f3ed-401d-908f-5b42296f7638,18afe58d-7726-455f-8169-8243c3698044,VERS,16,Hic est Menander scriptor. Mutatus statim:,375bb636-93ff-404a-9dfc-4981743d2bfe,9907,9914
939c79ab-f3ed-401d-908f-5b42296f7638,14d031b0-bf91-47c2-b9fd-161d9d2fc23a,VERS,17,Homo inquit fieri non potest formosior.,375bb636-93ff-404a-9dfc-4981743d2bfe,9915,9921
939c79ab-f3ed-401d-908f-5b42296f7638,5e9699be-7290-46bc-ae33-e30e12b9825d,POEM,1,Viatores et latro.,868865fe-01ab-4c0d-b0e9-3341abe1c0e2,9922,10028
939c79ab-f3ed-401d-908f-5b42296f7638,0afb8bc4-9b86-4851-ab99-1d62e1de8d95,TITL,0,Viatores et latro.,5e9699be-7290-46bc-ae33-e30e12b9825d,9922,9925
939c79ab-f3ed-401d-908f-5b42296f7638,8d54f040-d527-4e37-bada-c5ee69bf74fd,VERS,0,"Duo cum incidissent in latronem milites,",5e9699be-7290-46bc-ae33-e30e12b9825d,9926,9932
939c79ab-f3ed-401d-908f-5b42296f7638,3cf930b0-991c-4219-95ce-1365759f7ecc,VERS,1,"Unus profugit, alter autem restitit",5e9699be-7290-46bc-ae33-e30e12b9825d,9933,9938
939c79ab-f3ed-401d-908f-5b42296f7638,1d22af5c-ff14-43d5-94e2-5a5892348623,VERS,2,Et vindicavit sese forti dextera.,5e9699be-7290-46bc-ae33-e30e12b9825d,9939,9944
939c79ab-f3ed-401d-908f-5b42296f7638,fb80446c-63a3-4c3f-8232-9897c3fc4faa,VERS,3,Latrone exciso timidus accurrit comes,5e9699be-7290-46bc-ae33-e30e12b9825d,9945,9949
939c79ab-f3ed-401d-908f-5b42296f7638,51ae5897-40fc-4aeb-b657-fa582c208a49,VERS,4,"Stringitque gladium, dein reiecta paenula:",5e9699be-7290-46bc-ae33-e30e12b9825d,9950,9956
939c79ab-f3ed-401d-908f-5b42296f7638,c2e5db27-a7e4-4a33-bb08-4119898d0f91,VERS,5,"Cedo inquit illum; iam curabo sentiat,",5e9699be-7290-46bc-ae33-e30e12b9825d,9957,9964
939c79ab-f3ed-401d-908f-5b42296f7638,17ec646c-06c1-4bdc-b358-84e1a231f501,VERS,6,"Quos attentarit. Tunc, qui depugnaverat:",5e9699be-7290-46bc-ae33-e30e12b9825d,9965,9972
939c79ab-f3ed-401d-908f-5b42296f7638,ee01f86a-156f-4643-8c3d-857af782e38c,VERS,7,Vellem istis verbis saltem adiuvisses modo;,5e9699be-7290-46bc-ae33-e30e12b9825d,9973,9979
939c79ab-f3ed-401d-908f-5b42296f7638,7f64edf8-8756-40f1-afbd-e333e5acd644,VERS,8,Constantior fuissem vera existimans.,5e9699be-7290-46bc-ae33-e30e12b9825d,9980,9984
939c79ab-f3ed-401d-908f-5b42296f7638,588d1f81-b7b6-4a9a-8ac5-bca8a9a3aeaf,VERS,9,Nunc conde ferrum et linguam pariter futtilem.,5e9699be-7290-46bc-ae33-e30e12b9825d,9985,9992
939c79ab-f3ed-401d-908f-5b42296f7638,f857b204-146c-407f-806e-7c842cb47d5a,VERS,10,"Ut possis alios ignorantes fallere,",5e9699be-7290-46bc-ae33-e30e12b9825d,9993,9998
939c79ab-f3ed-401d-908f-5b42296f7638,4f09647e-d71a-4e5b-a856-38925a533a57,VERS,11,"Ego qui sum expertus quantis fugias viribus,",5e9699be-7290-46bc-ae33-e30e12b9825d,9999,10006
939c79ab-f3ed-401d-908f-5b42296f7638,3ea6df44-5d50-4d92-bb00-f22060157f37,VERS,12,Scio quam virtuti non sit credendum tuae.,5e9699be-7290-46bc-ae33-e30e12b9825d,10007,10014
939c79ab-f3ed-401d-908f-5b42296f7638,e4a6ced3-06d3-4dd1-b64d-b170f0d42b5b,VERS,13,Illi assignari debet haec narratio,5e9699be-7290-46bc-ae33-e30e12b9825d,10015,10019
939c79ab-f3ed-401d-908f-5b42296f7638,5d0eaeb7-96f5-48d9-a2de-55a109ec513b,VERS,14,"Qui re secunda fortis est, dubia fugax.",5e9699be-7290-46bc-ae33-e30e12b9825d,10020,10028
939c79ab-f3ed-401d-908f-5b42296f7638,75ea4629-50d9-45bd-922a-a1088f703f1b,POEM,2,Calvus et musca.,868865fe-01ab-4c0d-b0e9-3341abe1c0e2,10029,10125
939c79ab-f3ed-401d-908f-5b42296f7638,020495cf-20ac-4435-b15d-515897aac276,TITL,0,Calvus et musca.,75ea4629-50d9-45bd-922a-a1088f703f1b,10029,10032
939c79ab-f3ed-401d-908f-5b42296f7638,b48c91a7-aa6d-4f55-a2e3-5f04b678e05a,VERS,0,Calvi momordit musca nudatum caput;,75ea4629-50d9-45bd-922a-a1088f703f1b,10033,10038
939c79ab-f3ed-401d-908f-5b42296f7638,bf4038f0-ae55-4acb-bcff-28dce904c5d6,VERS,1,Quam opprimere captans alapam sibi duxit gravem.,75ea4629-50d9-45bd-922a-a1088f703f1b,10039,10046
939c79ab-f3ed-401d-908f-5b42296f7638,c81e7fca-a22f-4f28-b260-2ca55f8e5e94,VERS,2,Tunc illa irridens: Punctum volucris parvulae,75ea4629-50d9-45bd-922a-a1088f703f1b,10047,10053
939c79ab-f3ed-401d-908f-5b42296f7638,1c9e1938-7787-48d7-8a42-5bf6f168acb9,VERS,3,"Voluisti morte ulcisci; quid facies tibi,",75ea4629-50d9-45bd-922a-a1088f703f1b,10054,10061
939c79ab-f3ed-401d-908f-5b42296f7638,0e1bf886-a333-4798-9333-0f52641d103b,VERS,4,Iniuriae qui addideris contumeliam?,75ea4629-50d9-45bd-922a-a1088f703f1b,10062,10066
939c79ab-f3ed-401d-908f-5b42296f7638,2d45c217-1269-4259-85de-d86aecff92e1,VERS,5,"Respondit: Mecum facile redeo in gratiam,",75ea4629-50d9-45bd-922a-a1088f703f1b,10067,10074
939c79ab-f3ed-401d-908f-5b42296f7638,4e9474dc-b445-4e8c-a85f-b0082ee22eb2,VERS,6,Quia non fuisse mentem laedendi scio.,75ea4629-50d9-45bd-922a-a1088f703f1b,10075,10081
939c79ab-f3ed-401d-908f-5b42296f7638,cfea7019-67a0-4447-8e98-e1153740ab52,VERS,7,"Sed te, contempti generis animal improbum,",75ea4629-50d9-45bd-922a-a1088f703f1b,10082,10089
939c79ab-f3ed-401d-908f-5b42296f7638,04ce9f81-7067-49d3-97b5-748ec2d59d2c,VERS,8,"Quae delectaris bibere humanum sanguinem,",75ea4629-50d9-45bd-922a-a1088f703f1b,10090,10095
939c79ab-f3ed-401d-908f-5b42296f7638,030fb83d-182a-4eb3-af71-bdd00a1b0211,VERS,9,Optem necare vel maiore incommodo.,75ea4629-50d9-45bd-922a-a1088f703f1b,10096,10101
939c79ab-f3ed-401d-908f-5b42296f7638,7a29719a-3ab7-4fe6-bbc6-10aa5cbf9314,VERS,10,†Hoc argumentum veniam ei dari docet,75ea4629-50d9-45bd-922a-a1088f703f1b,10102,10108
939c79ab-f3ed-401d-908f-5b42296f7638,b3098f27-6d30-4462-b44d-6b8fc3b93f2b,VERS,11,"Qui casu peccat. Nam qui consilio est nocens,",75ea4629-50d9-45bd-922a-a1088f703f1b,10109,10118
939c79ab-f3ed-401d-908f-5b42296f7638,088eebd7-393e-4e8e-8016-0231f81dc6f3,VERS,12,Illum esse quamvis dignum poena iudico.,75ea4629-50d9-45bd-922a-a1088f703f1b,10119,10125
939c79ab-f3ed-401d-908f-5b42296f7638,2ec112c1-84b9-4fa0-a40b-1ca84e12d2e6,POEM,3,Asinus et porcellus.,868865fe-01ab-4c0d-b0e9-3341abe1c0e2,10126,10209
939c79ab-f3ed-401d-908f-5b42296f7638,bb6371ef-8f07-46fa-886c-0579330759ec,TITL,0,Asinus et porcellus.,2ec112c1-84b9-4fa0-a40b-1ca84e12d2e6,10126,10129
939c79ab-f3ed-401d-908f-5b42296f7638,d7f8d4c2-d394-49af-9bec-f7673895a658,VERS,0,"Quidam immolasset verrem cum sancto Herculi,",2ec112c1-84b9-4fa0-a40b-1ca84e12d2e6,10130,10136
939c79ab-f3ed-401d-908f-5b42296f7638,230f3c54-317d-4cfa-a228-3d3f7f6cca86,VERS,1,"Cui pro salute votum debebat sua,",2ec112c1-84b9-4fa0-a40b-1ca84e12d2e6,10137,10143
939c79ab-f3ed-401d-908f-5b42296f7638,a215c652-0513-4d1c-8099-832aaaf0b938,VERS,2,Asello iussit reliquias poni hordei.,2ec112c1-84b9-4fa0-a40b-1ca84e12d2e6,10144,10149
939c79ab-f3ed-401d-908f-5b42296f7638,a1d5b660-042d-44f8-8110-dce0ddd57183,VERS,3,Quas aspernatus ille sic locutus est:,2ec112c1-84b9-4fa0-a40b-1ca84e12d2e6,10150,10156
939c79ab-f3ed-401d-908f-5b42296f7638,c0ced64e-df82-42dc-a644-4401d7c735d2,VERS,4,"Libenter istum prorsus appeterem cibum,",2ec112c1-84b9-4fa0-a40b-1ca84e12d2e6,10157,10162
939c79ab-f3ed-401d-908f-5b42296f7638,38a1e30c-5b7c-4e0c-b601-5367b00cb494,VERS,5,"Nisi, qui nutritus illo est, iugulatus foret.",2ec112c1-84b9-4fa0-a40b-1ca84e12d2e6,10163,10172
939c79ab-f3ed-401d-908f-5b42296f7638,757725d8-760d-41e6-b009-ba3755077ca6,VERS,6,Huius respectu fabulae deterritus,2ec112c1-84b9-4fa0-a40b-1ca84e12d2e6,10173,10176
939c79ab-f3ed-401d-908f-5b42296f7638,f0351992-b06c-4101-92ee-3619bde058d3,VERS,7,Periculosum semper vitavi lucrum.,2ec112c1-84b9-4fa0-a40b-1ca84e12d2e6,10177,10181
939c79ab-f3ed-401d-908f-5b42296f7638,aff3c62e-922d-46a5-bda0-490849233aa8,VERS,8,"Sed dicis: Qui rapuere divitias, habent.",2ec112c1-84b9-4fa0-a40b-1ca84e12d2e6,10182,10190
939c79ab-f3ed-401d-908f-5b42296f7638,6cbd2737-0d1f-44bb-85b7-7e0d46ba37e8,VERS,9,Numeremus agedum qui deprensi perierunt:,2ec112c1-84b9-4fa0-a40b-1ca84e12d2e6,10191,10196
939c79ab-f3ed-401d-908f-5b42296f7638,8cf29509-ded8-4ef3-bee9-3a7768b9f8aa,VERS,10,Maiorem turbam punitorum reperies.,2ec112c1-84b9-4fa0-a40b-1ca84e12d2e6,10197,10201
939c79ab-f3ed-401d-908f-5b42296f7638,2ea0efe7-df2f-4147-b6a5-1d293fed277c,VERS,11,"Paucis temeritas est bono, multis malo.",2ec112c1-84b9-4fa0-a40b-1ca84e12d2e6,10202,10209
939c79ab-f3ed-401d-908f-5b42296f7638,57a27045-9829-4b30-af40-cd80989394c1,POEM,4,Scurra et rusticus.,868865fe-01ab-4c0d-b0e9-3341abe1c0e2,10210,10460
939c79ab-f3ed-401d-908f-5b42296f7638,f95ce42b-a959-4ef2-b1a9-b80f58a5897c,TITL,0,Scurra et rusticus.,57a27045-9829-4b30-af40-cd80989394c1,10210,10213
939c79ab-f3ed-401d-908f-5b42296f7638,cc0eaba3-0994-4b1b-b365-b8c7a254e7bc,VERS,0,Pravo favore labi mortales solent,57a27045-9829-4b30-af40-cd80989394c1,10214,10218
939c79ab-f3ed-401d-908f-5b42296f7638,ff3d69e1-8c5b-455d-90b1-da8214b36961,VERS,1,"Et, pro iudicio dum stant erroris sui,",57a27045-9829-4b30-af40-cd80989394c1,10219,10227
939c79ab-f3ed-401d-908f-5b42296f7638,8c980c82-af13-483f-b0ba-7f9aad71a1aa,VERS,2,Ad paenitendum rebus manifestis agi.,57a27045-9829-4b30-af40-cd80989394c1,10228,10233
939c79ab-f3ed-401d-908f-5b42296f7638,579ab3d8-b725-40cb-93be-be01f15e10ec,VERS,3,Facturus ludos dives quidam nobilis,57a27045-9829-4b30-af40-cd80989394c1,10234,10238
939c79ab-f3ed-401d-908f-5b42296f7638,6d7eaa4f-ee43-4b3c-8d14-7e686529c059,VERS,4,Proposito cunctos invitavit praemio,57a27045-9829-4b30-af40-cd80989394c1,10239,10242
939c79ab-f3ed-401d-908f-5b42296f7638,e1a59660-834d-47c4-86bf-3426989b6e9b,VERS,5,Quam quisque posset ut novitatem ostenderet.,57a27045-9829-4b30-af40-cd80989394c1,10243,10249
939c79ab-f3ed-401d-908f-5b42296f7638,22479522-022e-4ebe-a150-f4496cf1e123,VERS,6,Venere artifices laudis ad certamina;,57a27045-9829-4b30-af40-cd80989394c1,10250,10255
939c79ab-f3ed-401d-908f-5b42296f7638,3e0b71cc-1e39-4558-a3eb-18583bfb0b2c,VERS,7,"Quos inter scurra, notus urbano sale,",57a27045-9829-4b30-af40-cd80989394c1,10256,10263
939c79ab-f3ed-401d-908f-5b42296f7638,3f7cd27e-b479-47e6-b5e7-062a0ddcdb22,VERS,8,Habere dixit se genus spectaculi,57a27045-9829-4b30-af40-cd80989394c1,10264,10268
939c79ab-f3ed-401d-908f-5b42296f7638,16bbc3bf-9dd2-4bd6-b39a-e3349327972f,VERS,9,Quod in theatro numquam prolatum foret.,57a27045-9829-4b30-af40-cd80989394c1,10269,10275
939c79ab-f3ed-401d-908f-5b42296f7638,b7895e1e-720a-41c9-a3db-59bddbd2fc41,VERS,10,Dispersus rumor civitatem concitat.,57a27045-9829-4b30-af40-cd80989394c1,10276,10280
939c79ab-f3ed-401d-908f-5b42296f7638,44b72731-810e-4d57-8446-45866460a3e8,VERS,11,Paulo ante vacua turbam deficiunt loca.,57a27045-9829-4b30-af40-cd80989394c1,10281,10287
939c79ab-f3ed-401d-908f-5b42296f7638,77dec8b8-a540-4eb1-9bed-9cc8975d3fc3,VERS,12,In scaena vero postquam solus constitit,57a27045-9829-4b30-af40-cd80989394c1,10288,10293
939c79ab-f3ed-401d-908f-5b42296f7638,d5feb2c3-fbee-496f-87b5-6196a37411cb,VERS,13,"Sine apparatu, nullis adiutoribus,",57a27045-9829-4b30-af40-cd80989394c1,10294,10299
939c79ab-f3ed-401d-908f-5b42296f7638,01876d87-1ca6-43da-9bfc-a21ca0764aa5,VERS,14,Silentium ipsa fecit exspectatio.,57a27045-9829-4b30-af40-cd80989394c1,10300,10304
939c79ab-f3ed-401d-908f-5b42296f7638,b1811030-5cf0-4864-b2ac-ccf3fea4a411,VERS,15,Ille in sinum repente demisit caput,57a27045-9829-4b30-af40-cd80989394c1,10305,10310
939c79ab-f3ed-401d-908f-5b42296f7638,f85fa211-4b19-4f03-9f3e-6bca2a029ebe,VERS,16,"Et sic porcelli vocem est imitatus sua,",57a27045-9829-4b30-af40-cd80989394c1,10311,10318
939c79ab-f3ed-401d-908f-5b42296f7638,c7dcd527-015c-41e7-9315-5b3e463ac82d,VERS,17,Verum ut subesse pallio contenderent,57a27045-9829-4b30-af40-cd80989394c1,10319,10323
939c79ab-f3ed-401d-908f-5b42296f7638,b784adcf-808d-4a1e-ade9-58675ca243c2,VERS,18,Et excuti iuberent. Quo facto simul,57a27045-9829-4b30-af40-cd80989394c1,10324,10330
939c79ab-f3ed-401d-908f-5b42296f7638,8b957ffb-6f0e-4249-aa52-eb1de5b15131,VERS,19,"Nihil est repertum, multis onerant lancibus",57a27045-9829-4b30-af40-cd80989394c1,10331,10337
939c79ab-f3ed-401d-908f-5b42296f7638,edaf2d78-7d42-430d-a4ac-1b1954b03fda,VERS,20,Hominemque plausu prosequuntur maximo.,57a27045-9829-4b30-af40-cd80989394c1,10338,10342
939c79ab-f3ed-401d-908f-5b42296f7638,166e2077-6db6-4473-9a5c-802b28987f4e,VERS,21,Hoc vidit fieri rusticus: Non mehercules,57a27045-9829-4b30-af40-cd80989394c1,10343,10349
939c79ab-f3ed-401d-908f-5b42296f7638,a42ec8c4-2827-47d0-9c05-5ae9cdcab803,VERS,22,"Me vincet inquit, et statim professus est",57a27045-9829-4b30-af40-cd80989394c1,10350,10357
939c79ab-f3ed-401d-908f-5b42296f7638,e2a1570e-8f3d-40b4-b431-2ccabe08df0f,VERS,23,Idem facturum melius se postridie.,57a27045-9829-4b30-af40-cd80989394c1,10358,10363
939c79ab-f3ed-401d-908f-5b42296f7638,51caf864-4d55-4b58-88f3-a74cd2ca63e8,VERS,24,Fit turba maior. Iam favor mentes tenet,57a27045-9829-4b30-af40-cd80989394c1,10364,10371
939c79ab-f3ed-401d-908f-5b42296f7638,e884aba5-d4ad-43a0-8461-2b8bbb00ce31,VERS,25,"Et derisuri, non spectaturi sedent.",57a27045-9829-4b30-af40-cd80989394c1,10372,10378
939c79ab-f3ed-401d-908f-5b42296f7638,b10798b4-b802-427d-9666-6da5b6d91ec1,VERS,26,Uterque prodit. Scurra degrunnit prior,57a27045-9829-4b30-af40-cd80989394c1,10379,10384
939c79ab-f3ed-401d-908f-5b42296f7638,99074248-6447-4992-9cd0-a885b0f9c284,VERS,27,Movetque plausus et clamores suscitat.,57a27045-9829-4b30-af40-cd80989394c1,10385,10390
939c79ab-f3ed-401d-908f-5b42296f7638,55e22ff3-e25b-49f1-99a2-f19778af52a0,VERS,28,Tunc simulans sese vestimentis rusticus,57a27045-9829-4b30-af40-cd80989394c1,10391,10395
939c79ab-f3ed-401d-908f-5b42296f7638,6209a810-6a80-4155-9502-c7f02a710fca,VERS,29,"Porcellum obtegere (quod faciebat scilicet,",57a27045-9829-4b30-af40-cd80989394c1,10396,10402
939c79ab-f3ed-401d-908f-5b42296f7638,50369ea2-bd01-4d7b-aa78-2e645a8841f3,VERS,30,"Sed, in priore quia nil compererant, latens)",57a27045-9829-4b30-af40-cd80989394c1,10403,10412
939c79ab-f3ed-401d-908f-5b42296f7638,eeb4194f-8418-4fd2-9eb3-bbb2efb3771f,VERS,31,"Pervellit aurem vero, quem celaverat,",57a27045-9829-4b30-af40-cd80989394c1,10413,10419
939c79ab-f3ed-401d-908f-5b42296f7638,13820b1a-1f04-4452-a86a-e6167b778131,VERS,32,Et cum dolore vocem naturae exprimit.,57a27045-9829-4b30-af40-cd80989394c1,10420,10426
939c79ab-f3ed-401d-908f-5b42296f7638,9e0281db-166a-4a88-bb2b-59f8c758ba5b,VERS,33,Acclamat populus scurram multo similius,57a27045-9829-4b30-af40-cd80989394c1,10427,10431
939c79ab-f3ed-401d-908f-5b42296f7638,5624338d-95d8-4021-b967-4013838b421b,VERS,34,"Imitatum, et cogit rusticum trudi foras.",57a27045-9829-4b30-af40-cd80989394c1,10432,10439
939c79ab-f3ed-401d-908f-5b42296f7638,341a2aff-0af8-465b-8171-4a7533efa419,VERS,35,"At ille profert ipsum porcellum e sinu,",57a27045-9829-4b30-af40-cd80989394c1,10440,10447
939c79ab-f3ed-401d-908f-5b42296f7638,877a366e-2c5c-4e4d-a7bb-b0ab155b49b1,VERS,36,Turpemque aperto pignore errorem probans:,57a27045-9829-4b30-af40-cd80989394c1,10448,10453
939c79ab-f3ed-401d-908f-5b42296f7638,e7f960c4-6f6d-456a-abf6-d0439a29e991,VERS,37,En hic declarat quales sitis iudices!,57a27045-9829-4b30-af40-cd80989394c1,10454,10460
939c79ab-f3ed-401d-908f-5b42296f7638,5697c981-3f5c-4471-9aa8-c01db8f9d663,POEM,5,Calvus et quidam aeque pilis defectus.,868865fe-01ab-4c0d-b0e9-3341abe1c0e2,10461,10520
939c79ab-f3ed-401d-908f-5b42296f7638,f0608919-875d-4acd-ab4e-fbc7182ed017,TITL,0,Calvus et quidam aeque pilis defectus.,5697c981-3f5c-4471-9aa8-c01db8f9d663,10461,10467
939c79ab-f3ed-401d-908f-5b42296f7638,1e279790-bf5d-4561-933a-3327d0ee38fb,VERS,0,Invenit calvus forte in trivio pectinem.,5697c981-3f5c-4471-9aa8-c01db8f9d663,10468,10474
939c79ab-f3ed-401d-908f-5b42296f7638,c8f68341-694a-4905-88f0-81e30dbb5f41,VERS,1,Accessit alter aeque defectus pilis.,5697c981-3f5c-4471-9aa8-c01db8f9d663,10475,10480
939c79ab-f3ed-401d-908f-5b42296f7638,a2c39d56-fc19-48f1-8f4f-da50fe088a8e,VERS,2,Heia! inquit in commune quodcumque est lucri!,5697c981-3f5c-4471-9aa8-c01db8f9d663,10481,10489
939c79ab-f3ed-401d-908f-5b42296f7638,30f116a5-13f8-4c82-8f3c-4021e99c0bf3,VERS,3,Ostendit ille praedam et adiecit simul:,5697c981-3f5c-4471-9aa8-c01db8f9d663,10490,10496
939c79ab-f3ed-401d-908f-5b42296f7638,58be6c56-ec2b-48fb-985a-5b6af1c7188f,VERS,4,Superum voluntas favit; sed fato invido,5697c981-3f5c-4471-9aa8-c01db8f9d663,10497,10503
939c79ab-f3ed-401d-908f-5b42296f7638,79ca5f64-26bd-40bc-b18d-9d4eba235e03,VERS,5,"Carbonem, ut aiunt, pro thesauro invenimus.",5697c981-3f5c-4471-9aa8-c01db8f9d663,10504,10512
939c79ab-f3ed-401d-908f-5b42296f7638,c58e1475-82af-4664-ac57-365785ba5089,VERS,6,"Quem spes delusit, huic querela convenit.",5697c981-3f5c-4471-9aa8-c01db8f9d663,10513,10520
939c79ab-f3ed-401d-908f-5b42296f7638,3f2fb78e-f989-4a25-ae85-3e561700a79f,POEM,6,Princeps tibicen.,868865fe-01ab-4c0d-b0e9-3341abe1c0e2,10521,10780
939c79ab-f3ed-401d-908f-5b42296f7638,5505a1be-6fb1-4e38-b284-a846c88d1696,TITL,0,Princeps tibicen.,3f2fb78e-f989-4a25-ae85-3e561700a79f,10521,10523
939c79ab-f3ed-401d-908f-5b42296f7638,317256cc-60b3-4e46-b215-9361f448cc6a,VERS,0,Ubi vanus animus aura captus frivola,3f2fb78e-f989-4a25-ae85-3e561700a79f,10524,10529
939c79ab-f3ed-401d-908f-5b42296f7638,360b788f-5125-4af2-b5a0-2d17b98eb912,VERS,1,"Arripuit insolentem sibi fiduciam,",3f2fb78e-f989-4a25-ae85-3e561700a79f,10530,10534
939c79ab-f3ed-401d-908f-5b42296f7638,668a6f70-c4fc-4a37-b0f1-d87d15f22320,VERS,2,Facile ad derisum stulta levitas ducitur.,3f2fb78e-f989-4a25-ae85-3e561700a79f,10535,10541
939c79ab-f3ed-401d-908f-5b42296f7638,14de3ecf-cb39-4d98-adaf-73ee31e9ed54,VERS,3,"Princeps tibicen notior paulo fuit,",3f2fb78e-f989-4a25-ae85-3e561700a79f,10542,10547
939c79ab-f3ed-401d-908f-5b42296f7638,101deee9-6e16-4a2c-800c-935b6ef1583c,VERS,4,Operam Bathyllo solitus in scaena dare.,3f2fb78e-f989-4a25-ae85-3e561700a79f,10548,10554
939c79ab-f3ed-401d-908f-5b42296f7638,0fdf579e-fca5-484d-9a7b-49615d21606e,VERS,5,Is forte ludis (non satis memini quibus),3f2fb78e-f989-4a25-ae85-3e561700a79f,10555,10563
939c79ab-f3ed-401d-908f-5b42296f7638,1b22e650-d7c0-4ed4-a6df-e1f181aaf13c,VERS,6,"Dum pegma rapitur, concidit casu gravi",3f2fb78e-f989-4a25-ae85-3e561700a79f,10564,10570
939c79ab-f3ed-401d-908f-5b42296f7638,d146278c-b160-460c-b36f-1ab4cdf1fd5c,VERS,7,"Nec opinans, et sinistram fregit tibiam,",3f2fb78e-f989-4a25-ae85-3e561700a79f,10571,10578
939c79ab-f3ed-401d-908f-5b42296f7638,00b08645-7d86-41b3-93e4-c8aadd0c2b8a,VERS,8,Duas cum dextras maluisset perdere.,3f2fb78e-f989-4a25-ae85-3e561700a79f,10579,10584
939c79ab-f3ed-401d-908f-5b42296f7638,7c632e0d-547d-4b57-969c-cf65e17a94ad,VERS,9,Inter manus sublatus et multum gemens,3f2fb78e-f989-4a25-ae85-3e561700a79f,10585,10590
939c79ab-f3ed-401d-908f-5b42296f7638,2c813c4a-a2c6-49b9-a15e-153459bb7f48,VERS,10,"Domum refertur. Aliquot menses transeunt,",3f2fb78e-f989-4a25-ae85-3e561700a79f,10591,10597
939c79ab-f3ed-401d-908f-5b42296f7638,b6e20c32-d99f-4375-9185-ba85186e8fe4,VERS,11,Ad sanitatem dum venit curatio.,3f2fb78e-f989-4a25-ae85-3e561700a79f,10598,10603
939c79ab-f3ed-401d-908f-5b42296f7638,70e44dbc-3ca0-49c8-9ea7-f52106642e77,VERS,12,"Ut spectatorum mos est et lepidum genus,",3f2fb78e-f989-4a25-ae85-3e561700a79f,10604,10611
939c79ab-f3ed-401d-908f-5b42296f7638,d8f9586c-ddfb-4c43-8387-0d8a1397fadd,VERS,13,"Desiderari coepit, cuius flatibus",3f2fb78e-f989-4a25-ae85-3e561700a79f,10612,10616
939c79ab-f3ed-401d-908f-5b42296f7638,187ba6d4-2b2c-48f5-be06-16325260af6a,VERS,14,Solebat excitari saltantis vigor.,3f2fb78e-f989-4a25-ae85-3e561700a79f,10617,10621
939c79ab-f3ed-401d-908f-5b42296f7638,fdc06a66-5818-4a13-9db8-c13cc05ef604,VERS,15,"Erat facturus ludos quidam nobilis,",3f2fb78e-f989-4a25-ae85-3e561700a79f,10622,10627
939c79ab-f3ed-401d-908f-5b42296f7638,b0ef6c52-a437-415e-8b6b-c8f9cbbbb752,VERS,16,Et incipiebat a se Princeps ingredi:,3f2fb78e-f989-4a25-ae85-3e561700a79f,10628,10634
939c79ab-f3ed-401d-908f-5b42296f7638,63f89ff1-f15f-490d-9cfc-ba9d22923f7c,VERS,17,"Reducem tum adducit prece, pretio ut tantummodo",3f2fb78e-f989-4a25-ae85-3e561700a79f,10635,10642
939c79ab-f3ed-401d-908f-5b42296f7638,e895a8af-0c16-492a-bab5-0da327e7541e,VERS,18,Ipso ludorum ostenderet sese die.,3f2fb78e-f989-4a25-ae85-3e561700a79f,10643,10648
939c79ab-f3ed-401d-908f-5b42296f7638,cc9c6e9b-fc7b-40e7-8fca-a03881da6c88,VERS,19,"Qui simul advenit, rumor de tibicine",3f2fb78e-f989-4a25-ae85-3e561700a79f,10649,10655
939c79ab-f3ed-401d-908f-5b42296f7638,3f832058-9195-42ab-b82b-e0a8020eb503,VERS,20,"Fremit in theatro. Quidam affirmant mortuum,",3f2fb78e-f989-4a25-ae85-3e561700a79f,10656,10663
939c79ab-f3ed-401d-908f-5b42296f7638,6a07aa63-7cf4-426b-afff-455b36322c11,VERS,21,Quidam in conspectum proditurum sine mora.,3f2fb78e-f989-4a25-ae85-3e561700a79f,10664,10670
939c79ab-f3ed-401d-908f-5b42296f7638,eae91ea9-1fc1-4d24-b8d4-c0586c423cda,VERS,22,"Aulaeo misso, devolutis tonitribus",3f2fb78e-f989-4a25-ae85-3e561700a79f,10671,10675
939c79ab-f3ed-401d-908f-5b42296f7638,276a6eb9-bfc6-4e4e-b098-1810ad3098a6,VERS,23,Di sunt locuti more translaticio.,3f2fb78e-f989-4a25-ae85-3e561700a79f,10676,10681
939c79ab-f3ed-401d-908f-5b42296f7638,ce5a1db7-a9e7-4e19-8ea9-d154bc0bad47,VERS,24,Tunc chorus ignotum modo reducto canticum,3f2fb78e-f989-4a25-ae85-3e561700a79f,10682,10687
939c79ab-f3ed-401d-908f-5b42296f7638,94d27f7f-dcb3-401c-9cb1-d86405cffba7,VERS,25,"Insonuit, cuius haec fuit sententia:",3f2fb78e-f989-4a25-ae85-3e561700a79f,10688,10694
939c79ab-f3ed-401d-908f-5b42296f7638,9e1dd4bd-36ae-470f-a42d-bd439473ffb1,VERS,26,"Laetare, incolumis Roma, salvo principe!",3f2fb78e-f989-4a25-ae85-3e561700a79f,10695,10702
939c79ab-f3ed-401d-908f-5b42296f7638,7e789310-aa78-4691-b8bc-7617dfc6849a,VERS,27,In plausus consurrectum est. Iactat basia,3f2fb78e-f989-4a25-ae85-3e561700a79f,10703,10709
939c79ab-f3ed-401d-908f-5b42296f7638,8d42a18d-f47a-4878-b8cb-d53b096e46b3,VERS,28,Tibicen: gratulari fautores putat.,3f2fb78e-f989-4a25-ae85-3e561700a79f,10710,10715
939c79ab-f3ed-401d-908f-5b42296f7638,8f91170d-c26e-4709-a3c1-774a049f4c00,VERS,29,Equester ordo stultum errorem intellegit,3f2fb78e-f989-4a25-ae85-3e561700a79f,10716,10720
939c79ab-f3ed-401d-908f-5b42296f7638,8f6845f7-216d-4274-931d-f6ce9331a9bf,VERS,30,Magnoque risu canticum repeti iubet.,3f2fb78e-f989-4a25-ae85-3e561700a79f,10721,10726
939c79ab-f3ed-401d-908f-5b42296f7638,a778d828-5568-438d-94d7-f32173e030c1,VERS,31,Iteratur illud. Homo meus se in pulpito,3f2fb78e-f989-4a25-ae85-3e561700a79f,10727,10734
939c79ab-f3ed-401d-908f-5b42296f7638,5a04ad72-e20a-4ba7-811d-9f4a17638f36,VERS,32,Totum prosternit. Plaudit illudens eques.,3f2fb78e-f989-4a25-ae85-3e561700a79f,10735,10741
939c79ab-f3ed-401d-908f-5b42296f7638,8f3a4368-c6af-44a8-b845-6d5705888afe,VERS,33,Rogare populus hunc coronam existimat.,3f2fb78e-f989-4a25-ae85-3e561700a79f,10742,10747
939c79ab-f3ed-401d-908f-5b42296f7638,df0667b8-94bb-486e-a3bc-722409c492c0,VERS,34,"Ut vero cuneis notuit res omnibus,",3f2fb78e-f989-4a25-ae85-3e561700a79f,10748,10754
939c79ab-f3ed-401d-908f-5b42296f7638,88f877cd-a8b8-4b36-b97e-0de0885f766f,VERS,35,"Princeps, ligato crure nivea fascia,",3f2fb78e-f989-4a25-ae85-3e561700a79f,10755,10761
939c79ab-f3ed-401d-908f-5b42296f7638,ff458a1d-da84-4a94-8c9c-d5341b79945f,VERS,36,"Niveisque tunicis, niveis etiam calceis,",3f2fb78e-f989-4a25-ae85-3e561700a79f,10762,10768
939c79ab-f3ed-401d-908f-5b42296f7638,302bd6b1-b9b1-4149-8e1c-d6021192d747,VERS,37,"Superbiens honore divinae domus,",3f2fb78e-f989-4a25-ae85-3e561700a79f,10769,10773
939c79ab-f3ed-401d-908f-5b42296f7638,d4c6d5eb-58a8-4583-b042-b8db61c7628a,VERS,38,Ab universis capite est protrusus foras.,3f2fb78e-f989-4a25-ae85-3e561700a79f,10774,10780
939c79ab-f3ed-401d-908f-5b42296f7638,d8ffa344-1496-4974-9bd9-b893198153a7,POEM,7,Tempus.,868865fe-01ab-4c0d-b0e9-3341abe1c0e2,10781,10830
939c79ab-f3ed-401d-908f-5b42296f7638,2beb57e0-5170-4be3-b258-9ca709388dcb,TITL,0,Tempus.,d8ffa344-1496-4974-9bd9-b893198153a7,10781,10782
939c79ab-f3ed-401d-908f-5b42296f7638,1f32688f-e399-4cc5-892c-f87a45266c75,VERS,0,"Cursu volucri, pendens in novacula,",d8ffa344-1496-4974-9bd9-b893198153a7,10783,10789
939c79ab-f3ed-401d-908f-5b42296f7638,53d4d790-73b0-47dc-b390-78681b0a61cf,VERS,1,"Calvus, comosa fronte, nudo corpore,",d8ffa344-1496-4974-9bd9-b893198153a7,10790,10797
939c79ab-f3ed-401d-908f-5b42296f7638,801aaacd-c03d-4021-b5ec-b4f87155c5d7,VERS,2,"(Quem si occuparis, teneas; elapsum semel",d8ffa344-1496-4974-9bd9-b893198153a7,10798,10806
939c79ab-f3ed-401d-908f-5b42296f7638,1a9383a7-692b-473e-9fce-89746349996d,VERS,3,"Non ipse possit Iuppiter reprehendere),",d8ffa344-1496-4974-9bd9-b893198153a7,10807,10813
939c79ab-f3ed-401d-908f-5b42296f7638,401d1a7a-aa77-496a-a641-af7e4e4c007c,VERS,4,Occasionem rerum significat brevem.,d8ffa344-1496-4974-9bd9-b893198153a7,10814,10818
939c79ab-f3ed-401d-908f-5b42296f7638,36d8a317-0502-463e-9ee8-c0d221b0987c,VERS,5,"Effectus impediret ne segnis mora,",d8ffa344-1496-4974-9bd9-b893198153a7,10819,10824
939c79ab-f3ed-401d-908f-5b42296f7638,cb67bb55-802d-43e2-b18b-66e1e307d19d,VERS,6,Finxere antiqui talem effigiem Temporis.,d8ffa344-1496-4974-9bd9-b893198153a7,10825,10830
939c79ab-f3ed-401d-908f-5b42296f7638,a34067e3-ad56-40f4-9284-9c74d5bbf9a8,POEM,8,Taurus et vitulus.,868865fe-01ab-4c0d-b0e9-3341abe1c0e2,10831,10871
939c79ab-f3ed-401d-908f-5b42296f7638,18daff8d-e4af-492a-8f25-c7e86e88e8af,TITL,0,Taurus et vitulus.,a34067e3-ad56-40f4-9284-9c74d5bbf9a8,10831,10834
939c79ab-f3ed-401d-908f-5b42296f7638,669557d3-78e6-4a21-9cc2-1a4eb06ca23e,VERS,0,Angusto in aditu taurus luctans cornibus,a34067e3-ad56-40f4-9284-9c74d5bbf9a8,10835,10840
939c79ab-f3ed-401d-908f-5b42296f7638,3e956296-709e-44e6-8223-cadc172ec876,VERS,1,"Cum vix intrare posset ad praesepia,",a34067e3-ad56-40f4-9284-9c74d5bbf9a8,10841,10847
939c79ab-f3ed-401d-908f-5b42296f7638,357c695d-befe-414b-afe5-93793f789f78,VERS,2,Monstrabat vitulus quo se pacto plecteret.,a34067e3-ad56-40f4-9284-9c74d5bbf9a8,10848,10854
939c79ab-f3ed-401d-908f-5b42296f7638,979117ef-3f7a-4026-877e-f4f4ca990a3a,VERS,3,Tace inquit ante hoc novi quam tu natus es.,a34067e3-ad56-40f4-9284-9c74d5bbf9a8,10855,10864
939c79ab-f3ed-401d-908f-5b42296f7638,eae900e5-9d24-439f-80db-0d4dcfa342ed,VERS,4,Qui doctiorem emendat sibi dici putet.,a34067e3-ad56-40f4-9284-9c74d5bbf9a8,10865,10871
939c79ab-f3ed-401d-908f-5b42296f7638,d54e7507-b04b-4520-9246-4a6426429f9f,POEM,9,Canis et sus et venator.,868865fe-01ab-4c0d-b0e9-3341abe1c0e2,10872,10949
939c79ab-f3ed-401d-908f-5b42296f7638,18c7d30d-5348-4631-a9f4-964709d22c2f,TITL,0,Canis et sus et venator.,d54e7507-b04b-4520-9246-4a6426429f9f,10872,10877
939c79ab-f3ed-401d-908f-5b42296f7638,b5d5f08a-e2f6-4122-930d-1848b9e4d61d,VERS,0,Adversus omnes fortis veloces feras,d54e7507-b04b-4520-9246-4a6426429f9f,10878,10882
939c79ab-f3ed-401d-908f-5b42296f7638,2bd6aaa1-d857-4e4c-b587-3796876181ab,VERS,1,"Canis cum domino semper fecisset satis,",d54e7507-b04b-4520-9246-4a6426429f9f,10883,10889
939c79ab-f3ed-401d-908f-5b42296f7638,6d0217aa-6259-42cf-811b-ca6112e4d686,VERS,2,Languere coepit annis ingravantibus.,d54e7507-b04b-4520-9246-4a6426429f9f,10890,10894
939c79ab-f3ed-401d-908f-5b42296f7638,fb30a219-18d3-40c9-be62-226ca7ee6ff1,VERS,3,Aliquando obiectus hispidi pugnae suis,d54e7507-b04b-4520-9246-4a6426429f9f,10895,10899
939c79ab-f3ed-401d-908f-5b42296f7638,e9ee6a84-f9dc-4dc1-9d1f-d7738bdc36ed,VERS,4,"Arripuit aurem, sed cariosis dentibus",d54e7507-b04b-4520-9246-4a6426429f9f,10900,10905
939c79ab-f3ed-401d-908f-5b42296f7638,04cf059d-b0da-4b17-a7fb-02c8cea6e751,VERS,5,Praedam dimisit. Hic tunc venator dolens,d54e7507-b04b-4520-9246-4a6426429f9f,10906,10912
939c79ab-f3ed-401d-908f-5b42296f7638,2da5e7fb-7a35-4c58-bbbe-18c4ba4088f7,VERS,6,Canem obiurgabat. Cui latrans contra senex:,d54e7507-b04b-4520-9246-4a6426429f9f,10913,10920
939c79ab-f3ed-401d-908f-5b42296f7638,d928ce54-d2dd-4c00-bfa0-765de6e4007a,VERS,7,"Non te destituit animus, sed vires meae.",d54e7507-b04b-4520-9246-4a6426429f9f,10921,10929
939c79ab-f3ed-401d-908f-5b42296f7638,d3b7f701-965a-45ad-9936-d4883b6809b6,VERS,8,"Quod fuimus laudas, si iam damnas quod sumus.",d54e7507-b04b-4520-9246-4a6426429f9f,10930,10939
939c79ab-f3ed-401d-908f-5b42296f7638,b7b176d9-550d-4c4b-8d27-699f09e03b3c,VERS,9,"Hoc cur, Philete, scripserim, pulchre vides.",d54e7507-b04b-4520-9246-4a6426429f9f,10940,10949
939c79ab-f3ed-401d-908f-5b42296f7638,868865fe-01ab-4c0d-b0e9-3341abe1c0e2,BOOK,4,Liber Quintus,,9719,10949
939c79ab-f3ed-401d-908f-5b42296f7638,f2d1dac3-1ff8-4af4-b2a1-fa28d4824885,TITL,0,Appendix: Fabulae Novae,a26a2d5f-a2d3-4e7c-bf1b-fb6caf553d18,10950,10953
939c79ab-f3ed-401d-908f-5b42296f7638,1e50b2bc-e737-4eb1-98db-d4b597d23994,POEM,0,Simius et vulpes: Avarum etiam quod sibi superest non libenter dare.,a26a2d5f-a2d3-4e7c-bf1b-fb6caf553d18,10954,11003
939c79ab-f3ed-401d-908f-5b42296f7638,0d83e717-614f-436d-b599-532735d09d66,TITL,0,Simius et vulpes: Avarum etiam quod sibi superest non libenter dare.,1e50b2bc-e737-4eb1-98db-d4b597d23994,10954,10966
939c79ab-f3ed-401d-908f-5b42296f7638,cc9a561a-bd0b-4d73-b980-02b5222d400a,VERS,0,"Vulpem rogabat partem caudae simius,",1e50b2bc-e737-4eb1-98db-d4b597d23994,10967,10972
939c79ab-f3ed-401d-908f-5b42296f7638,49596a90-30c0-417b-8de5-6388bca4affe,VERS,1,Contegere honeste posset ut nudas nates;,1e50b2bc-e737-4eb1-98db-d4b597d23994,10973,10979
939c79ab-f3ed-401d-908f-5b42296f7638,e574bcae-e653-400f-845d-58f9199a162f,VERS,2,"Cui sic maligna: Longior fiat licet,",1e50b2bc-e737-4eb1-98db-d4b597d23994,10980,10987
939c79ab-f3ed-401d-908f-5b42296f7638,81f22cb6-268c-4745-afcd-6152b8e5a807,VERS,3,"Tamen illam citius per lutum et spinas traham,",1e50b2bc-e737-4eb1-98db-d4b597d23994,10988,10996
939c79ab-f3ed-401d-908f-5b42296f7638,adc769bb-8a77-4f46-b40b-eeb1df0b29c3,VERS,4,Quam parvam quamvis partem impertiar tibi.,1e50b2bc-e737-4eb1-98db-d4b597d23994,10997,11003
939c79ab-f3ed-401d-908f-5b42296f7638,6553238c-5295-43a7-9d29-8b662d82b004,POEM,1,Auctor: Non esse plus aequo petendum.,a26a2d5f-a2d3-4e7c-bf1b-fb6caf553d18,11004,11099
939c79ab-f3ed-401d-908f-5b42296f7638,56ebd1f6-89dd-4116-88dc-448761c4392e,TITL,0,Auctor: Non esse plus aequo petendum.,6553238c-5295-43a7-9d29-8b662d82b004,11004,11011
939c79ab-f3ed-401d-908f-5b42296f7638,024d9246-de6e-4766-bdd7-d48604e0ecb6,VERS,0,Arbitrio si natura finxisset meo,6553238c-5295-43a7-9d29-8b662d82b004,11012,11016
939c79ab-f3ed-401d-908f-5b42296f7638,485cfe33-8c1d-480d-83f7-7a135a9f161e,VERS,1,"Genus mortale, longe foret instructius:",6553238c-5295-43a7-9d29-8b662d82b004,11017,11023
939c79ab-f3ed-401d-908f-5b42296f7638,40580eff-7a1f-4325-b992-90f91e0d7d85,VERS,2,"Nam cuncta nobis attribuisset commoda,",6553238c-5295-43a7-9d29-8b662d82b004,11024,11029
939c79ab-f3ed-401d-908f-5b42296f7638,2c1028d8-c307-4b48-8418-a31042b65d9e,VERS,3,Quaecumque indulgens Fortuna animali dedit:,6553238c-5295-43a7-9d29-8b662d82b004,11030,11035
939c79ab-f3ed-401d-908f-5b42296f7638,39f53cd3-0783-41b6-8a55-9229414852bf,VERS,4,"Elephanti vires, et leonis impetum,",6553238c-5295-43a7-9d29-8b662d82b004,11036,11042
939c79ab-f3ed-401d-908f-5b42296f7638,c54060b0-b537-4628-8c4d-627e3faa6d3c,VERS,5,"Cornicis aevum, gloriam tauri trucis,",6553238c-5295-43a7-9d29-8b662d82b004,11043,11049
939c79ab-f3ed-401d-908f-5b42296f7638,477641ba-a368-4636-8cf1-8bdb9ed13ce6,VERS,6,"Equi velocis placidam mansuetudinem,",6553238c-5295-43a7-9d29-8b662d82b004,11050,11054
939c79ab-f3ed-401d-908f-5b42296f7638,04241d4f-9d66-4f17-bf80-54f67c9d79c0,VERS,7,Et adesset homini sua tamen sollertia.,6553238c-5295-43a7-9d29-8b662d82b004,11055,11061
939c79ab-f3ed-401d-908f-5b42296f7638,ece4df07-160e-465c-8463-097456b15edb,VERS,8,"Nimirum in caelo secum ridet Iuppiter,",6553238c-5295-43a7-9d29-8b662d82b004,11062,11068
939c79ab-f3ed-401d-908f-5b42296f7638,e5623fdf-ab39-4bf2-b5c3-22dc3a1d78aa,VERS,9,"Haec qui negavit magno consilio homini,",6553238c-5295-43a7-9d29-8b662d82b004,11069,11075
939c79ab-f3ed-401d-908f-5b42296f7638,ce0097b1-d034-416b-86e1-fed1f4080be1,VERS,10,Ne sceptrum mundi raperet nostra audacia.,6553238c-5295-43a7-9d29-8b662d82b004,11076,11082
939c79ab-f3ed-401d-908f-5b42296f7638,9ae1dab7-7249-4471-8c1b-2d5a63a03aee,VERS,11,Ergo contenti munere invicti Iovis,6553238c-5295-43a7-9d29-8b662d82b004,11083,11087
939c79ab-f3ed-401d-908f-5b42296f7638,700c9d8e-0e89-4d51-b11a-abd79c73e7e4,VERS,12,"Fatalis annos decurramus temporis,",6553238c-5295-43a7-9d29-8b662d82b004,11088,11092
939c79ab-f3ed-401d-908f-5b42296f7638,3f0d0a35-14fd-4ae0-bcd7-61876464ddd9,VERS,13,Nec plus conemur quam sinit mortalitas.,6553238c-5295-43a7-9d29-8b662d82b004,11093,11099
939c79ab-f3ed-401d-908f-5b42296f7638,733861cc-cf18-4bce-b4b3-54fcfd4e89de,POEM,2,Mercurius et duae mulieres: De eodem alia fabella.,a26a2d5f-a2d3-4e7c-bf1b-fb6caf553d18,11100,11221
939c79ab-f3ed-401d-908f-5b42296f7638,e822372e-8f86-4036-ad98-7c9a526b5889,TITL,0,Mercurius et duae mulieres: De eodem alia fabella.,733861cc-cf18-4bce-b4b3-54fcfd4e89de,11100,11109
939c79ab-f3ed-401d-908f-5b42296f7638,9a8e3662-84ad-4893-897f-78d0dbfdb333,VERS,0,Mercurium hospitio mulieres olim duae,733861cc-cf18-4bce-b4b3-54fcfd4e89de,11110,11114
939c79ab-f3ed-401d-908f-5b42296f7638,e0a581a5-9dab-4891-b187-f224127fbc0b,VERS,1,Illiberali et sordido receperant:,733861cc-cf18-4bce-b4b3-54fcfd4e89de,11115,11119
939c79ab-f3ed-401d-908f-5b42296f7638,9aa4558b-6bdf-47b2-a8e8-11e572d77017,VERS,2,"Quarum una in cunis parvum habebat filium,",733861cc-cf18-4bce-b4b3-54fcfd4e89de,11120,11127
939c79ab-f3ed-401d-908f-5b42296f7638,1234a4ce-394a-4825-a3d9-b413602c90af,VERS,3,Quaestus placebat alteri meretricius.,733861cc-cf18-4bce-b4b3-54fcfd4e89de,11128,11132
939c79ab-f3ed-401d-908f-5b42296f7638,80c882cf-d452-4994-9412-e49074fcdaf6,VERS,4,"Ergo ut referret gratiam officiis parem,",733861cc-cf18-4bce-b4b3-54fcfd4e89de,11133,11139
939c79ab-f3ed-401d-908f-5b42296f7638,8945444a-5f17-43e4-b209-5e4e9b85ff92,VERS,5,Abiturus et iam limen excedens ait:,733861cc-cf18-4bce-b4b3-54fcfd4e89de,11140,11146
939c79ab-f3ed-401d-908f-5b42296f7638,c10dd225-fc93-4733-ae5a-0dcd6b63646c,VERS,6,Deum videtis; tribuam vobis protinus,733861cc-cf18-4bce-b4b3-54fcfd4e89de,11147,11152
939c79ab-f3ed-401d-908f-5b42296f7638,2e10acc6-a565-4672-b95d-454ce1084c11,VERS,7,Quod quaeque optarit. Mater suppliciter rogat,733861cc-cf18-4bce-b4b3-54fcfd4e89de,11153,11159
939c79ab-f3ed-401d-908f-5b42296f7638,d4ce5489-7f50-4ad8-94a4-f37081d9faa9,VERS,8,Barbatum ut videat natum quam primum suum;,733861cc-cf18-4bce-b4b3-54fcfd4e89de,11160,11167
939c79ab-f3ed-401d-908f-5b42296f7638,602b878e-b667-4ff9-a9ee-f8afbf9650d4,VERS,9,Moecha ut sequatur sese quicquid tetigerit.,733861cc-cf18-4bce-b4b3-54fcfd4e89de,11168,11174
939c79ab-f3ed-401d-908f-5b42296f7638,be34d44b-a765-4a9c-ab43-280e87944f00,VERS,10,"Volat Mercurius, intro redeunt mulieres.",733861cc-cf18-4bce-b4b3-54fcfd4e89de,11175,11181
939c79ab-f3ed-401d-908f-5b42296f7638,3744e386-565e-4593-b95d-7a9b6b2ebca2,VERS,11,Barbatus infans ecce vagitus ciet.,733861cc-cf18-4bce-b4b3-54fcfd4e89de,11182,11187
939c79ab-f3ed-401d-908f-5b42296f7638,fcd5250b-757c-4214-ac11-54719939c021,VERS,12,"Id forte meretrix cum rideret validius,",733861cc-cf18-4bce-b4b3-54fcfd4e89de,11188,11194
939c79ab-f3ed-401d-908f-5b42296f7638,eff11f56-1a84-43a9-8145-139c9a060fec,VERS,13,"Nares replentur umore, ut fieri solet.",733861cc-cf18-4bce-b4b3-54fcfd4e89de,11195,11202
939c79ab-f3ed-401d-908f-5b42296f7638,dc259010-7b26-4ed3-9d06-1bbbf22d25fd,VERS,14,Emungere igitur se volens prendit manu,733861cc-cf18-4bce-b4b3-54fcfd4e89de,11203,11208
939c79ab-f3ed-401d-908f-5b42296f7638,78f2e89c-4ba2-4ee4-b367-f9d86fdfa107,VERS,15,"Traxitque ad terram nasi longitudinem,",733861cc-cf18-4bce-b4b3-54fcfd4e89de,11209,11214
939c79ab-f3ed-401d-908f-5b42296f7638,8a223a9e-d1b7-45b3-a0bd-3a1f04b1b45e,VERS,16,Et aliam ridens ipsa ridenda exstitit.,733861cc-cf18-4bce-b4b3-54fcfd4e89de,11215,11221
939c79ab-f3ed-401d-908f-5b42296f7638,18bd0fb9-5a54-44b6-bdd2-d5ce5a945242,POEM,3,Prometheus et Dolus: De veritate et mendacio.,a26a2d5f-a2d3-4e7c-bf1b-fb6caf553d18,11222,11373
939c79ab-f3ed-401d-908f-5b42296f7638,305d5242-9bae-49de-b83f-64e3fbe8f4da,TITL,0,Prometheus et Dolus: De veritate et mendacio.,18bd0fb9-5a54-44b6-bdd2-d5ce5a945242,11222,11230
939c79ab-f3ed-401d-908f-5b42296f7638,79ce6ffa-bbec-48f9-be06-cb3ac8cbed74,VERS,0,Olim Prometheus saeculi figulus novi,18bd0fb9-5a54-44b6-bdd2-d5ce5a945242,11231,11235
939c79ab-f3ed-401d-908f-5b42296f7638,9ce25843-1612-4a6b-9f6a-fad2875eaf54,VERS,1,"Cura subtili Veritatem fecerat,",18bd0fb9-5a54-44b6-bdd2-d5ce5a945242,11236,11240
939c79ab-f3ed-401d-908f-5b42296f7638,0c8254b5-2bec-4854-8c9d-f2352fe58680,VERS,2,Ut iura posset inter homines reddere.,18bd0fb9-5a54-44b6-bdd2-d5ce5a945242,11241,11247
939c79ab-f3ed-401d-908f-5b42296f7638,f522c369-7ea4-49ef-ade1-75befc9e1ef6,VERS,3,Subito accersitus nuntio magni Iovis,18bd0fb9-5a54-44b6-bdd2-d5ce5a945242,11248,11252
939c79ab-f3ed-401d-908f-5b42296f7638,af680a8b-99c2-4dbd-9357-77583fb6f22f,VERS,4,"Commendat officinam fallaci Dolo,",18bd0fb9-5a54-44b6-bdd2-d5ce5a945242,11253,11257
939c79ab-f3ed-401d-908f-5b42296f7638,5fc8125a-3079-4418-8c07-70c729070917,VERS,5,In disciplinam nuper quem receperat.,18bd0fb9-5a54-44b6-bdd2-d5ce5a945242,11258,11263
939c79ab-f3ed-401d-908f-5b42296f7638,3a32cb88-9440-430e-b57f-742fab2d7700,VERS,6,"Hic studio accensus, facie simulacrum pari,",18bd0fb9-5a54-44b6-bdd2-d5ce5a945242,11264,11271
939c79ab-f3ed-401d-908f-5b42296f7638,f7f5216d-4f4f-4f66-a618-aaee0b6d938a,VERS,7,"Una statura, simile et membris omnibus,",18bd0fb9-5a54-44b6-bdd2-d5ce5a945242,11272,11279
939c79ab-f3ed-401d-908f-5b42296f7638,f3722fb3-66f5-44de-8fc3-d354bd3e765d,VERS,8,"Dum tempus habuit, callida finxit manu.",18bd0fb9-5a54-44b6-bdd2-d5ce5a945242,11280,11287
939c79ab-f3ed-401d-908f-5b42296f7638,e11195cf-6107-48d0-9bad-095698d390ab,VERS,9,"Quod prope iam totum mire cum positum foret,",18bd0fb9-5a54-44b6-bdd2-d5ce5a945242,11288,11296
939c79ab-f3ed-401d-908f-5b42296f7638,59f660d0-db30-47fc-8c05-55e7e7139590,VERS,10,Lutum ad faciendos illi defecit pedes.,18bd0fb9-5a54-44b6-bdd2-d5ce5a945242,11297,11303
939c79ab-f3ed-401d-908f-5b42296f7638,62c37869-05bf-4ab3-8d01-c0330c3d3f66,VERS,11,Redit magister; quo festinanter Dolus,18bd0fb9-5a54-44b6-bdd2-d5ce5a945242,11304,11309
939c79ab-f3ed-401d-908f-5b42296f7638,924f68c9-b38c-4728-86a0-eb4d397a6feb,VERS,12,Metu turbatus in suo sedit loco.,18bd0fb9-5a54-44b6-bdd2-d5ce5a945242,11310,11316
939c79ab-f3ed-401d-908f-5b42296f7638,b725487a-943f-4532-ba2a-8989895e7813,VERS,13,"Mirans Prometheus tantam similitudinem,",18bd0fb9-5a54-44b6-bdd2-d5ce5a945242,11317,11321
939c79ab-f3ed-401d-908f-5b42296f7638,19a02938-444a-4965-9d55-14a6e2636227,VERS,14,Propriae videri voluit artis gloriam.,18bd0fb9-5a54-44b6-bdd2-d5ce5a945242,11322,11327
939c79ab-f3ed-401d-908f-5b42296f7638,48b0edb5-89fc-42ab-876a-dbe9ad6da677,VERS,15,Igitur fornaci pariter duo signa intulit;,18bd0fb9-5a54-44b6-bdd2-d5ce5a945242,11328,11334
939c79ab-f3ed-401d-908f-5b42296f7638,2636a3ed-1222-47e7-a833-cf0f7f8089d5,VERS,16,"Quibus percoctis atque infuso spiritu,",18bd0fb9-5a54-44b6-bdd2-d5ce5a945242,11335,11340
939c79ab-f3ed-401d-908f-5b42296f7638,c1a7ac43-c0b4-4a31-a66c-6a26fb2b08d8,VERS,17,Modesto gressu sancta incessit Veritas;,18bd0fb9-5a54-44b6-bdd2-d5ce5a945242,11341,11346
939c79ab-f3ed-401d-908f-5b42296f7638,6a354a44-6e5e-4ee7-8aef-663fd0a4af09,VERS,18,At trunca species haesit in vestigio.,18bd0fb9-5a54-44b6-bdd2-d5ce5a945242,11347,11353
939c79ab-f3ed-401d-908f-5b42296f7638,644fd7d4-61fa-45f5-9686-e66e1ec2c3f2,VERS,19,Tunc falsa imago atque operis furtivi labor,18bd0fb9-5a54-44b6-bdd2-d5ce5a945242,11354,11360
939c79ab-f3ed-401d-908f-5b42296f7638,0eb47d33-e2ca-48d9-b204-5c61bfcaed55,VERS,20,Mendacium appellatum est; quod negantibus,18bd0fb9-5a54-44b6-bdd2-d5ce5a945242,11361,11366
939c79ab-f3ed-401d-908f-5b42296f7638,cca7740a-ee8a-4532-9642-7e50bb163d02,VERS,21,Pedes habere facile et ipse assentio.,18bd0fb9-5a54-44b6-bdd2-d5ce5a945242,11367,11373
939c79ab-f3ed-401d-908f-5b42296f7638,c04b1b56-b479-4795-be47-fa3706a9f781,POEM,4,Auctor: Sensum aestimandum esse non verba.,a26a2d5f-a2d3-4e7c-bf1b-fb6caf553d18,11374,11493
939c79ab-f3ed-401d-908f-5b42296f7638,3b00ee49-309d-4972-b81e-4a62197ef82e,TITL,0,Auctor: Sensum aestimandum esse non verba.,c04b1b56-b479-4795-be47-fa3706a9f781,11374,11381
939c79ab-f3ed-401d-908f-5b42296f7638,8cdd0b3a-97fe-4b1a-8a00-2875a1d422da,VERS,0,"Ixion quod versari narratur rota,",c04b1b56-b479-4795-be47-fa3706a9f781,11382,11387
939c79ab-f3ed-401d-908f-5b42296f7638,b7855ab5-3b73-4d2c-a70d-ca85596ada6f,VERS,1,Volubilem Fortunam iactari docet.,c04b1b56-b479-4795-be47-fa3706a9f781,11388,11392
939c79ab-f3ed-401d-908f-5b42296f7638,84efd504-8e16-4273-b470-f660467964fb,VERS,2,Adversus altos Sisyphus montes agit,c04b1b56-b479-4795-be47-fa3706a9f781,11393,11397
939c79ab-f3ed-401d-908f-5b42296f7638,5680a35a-829c-4bf0-a6e8-5ea04f1a6a1d,VERS,3,"Saxum labore summo, quod de vertice",c04b1b56-b479-4795-be47-fa3706a9f781,11398,11404
939c79ab-f3ed-401d-908f-5b42296f7638,7a0ca77d-1005-4995-9aef-82034e812f46,VERS,4,"Sudore semper irrito revolvitur,",c04b1b56-b479-4795-be47-fa3706a9f781,11405,11409
939c79ab-f3ed-401d-908f-5b42296f7638,ebfd8bc1-c314-42d5-aef1-81239fdc148b,VERS,5,Ostendit hominum sine fine esse miserias.,c04b1b56-b479-4795-be47-fa3706a9f781,11410,11416
939c79ab-f3ed-401d-908f-5b42296f7638,66fb535b-a569-43cf-a138-5a59d70216f6,VERS,6,"Quod stans in amne Tantalus medio sitit,",c04b1b56-b479-4795-be47-fa3706a9f781,11417,11424
939c79ab-f3ed-401d-908f-5b42296f7638,f9f8c7e7-61a3-42f7-85c9-d1e22541e7f2,VERS,7,"Avari describuntur, quos circumfluit",c04b1b56-b479-4795-be47-fa3706a9f781,11425,11429
939c79ab-f3ed-401d-908f-5b42296f7638,559a0681-0152-440c-822e-fc06ff5ddc68,VERS,8,"Usus bonorum, sed nil possunt tangere.",c04b1b56-b479-4795-be47-fa3706a9f781,11430,11437
939c79ab-f3ed-401d-908f-5b42296f7638,390349a9-3f96-47ea-92fd-d0b6deaef294,VERS,9,"Urnis scelestas Danaides portant aquas,",c04b1b56-b479-4795-be47-fa3706a9f781,11438,11443
939c79ab-f3ed-401d-908f-5b42296f7638,c865e798-3890-4281-b756-b5567d8c28d9,VERS,10,Pertusa nec complere possunt dolia;,c04b1b56-b479-4795-be47-fa3706a9f781,11444,11449
939c79ab-f3ed-401d-908f-5b42296f7638,3398425b-efa8-46c3-9388-3fb515e18558,VERS,11,Immo luxuriae quicquid dederis perfluet.,c04b1b56-b479-4795-be47-fa3706a9f781,11450,11455
939c79ab-f3ed-401d-908f-5b42296f7638,ae998403-a590-46bf-b7ff-f33781924a86,VERS,12,"Novem porrectus Tityos est per iugera,",c04b1b56-b479-4795-be47-fa3706a9f781,11456,11462
939c79ab-f3ed-401d-908f-5b42296f7638,882cc470-82ef-4267-9dca-85455d47885f,VERS,13,Tristi renatum suggerens poenae iecur;,c04b1b56-b479-4795-be47-fa3706a9f781,11463,11468
939c79ab-f3ed-401d-908f-5b42296f7638,a3ba3f3a-d520-42a6-b3cf-62a34b3befd0,VERS,14,"Quo quis maiorem possidet terrae locum,",c04b1b56-b479-4795-be47-fa3706a9f781,11469,11475
939c79ab-f3ed-401d-908f-5b42296f7638,f1ef5012-af83-463b-acf0-ac58a15666e4,VERS,15,Hoc demonstratur cura graviore affici.,c04b1b56-b479-4795-be47-fa3706a9f781,11476,11481
939c79ab-f3ed-401d-908f-5b42296f7638,39a240da-f370-443a-b312-11f883036d38,VERS,16,"Consulto involvit veritatem antiquitas,",c04b1b56-b479-4795-be47-fa3706a9f781,11482,11486
939c79ab-f3ed-401d-908f-5b42296f7638,5b4f15b7-4094-4d1f-8192-25fb7ea0f6ce,VERS,17,"Ut sapiens intellegeret, erraret rudis.",c04b1b56-b479-4795-be47-fa3706a9f781,11487,11493
939c79ab-f3ed-401d-908f-5b42296f7638,eaab720b-09c6-4d9e-9667-71a5b3c5a32e,POEM,5,Auctor.,a26a2d5f-a2d3-4e7c-bf1b-fb6caf553d18,11494,11618
939c79ab-f3ed-401d-908f-5b42296f7638,e5c70424-86e2-4c21-8495-710cd98edb29,TITL,0,Auctor.,eaab720b-09c6-4d9e-9667-71a5b3c5a32e,11494,11495
939c79ab-f3ed-401d-908f-5b42296f7638,64d68174-f515-4c20-90f8-1680955fecfa,VERS,0,"Utilius nobis quid sit dic, Phoebe, obsecro,",eaab720b-09c6-4d9e-9667-71a5b3c5a32e,11496,11505
939c79ab-f3ed-401d-908f-5b42296f7638,00613319-5e16-4a6c-a931-56c09b71257a,VERS,1,Qui Delphos et formosum Parnasum incolis.,eaab720b-09c6-4d9e-9667-71a5b3c5a32e,11506,11512
939c79ab-f3ed-401d-908f-5b42296f7638,5d6f978a-8f62-4007-aeef-f3cfee46f31b,VERS,2,"Quid hoc? sacratae vatis horrescunt comae,",eaab720b-09c6-4d9e-9667-71a5b3c5a32e,11513,11520
939c79ab-f3ed-401d-908f-5b42296f7638,f9a0ec21-4c2f-4f89-9bfa-bbe208b4b9e1,VERS,3,"Tripodes moventur, mugit adytis Religio,",eaab720b-09c6-4d9e-9667-71a5b3c5a32e,11521,11527
939c79ab-f3ed-401d-908f-5b42296f7638,497085be-f9c6-494a-bbd8-22fc1c568c48,VERS,4,Tremuntque lauri et ipse pallescit dies.,eaab720b-09c6-4d9e-9667-71a5b3c5a32e,11528,11534
939c79ab-f3ed-401d-908f-5b42296f7638,0cf2c976-db43-4f19-b55d-eb0be793b656,VERS,5,Voces resolvit icta Python numine:,eaab720b-09c6-4d9e-9667-71a5b3c5a32e,11535,11540
939c79ab-f3ed-401d-908f-5b42296f7638,5eea93f0-740a-457f-8d20-431c5ea5490b,VERS,6,"Audite, gentes, Delii monitus dei:",eaab720b-09c6-4d9e-9667-71a5b3c5a32e,11541,11548
939c79ab-f3ed-401d-908f-5b42296f7638,96b3a598-c1be-42c3-be99-af3c2dc4dc8d,VERS,7,Pietatem colite; vota superis reddite;,eaab720b-09c6-4d9e-9667-71a5b3c5a32e,11549,11555
939c79ab-f3ed-401d-908f-5b42296f7638,aa71b9ab-d1ab-4097-8e9b-36ce1b12abec,VERS,8,"Patriam, parentes, natos, castas coniuges",eaab720b-09c6-4d9e-9667-71a5b3c5a32e,11556,11563
939c79ab-f3ed-401d-908f-5b42296f7638,84333346-05c2-46de-95c1-d3a6cc2d676a,VERS,9,"Defendite armis, hostem ferro pellite;",eaab720b-09c6-4d9e-9667-71a5b3c5a32e,11564,11570
939c79ab-f3ed-401d-908f-5b42296f7638,2cf6a8b5-6596-49dd-8ceb-ac4f0d1ab31f,VERS,10,Amicos sublevate; miseris parcite;,eaab720b-09c6-4d9e-9667-71a5b3c5a32e,11571,11576
939c79ab-f3ed-401d-908f-5b42296f7638,186b9539-6294-4de5-b585-e96a920771ad,VERS,11,"Bonis favete, subdolis ite obviam;",eaab720b-09c6-4d9e-9667-71a5b3c5a32e,11577,11583
939c79ab-f3ed-401d-908f-5b42296f7638,d5efc19f-71f9-4476-b9ab-99f32656d5e3,VERS,12,Delicta vindicate; †cohibete impios;,eaab720b-09c6-4d9e-9667-71a5b3c5a32e,11584,11590
939c79ab-f3ed-401d-908f-5b42296f7638,b29ae0f0-656c-47e1-b13e-d3a1ce7a2ce3,VERS,13,Punite turpi thalamos qui violant stupro;,eaab720b-09c6-4d9e-9667-71a5b3c5a32e,11591,11597
939c79ab-f3ed-401d-908f-5b42296f7638,e5827d23-29e0-46f1-98ca-0ca74e9701bb,VERS,14,Malos cavete; nulli nimium credite.,eaab720b-09c6-4d9e-9667-71a5b3c5a32e,11598,11604
939c79ab-f3ed-401d-908f-5b42296f7638,f54a07b8-b0ea-4f04-a343-2c34c2f9e417,VERS,15,Haec elocuta concidit virgo furens:,eaab720b-09c6-4d9e-9667-71a5b3c5a32e,11605,11610
939c79ab-f3ed-401d-908f-5b42296f7638,81ba50a1-3bdb-4fd0-874e-b8ffc82a40ba,VERS,16,"Furens profecto, nam quae dixit perdidit.",eaab720b-09c6-4d9e-9667-71a5b3c5a32e,11611,11618
939c79ab-f3ed-401d-908f-5b42296f7638,1d24cffb-1304-4723-a354-8cd2cad9b62b,POEM,6,Aesopus et scriptor.,a26a2d5f-a2d3-4e7c-bf1b-fb6caf553d18,11619,11677
939c79ab-f3ed-401d-908f-5b42296f7638,5cb9bd7e-5cad-4421-b591-909d4d45ae86,TITL,0,Aesopus et scriptor.,1d24cffb-1304-4723-a354-8cd2cad9b62b,11619,11622
939c79ab-f3ed-401d-908f-5b42296f7638,3037543a-a71a-4833-9890-0969bd758436,VERS,0,"Aesopo quidam scripta recitarat mala,",1d24cffb-1304-4723-a354-8cd2cad9b62b,11623,11628
939c79ab-f3ed-401d-908f-5b42296f7638,104a5087-e815-40c3-9177-c219f9c447c3,VERS,1,In quis inepte multum se iactaverat.,1d24cffb-1304-4723-a354-8cd2cad9b62b,11629,11635
939c79ab-f3ed-401d-908f-5b42296f7638,45e4a90e-a6f3-4961-84b8-af9519d129cf,VERS,2,"Scire ergo cupiens quidnam sentiret senex,",1d24cffb-1304-4723-a354-8cd2cad9b62b,11636,11642
939c79ab-f3ed-401d-908f-5b42296f7638,1e62f306-8b62-4f5a-be34-0d6998ae1bd3,VERS,3,Numquid tibi inquit visus sum superbior?,1d24cffb-1304-4723-a354-8cd2cad9b62b,11643,11649
939c79ab-f3ed-401d-908f-5b42296f7638,c5ced2ba-0d29-4ef2-a22f-c2012da7eb2e,VERS,4,Haud vana nobis ingeni fiducia est.,1d24cffb-1304-4723-a354-8cd2cad9b62b,11650,11656
939c79ab-f3ed-401d-908f-5b42296f7638,0d321c29-fabe-41cc-a1cb-41e649dbcd86,VERS,5,Confectus ille pessimo volumine:,1d24cffb-1304-4723-a354-8cd2cad9b62b,11657,11661
939c79ab-f3ed-401d-908f-5b42296f7638,76404fbf-e5ad-47d1-8cc1-de0e07303764,VERS,6,"Ego inquit quod te laudas vehementer probo,",1d24cffb-1304-4723-a354-8cd2cad9b62b,11662,11669
939c79ab-f3ed-401d-908f-5b42296f7638,fb89100c-6f1a-4ebf-9602-b586cab82a17,VERS,7,Namque hoc ab alio numquam continget tibi.,1d24cffb-1304-4723-a354-8cd2cad9b62b,11670,11677
939c79ab-f3ed-401d-908f-5b42296f7638,d4938e7d-12cf-42ee-9848-cc4c99628adf,POEM,7,Pompeius Magnus et eius miles: Quam difficile sit hominem nosse.,a26a2d5f-a2d3-4e7c-bf1b-fb6caf553d18,11678,11933
939c79ab-f3ed-401d-908f-5b42296f7638,5f902983-a1f7-4459-ba4d-ce232e485bc7,TITL,0,Pompeius Magnus et eius miles: Quam difficile sit hominem nosse.,d4938e7d-12cf-42ee-9848-cc4c99628adf,11678,11689
939c79ab-f3ed-401d-908f-5b42296f7638,6293fea5-04ba-46d8-9900-1dbaeb841c26,VERS,0,Magni Pompei miles vasti corporis,d4938e7d-12cf-42ee-9848-cc4c99628adf,11690,11694
939c79ab-f3ed-401d-908f-5b42296f7638,d2b3b441-af9b-481b-963e-d8167c22a2c5,VERS,1,Fracte loquendo et ambulando molliter,d4938e7d-12cf-42ee-9848-cc4c99628adf,11695,11699
939c79ab-f3ed-401d-908f-5b42296f7638,684fb10c-1d52-46a7-b370-1ca234c4a2ac,VERS,2,Famam cinaedi traxerat certissimam.,d4938e7d-12cf-42ee-9848-cc4c99628adf,11700,11704
939c79ab-f3ed-401d-908f-5b42296f7638,23d8e1ef-f65a-4db7-be7a-e433dee15d9b,VERS,3,"Hic insidiatus nocte iumentis ducis,",d4938e7d-12cf-42ee-9848-cc4c99628adf,11705,11710
939c79ab-f3ed-401d-908f-5b42296f7638,4a24fd33-8a5d-4933-9b2d-7ff7bf86f5fa,VERS,4,Cum veste et auro et magno argenti pondere,d4938e7d-12cf-42ee-9848-cc4c99628adf,11711,11718
939c79ab-f3ed-401d-908f-5b42296f7638,000dba31-9865-490d-b415-7ea28053e6f1,VERS,5,Avertit mulos. Factum rumor dissipat;,d4938e7d-12cf-42ee-9848-cc4c99628adf,11719,11725
939c79ab-f3ed-401d-908f-5b42296f7638,de6ad276-70fa-48b0-9235-1775d9341dd1,VERS,6,"Arguitur miles, rapitur in praetorium.",d4938e7d-12cf-42ee-9848-cc4c99628adf,11726,11732
939c79ab-f3ed-401d-908f-5b42296f7638,82207fc4-338e-4c61-a97a-0a35a86a7903,VERS,7,"Tum Magnus: Quid ais? tune me, commilito,",d4938e7d-12cf-42ee-9848-cc4c99628adf,11733,11743
939c79ab-f3ed-401d-908f-5b42296f7638,d551794a-74ae-4f81-b813-b400e838dfa2,VERS,8,Spoliare es ausus? Ille continuo exscreat,d4938e7d-12cf-42ee-9848-cc4c99628adf,11744,11750
939c79ab-f3ed-401d-908f-5b42296f7638,9b54864e-9cfd-4942-8f27-de403fef235a,VERS,9,Sibi in sinistram et sputum digitis dissipat.,d4938e7d-12cf-42ee-9848-cc4c99628adf,11751,11758
939c79ab-f3ed-401d-908f-5b42296f7638,736436a3-60bf-45ce-85c7-283a08172acd,VERS,10,"Sic, imperator, oculi exstillescant mei,",d4938e7d-12cf-42ee-9848-cc4c99628adf,11759,11766
939c79ab-f3ed-401d-908f-5b42296f7638,0507537f-0628-4d46-8fc5-8bb46433161b,VERS,11,Si vidi aut tetigi. Tum vir animi simplicis,d4938e7d-12cf-42ee-9848-cc4c99628adf,11767,11775
939c79ab-f3ed-401d-908f-5b42296f7638,5fb374f8-a6be-460a-9e0f-a6fe08820541,VERS,12,"Id dedecus castrorum propelli iubet,",d4938e7d-12cf-42ee-9848-cc4c99628adf,11776,11781
939c79ab-f3ed-401d-908f-5b42296f7638,d9bdb2ae-b436-4634-b8f0-56f53b3b600a,VERS,13,Nec cadere in illum credit tantam audaciam.,d4938e7d-12cf-42ee-9848-cc4c99628adf,11782,11789
939c79ab-f3ed-401d-908f-5b42296f7638,72057af4-1d76-4116-ac71-76fe544d3023,VERS,14,"Breve tempus intercessit, et fidens manu",d4938e7d-12cf-42ee-9848-cc4c99628adf,11790,11796
939c79ab-f3ed-401d-908f-5b42296f7638,4345cee9-1a47-4fba-9abd-de2bbf018100,VERS,15,Unum e Romanis provocabat barbarus.,d4938e7d-12cf-42ee-9848-cc4c99628adf,11797,11802
939c79ab-f3ed-401d-908f-5b42296f7638,b4659945-86c1-437e-8202-d2a7538fc8a5,VERS,16,Sibi quisque metuit; primi mussitant duces.,d4938e7d-12cf-42ee-9848-cc4c99628adf,11803,11810
939c79ab-f3ed-401d-908f-5b42296f7638,d0e40dfd-df4f-4ac2-823d-5673b352608a,VERS,17,"Tandem cinaedus habitu, sed Mars viribus,",d4938e7d-12cf-42ee-9848-cc4c99628adf,11811,11818
939c79ab-f3ed-401d-908f-5b42296f7638,eccbd485-e88f-4c03-86ab-7ec5e377321c,VERS,18,"Adit sedentem pro tribunali ducem,",d4938e7d-12cf-42ee-9848-cc4c99628adf,11819,11824
939c79ab-f3ed-401d-908f-5b42296f7638,90b1db62-2bb4-4bfe-959d-57ae1b795758,VERS,19,Et voce molli: Licet? Enimvero eici,d4938e7d-12cf-42ee-9848-cc4c99628adf,11825,11832
939c79ab-f3ed-401d-908f-5b42296f7638,da30f120-bc61-4d24-aff4-c4c526cd3c21,VERS,20,Virum ut in re atroci Magnus stomachans imperat.,d4938e7d-12cf-42ee-9848-cc4c99628adf,11833,11841
939c79ab-f3ed-401d-908f-5b42296f7638,b6955035-a68a-4ef3-8d43-02d697b937e6,VERS,21,Tum quidam senior ex amicis principis:,d4938e7d-12cf-42ee-9848-cc4c99628adf,11842,11848
939c79ab-f3ed-401d-908f-5b42296f7638,86be3083-279a-4584-b088-8243ac02b6ca,VERS,22,"Hunc ego committi satius fortunae arbitror,",d4938e7d-12cf-42ee-9848-cc4c99628adf,11849,11855
939c79ab-f3ed-401d-908f-5b42296f7638,df977b8c-07bc-4c0f-bb64-e5c538fc12be,VERS,23,"In quo iactura levis est, quam fortem virum,",d4938e7d-12cf-42ee-9848-cc4c99628adf,11856,11865
939c79ab-f3ed-401d-908f-5b42296f7638,8c313b87-4be9-4d88-a562-e8d87aa99108,VERS,24,Qui casu victus temeritatis te arguat.,d4938e7d-12cf-42ee-9848-cc4c99628adf,11866,11872
939c79ab-f3ed-401d-908f-5b42296f7638,c7ee8a7d-dac7-4701-8e7d-05e1e952e59d,VERS,25,Assensit Magnus et permisit militi,d4938e7d-12cf-42ee-9848-cc4c99628adf,11873,11877
939c79ab-f3ed-401d-908f-5b42296f7638,ea458583-e10f-4356-a6ab-f1d31d6d4732,VERS,26,"Prodire contra; qui mirante exercitu,",d4938e7d-12cf-42ee-9848-cc4c99628adf,11878,11884
939c79ab-f3ed-401d-908f-5b42296f7638,c53d2b90-3355-44b7-833f-05d55680c482,VERS,27,Dicto celerius hostis abscidit caput,d4938e7d-12cf-42ee-9848-cc4c99628adf,11885,11889
939c79ab-f3ed-401d-908f-5b42296f7638,f534e1d2-526a-4a38-a650-7261b379180f,VERS,28,Victorque rediit. His tunc Pompeius super:,d4938e7d-12cf-42ee-9848-cc4c99628adf,11890,11897
939c79ab-f3ed-401d-908f-5b42296f7638,68534ff6-15c3-4723-93f5-ccb25a4247bb,VERS,29,"Corona, miles, equidem te dono libens,",d4938e7d-12cf-42ee-9848-cc4c99628adf,11898,11906
939c79ab-f3ed-401d-908f-5b42296f7638,330d0ec2-4c43-43a0-823b-511681584dc7,VERS,30,Quia vindicasti laudem Romani imperi;,d4938e7d-12cf-42ee-9848-cc4c99628adf,11907,11912
939c79ab-f3ed-401d-908f-5b42296f7638,bafbcb8a-9187-4ced-add6-e8f2af405cf8,VERS,31,"Sed exstillescant oculi sic inquit mei,",d4938e7d-12cf-42ee-9848-cc4c99628adf,11913,11919
939c79ab-f3ed-401d-908f-5b42296f7638,44c88dd9-d755-4760-80c7-2c8bfb931134,VERS,32,"Turpe illud imitans ius iurandum militis,",d4938e7d-12cf-42ee-9848-cc4c99628adf,11920,11926
939c79ab-f3ed-401d-908f-5b42296f7638,7baf9ecf-cba3-4c2d-9970-31b1a922961d,VERS,33,Nisi tu abstulisti sarcinas nuper meas.,d4938e7d-12cf-42ee-9848-cc4c99628adf,11927,11933
939c79ab-f3ed-401d-908f-5b42296f7638,f53499ea-228d-402c-a7fd-7bbf2297637a,POEM,8,"Iuno, Venus et gallina.",a26a2d5f-a2d3-4e7c-bf1b-fb6caf553d18,11934,12043
939c79ab-f3ed-401d-908f-5b42296f7638,bdefac00-fd18-4c4d-8fee-a9e60500eec9,TITL,0,"Iuno, Venus et gallina.",f53499ea-228d-402c-a7fd-7bbf2297637a,11934,11939
939c79ab-f3ed-401d-908f-5b42296f7638,bddcceca-923b-4f48-a2ea-6f9b9ebb6d8c,VERS,0,"Cum castitatem Iuno laudaret suam,",f53499ea-228d-402c-a7fd-7bbf2297637a,11940,11945
939c79ab-f3ed-401d-908f-5b42296f7638,4388a102-96bd-4605-90de-a99467a3d4ac,VERS,1,"Iucunditatis causam haud depellit Venus,",f53499ea-228d-402c-a7fd-7bbf2297637a,11946,11951
939c79ab-f3ed-401d-908f-5b42296f7638,53cd6350-e2ab-4571-b5fb-ae08dda94a69,VERS,2,"Nullamque ut affirmaret esse illi parem,",f53499ea-228d-402c-a7fd-7bbf2297637a,11952,11958
939c79ab-f3ed-401d-908f-5b42296f7638,c91a6c60-bab6-4118-858c-cb7a2e4d27df,VERS,3,Interrogasse sic gallinam dicitur:,f53499ea-228d-402c-a7fd-7bbf2297637a,11959,11963
939c79ab-f3ed-401d-908f-5b42296f7638,51bc87c4-71df-496b-88fe-c08c62d740ec,VERS,4,Dic sodes quanto possis satiari cibo.,f53499ea-228d-402c-a7fd-7bbf2297637a,11964,11970
939c79ab-f3ed-401d-908f-5b42296f7638,00f737e1-ad74-488f-9a4e-9013fe719764,VERS,5,"Respondit illa: Quicquid dederis, satis erit,",f53499ea-228d-402c-a7fd-7bbf2297637a,11971,11979
939c79ab-f3ed-401d-908f-5b42296f7638,441f49e3-e973-4f35-ba56-6036cada3b8f,VERS,6,Sic ut concedas pedibus aliquid scalpere.,f53499ea-228d-402c-a7fd-7bbf2297637a,11980,11986
939c79ab-f3ed-401d-908f-5b42296f7638,b6de47e7-0ee0-491d-b53b-f6c577f1339e,VERS,7,Ne scalpas inquit satis est modius tritici?,f53499ea-228d-402c-a7fd-7bbf2297637a,11987,11994
939c79ab-f3ed-401d-908f-5b42296f7638,dacc9a72-8ff8-4281-a1b1-11af9a0c5bf8,VERS,8,"Plane, immo nimium est, sed permittes scalpere?",f53499ea-228d-402c-a7fd-7bbf2297637a,11995,12004
939c79ab-f3ed-401d-908f-5b42296f7638,0fd9b66b-838c-4a3d-93cc-a4d5b95db4fc,VERS,9,"Ex toto, ne quid scalpas, quid desideras?",f53499ea-228d-402c-a7fd-7bbf2297637a,12005,12014
939c79ab-f3ed-401d-908f-5b42296f7638,de22fd08-b9a9-4bea-bcac-dc49512f526e,VERS,10,Tum denique illa fassa est naturae malum:,f53499ea-228d-402c-a7fd-7bbf2297637a,12015,12022
939c79ab-f3ed-401d-908f-5b42296f7638,2e3405b1-edc2-4a8a-9d65-8ceac99482a9,VERS,11,"Licet horreum mi pateat, ego scalpam tamen.",f53499ea-228d-402c-a7fd-7bbf2297637a,12023,12031
939c79ab-f3ed-401d-908f-5b42296f7638,ab579218-e372-4610-b7f5-4c50f028e109,VERS,12,"Risisse Iuno dicitur Veneris iocos,",f53499ea-228d-402c-a7fd-7bbf2297637a,12032,12037
939c79ab-f3ed-401d-908f-5b42296f7638,f35cb3d5-a335-420b-bda1-c7135b45e67b,VERS,13,Quia per gallinam denotarit feminas.,f53499ea-228d-402c-a7fd-7bbf2297637a,12038,12043
939c79ab-f3ed-401d-908f-5b42296f7638,622e6d65-92ee-4574-bcba-43ffba89227b,POEM,9,Paterfamilias et Aesopus: Quomodo domanda sit ferox iuventus.,a26a2d5f-a2d3-4e7c-bf1b-fb6caf553d18,12044,12149
939c79ab-f3ed-401d-908f-5b42296f7638,e1b20945-3795-405e-a538-51d97a475296,TITL,0,Paterfamilias et Aesopus: Quomodo domanda sit ferox iuventus.,622e6d65-92ee-4574-bcba-43ffba89227b,12044,12053
939c79ab-f3ed-401d-908f-5b42296f7638,5f359dd7-6a0a-4d2d-90a6-34594d4d1ff4,VERS,0,Paterfamilias saevum habebat filium.,622e6d65-92ee-4574-bcba-43ffba89227b,12054,12058
939c79ab-f3ed-401d-908f-5b42296f7638,b7c587a8-307b-449c-a604-0ead2f6fdea8,VERS,1,"Hic e conspectu cum patris recesserat,",622e6d65-92ee-4574-bcba-43ffba89227b,12059,12065
939c79ab-f3ed-401d-908f-5b42296f7638,60b0ffc7-3f7f-4f6f-a778-f3ae41c2224f,VERS,2,Verberibus servos afficiebat plurimis,622e6d65-92ee-4574-bcba-43ffba89227b,12066,12069
939c79ab-f3ed-401d-908f-5b42296f7638,06c7d6e1-5feb-43c6-bef2-ec275047d9cd,VERS,3,Et exercebat fervidam adulescentiam.,622e6d65-92ee-4574-bcba-43ffba89227b,12070,12074
939c79ab-f3ed-401d-908f-5b42296f7638,80c356d6-5886-4756-a453-c13d9483ad6c,VERS,4,Aesopus ergo narrat hoc breviter seni:,622e6d65-92ee-4574-bcba-43ffba89227b,12075,12081
939c79ab-f3ed-401d-908f-5b42296f7638,ff564ac5-0144-40d7-be08-7a4f35021cbf,VERS,5,Quidam iuvenco vetulum adiungebat bovem.,622e6d65-92ee-4574-bcba-43ffba89227b,12082,12087
939c79ab-f3ed-401d-908f-5b42296f7638,731aeb37-049c-49ac-b82d-68f7f2a2459b,VERS,6,Is cum refugiens impari collo iugum,622e6d65-92ee-4574-bcba-43ffba89227b,12088,12093
939c79ab-f3ed-401d-908f-5b42296f7638,69508850-22a5-4cae-ad96-fbcd3de9e1ee,VERS,7,Aetatis excusaret vires languidas:,622e6d65-92ee-4574-bcba-43ffba89227b,12094,12098
939c79ab-f3ed-401d-908f-5b42296f7638,0849caa9-dad5-40da-9614-1b73329808af,VERS,8,"Non est quod timeas, inquit illi rusticus;",622e6d65-92ee-4574-bcba-43ffba89227b,12099,12107
939c79ab-f3ed-401d-908f-5b42296f7638,61214ee4-c2dc-47c6-96f6-148594f52175,VERS,9,"Non ut labores dico, sed ut istum domes,",622e6d65-92ee-4574-bcba-43ffba89227b,12108,12117
939c79ab-f3ed-401d-908f-5b42296f7638,c903efb3-9eb5-414f-aafa-f3bc7a5751b7,VERS,10,Qui calce et cornu multos reddit debiles.,622e6d65-92ee-4574-bcba-43ffba89227b,12118,12125
939c79ab-f3ed-401d-908f-5b42296f7638,06cfcb71-648f-4caa-b1c9-6e577717ff32,VERS,11,Et tu nisi istum tecum assidue detines,622e6d65-92ee-4574-bcba-43ffba89227b,12126,12132
939c79ab-f3ed-401d-908f-5b42296f7638,1c3258dc-8f56-46d9-96ad-0857ebad3a45,VERS,12,"Feroxque ingenium comprimis clementia,",622e6d65-92ee-4574-bcba-43ffba89227b,12133,12137
939c79ab-f3ed-401d-908f-5b42296f7638,dc365059-d6ab-4541-acbb-96f2cb873569,VERS,13,Vide ne querela maior accrescat domus.,622e6d65-92ee-4574-bcba-43ffba89227b,12138,12144
939c79ab-f3ed-401d-908f-5b42296f7638,1846007c-0440-40f7-83ef-eb1f0f222d20,VERS,14,Atrocitati mansuetudo est remedium.,622e6d65-92ee-4574-bcba-43ffba89227b,12145,12149
939c79ab-f3ed-401d-908f-5b42296f7638,c59e1453-650b-4bd1-b878-cdda96c2d9fe,POEM,10,Aesopus et victor gymnicus: Quomodo conprimatur aliquando iactantia.,a26a2d5f-a2d3-4e7c-bf1b-fb6caf553d18,12150,12217
939c79ab-f3ed-401d-908f-5b42296f7638,e8dd7122-e667-4566-8ef0-50a6e1c289d4,TITL,0,Aesopus et victor gymnicus: Quomodo conprimatur aliquando iactantia.,c59e1453-650b-4bd1-b878-cdda96c2d9fe,12150,12159
939c79ab-f3ed-401d-908f-5b42296f7638,e8c32cec-c70a-4d19-b54b-3b79f5287093,VERS,0,Victorem forte gymnici certaminis,c59e1453-650b-4bd1-b878-cdda96c2d9fe,12160,12163
939c79ab-f3ed-401d-908f-5b42296f7638,3e3fdc68-18f2-454b-af1e-dddce5c51f11,VERS,1,"Iactantiorem cum vidisset Phryx sophus,",c59e1453-650b-4bd1-b878-cdda96c2d9fe,12164,12169
939c79ab-f3ed-401d-908f-5b42296f7638,88b72d52-e41a-4770-80a3-af2ed076e8c6,VERS,2,Interrogavit an plus adversarius,c59e1453-650b-4bd1-b878-cdda96c2d9fe,12170,12173
939c79ab-f3ed-401d-908f-5b42296f7638,5bee9327-ea04-4ab5-80cb-eb0f7d0ce069,VERS,3,Valuisset eius. Ille: Ne istud dixeris;,c59e1453-650b-4bd1-b878-cdda96c2d9fe,12174,12182
939c79ab-f3ed-401d-908f-5b42296f7638,76896b35-68c8-4cfc-a0ba-60bd17bc9687,VERS,4,Multo fuere vires maiores meae.,c59e1453-650b-4bd1-b878-cdda96c2d9fe,12183,12188
939c79ab-f3ed-401d-908f-5b42296f7638,6f6ec5cd-4d73-4e1e-a950-4c2acdc23e9e,VERS,5,"Quod inquit ergo, stulte, meruisti decus,",c59e1453-650b-4bd1-b878-cdda96c2d9fe,12189,12197
939c79ab-f3ed-401d-908f-5b42296f7638,9b891ea1-c1d1-49bc-a26f-566f5a6ce610,VERS,6,Minus valentem si vicisti fortior?,c59e1453-650b-4bd1-b878-cdda96c2d9fe,12198,12203
939c79ab-f3ed-401d-908f-5b42296f7638,aa2027b6-4ff0-446b-b9a2-c6dff848d3f1,VERS,7,"Ferendus esses, forte si te diceres",c59e1453-650b-4bd1-b878-cdda96c2d9fe,12204,12210
939c79ab-f3ed-401d-908f-5b42296f7638,193f8f68-5d8e-4ccd-bb61-2f5720dabe2e,VERS,8,"Superasse, melior qui fuisset viribus.",c59e1453-650b-4bd1-b878-cdda96c2d9fe,12211,12217
939c79ab-f3ed-401d-908f-5b42296f7638,bb3e94d5-ff03-4d84-8385-da2c7254c18e,POEM,11,Asinus ad lyram.,a26a2d5f-a2d3-4e7c-bf1b-fb6caf553d18,12218,12266
939c79ab-f3ed-401d-908f-5b42296f7638,715827d4-61ef-4cab-a0f2-e9304428d7c1,TITL,0,Asinus ad lyram.,bb3e94d5-ff03-4d84-8385-da2c7254c18e,12218,12221
939c79ab-f3ed-401d-908f-5b42296f7638,ef2d0f39-af4e-42d3-9ab9-6e33e2788659,VERS,0,Asinus iacentem vidit in prato lyram.,bb3e94d5-ff03-4d84-8385-da2c7254c18e,12222,12228
939c79ab-f3ed-401d-908f-5b42296f7638,24a6d4f2-1d4c-42d8-b487-c6acd7b5f552,VERS,1,Accessit et temptavit chordas ungula;,bb3e94d5-ff03-4d84-8385-da2c7254c18e,12229,12234
939c79ab-f3ed-401d-908f-5b42296f7638,c1bf99c9-2fba-4bf8-967d-6e62923ce539,VERS,2,Sonuere tactae. Bella res sed mehercules,bb3e94d5-ff03-4d84-8385-da2c7254c18e,12235,12241
939c79ab-f3ed-401d-908f-5b42296f7638,9f922e50-3d92-4e2d-b145-6c617d55f392,VERS,3,Male cessit inquit artis quia sum nescius.,bb3e94d5-ff03-4d84-8385-da2c7254c18e,12242,12249
939c79ab-f3ed-401d-908f-5b42296f7638,f1853365-acc0-4bf5-bd4e-50c59f694a3b,VERS,4,"Si repperisset aliquis hanc prudentior,",bb3e94d5-ff03-4d84-8385-da2c7254c18e,12250,12255
939c79ab-f3ed-401d-908f-5b42296f7638,a3bbfb85-3797-4d97-adae-95f8dae037de,VERS,5,Divinis aures oblectasset cantibus.,bb3e94d5-ff03-4d84-8385-da2c7254c18e,12256,12260
939c79ab-f3ed-401d-908f-5b42296f7638,dad00a16-4bf5-4eb1-8f19-b63f7043baa1,VERS,6,Sic saepe ingenia calamitate intercidunt.,bb3e94d5-ff03-4d84-8385-da2c7254c18e,12261,12266
939c79ab-f3ed-401d-908f-5b42296f7638,94d00cac-6e70-4a80-8669-6576e893740f,POEM,12,Mulier vidua et miles: Quanta sit inconstantia et libido mulierum.,a26a2d5f-a2d3-4e7c-bf1b-fb6caf553d18,12267,12470
939c79ab-f3ed-401d-908f-5b42296f7638,34b9f332-5e15-4180-9d50-ba1fa0acb583,TITL,0,Mulier vidua et miles: Quanta sit inconstantia et libido mulierum.,94d00cac-6e70-4a80-8669-6576e893740f,12267,12278
939c79ab-f3ed-401d-908f-5b42296f7638,8627044c-1a4f-4492-abe8-7a9c3a9e0b38,VERS,0,Per aliquot annos quaedam dilectum virum,94d00cac-6e70-4a80-8669-6576e893740f,12279,12284
939c79ab-f3ed-401d-908f-5b42296f7638,73f7d6e6-cce0-4d74-90f3-fc49876c280f,VERS,1,Amisit et sarcophago corpus condidit;,94d00cac-6e70-4a80-8669-6576e893740f,12285,12290
939c79ab-f3ed-401d-908f-5b42296f7638,aaab8aa0-547c-4cc6-aa99-e41519131a4f,VERS,2,A quo revelli nullo cum posset modo,94d00cac-6e70-4a80-8669-6576e893740f,12291,12297
939c79ab-f3ed-401d-908f-5b42296f7638,766829cb-fe20-4bf8-8a80-0b400fb7d45d,VERS,3,"Et in sepulcro lugens vitam degeret,",94d00cac-6e70-4a80-8669-6576e893740f,12298,12304
939c79ab-f3ed-401d-908f-5b42296f7638,f95bd6d8-0dbc-4b12-8acd-76fb3f4e8885,VERS,4,Claram assecuta est famam castae virginis.,94d00cac-6e70-4a80-8669-6576e893740f,12305,12311
939c79ab-f3ed-401d-908f-5b42296f7638,de0edf30-f2f5-4447-91f3-1d9e13d47183,VERS,5,"Interea fanum qui compilarant Iovis,",94d00cac-6e70-4a80-8669-6576e893740f,12312,12317
939c79ab-f3ed-401d-908f-5b42296f7638,268f2661-d14e-4c3d-8715-d68c00f96af7,VERS,6,Cruci suffixi luerunt poenas numini.,94d00cac-6e70-4a80-8669-6576e893740f,12318,12323
939c79ab-f3ed-401d-908f-5b42296f7638,dfac8085-e011-4f6d-a656-3c117b4688ed,VERS,7,"Horum reliquias ne quis posset tollere,",94d00cac-6e70-4a80-8669-6576e893740f,12324,12330
939c79ab-f3ed-401d-908f-5b42296f7638,a30f62c0-9641-4ed8-9a78-25757175302d,VERS,8,Custodes dantur milites cadaverum,94d00cac-6e70-4a80-8669-6576e893740f,12331,12334
939c79ab-f3ed-401d-908f-5b42296f7638,722c9dec-cbd8-4859-a41f-9c5774ed2275,VERS,9,Monumentum iuxta mulier quo se incluserat.,94d00cac-6e70-4a80-8669-6576e893740f,12335,12341
939c79ab-f3ed-401d-908f-5b42296f7638,909af8f4-3f21-46a0-88cf-628aef0aa6ef,VERS,10,Aliquando sitiens unus de custodibus,94d00cac-6e70-4a80-8669-6576e893740f,12342,12346
939c79ab-f3ed-401d-908f-5b42296f7638,fba80995-24db-48b6-b14a-8fd3b2c5bda7,VERS,11,"Aquam rogavit media nocte ancillulam,",94d00cac-6e70-4a80-8669-6576e893740f,12347,12352
939c79ab-f3ed-401d-908f-5b42296f7638,f47f4b37-f8cc-48f8-8af4-8005a21150e2,VERS,12,Quae forte dominae tunc assistebat suae,94d00cac-6e70-4a80-8669-6576e893740f,12353,12358
939c79ab-f3ed-401d-908f-5b42296f7638,374e460c-ba1a-4fdf-849e-9237b87ff195,VERS,13,Dormitum eunti; namque lucubraverat,94d00cac-6e70-4a80-8669-6576e893740f,12359,12363
939c79ab-f3ed-401d-908f-5b42296f7638,eb09a05d-22ac-41d6-a294-6608cb65980f,VERS,14,Et usque in serum vigilias perduxerat.,94d00cac-6e70-4a80-8669-6576e893740f,12364,12370
939c79ab-f3ed-401d-908f-5b42296f7638,548d6bbd-785d-48b1-b57e-b0380e0b06b2,VERS,15,Paulum reclusis foribus miles prospicit,94d00cac-6e70-4a80-8669-6576e893740f,12371,12375
939c79ab-f3ed-401d-908f-5b42296f7638,f9c35189-6403-4087-944f-fcdb858e8f9c,VERS,16,Videtque et aegram et facie pulchra feminam.,94d00cac-6e70-4a80-8669-6576e893740f,12376,12383
939c79ab-f3ed-401d-908f-5b42296f7638,fcfd3eec-53a3-4176-8673-a53ac1a591d1,VERS,17,Corruptus animus ilico succenditur,94d00cac-6e70-4a80-8669-6576e893740f,12384,12387
939c79ab-f3ed-401d-908f-5b42296f7638,2b21fc94-cc2c-4a1d-ba59-0eff96b4f4bf,VERS,18,Et uritur impudentis sensim cupiditas.,94d00cac-6e70-4a80-8669-6576e893740f,12388,12393
939c79ab-f3ed-401d-908f-5b42296f7638,efe07601-efae-4dc6-8b9b-ab6ddee486f5,VERS,19,"Sollers acumen mille causas invenit,",94d00cac-6e70-4a80-8669-6576e893740f,12394,12399
939c79ab-f3ed-401d-908f-5b42296f7638,bfc7fbfd-b03a-4528-9027-e52b87cfc455,VERS,20,Per quas videre possit illam saepius.,94d00cac-6e70-4a80-8669-6576e893740f,12400,12406
939c79ab-f3ed-401d-908f-5b42296f7638,dfa92542-c0db-48bb-bcde-980506adfbb9,VERS,21,Cotidiana capta consuetudine,94d00cac-6e70-4a80-8669-6576e893740f,12407,12409
939c79ab-f3ed-401d-908f-5b42296f7638,db242757-54be-4f1c-ad9e-983755bc8a19,VERS,22,Paulatim facta est advenae submissior;,94d00cac-6e70-4a80-8669-6576e893740f,12410,12415
939c79ab-f3ed-401d-908f-5b42296f7638,59c5ccc6-99e2-41db-ba9c-3e6c57098fe6,VERS,23,Mox artior revinxit animum copula.,94d00cac-6e70-4a80-8669-6576e893740f,12416,12421
939c79ab-f3ed-401d-908f-5b42296f7638,195f8e9f-1fc1-4686-8f71-b87898f8e67a,VERS,24,"Hic dum consumit noctes custos diligens,",94d00cac-6e70-4a80-8669-6576e893740f,12422,12428
939c79ab-f3ed-401d-908f-5b42296f7638,93a1e7ba-fd10-45d0-812c-b952ed43ee17,VERS,25,Desideratum est corpus ex una cruce.,94d00cac-6e70-4a80-8669-6576e893740f,12429,12435
939c79ab-f3ed-401d-908f-5b42296f7638,ac48940e-f8da-4558-84e1-80b186045710,VERS,26,Turbatus miles factum exponit mulieri.,94d00cac-6e70-4a80-8669-6576e893740f,12436,12441
939c79ab-f3ed-401d-908f-5b42296f7638,97e48c6e-d7d1-4a0d-966d-aa934d533a08,VERS,27,"At sancta mulier: Non est quod timeas, ait,",94d00cac-6e70-4a80-8669-6576e893740f,12442,12452
939c79ab-f3ed-401d-908f-5b42296f7638,12150b1f-2cb7-4fd6-8367-976a1095bc47,VERS,28,"Virique corpus tradit figendum cruci,",94d00cac-6e70-4a80-8669-6576e893740f,12453,12458
939c79ab-f3ed-401d-908f-5b42296f7638,bcecd379-7ab1-452f-b22a-af127cddaa45,VERS,29,Ne subeat ille poenas neglegentiae.,94d00cac-6e70-4a80-8669-6576e893740f,12459,12464
939c79ab-f3ed-401d-908f-5b42296f7638,2113498f-e813-4dad-83b6-3447056aa94d,VERS,30,Sic turpitudo laudis obsedit locum.,94d00cac-6e70-4a80-8669-6576e893740f,12465,12470
939c79ab-f3ed-401d-908f-5b42296f7638,8b36e982-0dd1-4be3-947e-48e95cfb5d9e,POEM,13,"Duo iuvenes sponsi dives et pauper: Fortunam interdum praeter spem hominibus favere.
                        ",a26a2d5f-a2d3-4e7c-bf1b-fb6caf553d18,12471,12694
939c79ab-f3ed-401d-908f-5b42296f7638,86dcaf48-ed2c-461d-b83d-d799a803af5c,TITL,0,Duo iuvenes sponsi dives et pauper: Fortunam interdum praeter spem hominibus favere.,8b36e982-0dd1-4be3-947e-48e95cfb5d9e,12471,12484
939c79ab-f3ed-401d-908f-5b42296f7638,24ae750b-770a-4478-b09d-158fe3eddb31,VERS,0,Unam expetebant virginem iuvenes duo;,8b36e982-0dd1-4be3-947e-48e95cfb5d9e,12485,12490
939c79ab-f3ed-401d-908f-5b42296f7638,562ce0b7-caff-4bd5-b748-8d8359116eac,VERS,1,Vicit locuples genus et formam pauperis.,8b36e982-0dd1-4be3-947e-48e95cfb5d9e,12491,12497
939c79ab-f3ed-401d-908f-5b42296f7638,616f343c-865e-494c-ab6a-b66f9925b7cc,VERS,2,"Ut nuptiarum dictus advenit dies,",8b36e982-0dd1-4be3-947e-48e95cfb5d9e,12498,12503
939c79ab-f3ed-401d-908f-5b42296f7638,da3fdb07-de6f-4b42-803a-91be26688656,VERS,3,"Amans dolorem quia non poterat perpeti,",8b36e982-0dd1-4be3-947e-48e95cfb5d9e,12504,12510
939c79ab-f3ed-401d-908f-5b42296f7638,3b07b64f-ff60-4178-97ab-3b43aae09e4c,VERS,4,"Maerens propinquos contulit se in hortulos,",8b36e982-0dd1-4be3-947e-48e95cfb5d9e,12511,12517
939c79ab-f3ed-401d-908f-5b42296f7638,b43edbb6-3f7e-4093-a2e5-1598cab7c4e2,VERS,5,Quos ultra paulo villa splendida divitis,8b36e982-0dd1-4be3-947e-48e95cfb5d9e,12518,12523
939c79ab-f3ed-401d-908f-5b42296f7638,305fd40c-4f6c-48a2-b68c-768079dd2046,VERS,6,"Erat acceptura virginem e matris sinu,",8b36e982-0dd1-4be3-947e-48e95cfb5d9e,12524,12530
939c79ab-f3ed-401d-908f-5b42296f7638,af30c0f4-4951-44ca-bb11-6fdf6c4ce648,VERS,7,Parum ampla in urbe visa quod fuerat domus.,8b36e982-0dd1-4be3-947e-48e95cfb5d9e,12531,12539
939c79ab-f3ed-401d-908f-5b42296f7638,088f4fe8-f69a-4e9a-b853-da7f4ba31d62,VERS,8,"Pompa explicatur, turba concurrit frequens,",8b36e982-0dd1-4be3-947e-48e95cfb5d9e,12540,12546
939c79ab-f3ed-401d-908f-5b42296f7638,70723940-056a-4e6e-a715-8e915c8e4528,VERS,9,Et coniugalem praebet Hymenaeus facem.,8b36e982-0dd1-4be3-947e-48e95cfb5d9e,12547,12552
939c79ab-f3ed-401d-908f-5b42296f7638,81ebd0ec-742b-4479-9973-9d881de554e0,VERS,10,"Asellus autem, qui solebat pauperi",8b36e982-0dd1-4be3-947e-48e95cfb5d9e,12553,12558
939c79ab-f3ed-401d-908f-5b42296f7638,deb1a9d5-e668-43bc-99c3-33c6f8bc9c2f,VERS,11,"Quaestum referre, stabat portae in limine.",8b36e982-0dd1-4be3-947e-48e95cfb5d9e,12559,12566
939c79ab-f3ed-401d-908f-5b42296f7638,882d98c0-cb4b-4fa9-a672-6accd5218ca6,VERS,12,"Illum puellae casu conducunt suae,",8b36e982-0dd1-4be3-947e-48e95cfb5d9e,12567,12572
939c79ab-f3ed-401d-908f-5b42296f7638,0a918038-9887-4727-a7c5-77e45fcf125a,VERS,13,Viae labores teneros ne laedant pedes.,8b36e982-0dd1-4be3-947e-48e95cfb5d9e,12573,12579
939c79ab-f3ed-401d-908f-5b42296f7638,3e09e241-0229-48c6-b377-19addb14cb02,VERS,14,"Repente caelum, Veneris misericordia,",8b36e982-0dd1-4be3-947e-48e95cfb5d9e,12580,12585
939c79ab-f3ed-401d-908f-5b42296f7638,3eccbfb5-331d-4e1b-b314-e71c91da4330,VERS,15,"Ventis movetur, intonat mundi fragor",8b36e982-0dd1-4be3-947e-48e95cfb5d9e,12586,12591
939c79ab-f3ed-401d-908f-5b42296f7638,3251d7ac-2b13-470b-bde3-358c39d4d6c5,VERS,16,Noctemque densis horridam nimbis parat:,8b36e982-0dd1-4be3-947e-48e95cfb5d9e,12592,12597
939c79ab-f3ed-401d-908f-5b42296f7638,b96b10d4-cd12-47fe-be0c-6e4434c381b8,VERS,17,Lux rapitur oculis et simul vis grandinis,8b36e982-0dd1-4be3-947e-48e95cfb5d9e,12598,12604
939c79ab-f3ed-401d-908f-5b42296f7638,626761c6-83d6-4c90-af74-ffe3c93f4982,VERS,18,"Effusa trepidos passim comites dissipat,",8b36e982-0dd1-4be3-947e-48e95cfb5d9e,12605,12610
939c79ab-f3ed-401d-908f-5b42296f7638,b1cc2a9e-6aa0-4983-b802-3b09a45fec2d,VERS,19,Sibi quemque cogens petere praesidium fuga.,8b36e982-0dd1-4be3-947e-48e95cfb5d9e,12611,12617
939c79ab-f3ed-401d-908f-5b42296f7638,a78bf0bd-bba8-4611-b44c-b33de68fe681,VERS,20,Asellus notum proximum tectum subit,8b36e982-0dd1-4be3-947e-48e95cfb5d9e,12618,12622
939c79ab-f3ed-401d-908f-5b42296f7638,a02c3302-12e3-4795-8180-8a201df3c970,VERS,21,Et voce magna sese venisse indicat.,8b36e982-0dd1-4be3-947e-48e95cfb5d9e,12623,12629
939c79ab-f3ed-401d-908f-5b42296f7638,c26608e4-353b-450b-bd3c-32f922010176,VERS,22,"Procurrunt pueri, pulchram aspiciunt virginem",8b36e982-0dd1-4be3-947e-48e95cfb5d9e,12630,12635
939c79ab-f3ed-401d-908f-5b42296f7638,82cd6f32-f9b1-4dc4-b0ae-48fc74ce30f5,VERS,23,Et admirantur: deinde domino nuntiant.,8b36e982-0dd1-4be3-947e-48e95cfb5d9e,12636,12642
939c79ab-f3ed-401d-908f-5b42296f7638,05b2879f-f086-4470-9e1a-fe5270b35aed,VERS,24,Inter sodales ille paucos accubans,8b36e982-0dd1-4be3-947e-48e95cfb5d9e,12643,12647
939c79ab-f3ed-401d-908f-5b42296f7638,2832264e-1f5f-4284-9cfe-5999a139d8a0,VERS,25,Amorem crebris avocabat poculis.,8b36e982-0dd1-4be3-947e-48e95cfb5d9e,12648,12652
939c79ab-f3ed-401d-908f-5b42296f7638,5c5d54d7-e52f-4bf9-8299-605ed39701ff,VERS,26,"Ubi nuntiatum est, recreatus gaudiis",8b36e982-0dd1-4be3-947e-48e95cfb5d9e,12653,12658
939c79ab-f3ed-401d-908f-5b42296f7638,ce5f645e-0f4f-455a-b06e-00b8e199b556,VERS,27,"Hortante Baccho et Venere, dulces perficit",8b36e982-0dd1-4be3-947e-48e95cfb5d9e,12659,12665
939c79ab-f3ed-401d-908f-5b42296f7638,9d9cd2c9-a839-461d-81a9-cb27cfcbe25f,VERS,28,Aequalitatis inter plausus nuptias.,8b36e982-0dd1-4be3-947e-48e95cfb5d9e,12666,12670
939c79ab-f3ed-401d-908f-5b42296f7638,93289ec2-e8a0-46e1-8ee9-2085ae6bb2a5,VERS,29,Quaerunt parentes per praeconem filiam;,8b36e982-0dd1-4be3-947e-48e95cfb5d9e,12671,12676
939c79ab-f3ed-401d-908f-5b42296f7638,f107a9f2-8275-40a5-8593-95f64df85956,VERS,30,Novus maritus coniuge amissa dolet.,8b36e982-0dd1-4be3-947e-48e95cfb5d9e,12677,12682
939c79ab-f3ed-401d-908f-5b42296f7638,4a5e397c-dd12-49bd-9c0b-f3c5536613d8,VERS,31,"Quid esset actum postquam populo innotuit,",8b36e982-0dd1-4be3-947e-48e95cfb5d9e,12683,12689
939c79ab-f3ed-401d-908f-5b42296f7638,5d3cd6c6-1ac7-476b-9a56-383e5d103203,VERS,32,Omnes favorem comprobarunt caelitum.,8b36e982-0dd1-4be3-947e-48e95cfb5d9e,12690,12694
939c79ab-f3ed-401d-908f-5b42296f7638,f37d218e-341a-44ae-b3db-0b35e6327134,POEM,14,Aesopus et domina: Quam noceat saepe verum dicere.,a26a2d5f-a2d3-4e7c-bf1b-fb6caf553d18,12695,12829
939c79ab-f3ed-401d-908f-5b42296f7638,068144cf-2dc2-4a25-9268-55c46121e4c1,TITL,0,Aesopus et domina: Quam noceat saepe verum dicere.,f37d218e-341a-44ae-b3db-0b35e6327134,12695,12704
939c79ab-f3ed-401d-908f-5b42296f7638,10b88a65-cc58-49f1-80c9-3184f6cea404,VERS,0,"Aesopus turpi cum serviret feminae,",f37d218e-341a-44ae-b3db-0b35e6327134,12705,12710
939c79ab-f3ed-401d-908f-5b42296f7638,98685d15-6c05-4cff-9af3-9878f3fa0342,VERS,1,"Quae se expingendo totum intricaret diem,",f37d218e-341a-44ae-b3db-0b35e6327134,12711,12717
939c79ab-f3ed-401d-908f-5b42296f7638,a79e3157-b53a-422a-82a1-fc919d642ed2,VERS,2,"Vestem, uniones, aurum, argentum sumeret,",f37d218e-341a-44ae-b3db-0b35e6327134,12718,12726
939c79ab-f3ed-401d-908f-5b42296f7638,a61c5021-7486-4b04-bbff-79e9555be07f,VERS,3,Nec inveniret digito qui se tangeret:,f37d218e-341a-44ae-b3db-0b35e6327134,12727,12733
939c79ab-f3ed-401d-908f-5b42296f7638,4541aae7-294c-4045-a833-90a15714313b,VERS,4,"Licetne paucis? inquit—Dicas.—Censeo,",f37d218e-341a-44ae-b3db-0b35e6327134,12734,12743
939c79ab-f3ed-401d-908f-5b42296f7638,d985aa82-df71-42ae-a3d0-bda9f2c5997c,VERS,5,"Quidvis efficies, cultum si deposueris.—",f37d218e-341a-44ae-b3db-0b35e6327134,12744,12751
939c79ab-f3ed-401d-908f-5b42296f7638,7fcb658f-34bc-40b5-8931-6a684c599e6d,VERS,6,Adeone per me videor tibi meliuscula?—,f37d218e-341a-44ae-b3db-0b35e6327134,12752,12759
939c79ab-f3ed-401d-908f-5b42296f7638,521dbab6-1d13-46f3-ae24-928de562a64c,VERS,7,"Immo, nisi dederis, sponda cessabit tua.",f37d218e-341a-44ae-b3db-0b35e6327134,12760,12768
939c79ab-f3ed-401d-908f-5b42296f7638,1d225089-5fc2-4fd2-aa41-e17fae3526eb,VERS,8,"—At non cessabunt latera respondit tua,",f37d218e-341a-44ae-b3db-0b35e6327134,12769,12776
939c79ab-f3ed-401d-908f-5b42296f7638,9ce27f2f-22fa-4007-98b3-e4040975d34b,VERS,9,Et obiurgari iussit servum garrulum.,f37d218e-341a-44ae-b3db-0b35e6327134,12777,12782
939c79ab-f3ed-401d-908f-5b42296f7638,5a3e4af3-b5e7-4966-be0a-ad31e7cbf609,VERS,10,Post paulo armillam tollit fur argenteam.,f37d218e-341a-44ae-b3db-0b35e6327134,12783,12789
939c79ab-f3ed-401d-908f-5b42296f7638,37a8750c-2263-429d-a460-b219efa6fbdd,VERS,11,"Eam non apparere ut dictum est mulieri,",f37d218e-341a-44ae-b3db-0b35e6327134,12790,12797
939c79ab-f3ed-401d-908f-5b42296f7638,af68ce09-0c82-4b7e-9b13-b82372dc8ced,VERS,12,Furore plena vocat omnes et verbera,f37d218e-341a-44ae-b3db-0b35e6327134,12798,12803
939c79ab-f3ed-401d-908f-5b42296f7638,d65f728e-6383-4058-abf4-f514e1adce79,VERS,13,"Proponit gravia, verum si non dixerint.",f37d218e-341a-44ae-b3db-0b35e6327134,12804,12811
939c79ab-f3ed-401d-908f-5b42296f7638,4723023a-0fde-4e7e-8bbd-300f2e89f621,VERS,14,"Aliis minare inquit me non falles, era;",f37d218e-341a-44ae-b3db-0b35e6327134,12812,12820
939c79ab-f3ed-401d-908f-5b42296f7638,a5801e5c-ebcb-4699-a940-e855d51e50ba,VERS,15,"Flagris sum caesus, verum quia dixi modo.",f37d218e-341a-44ae-b3db-0b35e6327134,12821,12829
939c79ab-f3ed-401d-908f-5b42296f7638,42fd1043-f590-49d3-b662-71a867ae76f4,POEM,15,"Gallus lectica a felibus vectus: Nimiam securitatem saepe in periculum homines ducere.
                        ",a26a2d5f-a2d3-4e7c-bf1b-fb6caf553d18,12830,12890
939c79ab-f3ed-401d-908f-5b42296f7638,411f15b1-1e6d-4007-823d-d6e070bd9873,TITL,0,Gallus lectica a felibus vectus: Nimiam securitatem saepe in periculum homines ducere.,42fd1043-f590-49d3-b662-71a867ae76f4,12830,12843
939c79ab-f3ed-401d-908f-5b42296f7638,adce9340-7f71-4432-96b2-2c468643f531,VERS,0,Feles habebat gallus lecticarios.,42fd1043-f590-49d3-b662-71a867ae76f4,12844,12848
939c79ab-f3ed-401d-908f-5b42296f7638,defcd0ad-e250-44ec-979c-b858e83a7de2,VERS,1,"Hunc gloriosum vulpes ut vidit vehi,",42fd1043-f590-49d3-b662-71a867ae76f4,12849,12855
939c79ab-f3ed-401d-908f-5b42296f7638,032dadb1-c486-4154-844b-7a9e0f30b42b,VERS,2,Sic est locuta: Moneo praecaveas dolum;,42fd1043-f590-49d3-b662-71a867ae76f4,12856,12863
939c79ab-f3ed-401d-908f-5b42296f7638,e9b06a8a-ad32-4c5a-8419-0a16a09f4efb,VERS,3,"Istorum vultus namque si consideras,",42fd1043-f590-49d3-b662-71a867ae76f4,12864,12869
939c79ab-f3ed-401d-908f-5b42296f7638,53afb44c-fbd6-4c1d-95e4-a2ecff34de1a,VERS,4,"Praedam portare iudices, non sarcinam.",42fd1043-f590-49d3-b662-71a867ae76f4,12870,12876
939c79ab-f3ed-401d-908f-5b42296f7638,521148a9-f994-441c-a88b-fe28f455502e,VERS,5,,42fd1043-f590-49d3-b662-71a867ae76f4,12877,12877
939c79ab-f3ed-401d-908f-5b42296f7638,04afe8c4-625d-40c2-8382-ec30aca2a648,VERS,6,"Postquam esurire coepit societas fera,",42fd1043-f590-49d3-b662-71a867ae76f4,12878,12883
939c79ab-f3ed-401d-908f-5b42296f7638,f6825876-c907-44ad-b351-d57fa90bc76b,VERS,7,Discerpsit dominum et fecit partes facinoris.,42fd1043-f590-49d3-b662-71a867ae76f4,12884,12890
939c79ab-f3ed-401d-908f-5b42296f7638,b50e58f5-f653-4962-a56f-0f306936c1a1,POEM,16,"Scrofa parturiens et lupus: Faciendum prius de homine periculum, quam eius te committas
                            fidei.
                        ",a26a2d5f-a2d3-4e7c-bf1b-fb6caf553d18,12891,12960
939c79ab-f3ed-401d-908f-5b42296f7638,40f2cf67-9d86-4c45-a064-1db91c42045e,TITL,0,"Scrofa parturiens et lupus: Faciendum prius de homine periculum, quam eius te committas
                            fidei.",b50e58f5-f653-4962-a56f-0f306936c1a1,12891,12907
939c79ab-f3ed-401d-908f-5b42296f7638,f56739ab-96c1-40aa-9bc2-5adcf99f25bd,VERS,0,"Premente partu scrofa cum gemeret iacens,",b50e58f5-f653-4962-a56f-0f306936c1a1,12908,12914
939c79ab-f3ed-401d-908f-5b42296f7638,a05ba055-1429-49cf-9bf6-dc867ec08bbd,VERS,1,Accurrit lupus et obstetricis partibus,b50e58f5-f653-4962-a56f-0f306936c1a1,12915,12919
939c79ab-f3ed-401d-908f-5b42296f7638,a5c77d65-3d5b-41a5-8a52-413683370a41,VERS,2,"Se posse fungi dixit, promittens opem.",b50e58f5-f653-4962-a56f-0f306936c1a1,12920,12927
939c79ab-f3ed-401d-908f-5b42296f7638,1dab002f-9284-494f-963c-925106b9a02b,VERS,3,"Quae vero nosset pectoris fraudem improbi,",b50e58f5-f653-4962-a56f-0f306936c1a1,12928,12934
939c79ab-f3ed-401d-908f-5b42296f7638,5e01e135-7429-406d-88b7-dc4a5ca0a34d,VERS,4,Suspectum officium repudiavit malefici,b50e58f5-f653-4962-a56f-0f306936c1a1,12935,12938
939c79ab-f3ed-401d-908f-5b42296f7638,cf81ef68-879c-4617-b3c9-063ec3b06a7d,VERS,5,Et: Satis est inquit si recedis longius.,b50e58f5-f653-4962-a56f-0f306936c1a1,12939,12947
939c79ab-f3ed-401d-908f-5b42296f7638,83b62bcc-af1f-49e4-924c-3150fa2aee0d,VERS,6,"Quod si perfidiae se commisisset lupi,",b50e58f5-f653-4962-a56f-0f306936c1a1,12948,12954
939c79ab-f3ed-401d-908f-5b42296f7638,3be7f032-4be5-4a5d-889c-e7f673b1970c,VERS,7,Pari dolore fata deflesset sua.,b50e58f5-f653-4962-a56f-0f306936c1a1,12955,12960
939c79ab-f3ed-401d-908f-5b42296f7638,d2af8352-4014-4132-97d4-ab8d9ba446ec,POEM,17,Aesopus et servus profugus: Non esse malo addendum malum.,a26a2d5f-a2d3-4e7c-bf1b-fb6caf553d18,12961,13116
939c79ab-f3ed-401d-908f-5b42296f7638,69b72cf9-6861-48e6-9961-f45f202da6c3,TITL,0,Aesopus et servus profugus: Non esse malo addendum malum.,d2af8352-4014-4132-97d4-ab8d9ba446ec,12961,12971
939c79ab-f3ed-401d-908f-5b42296f7638,e88dcb1d-2236-4451-ba9f-e161559d8cba,VERS,0,"Servus profugiens dominum naturae asperae,",d2af8352-4014-4132-97d4-ab8d9ba446ec,12972,12977
939c79ab-f3ed-401d-908f-5b42296f7638,0576a112-1029-4b18-a2ce-ded70df3f295,VERS,1,Aesopo occurrit notus e vicinia.,d2af8352-4014-4132-97d4-ab8d9ba446ec,12978,12983
939c79ab-f3ed-401d-908f-5b42296f7638,bdaceab9-01a1-4684-9220-7b64101ee914,VERS,2,"Quid tu confusus?—Dicam tibi clare, pater,",d2af8352-4014-4132-97d4-ab8d9ba446ec,12984,12994
939c79ab-f3ed-401d-908f-5b42296f7638,5e340e5c-538a-43b2-8c86-396f9fd8e1d9,VERS,3,"Hoc namque es dignus appellari nomine,",d2af8352-4014-4132-97d4-ab8d9ba446ec,12995,13001
939c79ab-f3ed-401d-908f-5b42296f7638,a4f8597c-a6d5-41f7-9934-92e72d4409eb,VERS,4,Tuto querela quia apud te deponitur.,d2af8352-4014-4132-97d4-ab8d9ba446ec,13002,13008
939c79ab-f3ed-401d-908f-5b42296f7638,7fe82ea4-fddb-44a2-a874-0c484a3797b8,VERS,5,"Plagae supersunt, desunt mihi cibaria;",d2af8352-4014-4132-97d4-ab8d9ba446ec,13009,13015
939c79ab-f3ed-401d-908f-5b42296f7638,8ce7728d-d4c5-4ee1-849c-3753cf25d461,VERS,6,Subinde ad villam mittor sine viatico.,d2af8352-4014-4132-97d4-ab8d9ba446ec,13016,13022
939c79ab-f3ed-401d-908f-5b42296f7638,4dc6cb55-834f-468f-93c3-f9646161522c,VERS,7,"Domi si cenat, totis persto noctibus,",d2af8352-4014-4132-97d4-ab8d9ba446ec,13023,13030
939c79ab-f3ed-401d-908f-5b42296f7638,1aa71f8f-b7b3-43be-bec3-830c1659dbfe,VERS,8,"Sive est vocatus, iaceo ad lucem in semita.",d2af8352-4014-4132-97d4-ab8d9ba446ec,13031,13040
939c79ab-f3ed-401d-908f-5b42296f7638,12560978-5959-4f61-8d0c-93c4d0accbea,VERS,9,"Emerui libertatem, canus servio.",d2af8352-4014-4132-97d4-ab8d9ba446ec,13041,13046
939c79ab-f3ed-401d-908f-5b42296f7638,d5c2a92f-2bd1-4795-85b9-2e195cbbf634,VERS,10,"Ullius essem culpae mihi si conscius,",d2af8352-4014-4132-97d4-ab8d9ba446ec,13047,13053
939c79ab-f3ed-401d-908f-5b42296f7638,c467d746-b504-49c5-abc4-16a8030dba8a,VERS,11,Aequo animo ferrem; numquam sum factus satur,d2af8352-4014-4132-97d4-ab8d9ba446ec,13054,13061
939c79ab-f3ed-401d-908f-5b42296f7638,cc88a8fe-8bf2-4dac-805b-5cc44b5ebc86,VERS,12,Et super infelix saevum patior dominium.,d2af8352-4014-4132-97d4-ab8d9ba446ec,13062,13068
939c79ab-f3ed-401d-908f-5b42296f7638,4e599a02-98c4-4936-8dbe-ba63136237e8,VERS,13,"Has propter causas et quas longum est promere,",d2af8352-4014-4132-97d4-ab8d9ba446ec,13069,13077
939c79ab-f3ed-401d-908f-5b42296f7638,343051d8-d966-4e2b-bb4c-e8c21a6f683d,VERS,14,Abire destinavi quo tulerint pedes.,d2af8352-4014-4132-97d4-ab8d9ba446ec,13078,13083
939c79ab-f3ed-401d-908f-5b42296f7638,dd41cde2-9aeb-4665-b9bc-1e568ed6ca92,VERS,15,"Ergo inquit audi: cum mali nil feceris,",d2af8352-4014-4132-97d4-ab8d9ba446ec,13084,13092
939c79ab-f3ed-401d-908f-5b42296f7638,14d546cf-20b4-4067-955f-a8b7286fbf22,VERS,16,"Haec experiris, ut refers, incommoda;",d2af8352-4014-4132-97d4-ab8d9ba446ec,13093,13100
939c79ab-f3ed-401d-908f-5b42296f7638,5319bd19-c31f-47b3-bc62-385a48d3b4e0,VERS,17,Quid si peccaris? quae te passurum putas?,d2af8352-4014-4132-97d4-ab8d9ba446ec,13101,13109
939c79ab-f3ed-401d-908f-5b42296f7638,aaaa3a30-3413-4cd2-b66c-d4f109ce9cab,VERS,18,Tali consilio est a fuga deterritus.,d2af8352-4014-4132-97d4-ab8d9ba446ec,13110,13116
939c79ab-f3ed-401d-908f-5b42296f7638,de50b1c2-da2c-4410-aa93-bfb8b9310d8a,POEM,18,"Equus quadrigalis in pistrinum venumdatus: Ferendum esse aequo animo quicquid acciderit.
                        ",a26a2d5f-a2d3-4e7c-bf1b-fb6caf553d18,13117,13191
939c79ab-f3ed-401d-908f-5b42296f7638,bdf308f3-384b-4c75-9660-d9da7329f9ff,TITL,0,Equus quadrigalis in pistrinum venumdatus: Ferendum esse aequo animo quicquid acciderit.,de50b1c2-da2c-4410-aa93-bfb8b9310d8a,13117,13129
939c79ab-f3ed-401d-908f-5b42296f7638,5e05fc73-e8cc-45ff-92da-73ac6008cf2d,VERS,0,Equum ex quadriga multis palmis nobilem,de50b1c2-da2c-4410-aa93-bfb8b9310d8a,13130,13135
939c79ab-f3ed-401d-908f-5b42296f7638,d3c2dd90-d424-4445-b28d-cde0bee0b0eb,VERS,1,Abegit quidam et in pistrinum vendidit.,de50b1c2-da2c-4410-aa93-bfb8b9310d8a,13136,13142
939c79ab-f3ed-401d-908f-5b42296f7638,6ff7cf7c-93a5-442d-a539-dde5bdddf994,VERS,2,"Productus ad bibendum cum foret a molis,",de50b1c2-da2c-4410-aa93-bfb8b9310d8a,13143,13150
939c79ab-f3ed-401d-908f-5b42296f7638,09c5d934-e5b3-48bd-b445-83a4988d2fe1,VERS,3,"In circum aequales ire conspexit suos,",de50b1c2-da2c-4410-aa93-bfb8b9310d8a,13151,13157
939c79ab-f3ed-401d-908f-5b42296f7638,92b62891-db09-40e2-b3a9-0a0e660615b0,VERS,4,Ut grata ludis redderent certamina.,de50b1c2-da2c-4410-aa93-bfb8b9310d8a,13158,13163
939c79ab-f3ed-401d-908f-5b42296f7638,b3fba69d-9c68-40cc-8b7c-7fe0036ca832,VERS,5,Lacrimis obortis: Ite felices ait;,de50b1c2-da2c-4410-aa93-bfb8b9310d8a,13164,13170
939c79ab-f3ed-401d-908f-5b42296f7638,89410b31-5764-4d19-ad8b-e6c03b6eeb88,VERS,6,Celebrate sine me cursu sollemnem diem;,de50b1c2-da2c-4410-aa93-bfb8b9310d8a,13171,13177
939c79ab-f3ed-401d-908f-5b42296f7638,05e4038b-ff83-4ed2-932a-8f0680fb11ae,VERS,7,"Ego quo scelesta furis attraxit manus,",de50b1c2-da2c-4410-aa93-bfb8b9310d8a,13178,13184
939c79ab-f3ed-401d-908f-5b42296f7638,394476e5-a420-42b1-ba0b-5cdbfd073ad3,VERS,8,Ibi sorte tristi fata deflebo mea.,de50b1c2-da2c-4410-aa93-bfb8b9310d8a,13185,13191
939c79ab-f3ed-401d-908f-5b42296f7638,4840bc47-7329-424e-aedc-b74a3ec34cc5,POEM,19,Ursus esuriens.,a26a2d5f-a2d3-4e7c-bf1b-fb6caf553d18,13192,13241
939c79ab-f3ed-401d-908f-5b42296f7638,51ab9a97-83d6-4768-882c-fd3e301da699,TITL,0,Ursus esuriens.,4840bc47-7329-424e-aedc-b74a3ec34cc5,13192,13194
939c79ab-f3ed-401d-908f-5b42296f7638,7624e48c-c528-49a2-af4b-6efe43c609cf,VERS,0,"Si quando in silvis urso desunt copiae,",4840bc47-7329-424e-aedc-b74a3ec34cc5,13195,13202
939c79ab-f3ed-401d-908f-5b42296f7638,c1940607-32a9-4667-8e57-2639a678ce42,VERS,1,Scopulosum ad littus currit et prendens petram,4840bc47-7329-424e-aedc-b74a3ec34cc5,13203,13209
939c79ab-f3ed-401d-908f-5b42296f7638,228e98fb-c646-4dac-aaa0-d742cfed19b5,VERS,2,Pilosa crura sensim demittit vado;,4840bc47-7329-424e-aedc-b74a3ec34cc5,13210,13215
939c79ab-f3ed-401d-908f-5b42296f7638,9ef04ccb-53d1-450e-ab60-de0d843c32f1,VERS,3,"Quorum inter villos simul haeserunt canceres,",4840bc47-7329-424e-aedc-b74a3ec34cc5,13216,13222
939c79ab-f3ed-401d-908f-5b42296f7638,5ebe1815-ff16-4aff-9754-1f73ea0d5734,VERS,4,In terram abripiens excutit praedam maris,4840bc47-7329-424e-aedc-b74a3ec34cc5,13223,13228
939c79ab-f3ed-401d-908f-5b42296f7638,27309735-5783-422b-a04f-7dc5de406996,VERS,5,Escaque fruitur passim collecta vafer.,4840bc47-7329-424e-aedc-b74a3ec34cc5,13229,13234
939c79ab-f3ed-401d-908f-5b42296f7638,030bc4e1-4fff-4c4c-b3bf-29ad97adb5e3,VERS,6,Ergo etiam stultis acuit ingenium fames.,4840bc47-7329-424e-aedc-b74a3ec34cc5,13235,13241
939c79ab-f3ed-401d-908f-5b42296f7638,c7087ae2-cc34-4c5d-a21e-89c9f857c669,POEM,20,Viator et corvus: Verbis saepenumero homines decipi solere.,a26a2d5f-a2d3-4e7c-bf1b-fb6caf553d18,13242,13329
939c79ab-f3ed-401d-908f-5b42296f7638,2c69da5e-e340-497d-af20-617823366dd1,TITL,0,Viator et corvus: Verbis saepenumero homines decipi solere.,c7087ae2-cc34-4c5d-a21e-89c9f857c669,13242,13251
939c79ab-f3ed-401d-908f-5b42296f7638,dcb179e4-7445-45a2-8b36-e5cd618cf631,VERS,0,Quidam per agros devium carpens iter,c7087ae2-cc34-4c5d-a21e-89c9f857c669,13252,13257
939c79ab-f3ed-401d-908f-5b42296f7638,7df0f97f-6c07-48dc-8b05-5a473db88faa,VERS,1,"Ave exaudivit et moratus paululum,",c7087ae2-cc34-4c5d-a21e-89c9f857c669,13258,13263
939c79ab-f3ed-401d-908f-5b42296f7638,71d8c777-8740-49be-b461-19c5d0958745,VERS,2,"Adesse ut vidit neminem, cepit gradum.",c7087ae2-cc34-4c5d-a21e-89c9f857c669,13264,13271
939c79ab-f3ed-401d-908f-5b42296f7638,4e0ccedd-5555-4711-abd9-4517703664da,VERS,3,Iterum salutat idem ex occulto sonus.,c7087ae2-cc34-4c5d-a21e-89c9f857c669,13272,13278
939c79ab-f3ed-401d-908f-5b42296f7638,869b683d-7208-4a17-99c1-c861962d59c5,VERS,4,"Voce hospitali confirmatus restitit,",c7087ae2-cc34-4c5d-a21e-89c9f857c669,13279,13283
939c79ab-f3ed-401d-908f-5b42296f7638,3872327c-7cc8-4e9e-9671-85bfd44a37fe,VERS,5,Ut quisquis esset par officium reciperet.,c7087ae2-cc34-4c5d-a21e-89c9f857c669,13284,13290
939c79ab-f3ed-401d-908f-5b42296f7638,95e846c9-3757-471e-903d-3fc371e2e29f,VERS,6,Cum circumspectans errore haesisset diu,c7087ae2-cc34-4c5d-a21e-89c9f857c669,13291,13295
939c79ab-f3ed-401d-908f-5b42296f7638,d22043bb-76e6-4e9e-ac68-f3789f4bd97c,VERS,7,"Et perdidisset tempus aliquot milium,",c7087ae2-cc34-4c5d-a21e-89c9f857c669,13296,13301
939c79ab-f3ed-401d-908f-5b42296f7638,59da3eb1-3aa0-4d67-8090-a122a9e48b30,VERS,8,Ostendit sese corvus et supervolans,c7087ae2-cc34-4c5d-a21e-89c9f857c669,13302,13306
939c79ab-f3ed-401d-908f-5b42296f7638,5dfe7138-e3f7-40d6-9d4f-fa42934b1849,VERS,9,Ave usque ingessit. Tum se lusum intellegens:,c7087ae2-cc34-4c5d-a21e-89c9f857c669,13307,13315
939c79ab-f3ed-401d-908f-5b42296f7638,e67accc6-671d-45fe-a447-7556bc53e472,VERS,10,"At male tibi sit inquit ales pessime,",c7087ae2-cc34-4c5d-a21e-89c9f857c669,13316,13323
939c79ab-f3ed-401d-908f-5b42296f7638,8677253d-4416-4fab-a150-995ba33c09d0,VERS,11,Qui festinantis sic detinuisti pedes.,c7087ae2-cc34-4c5d-a21e-89c9f857c669,13324,13329
939c79ab-f3ed-401d-908f-5b42296f7638,7a68fbcb-50a9-474e-b6bb-b88c9cf09ec4,POEM,21,"Pastor et capella: Nihil ita occultum esse, quod non reveletur.",a26a2d5f-a2d3-4e7c-bf1b-fb6caf553d18,13330,13369
939c79ab-f3ed-401d-908f-5b42296f7638,6bdbad6d-4a0b-4444-959a-5edd117cf674,TITL,0,"Pastor et capella: Nihil ita occultum esse, quod non reveletur.",7a68fbcb-50a9-474e-b6bb-b88c9cf09ec4,13330,13342
939c79ab-f3ed-401d-908f-5b42296f7638,52df3531-8230-4500-b663-ce55c1c2fd7d,VERS,0,Pastor capellae cornu baculo fregerat:,7a68fbcb-50a9-474e-b6bb-b88c9cf09ec4,13343,13348
939c79ab-f3ed-401d-908f-5b42296f7638,176fb664-c67a-45f7-9ff9-0adc5e9c085d,VERS,1,Rogare coepit ne se domino proderet.,7a68fbcb-50a9-474e-b6bb-b88c9cf09ec4,13349,13355
939c79ab-f3ed-401d-908f-5b42296f7638,1ed620ea-0032-4994-886c-da263f95bb85,VERS,2,"Quamvis indigne laesa, reticebo tamen;",7a68fbcb-50a9-474e-b6bb-b88c9cf09ec4,13356,13362
939c79ab-f3ed-401d-908f-5b42296f7638,d83763c1-647b-4606-a1cf-fabf27d3ce73,VERS,3,Sed res clamabit ipsa quid deliqueris.,7a68fbcb-50a9-474e-b6bb-b88c9cf09ec4,13363,13369
939c79ab-f3ed-401d-908f-5b42296f7638,296d08ac-ca7d-4e95-91c9-43d425051bc6,POEM,22,"Serpens et lacerta: Ubi leonis pellis deficit, vulpinam insuendam esse, hoc est, ubi
                            deficiunt vires, astu utendum.
                        ",a26a2d5f-a2d3-4e7c-bf1b-fb6caf553d18,13370,13429
939c79ab-f3ed-401d-908f-5b42296f7638,75f3a739-b580-4f5a-9652-c7e294c1af2b,TITL,0,"Serpens et lacerta: Ubi leonis pellis deficit, vulpinam insuendam esse, hoc est, ubi
                            deficiunt vires, astu utendum.",296d08ac-ca7d-4e95-91c9-43d425051bc6,13370,13392
939c79ab-f3ed-401d-908f-5b42296f7638,f358454a-aacf-47f8-854b-b9024a2b1329,VERS,0,Serpens lacertam forte aversam prenderat;,296d08ac-ca7d-4e95-91c9-43d425051bc6,13393,13398
939c79ab-f3ed-401d-908f-5b42296f7638,55abb76d-ff9c-40ec-9461-bd186b084909,VERS,1,"Quam devorare patula cum vellet gula,",296d08ac-ca7d-4e95-91c9-43d425051bc6,13399,13405
939c79ab-f3ed-401d-908f-5b42296f7638,06ff021e-ec84-4519-900b-f8286dcf1361,VERS,2,"Arripuit illa prope iacentem surculum,",296d08ac-ca7d-4e95-91c9-43d425051bc6,13406,13411
939c79ab-f3ed-401d-908f-5b42296f7638,24e0bea9-f3df-49b6-b734-7a83ddc87bc2,VERS,3,"Et pertinaci morsu transversum tenens,",296d08ac-ca7d-4e95-91c9-43d425051bc6,13412,13417
939c79ab-f3ed-401d-908f-5b42296f7638,c831f445-1644-4d5e-96aa-53f615b92fa6,VERS,4,Avidum sollerti rictum frenavit mora.,296d08ac-ca7d-4e95-91c9-43d425051bc6,13418,13423
939c79ab-f3ed-401d-908f-5b42296f7638,3e0e9820-bf95-420c-be75-3f0e58f58393,VERS,5,Praedam dimisit ore serpens irritam.,296d08ac-ca7d-4e95-91c9-43d425051bc6,13424,13429
939c79ab-f3ed-401d-908f-5b42296f7638,1fc83deb-5413-4ed8-bd62-1ea70690e59b,POEM,23,Cornix et ovis: Multos lacessere debiles et cedere fortibus.,a26a2d5f-a2d3-4e7c-bf1b-fb6caf553d18,13430,13490
939c79ab-f3ed-401d-908f-5b42296f7638,5f9d3fca-9055-4fef-8feb-d0b94fdac472,TITL,0,Cornix et ovis: Multos lacessere debiles et cedere fortibus.,1fc83deb-5413-4ed8-bd62-1ea70690e59b,13430,13440
939c79ab-f3ed-401d-908f-5b42296f7638,e8892dcd-8ddc-45e4-bba1-98fc6daacec6,VERS,0,Odiosa cornix super ovem consederat;,1fc83deb-5413-4ed8-bd62-1ea70690e59b,13441,13446
939c79ab-f3ed-401d-908f-5b42296f7638,b47afa12-12e0-448f-84ed-0163b7d2c210,VERS,1,Quam dorso cum tulisset invita et diu:,1fc83deb-5413-4ed8-bd62-1ea70690e59b,13447,13454
939c79ab-f3ed-401d-908f-5b42296f7638,5bb231aa-bc30-4436-a449-fb568af17057,VERS,2,"Hoc inquit si dentato fecisses cani,",1fc83deb-5413-4ed8-bd62-1ea70690e59b,13455,13461
939c79ab-f3ed-401d-908f-5b42296f7638,476923f6-efc9-4c31-b343-8a9a685371bb,VERS,3,Poenas dedisses. Illa contra pessima:,1fc83deb-5413-4ed8-bd62-1ea70690e59b,13462,13468
939c79ab-f3ed-401d-908f-5b42296f7638,5debc901-ddbc-40ec-8c5b-aa7acaa2c0a3,VERS,4,"Despicio inermes, eadem cedo fortibus;",1fc83deb-5413-4ed8-bd62-1ea70690e59b,13469,13475
939c79ab-f3ed-401d-908f-5b42296f7638,dc50a950-7df6-42d6-8abb-e85970cc7d47,VERS,5,"Scio quem lacessam, cui dolosa blandiar;",1fc83deb-5413-4ed8-bd62-1ea70690e59b,13476,13483
939c79ab-f3ed-401d-908f-5b42296f7638,467b6e89-4a6d-4363-a183-9a8cdf5ddd37,VERS,6,Ideo senectam mille in annos prorogo.,1fc83deb-5413-4ed8-bd62-1ea70690e59b,13484,13490
939c79ab-f3ed-401d-908f-5b42296f7638,30e37d63-30dc-4d21-a0a9-585d8a3831b6,POEM,24,Servus et dominus: Nullum maledictum esse gravius conscientia.,a26a2d5f-a2d3-4e7c-bf1b-fb6caf553d18,13491,13537
939c79ab-f3ed-401d-908f-5b42296f7638,5ff648d1-c9f3-4042-99c1-5ceea2306f0d,TITL,0,Servus et dominus: Nullum maledictum esse gravius conscientia.,30e37d63-30dc-4d21-a0a9-585d8a3831b6,13491,13500
939c79ab-f3ed-401d-908f-5b42296f7638,77e24e3f-4736-4d96-9d40-3e1f2950b76a,VERS,0,"Cum servus nequam Socrati malediceret,",30e37d63-30dc-4d21-a0a9-585d8a3831b6,13501,13506
939c79ab-f3ed-401d-908f-5b42296f7638,40fc27cf-6066-4003-a0c9-598335aac980,VERS,1,"Uxorem domini qui corrupisset sui,",30e37d63-30dc-4d21-a0a9-585d8a3831b6,13507,13512
939c79ab-f3ed-401d-908f-5b42296f7638,3e8181d0-fd49-4c15-9b1b-db770a05790d,VERS,2,Idque ille sciret notum circumstantibus:,30e37d63-30dc-4d21-a0a9-585d8a3831b6,13513,13518
939c79ab-f3ed-401d-908f-5b42296f7638,9c5b36e7-505e-495e-bfe1-8666e267d07a,VERS,3,Places tibi inquit quia cui non debes places;,30e37d63-30dc-4d21-a0a9-585d8a3831b6,13519,13527
939c79ab-f3ed-401d-908f-5b42296f7638,f64c4ac2-3e53-4b84-a1a8-ee6f6a28f549,VERS,4,"Sed non impune, quia cui debes non places.",30e37d63-30dc-4d21-a0a9-585d8a3831b6,13528,13537
939c79ab-f3ed-401d-908f-5b42296f7638,dd98116d-312d-406c-86ca-22f714a75efd,POEM,25,"Lepus et bubulcus: Multos verbis blandos esse, pectore infideles.",a26a2d5f-a2d3-4e7c-bf1b-fb6caf553d18,13538,13659
939c79ab-f3ed-401d-908f-5b42296f7638,21d0e303-f960-4eee-a251-faa37c3a359a,TITL,0,"Lepus et bubulcus: Multos verbis blandos esse, pectore infideles.",dd98116d-312d-406c-86ca-22f714a75efd,13538,13549
939c79ab-f3ed-401d-908f-5b42296f7638,e6332872-d358-4937-a122-b1f970380603,VERS,0,Cum venatorem celeri pede fugeret lepus,dd98116d-312d-406c-86ca-22f714a75efd,13550,13555
939c79ab-f3ed-401d-908f-5b42296f7638,27f1f0df-a568-44f7-90b7-d4a39f4a5c0e,VERS,1,Et a bubulco visus veprem irreperet:,dd98116d-312d-406c-86ca-22f714a75efd,13556,13562
939c79ab-f3ed-401d-908f-5b42296f7638,c9539634-867b-4a1d-ad24-30386323b9f7,VERS,2,"Per superos oro perque spes omnes tuas,",dd98116d-312d-406c-86ca-22f714a75efd,13563,13570
939c79ab-f3ed-401d-908f-5b42296f7638,c563b918-daf8-4fc3-a41f-5c8e4a363f88,VERS,3,"Ne me indices, bubulce; nihil umquam mali",dd98116d-312d-406c-86ca-22f714a75efd,13571,13579
939c79ab-f3ed-401d-908f-5b42296f7638,7dd4d482-e708-4439-bf73-ed3ad02d2861,VERS,4,Huic agro feci. Et rusticus: Ne timueris;,dd98116d-312d-406c-86ca-22f714a75efd,13580,13589
939c79ab-f3ed-401d-908f-5b42296f7638,427afa62-0064-4c08-8e0c-757fdc6a729e,VERS,5,Late securus. Iamque venator sequens:,dd98116d-312d-406c-86ca-22f714a75efd,13590,13596
939c79ab-f3ed-401d-908f-5b42296f7638,6fee2028-48cd-49d6-87db-0b058c48a070,VERS,6,"Quaeso, bubulce, numquid huc venit lepus?",dd98116d-312d-406c-86ca-22f714a75efd,13597,13605
939c79ab-f3ed-401d-908f-5b42296f7638,0f9830cf-1f32-4354-bb25-ab8dec0eab3f,VERS,7,"Venit, sed abiit hac ad laevam; et dexteram",dd98116d-312d-406c-86ca-22f714a75efd,13606,13615
939c79ab-f3ed-401d-908f-5b42296f7638,a16c2a9d-ae26-4adb-b4be-5126b212d783,VERS,8,Demonstrat nutu partem. Venator citus,dd98116d-312d-406c-86ca-22f714a75efd,13616,13621
939c79ab-f3ed-401d-908f-5b42296f7638,d32f168f-55d6-4464-a2f3-6283d6beb12f,VERS,9,Non intellexit seque e conspectu abstulit.,dd98116d-312d-406c-86ca-22f714a75efd,13622,13628
939c79ab-f3ed-401d-908f-5b42296f7638,61275d3a-bb08-4a6a-845e-5e7310145cd5,VERS,10,"Tunc sic bubulcus: Ecquid est gratum tibi,",dd98116d-312d-406c-86ca-22f714a75efd,13629,13637
939c79ab-f3ed-401d-908f-5b42296f7638,8e65c788-a0a2-49e8-9929-fa4ef40972b1,VERS,11,Quod te celavi? Linguae prorsus non nego,dd98116d-312d-406c-86ca-22f714a75efd,13638,13645
939c79ab-f3ed-401d-908f-5b42296f7638,ffe8435e-f2a2-4387-b393-28f5315f115b,VERS,12,Habere atque agere maximas me gratias;,dd98116d-312d-406c-86ca-22f714a75efd,13646,13652
939c79ab-f3ed-401d-908f-5b42296f7638,7dcd2576-58de-4c38-b5a2-6aec9936fe7d,VERS,13,Verum oculis ut priveris opto perfidis.,dd98116d-312d-406c-86ca-22f714a75efd,13653,13659
939c79ab-f3ed-401d-908f-5b42296f7638,14ca9e4f-9e14-468a-bbf7-679c36d45b81,POEM,26,Meretrix et iuvenis: Multa esse nobis iocunda quae tamen sunt incommoda.,a26a2d5f-a2d3-4e7c-bf1b-fb6caf553d18,13660,13731
939c79ab-f3ed-401d-908f-5b42296f7638,0b22389d-b9d3-478a-a15c-164b1a0aa88a,TITL,0,Meretrix et iuvenis: Multa esse nobis iocunda quae tamen sunt incommoda.,14ca9e4f-9e14-468a-bbf7-679c36d45b81,13660,13672
939c79ab-f3ed-401d-908f-5b42296f7638,044f8d32-0f78-4007-acfc-af94b6977dc3,VERS,0,"Cum blandiretur iuveni meretrix perfida,",14ca9e4f-9e14-468a-bbf7-679c36d45b81,13673,13678
939c79ab-f3ed-401d-908f-5b42296f7638,fb64c23e-1252-4d12-a7b1-88aa69aa5ca3,VERS,1,Et ille laesus multis saepe iniuriis,14ca9e4f-9e14-468a-bbf7-679c36d45b81,13679,13684
939c79ab-f3ed-401d-908f-5b42296f7638,1ac47a78-1934-473f-a273-0965e15a1ed6,VERS,2,"Tamen praeberet sese facilem mulieri,",14ca9e4f-9e14-468a-bbf7-679c36d45b81,13685,13690
939c79ab-f3ed-401d-908f-5b42296f7638,261d71c0-86c8-45df-864f-9e03e1d2ac5a,VERS,3,Sic insidiatrix: Omnes muneribus licet,14ca9e4f-9e14-468a-bbf7-679c36d45b81,13691,13696
939c79ab-f3ed-401d-908f-5b42296f7638,50f682fd-a00b-4ed8-bcf2-480366179b0a,VERS,4,"Contendant, ego te plurimi facio tamen.",14ca9e4f-9e14-468a-bbf7-679c36d45b81,13697,13704
939c79ab-f3ed-401d-908f-5b42296f7638,2a6b47ef-c190-4ab9-8443-7ec1e943c6ad,VERS,5,Iuvenis recordans quotiens deceptus foret:,14ca9e4f-9e14-468a-bbf7-679c36d45b81,13705,13710
939c79ab-f3ed-401d-908f-5b42296f7638,a4627591-675f-4099-85cd-4b9a8cc3b321,VERS,6,"Libenter, inquit, mea lux, hanc vocem audio,",14ca9e4f-9e14-468a-bbf7-679c36d45b81,13711,13721
939c79ab-f3ed-401d-908f-5b42296f7638,8fc23b8a-b8dd-4822-a940-9b179ccd53a5,VERS,7,"Non quod fidelis, sed quod iucunda est mihi.",14ca9e4f-9e14-468a-bbf7-679c36d45b81,13722,13731
939c79ab-f3ed-401d-908f-5b42296f7638,fbbb1df2-597e-4d0a-b0f4-84be892f522c,POEM,27,Fiber.,a26a2d5f-a2d3-4e7c-bf1b-fb6caf553d18,13732,13816
939c79ab-f3ed-401d-908f-5b42296f7638,5e089a2a-cdcf-4ce6-9fcd-e602b9364a63,TITL,0,Fiber.,fbbb1df2-597e-4d0a-b0f4-84be892f522c,13732,13733
939c79ab-f3ed-401d-908f-5b42296f7638,71981e60-4acf-467d-9a33-26e13f80e24f,VERS,0,"Canes effugere cum iam non possit fiber,",fbbb1df2-597e-4d0a-b0f4-84be892f522c,13734,13741
939c79ab-f3ed-401d-908f-5b42296f7638,d64c7e7f-8945-4e22-bc1b-4fe0dd11fc70,VERS,1,(Graeci loquaces quem dixerunt castorem,fbbb1df2-597e-4d0a-b0f4-84be892f522c,13742,13747
939c79ab-f3ed-401d-908f-5b42296f7638,c92a4182-d313-4283-92b5-bdc19dfa2fed,VERS,2,"Et indiderunt bestiae nomen dei,",fbbb1df2-597e-4d0a-b0f4-84be892f522c,13748,13753
939c79ab-f3ed-401d-908f-5b42296f7638,70767e2f-2d17-4271-ae30-de65f717a356,VERS,3,"Illi qui iactant se verborum copia),",fbbb1df2-597e-4d0a-b0f4-84be892f522c,13754,13761
939c79ab-f3ed-401d-908f-5b42296f7638,fbd0e576-9e64-4c3e-a895-50a954b42390,VERS,4,"Abripere morsu fertur testiculos sibi,",fbbb1df2-597e-4d0a-b0f4-84be892f522c,13762,13767
939c79ab-f3ed-401d-908f-5b42296f7638,84018455-0b53-41f5-b6e6-c7ab79e8de9b,VERS,5,Quia propter illos sentiat sese peti.,fbbb1df2-597e-4d0a-b0f4-84be892f522c,13768,13774
939c79ab-f3ed-401d-908f-5b42296f7638,50655185-f21e-4b1a-80b9-d4dcc43a9126,VERS,6,Divina quod ratione fieri non negem;,fbbb1df2-597e-4d0a-b0f4-84be892f522c,13775,13781
939c79ab-f3ed-401d-908f-5b42296f7638,8febffb9-25e1-48de-a79c-f0b587e617c6,VERS,7,"Venator namque simul invenit remedium,",fbbb1df2-597e-4d0a-b0f4-84be892f522c,13782,13787
939c79ab-f3ed-401d-908f-5b42296f7638,23b14315-7457-4a7f-9bdf-04c41b2873fb,VERS,8,Omittit ipsum persequi et vocat canes.,fbbb1df2-597e-4d0a-b0f4-84be892f522c,13788,13794
939c79ab-f3ed-401d-908f-5b42296f7638,ba85cdfa-478f-4857-8e84-d63ce9116a02,VERS,9,"Hoc si praestare possent homines, ut suo",fbbb1df2-597e-4d0a-b0f4-84be892f522c,13795,13802
939c79ab-f3ed-401d-908f-5b42296f7638,e54c751c-e1c6-4ba5-81db-f44924691a3b,VERS,10,"Vellent carere, tuti posthac viverent;",fbbb1df2-597e-4d0a-b0f4-84be892f522c,13803,13809
939c79ab-f3ed-401d-908f-5b42296f7638,e7bef9d1-e6d3-4d66-aad1-8383512bb777,VERS,11,Haud quisquam insidias nudo faceret corpori.,fbbb1df2-597e-4d0a-b0f4-84be892f522c,13810,13816
939c79ab-f3ed-401d-908f-5b42296f7638,16bc26ca-ffe5-412e-a659-e60606e0b91c,POEM,28,Papilio et vespa: Non praeteritam sed praesentem aspiciendam esse fortunam.,a26a2d5f-a2d3-4e7c-bf1b-fb6caf553d18,13817,13902
939c79ab-f3ed-401d-908f-5b42296f7638,506dec64-7e78-4699-864c-59c03817c6ab,TITL,0,Papilio et vespa: Non praeteritam sed praesentem aspiciendam esse fortunam.,16bc26ca-ffe5-412e-a659-e60606e0b91c,13817,13828
939c79ab-f3ed-401d-908f-5b42296f7638,ef852c0b-14d5-47a4-8701-888d26493949,VERS,0,Papilio vespam praetervolitans viderat.,16bc26ca-ffe5-412e-a659-e60606e0b91c,13829,13833
939c79ab-f3ed-401d-908f-5b42296f7638,874c9662-6c7a-43ff-824f-fe67d8ce0ffe,VERS,1,"O sortem iniquam! dum vivebant corpora,",16bc26ca-ffe5-412e-a659-e60606e0b91c,13834,13841
939c79ab-f3ed-401d-908f-5b42296f7638,8189ad3f-cc88-44b4-b5e2-d07780efc3a7,VERS,2,"Quorum ex reliquiis animam nos accepimus,",16bc26ca-ffe5-412e-a659-e60606e0b91c,13842,13848
939c79ab-f3ed-401d-908f-5b42296f7638,f8612927-51aa-49d4-8936-5cb94c0121b5,VERS,3,"Ego eloquens in pace, fortis proeliis,",16bc26ca-ffe5-412e-a659-e60606e0b91c,13849,13856
939c79ab-f3ed-401d-908f-5b42296f7638,73bfd205-f55d-4e7b-81ee-130a9ed3fb04,VERS,4,Arte omni princeps inter aequales fui.,16bc26ca-ffe5-412e-a659-e60606e0b91c,13857,13863
939c79ab-f3ed-401d-908f-5b42296f7638,3d293464-2cfb-4614-90d6-c7974ede3659,VERS,5,En cuncta: levitas putris et volito cinis!,16bc26ca-ffe5-412e-a659-e60606e0b91c,13864,13872
939c79ab-f3ed-401d-908f-5b42296f7638,ac50fd62-7eb3-4967-a8c9-9cda0f5d57b1,VERS,6,"Tu qui fuisti mulus clitellarius,",16bc26ca-ffe5-412e-a659-e60606e0b91c,13873,13878
939c79ab-f3ed-401d-908f-5b42296f7638,bd068f4e-fdcc-46aa-94b3-721f1884143e,VERS,7,Quemcumque visum est laedis infixo aculeo.,16bc26ca-ffe5-412e-a659-e60606e0b91c,13879,13885
939c79ab-f3ed-401d-908f-5b42296f7638,aa68255b-6832-4b9b-a813-af2b4f6f268b,VERS,8,Et vespa dignam moribus vocem edidit:,16bc26ca-ffe5-412e-a659-e60606e0b91c,13886,13892
939c79ab-f3ed-401d-908f-5b42296f7638,dd98a5ac-952b-4530-b436-774b232cd96c,VERS,9,"Non qui fuerimus, sed qui nunc simus vide.",16bc26ca-ffe5-412e-a659-e60606e0b91c,13893,13902
939c79ab-f3ed-401d-908f-5b42296f7638,1d12c321-165d-4bbb-b8cd-49ea292c1d68,POEM,29,Terraneola et vulpes: Pravis non esse fidem adhibendam.,a26a2d5f-a2d3-4e7c-bf1b-fb6caf553d18,13903,14007
939c79ab-f3ed-401d-908f-5b42296f7638,3ec6c22a-c035-428b-82c5-03a3f9da21d8,TITL,0,Terraneola et vulpes: Pravis non esse fidem adhibendam.,1d12c321-165d-4bbb-b8cd-49ea292c1d68,13903,13912
939c79ab-f3ed-401d-908f-5b42296f7638,6bd91d95-dc82-4fc7-b6fd-dfcdece509fb,VERS,0,"Avis quam dicunt terraneolam rustici,",1d12c321-165d-4bbb-b8cd-49ea292c1d68,13913,13918
939c79ab-f3ed-401d-908f-5b42296f7638,1b9d8c5e-31f6-44bf-897f-2d051987407c,VERS,1,"In terra nidum quia componit scilicet,",1d12c321-165d-4bbb-b8cd-49ea292c1d68,13919,13925
939c79ab-f3ed-401d-908f-5b42296f7638,03dc6403-c8fa-48f2-a5d3-4a6fbedf79b2,VERS,2,Forte occucurrit improbae vulpeculae;,1d12c321-165d-4bbb-b8cd-49ea292c1d68,13926,13930
939c79ab-f3ed-401d-908f-5b42296f7638,174f3c3d-be27-440d-bd54-93efee449539,VERS,3,"Qua visa, pennis altius se sustulit.",1d12c321-165d-4bbb-b8cd-49ea292c1d68,13931,13938
939c79ab-f3ed-401d-908f-5b42296f7638,014a808c-c4e9-491e-82f0-140dd6b6c0a1,VERS,4,"Salve inquit illa cur me fugisti, obsecro?",1d12c321-165d-4bbb-b8cd-49ea292c1d68,13939,13947
939c79ab-f3ed-401d-908f-5b42296f7638,016a3171-3acc-4ceb-9c82-647b5c783659,VERS,5,"Quasi non abunde sit mihi in prato cibus,",1d12c321-165d-4bbb-b8cd-49ea292c1d68,13948,13956
939c79ab-f3ed-401d-908f-5b42296f7638,b356c1bc-4cee-4fb9-8283-11166dad8392,VERS,6,"Grilli, scarabaei, locustarum copia:",1d12c321-165d-4bbb-b8cd-49ea292c1d68,13957,13963
939c79ab-f3ed-401d-908f-5b42296f7638,6fc33712-2e2b-4209-be26-59c4ab776579,VERS,7,Nihil est quod metuas: ego te multum diligo,1d12c321-165d-4bbb-b8cd-49ea292c1d68,13964,13972
939c79ab-f3ed-401d-908f-5b42296f7638,739e1ebc-d313-44fd-92c6-19e6b33051da,VERS,8,Propter quietos mores et vitam probam.,1d12c321-165d-4bbb-b8cd-49ea292c1d68,13973,13979
939c79ab-f3ed-401d-908f-5b42296f7638,3ca6ed37-19f6-4d42-8579-e01547529f33,VERS,9,Respondit contra: Tu quidem bene praedicas;,1d12c321-165d-4bbb-b8cd-49ea292c1d68,13980,13987
939c79ab-f3ed-401d-908f-5b42296f7638,cd7eb655-b590-4f28-a3bf-02bcb2db9809,VERS,10,"In campo non sum, sed par sub divo tibi.",1d12c321-165d-4bbb-b8cd-49ea292c1d68,13988,13998
939c79ab-f3ed-401d-908f-5b42296f7638,d050cd56-1979-44d8-832a-6bb267bedae4,VERS,11,Quin sequere: salutem tibi non committo meam.,1d12c321-165d-4bbb-b8cd-49ea292c1d68,13999,14007
939c79ab-f3ed-401d-908f-5b42296f7638,3d1d6f05-5722-4315-bd2f-df7b1a79ae40,EPIL,0,Epilogus,a26a2d5f-a2d3-4e7c-bf1b-fb6caf553d18,14008,14030
939c79ab-f3ed-401d-908f-5b42296f7638,b97423b9-0b43-49e5-bede-1794abf8936d,TITL,0,Epilogus,3d1d6f05-5722-4315-bd2f-df7b1a79ae40,14008,14008
939c79ab-f3ed-401d-908f-5b42296f7638,0ac3c3f3-843a-4750-bffe-dff7e45e13a1,VERS,0,"Hoc qualecumque est Musa quod ludit mea,",3d1d6f05-5722-4315-bd2f-df7b1a79ae40,14009,14016
939c79ab-f3ed-401d-908f-5b42296f7638,bfb70f71-7677-4175-9c36-466a0c0cea9c,VERS,1,"Nequitia pariter laudat et frugalitas,",3d1d6f05-5722-4315-bd2f-df7b1a79ae40,14017,14022
939c79ab-f3ed-401d-908f-5b42296f7638,9ec8d738-53f4-4ef2-84e4-ed9e1d06ed69,VERS,2,Sed haec simpliciter; illa tacite irascitur.,3d1d6f05-5722-4315-bd2f-df7b1a79ae40,14023,14030
939c79ab-f3ed-401d-908f-5b42296f7638,a26a2d5f-a2d3-4e7c-bf1b-fb6caf553d18,BOOK,5,Appendix: Fabulae Novae,,10950,14030
