workId,idx,macronizedWord,uncertaintyBitMask
b413307f-d5c0-42a0-b40e-9f9b4516eaf3,0,Liber,2
b413307f-d5c0-42a0-b40e-9f9b4516eaf3,18,est,1
b413307f-d5c0-42a0-b40e-9f9b4516eaf3,32,quis,4
b413307f-d5c0-42a0-b40e-9f9b4516eaf3,48,fābulīs,2
b413307f-d5c0-42a0-b40e-9f9b4516eaf3,67,Longēque,16
b413307f-d5c0-42a0-b40e-9f9b4516eaf3,73,improba,64
b413307f-d5c0-42a0-b40e-9f9b4516eaf3,74,Latrō,2
b413307f-d5c0-42a0-b40e-9f9b4516eaf3,75,incitātus,128
b413307f-d5c0-42a0-b40e-9f9b4516eaf3,102,quereris,16
b413307f-d5c0-42a0-b40e-9f9b4516eaf3,111,haustūs,32
b413307f-d5c0-42a0-b40e-9f9b4516eaf3,114,Repulsus,64
b413307f-d5c0-42a0-b40e-9f9b4516eaf3,123,male,2
b413307f-d5c0-42a0-b40e-9f9b4516eaf3,134,nātus,8
b413307f-d5c0-42a0-b40e-9f9b4516eaf3,139,hercle,63
b413307f-d5c0-42a0-b40e-9f9b4516eaf3,145,male,2
b413307f-d5c0-42a0-b40e-9f9b4516eaf3,150,ita,4
b413307f-d5c0-42a0-b40e-9f9b4516eaf3,153,iniūstā,64
b413307f-d5c0-42a0-b40e-9f9b4516eaf3,159,scrīpta,64
b413307f-d5c0-42a0-b40e-9f9b4516eaf3,160,est,1
b413307f-d5c0-42a0-b40e-9f9b4516eaf3,162,fābula,32
b413307f-d5c0-42a0-b40e-9f9b4516eaf3,186,prīstinum,36
b413307f-d5c0-42a0-b40e-9f9b4516eaf3,187,licentia,128
b413307f-d5c0-42a0-b40e-9f9b4516eaf3,189,Hīc,2
b413307f-d5c0-42a0-b40e-9f9b4516eaf3,190,cōnspīrātīs,512
b413307f-d5c0-42a0-b40e-9f9b4516eaf3,207,crūdēlis,64
b413307f-d5c0-42a0-b40e-9f9b4516eaf3,212,gravis,16
b413307f-d5c0-42a0-b40e-9f9b4516eaf3,214,īnsuētīs,64
b413307f-d5c0-42a0-b40e-9f9b4516eaf3,230,līberīs,42
b413307f-d5c0-42a0-b40e-9f9b4516eaf3,250,dēdit,2
b413307f-d5c0-42a0-b40e-9f9b4516eaf3,256,subitō,8
b413307f-d5c0-42a0-b40e-9f9b4516eaf3,257,vadī,2
b413307f-d5c0-42a0-b40e-9f9b4516eaf3,259,sonōque,2
b413307f-d5c0-42a0-b40e-9f9b4516eaf3,262,genus,8
b413307f-d5c0-42a0-b40e-9f9b4516eaf3,264,Hoc,2
b413307f-d5c0-42a0-b40e-9f9b4516eaf3,268,iacēret,8
b413307f-d5c0-42a0-b40e-9f9b4516eaf3,272,ūnā,4
b413307f-d5c0-42a0-b40e-9f9b4516eaf3,273,tacitē,32
b413307f-d5c0-42a0-b40e-9f9b4516eaf3,276,stāgnō,4
b413307f-d5c0-42a0-b40e-9f9b4516eaf3,280,rēge,2
b413307f-d5c0-42a0-b40e-9f9b4516eaf3,290,supera,32
b413307f-d5c0-42a0-b40e-9f9b4516eaf3,291,turba,16
b413307f-d5c0-42a0-b40e-9f9b4516eaf3,299,contumēliā,512
b413307f-d5c0-42a0-b40e-9f9b4516eaf3,301,Ālium,1
b413307f-d5c0-42a0-b40e-9f9b4516eaf3,304,miserē,42
b413307f-d5c0-42a0-b40e-9f9b4516eaf3,308,Inūtilis,64
b413307f-d5c0-42a0-b40e-9f9b4516eaf3,310,esset,1
b413307f-d5c0-42a0-b40e-9f9b4516eaf3,313,datus,8
b413307f-d5c0-42a0-b40e-9f9b4516eaf3,332,vōcem,2
b413307f-d5c0-42a0-b40e-9f9b4516eaf3,334,metus,8
b413307f-d5c0-42a0-b40e-9f9b4516eaf3,340,mandāta,64
b413307f-d5c0-42a0-b40e-9f9b4516eaf3,359,Malum,2
b413307f-d5c0-42a0-b40e-9f9b4516eaf3,364,quoque,4
b413307f-d5c0-42a0-b40e-9f9b4516eaf3,371,Hoc,2
b413307f-d5c0-42a0-b40e-9f9b4516eaf3,377,malum,2
b413307f-d5c0-42a0-b40e-9f9b4516eaf3,393,dēgere,8
b413307f-d5c0-42a0-b40e-9f9b4516eaf3,397,hoc,2
b413307f-d5c0-42a0-b40e-9f9b4516eaf3,404,superbia,128
b413307f-d5c0-42a0-b40e-9f9b4516eaf3,407,pavoni,63
b413307f-d5c0-42a0-b40e-9f9b4516eaf3,409,dēciderant,8
b413307f-d5c0-42a0-b40e-9f9b4516eaf3,419,pavonum,127
b413307f-d5c0-42a0-b40e-9f9b4516eaf3,427,avī,1
b413307f-d5c0-42a0-b40e-9f9b4516eaf3,431,Male,2
b413307f-d5c0-42a0-b40e-9f9b4516eaf3,439,genus,8
b413307f-d5c0-42a0-b40e-9f9b4516eaf3,443,repulsus,64
b413307f-d5c0-42a0-b40e-9f9b4516eaf3,446,notam,2
b413307f-d5c0-42a0-b40e-9f9b4516eaf3,464,nātūra,32
b413307f-d5c0-42a0-b40e-9f9b4516eaf3,472,essēs,1
b413307f-d5c0-42a0-b40e-9f9b4516eaf3,477,tuā,4
b413307f-d5c0-42a0-b40e-9f9b4516eaf3,479,calamitās,32
b413307f-d5c0-42a0-b40e-9f9b4516eaf3,481,Canis,10
b413307f-d5c0-42a0-b40e-9f9b4516eaf3,494,Canis,10
b413307f-d5c0-42a0-b40e-9f9b4516eaf3,509,Āliamque,1
b413307f-d5c0-42a0-b40e-9f9b4516eaf3,515,Ēripere,16
b413307f-d5c0-42a0-b40e-9f9b4516eaf3,519,dēcepta,64
b413307f-d5c0-42a0-b40e-9f9b4516eaf3,533,adtingere,64
b413307f-d5c0-42a0-b40e-9f9b4516eaf3,535,Vacca,16
b413307f-d5c0-42a0-b40e-9f9b4516eaf3,537,capella,64
b413307f-d5c0-42a0-b40e-9f9b4516eaf3,539,ovis,5
b413307f-d5c0-42a0-b40e-9f9b4516eaf3,542,leō,2
b413307f-d5c0-42a0-b40e-9f9b4516eaf3,545,est,1
b413307f-d5c0-42a0-b40e-9f9b4516eaf3,546,fidēlis,32
b413307f-d5c0-42a0-b40e-9f9b4516eaf3,553,fābella,64
b413307f-d5c0-42a0-b40e-9f9b4516eaf3,557,Vacca,16
b413307f-d5c0-42a0-b40e-9f9b4516eaf3,559,capella,64
b413307f-d5c0-42a0-b40e-9f9b4516eaf3,562,ovis,5
b413307f-d5c0-42a0-b40e-9f9b4516eaf3,579,est,1
b413307f-d5c0-42a0-b40e-9f9b4516eaf3,580,locūtus,32
b413307f-d5c0-42a0-b40e-9f9b4516eaf3,585,leō,2
b413307f-d5c0-42a0-b40e-9f9b4516eaf3,594,leō,2
b413307f-d5c0-42a0-b40e-9f9b4516eaf3,600,fortīs,16
b413307f-d5c0-42a0-b40e-9f9b4516eaf3,613,tertia,32
b413307f-d5c0-42a0-b40e-9f9b4516eaf3,615,Malō,2
b413307f-d5c0-42a0-b40e-9f9b4516eaf3,618,quis,4
b413307f-d5c0-42a0-b40e-9f9b4516eaf3,623,tōtam,2
b413307f-d5c0-42a0-b40e-9f9b4516eaf3,625,sōla,10
b413307f-d5c0-42a0-b40e-9f9b4516eaf3,634,fūris,10
b413307f-d5c0-42a0-b40e-9f9b4516eaf3,646,Sol,7
b413307f-d5c0-42a0-b40e-9f9b4516eaf3,649,dūcere,8
b413307f-d5c0-42a0-b40e-9f9b4516eaf3,666,stāgnī,4
b413307f-d5c0-42a0-b40e-9f9b4516eaf3,667,incola,32
b413307f-d5c0-42a0-b40e-9f9b4516eaf3,674,lacūs,8
b413307f-d5c0-42a0-b40e-9f9b4516eaf3,676,mīserās,2
b413307f-d5c0-42a0-b40e-9f9b4516eaf3,677,āridā,16
b413307f-d5c0-42a0-b40e-9f9b4516eaf3,678,sēde,10
b413307f-d5c0-42a0-b40e-9f9b4516eaf3,683,est,1
b413307f-d5c0-42a0-b40e-9f9b4516eaf3,689,Vulpis,16
b413307f-d5c0-42a0-b40e-9f9b4516eaf3,691,persōnam,16
b413307f-d5c0-42a0-b40e-9f9b4516eaf3,694,Persōnam,16
b413307f-d5c0-42a0-b40e-9f9b4516eaf3,701,quanta,32
b413307f-d5c0-42a0-b40e-9f9b4516eaf3,710,Hoc,2
b413307f-d5c0-42a0-b40e-9f9b4516eaf3,713,est,1
b413307f-d5c0-42a0-b40e-9f9b4516eaf3,719,Fortūna,64
b413307f-d5c0-42a0-b40e-9f9b4516eaf3,753,Os,1
b413307f-d5c0-42a0-b40e-9f9b4516eaf3,762,victus,18
b413307f-d5c0-42a0-b40e-9f9b4516eaf3,771,mālum,2
b413307f-d5c0-42a0-b40e-9f9b4516eaf3,774,persuāsa,128
b413307f-d5c0-42a0-b40e-9f9b4516eaf3,775,est,1
b413307f-d5c0-42a0-b40e-9f9b4516eaf3,793,pactum,2
b413307f-d5c0-42a0-b40e-9f9b4516eaf3,797,Ingrātā,64
b413307f-d5c0-42a0-b40e-9f9b4516eaf3,798,es,1
b413307f-d5c0-42a0-b40e-9f9b4516eaf3,805,abstuleris,320
b413307f-d5c0-42a0-b40e-9f9b4516eaf3,812,lepōrem,8
b413307f-d5c0-42a0-b40e-9f9b4516eaf3,817,cavēre,2
b413307f-d5c0-42a0-b40e-9f9b4516eaf3,823,esse,1
b413307f-d5c0-42a0-b40e-9f9b4516eaf3,830,aquilā,32
b413307f-d5c0-42a0-b40e-9f9b4516eaf3,832,flētūs,16
b413307f-d5c0-42a0-b40e-9f9b4516eaf3,833,edentem,1
b413307f-d5c0-42a0-b40e-9f9b4516eaf3,836,Lepōrem,8
b413307f-d5c0-42a0-b40e-9f9b4516eaf3,840,Ubī,0
b413307f-d5c0-42a0-b40e-9f9b4516eaf3,842,Nōta,10
b413307f-d5c0-42a0-b40e-9f9b4516eaf3,844,illa,8
b413307f-d5c0-42a0-b40e-9f9b4516eaf3,845,est,1
b413307f-d5c0-42a0-b40e-9f9b4516eaf3,848,ita,4
b413307f-d5c0-42a0-b40e-9f9b4516eaf3,850,pedēs,10
b413307f-d5c0-42a0-b40e-9f9b4516eaf3,866,mortis,16
b413307f-d5c0-42a0-b40e-9f9b4516eaf3,871,modo,8
b413307f-d5c0-42a0-b40e-9f9b4516eaf3,873,nostra,32
b413307f-d5c0-42a0-b40e-9f9b4516eaf3,875,mala,10
b413307f-d5c0-42a0-b40e-9f9b4516eaf3,878,querēla,64
b413307f-d5c0-42a0-b40e-9f9b4516eaf3,879,fāta,8
b413307f-d5c0-42a0-b40e-9f9b4516eaf3,881,tua,4
b413307f-d5c0-42a0-b40e-9f9b4516eaf3,903,Hoc,2
b413307f-d5c0-42a0-b40e-9f9b4516eaf3,905,brevis,16
b413307f-d5c0-42a0-b40e-9f9b4516eaf3,907,fābula,32
b413307f-d5c0-42a0-b40e-9f9b4516eaf3,916,illa,8
b413307f-d5c0-42a0-b40e-9f9b4516eaf3,918,esse,1
b413307f-d5c0-42a0-b40e-9f9b4516eaf3,942,vīderīs,42
b413307f-d5c0-42a0-b40e-9f9b4516eaf3,951,pulchrē,64
b413307f-d5c0-42a0-b40e-9f9b4516eaf3,956,leō,2
b413307f-d5c0-42a0-b40e-9f9b4516eaf3,959,Virtūtis,64
b413307f-d5c0-42a0-b40e-9f9b4516eaf3,969,notīs,2
b413307f-d5c0-42a0-b40e-9f9b4516eaf3,970,est,1
b413307f-d5c0-42a0-b40e-9f9b4516eaf3,975,comite,2
b413307f-d5c0-42a0-b40e-9f9b4516eaf3,978,leō,2
b413307f-d5c0-42a0-b40e-9f9b4516eaf3,980,Contexit,16
b413307f-d5c0-42a0-b40e-9f9b4516eaf3,988,īnsuētā,64
b413307f-d5c0-42a0-b40e-9f9b4516eaf3,997,Hic,2
b413307f-d5c0-42a0-b40e-9f9b4516eaf3,1000,subitō,8
b413307f-d5c0-42a0-b40e-9f9b4516eaf3,1001,tōtīs,2
b413307f-d5c0-42a0-b40e-9f9b4516eaf3,1012,exitūs,16
b413307f-d5c0-42a0-b40e-9f9b4516eaf3,1025,est,1
b413307f-d5c0-42a0-b40e-9f9b4516eaf3,1030,vōcem,2
b413307f-d5c0-42a0-b40e-9f9b4516eaf3,1031,premere,16
b413307f-d5c0-42a0-b40e-9f9b4516eaf3,1037,Quālīs,16
b413307f-d5c0-42a0-b40e-9f9b4516eaf3,1039,opera,16
b413307f-d5c0-42a0-b40e-9f9b4516eaf3,1041,vōcis,8
b413307f-d5c0-42a0-b40e-9f9b4516eaf3,1044,Īnsignis,64
b413307f-d5c0-42a0-b40e-9f9b4516eaf3,1049,nisi,10
b413307f-d5c0-42a0-b40e-9f9b4516eaf3,1053,genusque,8
b413307f-d5c0-42a0-b40e-9f9b4516eaf3,1063,Laudātis,64
b413307f-d5c0-42a0-b40e-9f9b4516eaf3,1066,contempserīs,1024
b413307f-d5c0-42a0-b40e-9f9b4516eaf3,1070,asserit,8
b413307f-d5c0-42a0-b40e-9f9b4516eaf3,1090,rāmōsa,32
b413307f-d5c0-42a0-b40e-9f9b4516eaf3,1099,Venantum,255
b413307f-d5c0-42a0-b40e-9f9b4516eaf3,1100,subitō,8
b413307f-d5c0-42a0-b40e-9f9b4516eaf3,1105,fugere,10
b413307f-d5c0-42a0-b40e-9f9b4516eaf3,1109,levī,2
b413307f-d5c0-42a0-b40e-9f9b4516eaf3,1110,Canēs,2
b413307f-d5c0-42a0-b40e-9f9b4516eaf3,1113,Silva,16
b413307f-d5c0-42a0-b40e-9f9b4516eaf3,1119,quā,4
b413307f-d5c0-42a0-b40e-9f9b4516eaf3,1127,canum,2
b413307f-d5c0-42a0-b40e-9f9b4516eaf3,1132,vōcem,2
b413307f-d5c0-42a0-b40e-9f9b4516eaf3,1155,lūctūs,16
b413307f-d5c0-42a0-b40e-9f9b4516eaf3,1169,Fere,10
b413307f-d5c0-42a0-b40e-9f9b4516eaf3,1173,paenitentiā,1024
b413307f-d5c0-42a0-b40e-9f9b4516eaf3,1177,fenestrā,128
b413307f-d5c0-42a0-b40e-9f9b4516eaf3,1184,celsā,16
b413307f-d5c0-42a0-b40e-9f9b4516eaf3,1185,residēns,8
b413307f-d5c0-42a0-b40e-9f9b4516eaf3,1204,est,1
b413307f-d5c0-42a0-b40e-9f9b4516eaf3,1205,nitor,2
b413307f-d5c0-42a0-b40e-9f9b4516eaf3,1208,decōrīs,40
b413307f-d5c0-42a0-b40e-9f9b4516eaf3,1215,vōcem,2
b413307f-d5c0-42a0-b40e-9f9b4516eaf3,1218,nūlla,16
b413307f-d5c0-42a0-b40e-9f9b4516eaf3,1220,āles,5
b413307f-d5c0-42a0-b40e-9f9b4516eaf3,1229,vōcem,2
b413307f-d5c0-42a0-b40e-9f9b4516eaf3,1230,ostendere,64
b413307f-d5c0-42a0-b40e-9f9b4516eaf3,1238,Dolōsa,32
b413307f-d5c0-42a0-b40e-9f9b4516eaf3,1248,dēceptus,64
b413307f-d5c0-42a0-b40e-9f9b4516eaf3,1261,sapientia,256
b413307f-d5c0-42a0-b40e-9f9b4516eaf3,1267,Mālus,2
b413307f-d5c0-42a0-b40e-9f9b4516eaf3,1270,inopiā,32
b413307f-d5c0-42a0-b40e-9f9b4516eaf3,1289,Hic,2
b413307f-d5c0-42a0-b40e-9f9b4516eaf3,1291,iacēret,8
b413307f-d5c0-42a0-b40e-9f9b4516eaf3,1296,urbis,8
b413307f-d5c0-42a0-b40e-9f9b4516eaf3,1300,grātia,32
b413307f-d5c0-42a0-b40e-9f9b4516eaf3,1304,fūsa,8
b413307f-d5c0-42a0-b40e-9f9b4516eaf3,1307,aquā,8
b413307f-d5c0-42a0-b40e-9f9b4516eaf3,1314,Ēbibere,16
b413307f-d5c0-42a0-b40e-9f9b4516eaf3,1321,mortis,16
b413307f-d5c0-42a0-b40e-9f9b4516eaf3,1325,est,1
b413307f-d5c0-42a0-b40e-9f9b4516eaf3,1327,artis,8
b413307f-d5c0-42a0-b40e-9f9b4516eaf3,1328,ūlla,8
b413307f-d5c0-42a0-b40e-9f9b4516eaf3,1331,prūdentiā,256
b413307f-d5c0-42a0-b40e-9f9b4516eaf3,1340,advocātā,128
b413307f-d5c0-42a0-b40e-9f9b4516eaf3,1346,putātis,32
b413307f-d5c0-42a0-b40e-9f9b4516eaf3,1347,esse,1
b413307f-d5c0-42a0-b40e-9f9b4516eaf3,1352,capita,8
b413307f-d5c0-42a0-b40e-9f9b4516eaf3,1353,vestra,32
b413307f-d5c0-42a0-b40e-9f9b4516eaf3,1355,dubitātīs,128
b413307f-d5c0-42a0-b40e-9f9b4516eaf3,1356,crēdere,16
b413307f-d5c0-42a0-b40e-9f9b4516eaf3,1362,pedēs,10
b413307f-d5c0-42a0-b40e-9f9b4516eaf3,1364,Hoc,2
b413307f-d5c0-42a0-b40e-9f9b4516eaf3,1366,vērē,8
b413307f-d5c0-42a0-b40e-9f9b4516eaf3,1372,stultitia,256
b413307f-d5c0-42a0-b40e-9f9b4516eaf3,1373,quaestūs,64
b413307f-d5c0-42a0-b40e-9f9b4516eaf3,1375,est,1
b413307f-d5c0-42a0-b40e-9f9b4516eaf3,1394,esse,1
b413307f-d5c0-42a0-b40e-9f9b4516eaf3,1396,parva,16
b413307f-d5c0-42a0-b40e-9f9b4516eaf3,1398,fābella,64
b413307f-d5c0-42a0-b40e-9f9b4516eaf3,1399,indicat,8
b413307f-d5c0-42a0-b40e-9f9b4516eaf3,1408,Is,1
b413307f-d5c0-42a0-b40e-9f9b4516eaf3,1411,subitō,8
b413307f-d5c0-42a0-b40e-9f9b4516eaf3,1415,fugere,10
b413307f-d5c0-42a0-b40e-9f9b4516eaf3,1419,cāpī,2
b413307f-d5c0-42a0-b40e-9f9b4516eaf3,1440,refert,2
b413307f-d5c0-42a0-b40e-9f9b4516eaf3,1441,mea,4
b413307f-d5c0-42a0-b40e-9f9b4516eaf3,1449,Ovis,5
b413307f-d5c0-42a0-b40e-9f9b4516eaf3,1468,mala,10
b413307f-d5c0-42a0-b40e-9f9b4516eaf3,1469,vidēre,2
b413307f-d5c0-42a0-b40e-9f9b4516eaf3,1481,illa,8
b413307f-d5c0-42a0-b40e-9f9b4516eaf3,1495,fugere,10
b413307f-d5c0-42a0-b40e-9f9b4516eaf3,1499,Ubī,0
b413307f-d5c0-42a0-b40e-9f9b4516eaf3,1506,Ovis,5
b413307f-d5c0-42a0-b40e-9f9b4516eaf3,1508,canis,10
b413307f-d5c0-42a0-b40e-9f9b4516eaf3,1513,Solent,2
b413307f-d5c0-42a0-b40e-9f9b4516eaf3,1515,luere,4
b413307f-d5c0-42a0-b40e-9f9b4516eaf3,1521,ove,1
b413307f-d5c0-42a0-b40e-9f9b4516eaf3,1524,canis,10
b413307f-d5c0-42a0-b40e-9f9b4516eaf3,1534,testis,16
b413307f-d5c0-42a0-b40e-9f9b4516eaf3,1537,modo,8
b413307f-d5c0-42a0-b40e-9f9b4516eaf3,1545,Ovis,5
b413307f-d5c0-42a0-b40e-9f9b4516eaf3,1546,damnāta,64
b413307f-d5c0-42a0-b40e-9f9b4516eaf3,1560,foveā,16
b413307f-d5c0-42a0-b40e-9f9b4516eaf3,1567,fraudis,32
b413307f-d5c0-42a0-b40e-9f9b4516eaf3,1569,superīs,40
b413307f-d5c0-42a0-b40e-9f9b4516eaf3,1585,āctīs,1
b413307f-d5c0-42a0-b40e-9f9b4516eaf3,1589,flēbilis,64
b413307f-d5c0-42a0-b40e-9f9b4516eaf3,1590,gemitus,32
b413307f-d5c0-42a0-b40e-9f9b4516eaf3,1594,est,1
b413307f-d5c0-42a0-b40e-9f9b4516eaf3,1595,hortātus,64
b413307f-d5c0-42a0-b40e-9f9b4516eaf3,1598,lectō,2
b413307f-d5c0-42a0-b40e-9f9b4516eaf3,1607,Minimē,32
b413307f-d5c0-42a0-b40e-9f9b4516eaf3,1615,Mālum,2
b413307f-d5c0-42a0-b40e-9f9b4516eaf3,1620,est,1
b413307f-d5c0-42a0-b40e-9f9b4516eaf3,1623,Canis,10
b413307f-d5c0-42a0-b40e-9f9b4516eaf3,1630,mālī,2
b413307f-d5c0-42a0-b40e-9f9b4516eaf3,1635,versūs,16
b413307f-d5c0-42a0-b40e-9f9b4516eaf3,1639,Canis,10
b413307f-d5c0-42a0-b40e-9f9b4516eaf3,1669,dūcere,8
b413307f-d5c0-42a0-b40e-9f9b4516eaf3,1671,Hoc,2
b413307f-d5c0-42a0-b40e-9f9b4516eaf3,1672,quoque,4
b413307f-d5c0-42a0-b40e-9f9b4516eaf3,1686,esse,1
b413307f-d5c0-42a0-b40e-9f9b4516eaf3,1687,potuerīs,64
b413307f-d5c0-42a0-b40e-9f9b4516eaf3,1692,Canēs,2
b413307f-d5c0-42a0-b40e-9f9b4516eaf3,1698,modo,8
b413307f-d5c0-42a0-b40e-9f9b4516eaf3,1700,caret,2
b413307f-d5c0-42a0-b40e-9f9b4516eaf3,1705,quoque,4
b413307f-d5c0-42a0-b40e-9f9b4516eaf3,1706,mortālīs,64
b413307f-d5c0-42a0-b40e-9f9b4516eaf3,1714,canēs,2
b413307f-d5c0-42a0-b40e-9f9b4516eaf3,1724,coepēre,16
b413307f-d5c0-42a0-b40e-9f9b4516eaf3,1725,ēbibere,16
b413307f-d5c0-42a0-b40e-9f9b4516eaf3,1736,Leō,2
b413307f-d5c0-42a0-b40e-9f9b4516eaf3,1749,prīstinam,36
b413307f-d5c0-42a0-b40e-9f9b4516eaf3,1754,est,1
b413307f-d5c0-42a0-b40e-9f9b4516eaf3,1759,Dēfectus,64
b413307f-d5c0-42a0-b40e-9f9b4516eaf3,1764,Leō,2
b413307f-d5c0-42a0-b40e-9f9b4516eaf3,1766,iacēret,8
b413307f-d5c0-42a0-b40e-9f9b4516eaf3,1773,venit,2
b413307f-d5c0-42a0-b40e-9f9b4516eaf3,1786,cōnfodit,16
b413307f-d5c0-42a0-b40e-9f9b4516eaf3,1807,Fortis,16
b413307f-d5c0-42a0-b40e-9f9b4516eaf3,1808,indignē,64
b413307f-d5c0-42a0-b40e-9f9b4516eaf3,1820,certē,16
b413307f-d5c0-42a0-b40e-9f9b4516eaf3,1824,morī,2
b413307f-d5c0-42a0-b40e-9f9b4516eaf3,1826,Mustēla,64
b413307f-d5c0-42a0-b40e-9f9b4516eaf3,1829,Mustēla,64
b413307f-d5c0-42a0-b40e-9f9b4516eaf3,1832,prēnsa,32
b413307f-d5c0-42a0-b40e-9f9b4516eaf3,1836,Effugere,40
b413307f-d5c0-42a0-b40e-9f9b4516eaf3,1839,Parce,16
b413307f-d5c0-42a0-b40e-9f9b4516eaf3,1857,causā,16
b413307f-d5c0-42a0-b40e-9f9b4516eaf3,1858,meā,4
b413307f-d5c0-42a0-b40e-9f9b4516eaf3,1861,esset,1
b413307f-d5c0-42a0-b40e-9f9b4516eaf3,1890,ita,4
b413307f-d5c0-42a0-b40e-9f9b4516eaf3,1891,locūtus,32
b413307f-d5c0-42a0-b40e-9f9b4516eaf3,1894,dēdit,2
b413307f-d5c0-42a0-b40e-9f9b4516eaf3,1896,Hoc,2
b413307f-d5c0-42a0-b40e-9f9b4516eaf3,1902,agnōscere,64
b413307f-d5c0-42a0-b40e-9f9b4516eaf3,1905,prīvāta,64
b413307f-d5c0-42a0-b40e-9f9b4516eaf3,1916,Canis,10
b413307f-d5c0-42a0-b40e-9f9b4516eaf3,1917,fidēlis,32
b413307f-d5c0-42a0-b40e-9f9b4516eaf3,1919,Repente,2
b413307f-d5c0-42a0-b40e-9f9b4516eaf3,1920,līberālis,128
b413307f-d5c0-42a0-b40e-9f9b4516eaf3,1923,est,1
b413307f-d5c0-42a0-b40e-9f9b4516eaf3,1936,canī,2
b413307f-d5c0-42a0-b40e-9f9b4516eaf3,1943,capī,2
b413307f-d5c0-42a0-b40e-9f9b4516eaf3,1950,praeclūdere,256
b413307f-d5c0-42a0-b40e-9f9b4516eaf3,1959,falleris,16
b413307f-d5c0-42a0-b40e-9f9b4516eaf3,1962,ista,8
b413307f-d5c0-42a0-b40e-9f9b4516eaf3,1963,subitā,32
b413307f-d5c0-42a0-b40e-9f9b4516eaf3,1971,mea,4
b413307f-d5c0-42a0-b40e-9f9b4516eaf3,1972,culpa,16
b413307f-d5c0-42a0-b40e-9f9b4516eaf3,1975,Rāna,8
b413307f-d5c0-42a0-b40e-9f9b4516eaf3,1976,rupta,16
b413307f-d5c0-42a0-b40e-9f9b4516eaf3,1992,rāna,8
b413307f-d5c0-42a0-b40e-9f9b4516eaf3,1996,tāctā,16
b413307f-d5c0-42a0-b40e-9f9b4516eaf3,1997,invidiā,64
b413307f-d5c0-42a0-b40e-9f9b4516eaf3,2011,esset,1
b413307f-d5c0-42a0-b40e-9f9b4516eaf3,2025,modō,8
b413307f-d5c0-42a0-b40e-9f9b4516eaf3,2027,Quis,4
b413307f-d5c0-42a0-b40e-9f9b4516eaf3,2029,esset,1
b413307f-d5c0-42a0-b40e-9f9b4516eaf3,2035,Novissimē,256
b413307f-d5c0-42a0-b40e-9f9b4516eaf3,2036,indignāta,256
b413307f-d5c0-42a0-b40e-9f9b4516eaf3,2047,Canēs,2
b413307f-d5c0-42a0-b40e-9f9b4516eaf3,2051,Cōnsilia,128
b413307f-d5c0-42a0-b40e-9f9b4516eaf3,2054,prāvā,16
b413307f-d5c0-42a0-b40e-9f9b4516eaf3,2055,cautis,16
b413307f-d5c0-42a0-b40e-9f9b4516eaf3,2065,Canēs,2
b413307f-d5c0-42a0-b40e-9f9b4516eaf3,2067,bibere,8
b413307f-d5c0-42a0-b40e-9f9b4516eaf3,2078,est,1
b413307f-d5c0-42a0-b40e-9f9b4516eaf3,2083,bibere,8
b413307f-d5c0-42a0-b40e-9f9b4516eaf3,2085,canis,10
b413307f-d5c0-42a0-b40e-9f9b4516eaf3,2101,mehercule,511
b413307f-d5c0-42a0-b40e-9f9b4516eaf3,2103,Nīsī,10
b413307f-d5c0-42a0-b40e-9f9b4516eaf3,2104,esse,1
b413307f-d5c0-42a0-b40e-9f9b4516eaf3,2106,carnīs,16
b413307f-d5c0-42a0-b40e-9f9b4516eaf3,2113,cicōnia,64
b413307f-d5c0-42a0-b40e-9f9b4516eaf3,2119,quis,4
b413307f-d5c0-42a0-b40e-9f9b4516eaf3,2126,fābella,64
b413307f-d5c0-42a0-b40e-9f9b4516eaf3,2139,patinā,32
b413307f-d5c0-42a0-b40e-9f9b4516eaf3,2146,modo,8
b413307f-d5c0-42a0-b40e-9f9b4516eaf3,2150,cicōnia,64
b413307f-d5c0-42a0-b40e-9f9b4516eaf3,2167,ipsa,8
b413307f-d5c0-42a0-b40e-9f9b4516eaf3,2186,Suā,4
b413307f-d5c0-42a0-b40e-9f9b4516eaf3,2188,exempla,64
b413307f-d5c0-42a0-b40e-9f9b4516eaf3,2194,Canis,10
b413307f-d5c0-42a0-b40e-9f9b4516eaf3,2203,esse,1
b413307f-d5c0-42a0-b40e-9f9b4516eaf3,2209,nātī,2
b413307f-d5c0-42a0-b40e-9f9b4516eaf3,2214,Hūmāna,32
b413307f-d5c0-42a0-b40e-9f9b4516eaf3,2218,canis,10
b413307f-d5c0-42a0-b40e-9f9b4516eaf3,2219,Invenit,8
b413307f-d5c0-42a0-b40e-9f9b4516eaf3,2224,Mānēs,0
b413307f-d5c0-42a0-b40e-9f9b4516eaf3,2227,Iniecta,64
b413307f-d5c0-42a0-b40e-9f9b4516eaf3,2228,est,1
b413307f-d5c0-42a0-b40e-9f9b4516eaf3,2236,Religioni,511
b413307f-d5c0-42a0-b40e-9f9b4516eaf3,2237,penderet,16
b413307f-d5c0-42a0-b40e-9f9b4516eaf3,2244,oblītus,8
b413307f-d5c0-42a0-b40e-9f9b4516eaf3,2248,est,1
b413307f-d5c0-42a0-b40e-9f9b4516eaf3,2256,locūtus,32
b413307f-d5c0-42a0-b40e-9f9b4516eaf3,2259,canis,10
b413307f-d5c0-42a0-b40e-9f9b4516eaf3,2266,subitō,8
b413307f-d5c0-42a0-b40e-9f9b4516eaf3,2271,conceptus,128
b413307f-d5c0-42a0-b40e-9f9b4516eaf3,2273,ēducātus,64
b413307f-d5c0-42a0-b40e-9f9b4516eaf3,2278,aquila,32
b413307f-d5c0-42a0-b40e-9f9b4516eaf3,2284,metuēre,16
b413307f-d5c0-42a0-b40e-9f9b4516eaf3,2286,Vindicta,128
b413307f-d5c0-42a0-b40e-9f9b4516eaf3,2294,aquila,32
b413307f-d5c0-42a0-b40e-9f9b4516eaf3,2306,persecūta,256
b413307f-d5c0-42a0-b40e-9f9b4516eaf3,2308,ōrāre,1
b413307f-d5c0-42a0-b40e-9f9b4516eaf3,2319,illa,8
b413307f-d5c0-42a0-b40e-9f9b4516eaf3,2321,tūta,8
b413307f-d5c0-42a0-b40e-9f9b4516eaf3,2328,ara,5
b413307f-d5c0-42a0-b40e-9f9b4516eaf3,2332,Tōtamque,2
b413307f-d5c0-42a0-b40e-9f9b4516eaf3,2335,circumdedit,128
b413307f-d5c0-42a0-b40e-9f9b4516eaf3,2343,Aquila,32
b413307f-d5c0-42a0-b40e-9f9b4516eaf3,2346,mortis,16
b413307f-d5c0-42a0-b40e-9f9b4516eaf3,2364,levem,2
b413307f-d5c0-42a0-b40e-9f9b4516eaf3,2369,contumēlia,512
b413307f-d5c0-42a0-b40e-9f9b4516eaf3,2382,Salvē,16
b413307f-d5c0-42a0-b40e-9f9b4516eaf3,2400,pēne,2
b413307f-d5c0-42a0-b40e-9f9b4516eaf3,2407,esse,1
b413307f-d5c0-42a0-b40e-9f9b4516eaf3,2409,certē,16
b413307f-d5c0-42a0-b40e-9f9b4516eaf3,2411,est,1
b413307f-d5c0-42a0-b40e-9f9b4516eaf3,2412,hōc,2
b413307f-d5c0-42a0-b40e-9f9b4516eaf3,2428,Facilis,32
b413307f-d5c0-42a0-b40e-9f9b4516eaf3,2429,vindicta,128
b413307f-d5c0-42a0-b40e-9f9b4516eaf3,2430,est,1
b413307f-d5c0-42a0-b40e-9f9b4516eaf3,2442,proelia,64
b413307f-d5c0-42a0-b40e-9f9b4516eaf3,2450,Rāna,8
b413307f-d5c0-42a0-b40e-9f9b4516eaf3,2458,quanta,32
b413307f-d5c0-42a0-b40e-9f9b4516eaf3,2465,Interrogāta,1024
b413307f-d5c0-42a0-b40e-9f9b4516eaf3,2467,aliā,8
b413307f-d5c0-42a0-b40e-9f9b4516eaf3,2469,hoc,2
b413307f-d5c0-42a0-b40e-9f9b4516eaf3,2478,Longēque,16
b413307f-d5c0-42a0-b40e-9f9b4516eaf3,2485,Est,1
b413307f-d5c0-42a0-b40e-9f9b4516eaf3,2487,sēparāta,128
b413307f-d5c0-42a0-b40e-9f9b4516eaf3,2490,genus,8
b413307f-d5c0-42a0-b40e-9f9b4516eaf3,2498,Palūdīs,32
b413307f-d5c0-42a0-b40e-9f9b4516eaf3,2500,sēcrēta,64
b413307f-d5c0-42a0-b40e-9f9b4516eaf3,2507,pede,2
b413307f-d5c0-42a0-b40e-9f9b4516eaf3,2509,Ita,4
b413307f-d5c0-42a0-b40e-9f9b4516eaf3,2513,furor,2
b413307f-d5c0-42a0-b40e-9f9b4516eaf3,2528,Auxilia,64
b413307f-d5c0-42a0-b40e-9f9b4516eaf3,2533,invēnit,8
b413307f-d5c0-42a0-b40e-9f9b4516eaf3,2552,genus,8
b413307f-d5c0-42a0-b40e-9f9b4516eaf3,2553,inerme,32
b413307f-d5c0-42a0-b40e-9f9b4516eaf3,2567,creātis,32
b413307f-d5c0-42a0-b40e-9f9b4516eaf3,2569,foedere,16
b413307f-d5c0-42a0-b40e-9f9b4516eaf3,2577,iniūriā,64
b413307f-d5c0-42a0-b40e-9f9b4516eaf3,2589,vēscī,2
b413307f-d5c0-42a0-b40e-9f9b4516eaf3,2600,ūna,4
b413307f-d5c0-42a0-b40e-9f9b4516eaf3,2603,plectimur,4
b413307f-d5c0-42a0-b40e-9f9b4516eaf3,2605,Līber,2
b413307f-d5c0-42a0-b40e-9f9b4516eaf3,2612,genus,8
b413307f-d5c0-42a0-b40e-9f9b4516eaf3,2628,industria,256
b413307f-d5c0-42a0-b40e-9f9b4516eaf3,2653,cūrā,8
b413307f-d5c0-42a0-b40e-9f9b4516eaf3,2656,senis,10
b413307f-d5c0-42a0-b40e-9f9b4516eaf3,2662,interpōnere,256
b413307f-d5c0-42a0-b40e-9f9b4516eaf3,2665,sēnsus,16
b413307f-d5c0-42a0-b40e-9f9b4516eaf3,2679,Ita,4
b413307f-d5c0-42a0-b40e-9f9b4516eaf3,2687,verbōsa,64
b413307f-d5c0-42a0-b40e-9f9b4516eaf3,2708,leō,2
b413307f-d5c0-42a0-b40e-9f9b4516eaf3,2717,leō,2
b413307f-d5c0-42a0-b40e-9f9b4516eaf3,2720,intervenit,64
b413307f-d5c0-42a0-b40e-9f9b4516eaf3,2726,nisi,10
b413307f-d5c0-42a0-b40e-9f9b4516eaf3,2730,sūmere,8
b413307f-d5c0-42a0-b40e-9f9b4516eaf3,2739,est,1
b413307f-d5c0-42a0-b40e-9f9b4516eaf3,2740,dēductus,64
b413307f-d5c0-42a0-b40e-9f9b4516eaf3,2755,est,1
b413307f-d5c0-42a0-b40e-9f9b4516eaf3,2789,est,1
b413307f-d5c0-42a0-b40e-9f9b4516eaf3,2796,Ānus,5
b413307f-d5c0-42a0-b40e-9f9b4516eaf3,2801,puella,32
b413307f-d5c0-42a0-b40e-9f9b4516eaf3,2804,fēminīs,34
b413307f-d5c0-42a0-b40e-9f9b4516eaf3,2822,rudis,8
b413307f-d5c0-42a0-b40e-9f9b4516eaf3,2826,ēlegantiā,260
b413307f-d5c0-42a0-b40e-9f9b4516eaf3,2830,pulchra,64
b413307f-d5c0-42a0-b40e-9f9b4516eaf3,2831,iuvenis,32
b413307f-d5c0-42a0-b40e-9f9b4516eaf3,2840,parēs,2
b413307f-d5c0-42a0-b40e-9f9b4516eaf3,2844,legere,10
b413307f-d5c0-42a0-b40e-9f9b4516eaf3,2845,coepēre,16
b413307f-d5c0-42a0-b40e-9f9b4516eaf3,2852,cūra,8
b413307f-d5c0-42a0-b40e-9f9b4516eaf3,2856,repente,2
b413307f-d5c0-42a0-b40e-9f9b4516eaf3,2857,factus,16
b413307f-d5c0-42a0-b40e-9f9b4516eaf3,2858,est,1
b413307f-d5c0-42a0-b40e-9f9b4516eaf3,2863,puella,32
b413307f-d5c0-42a0-b40e-9f9b4516eaf3,2866,ānus,5
b413307f-d5c0-42a0-b40e-9f9b4516eaf3,2879,vehementis,256
b413307f-d5c0-42a0-b40e-9f9b4516eaf3,2880,cānīs,10
b413307f-d5c0-42a0-b40e-9f9b4516eaf3,2888,esse,1
b413307f-d5c0-42a0-b40e-9f9b4516eaf3,2898,cōram,2
b413307f-d5c0-42a0-b40e-9f9b4516eaf3,2900,Hoc,2
b413307f-d5c0-42a0-b40e-9f9b4516eaf3,2911,esse,1
b413307f-d5c0-42a0-b40e-9f9b4516eaf3,2916,Successus,128
b413307f-d5c0-42a0-b40e-9f9b4516eaf3,2921,Aquila,32
b413307f-d5c0-42a0-b40e-9f9b4516eaf3,2928,Aquila,32
b413307f-d5c0-42a0-b40e-9f9b4516eaf3,2937,nāncta,32
b413307f-d5c0-42a0-b40e-9f9b4516eaf3,2939,mediā,18
b413307f-d5c0-42a0-b40e-9f9b4516eaf3,2956,scelesta,128
b413307f-d5c0-42a0-b40e-9f9b4516eaf3,2959,malitia,64
b413307f-d5c0-42a0-b40e-9f9b4516eaf3,2964,volucris,72
b413307f-d5c0-42a0-b40e-9f9b4516eaf3,2977,fodere,10
b413307f-d5c0-42a0-b40e-9f9b4516eaf3,2987,ēvertere,32
b413307f-d5c0-42a0-b40e-9f9b4516eaf3,3000,perturbātīs,512
b413307f-d5c0-42a0-b40e-9f9b4516eaf3,3006,suīs,6
b413307f-d5c0-42a0-b40e-9f9b4516eaf3,3013,nātī,2
b413307f-d5c0-42a0-b40e-9f9b4516eaf3,3019,exierīs,32
b413307f-d5c0-42a0-b40e-9f9b4516eaf3,3025,Aquila,32
b413307f-d5c0-42a0-b40e-9f9b4516eaf3,3026,est,1
b413307f-d5c0-42a0-b40e-9f9b4516eaf3,3027,parāta,32
b413307f-d5c0-42a0-b40e-9f9b4516eaf3,3033,quoque,4
b413307f-d5c0-42a0-b40e-9f9b4516eaf3,3039,Dolōsa,32
b413307f-d5c0-42a0-b40e-9f9b4516eaf3,3045,Indē,8
b413307f-d5c0-42a0-b40e-9f9b4516eaf3,3046,ēvagāta,64
b413307f-d5c0-42a0-b40e-9f9b4516eaf3,3049,pede,2
b413307f-d5c0-42a0-b40e-9f9b4516eaf3,3051,Ubī,0
b413307f-d5c0-42a0-b40e-9f9b4516eaf3,3052,ēsca,9
b413307f-d5c0-42a0-b40e-9f9b4516eaf3,3062,tōtō,2
b413307f-d5c0-42a0-b40e-9f9b4516eaf3,3063,diē,6
b413307f-d5c0-42a0-b40e-9f9b4516eaf3,3067,aquila,32
b413307f-d5c0-42a0-b40e-9f9b4516eaf3,3069,dēsidet,8
b413307f-d5c0-42a0-b40e-9f9b4516eaf3,3072,rapīnam,2
b413307f-d5c0-42a0-b40e-9f9b4516eaf3,3079,multa,16
b413307f-d5c0-42a0-b40e-9f9b4516eaf3,3081,Inediā,32
b413307f-d5c0-42a0-b40e-9f9b4516eaf3,3085,suīs,6
b413307f-d5c0-42a0-b40e-9f9b4516eaf3,3086,Fēlīsque,8
b413307f-d5c0-42a0-b40e-9f9b4516eaf3,3094,bilinguis,128
b413307f-d5c0-42a0-b40e-9f9b4516eaf3,3097,malī,2
b413307f-d5c0-42a0-b40e-9f9b4516eaf3,3101,stulta,32
b413307f-d5c0-42a0-b40e-9f9b4516eaf3,3109,Est,1
b413307f-d5c0-42a0-b40e-9f9b4516eaf3,3110,ardalionum,1023
b413307f-d5c0-42a0-b40e-9f9b4516eaf3,3115,Trepide,64
b413307f-d5c0-42a0-b40e-9f9b4516eaf3,3118,occupāta,128
b413307f-d5c0-42a0-b40e-9f9b4516eaf3,3125,multa,16
b413307f-d5c0-42a0-b40e-9f9b4516eaf3,3131,molesta,64
b413307f-d5c0-42a0-b40e-9f9b4516eaf3,3134,odiōsissima,1024
b413307f-d5c0-42a0-b40e-9f9b4516eaf3,3144,Vēra,8
b413307f-d5c0-42a0-b40e-9f9b4516eaf3,3145,fābellā,64
b413307f-d5c0-42a0-b40e-9f9b4516eaf3,3148,est,1
b413307f-d5c0-42a0-b40e-9f9b4516eaf3,3150,attendere,64
b413307f-d5c0-42a0-b40e-9f9b4516eaf3,3166,posita,32
b413307f-d5c0-42a0-b40e-9f9b4516eaf3,3182,tunica,32
b413307f-d5c0-42a0-b40e-9f9b4516eaf3,3184,umerīs,21
b413307f-d5c0-42a0-b40e-9f9b4516eaf3,3188,dēstricta,256
b413307f-d5c0-42a0-b40e-9f9b4516eaf3,3194,laeta,16
b413307f-d5c0-42a0-b40e-9f9b4516eaf3,3201,cōnspargere,256
b413307f-d5c0-42a0-b40e-9f9b4516eaf3,3205,cōme,10
b413307f-d5c0-42a0-b40e-9f9b4516eaf3,3212,Indē,8
b413307f-d5c0-42a0-b40e-9f9b4516eaf3,3213,nōtīs,2
b413307f-d5c0-42a0-b40e-9f9b4516eaf3,3232,esse,1
b413307f-d5c0-42a0-b40e-9f9b4516eaf3,3253,iocāta,32
b413307f-d5c0-42a0-b40e-9f9b4516eaf3,3254,est,1
b413307f-d5c0-42a0-b40e-9f9b4516eaf3,3255,tanta,16
b413307f-d5c0-42a0-b40e-9f9b4516eaf3,3257,ducis,10
b413307f-d5c0-42a0-b40e-9f9b4516eaf3,3263,opera,16
b413307f-d5c0-42a0-b40e-9f9b4516eaf3,3273,Aquila,32
b413307f-d5c0-42a0-b40e-9f9b4516eaf3,3280,est,1
b413307f-d5c0-42a0-b40e-9f9b4516eaf3,3282,satis,8
b413307f-d5c0-42a0-b40e-9f9b4516eaf3,3292,nēquitia,128
b413307f-d5c0-42a0-b40e-9f9b4516eaf3,3298,Aquila,32
b413307f-d5c0-42a0-b40e-9f9b4516eaf3,3300,sublīme,64
b413307f-d5c0-42a0-b40e-9f9b4516eaf3,3307,cornea,32
b413307f-d5c0-42a0-b40e-9f9b4516eaf3,3312,pactō,2
b413307f-d5c0-42a0-b40e-9f9b4516eaf3,3315,condita,80
b413307f-d5c0-42a0-b40e-9f9b4516eaf3,3317,Venit,2
b413307f-d5c0-42a0-b40e-9f9b4516eaf3,3326,sānē,8
b413307f-d5c0-42a0-b40e-9f9b4516eaf3,3332,nisi,10
b413307f-d5c0-42a0-b40e-9f9b4516eaf3,3345,Prōmissā,128
b413307f-d5c0-42a0-b40e-9f9b4516eaf3,3346,parte,16
b413307f-d5c0-42a0-b40e-9f9b4516eaf3,3359,Quā,4
b413307f-d5c0-42a0-b40e-9f9b4516eaf3,3360,comminūta,256
b413307f-d5c0-42a0-b40e-9f9b4516eaf3,3365,Inductā,64
b413307f-d5c0-42a0-b40e-9f9b4516eaf3,3367,aquila,32
b413307f-d5c0-42a0-b40e-9f9b4516eaf3,3375,largē,16
b413307f-d5c0-42a0-b40e-9f9b4516eaf3,3380,tūta,8
b413307f-d5c0-42a0-b40e-9f9b4516eaf3,3388,occīdit,8
b413307f-d5c0-42a0-b40e-9f9b4516eaf3,3407,pecūniā,64
b413307f-d5c0-42a0-b40e-9f9b4516eaf3,3418,celsā,16
b413307f-d5c0-42a0-b40e-9f9b4516eaf3,3421,Clarumque,4
b413307f-d5c0-42a0-b40e-9f9b4516eaf3,3426,Cōmēs,10
b413307f-d5c0-42a0-b40e-9f9b4516eaf3,3433,Subitō,8
b413307f-d5c0-42a0-b40e-9f9b4516eaf3,3453,cāsus,8
b413307f-d5c0-42a0-b40e-9f9b4516eaf3,3473,Hōc,2
b413307f-d5c0-42a0-b40e-9f9b4516eaf3,3475,tūta,8
b413307f-d5c0-42a0-b40e-9f9b4516eaf3,3476,est,1
b413307f-d5c0-42a0-b40e-9f9b4516eaf3,3512,Hic,2
b413307f-d5c0-42a0-b40e-9f9b4516eaf3,3526,cucurrerīs,256
b413307f-d5c0-42a0-b40e-9f9b4516eaf3,3530,commīserīs,256
b413307f-d5c0-42a0-b40e-9f9b4516eaf3,3537,modo,8
b413307f-d5c0-42a0-b40e-9f9b4516eaf3,3539,parcite,64
b413307f-d5c0-42a0-b40e-9f9b4516eaf3,3544,data,8
b413307f-d5c0-42a0-b40e-9f9b4516eaf3,3548,noctis,16
b413307f-d5c0-42a0-b40e-9f9b4516eaf3,3583,quiētis,32
b413307f-d5c0-42a0-b40e-9f9b4516eaf3,3584,agere,4
b413307f-d5c0-42a0-b40e-9f9b4516eaf3,3616,vīta,8
b413307f-d5c0-42a0-b40e-9f9b4516eaf3,3618,tua,4
b413307f-d5c0-42a0-b40e-9f9b4516eaf3,3625,cēnā,8
b413307f-d5c0-42a0-b40e-9f9b4516eaf3,3639,frondis,32
b413307f-d5c0-42a0-b40e-9f9b4516eaf3,3640,parum,2
b413307f-d5c0-42a0-b40e-9f9b4516eaf3,3641,est,1
b413307f-d5c0-42a0-b40e-9f9b4516eaf3,3646,Tollere,16
b413307f-d5c0-42a0-b40e-9f9b4516eaf3,3648,arānea,32
b413307f-d5c0-42a0-b40e-9f9b4516eaf3,3650,est,1
b413307f-d5c0-42a0-b40e-9f9b4516eaf3,3655,singula,64
b413307f-d5c0-42a0-b40e-9f9b4516eaf3,3658,quoque,4
b413307f-d5c0-42a0-b40e-9f9b4516eaf3,3659,alta,8
b413307f-d5c0-42a0-b40e-9f9b4516eaf3,3664,convocāta,256
b413307f-d5c0-42a0-b40e-9f9b4516eaf3,3666,occīdī,8
b413307f-d5c0-42a0-b40e-9f9b4516eaf3,3667,familia,64
b413307f-d5c0-42a0-b40e-9f9b4516eaf3,3673,fābula,32
b413307f-d5c0-42a0-b40e-9f9b4516eaf3,3675,vidēre,2
b413307f-d5c0-42a0-b40e-9f9b4516eaf3,3679,suīs,6
b413307f-d5c0-42a0-b40e-9f9b4516eaf3,3689,aeternā,64
b413307f-d5c0-42a0-b40e-9f9b4516eaf3,3693,Patere,8
b413307f-d5c0-42a0-b40e-9f9b4516eaf3,3694,honōris,32
b413307f-d5c0-42a0-b40e-9f9b4516eaf3,3715,sōlus,10
b413307f-d5c0-42a0-b40e-9f9b4516eaf3,3716,esset,1
b413307f-d5c0-42a0-b40e-9f9b4516eaf3,3724,invidia,64
b413307f-d5c0-42a0-b40e-9f9b4516eaf3,3727,est,1
b413307f-d5c0-42a0-b40e-9f9b4516eaf3,3753,laudis,16
b413307f-d5c0-42a0-b40e-9f9b4516eaf3,3761,pervēnit,16
b413307f-d5c0-42a0-b40e-9f9b4516eaf3,3764,arte,8
b413307f-d5c0-42a0-b40e-9f9b4516eaf3,3780,labor,2
b413307f-d5c0-42a0-b40e-9f9b4516eaf3,3782,Sinistra,128
b413307f-d5c0-42a0-b40e-9f9b4516eaf3,3786,nātūra,32
b413307f-d5c0-42a0-b40e-9f9b4516eaf3,3791,nisi,10
b413307f-d5c0-42a0-b40e-9f9b4516eaf3,3793,carpere,16
b413307f-d5c0-42a0-b40e-9f9b4516eaf3,3797,corde,16
b413307f-d5c0-42a0-b40e-9f9b4516eaf3,3805,suī,2
b413307f-d5c0-42a0-b40e-9f9b4516eaf3,3807,Liber,2
b413307f-d5c0-42a0-b40e-9f9b4516eaf3,3811,Eutychum,255
b413307f-d5c0-42a0-b40e-9f9b4516eaf3,3815,legere,10
b413307f-d5c0-42a0-b40e-9f9b4516eaf3,3822,Eutyche,127
b413307f-d5c0-42a0-b40e-9f9b4516eaf3,3828,līber,2
b413307f-d5c0-42a0-b40e-9f9b4516eaf3,3838,est,1
b413307f-d5c0-42a0-b40e-9f9b4516eaf3,3851,causa,16
b413307f-d5c0-42a0-b40e-9f9b4516eaf3,3852,est,1
b413307f-d5c0-42a0-b40e-9f9b4516eaf3,3859,occupātīs,128
b413307f-d5c0-42a0-b40e-9f9b4516eaf3,3862,convenit,16
b413307f-d5c0-42a0-b40e-9f9b4516eaf3,3865,dīcēs,2
b413307f-d5c0-42a0-b40e-9f9b4516eaf3,3879,Lēgēsne,2
b413307f-d5c0-42a0-b40e-9f9b4516eaf3,3894,amīcīs,4
b413307f-d5c0-42a0-b40e-9f9b4516eaf3,3910,praestēs,64
b413307f-d5c0-42a0-b40e-9f9b4516eaf3,3916,est,1
b413307f-d5c0-42a0-b40e-9f9b4516eaf3,3919,genus,8
b413307f-d5c0-42a0-b40e-9f9b4516eaf3,3932,ēnīxa,16
b413307f-d5c0-42a0-b40e-9f9b4516eaf3,3933,est,1
b413307f-d5c0-42a0-b40e-9f9b4516eaf3,3939,sānctā,32
b413307f-d5c0-42a0-b40e-9f9b4516eaf3,3940,Mnēmosynē,0
b413307f-d5c0-42a0-b40e-9f9b4516eaf3,3942,Fēcunda,64
b413307f-d5c0-42a0-b40e-9f9b4516eaf3,3950,ipsā,8
b413307f-d5c0-42a0-b40e-9f9b4516eaf3,3952,nātus,8
b413307f-d5c0-42a0-b40e-9f9b4516eaf3,3954,scholā,32
b413307f-d5c0-42a0-b40e-9f9b4516eaf3,3957,penitus,10
b413307f-d5c0-42a0-b40e-9f9b4516eaf3,3958,corde,16
b413307f-d5c0-42a0-b40e-9f9b4516eaf3,3962,invictā,64
b413307f-d5c0-42a0-b40e-9f9b4516eaf3,3968,Fastīdiōse,512
b413307f-d5c0-42a0-b40e-9f9b4516eaf3,3977,accidere,40
b413307f-d5c0-42a0-b40e-9f9b4516eaf3,3985,vigiliā,64
b413307f-d5c0-42a0-b40e-9f9b4516eaf3,4024,legēs,2
b413307f-d5c0-42a0-b40e-9f9b4516eaf3,4033,certē,16
b413307f-d5c0-42a0-b40e-9f9b4516eaf3,4044,genus,8
b413307f-d5c0-42a0-b40e-9f9b4516eaf3,4049,Servitūs,80
b413307f-d5c0-42a0-b40e-9f9b4516eaf3,4050,obnoxia,64
b413307f-d5c0-42a0-b40e-9f9b4516eaf3,4057,dīcere,10
b413307f-d5c0-42a0-b40e-9f9b4516eaf3,4059,Affectus,64
b413307f-d5c0-42a0-b40e-9f9b4516eaf3,4072,sēmitā,32
b413307f-d5c0-42a0-b40e-9f9b4516eaf3,4091,alius,4
b413307f-d5c0-42a0-b40e-9f9b4516eaf3,4096,testis,16
b413307f-d5c0-42a0-b40e-9f9b4516eaf3,4097,alius,4
b413307f-d5c0-42a0-b40e-9f9b4516eaf3,4100,alius,4
b413307f-d5c0-42a0-b40e-9f9b4516eaf3,4105,esse,1
b413307f-d5c0-42a0-b40e-9f9b4516eaf3,4108,malīs,2
b413307f-d5c0-42a0-b40e-9f9b4516eaf3,4118,quis,4
b413307f-d5c0-42a0-b40e-9f9b4516eaf3,4120,sua,4
b413307f-d5c0-42a0-b40e-9f9b4516eaf3,4130,Stultē,32
b413307f-d5c0-42a0-b40e-9f9b4516eaf3,4147,est,1
b413307f-d5c0-42a0-b40e-9f9b4516eaf3,4156,ostendere,64
b413307f-d5c0-42a0-b40e-9f9b4516eaf3,4161,dicet,2
b413307f-d5c0-42a0-b40e-9f9b4516eaf3,4171,Anacharsis,256
b413307f-d5c0-42a0-b40e-9f9b4516eaf3,4172,Scytha,32
b413307f-d5c0-42a0-b40e-9f9b4516eaf3,4175,condere,16
b413307f-d5c0-42a0-b40e-9f9b4516eaf3,4194,Threissa,256
b413307f-d5c0-42a0-b40e-9f9b4516eaf3,4201,Linōque,2
b413307f-d5c0-42a0-b40e-9f9b4516eaf3,4204,parēns,2
b413307f-d5c0-42a0-b40e-9f9b4516eaf3,4206,Mūsā,8
b413307f-d5c0-42a0-b40e-9f9b4516eaf3,4207,Orphēō,16
b413307f-d5c0-42a0-b40e-9f9b4516eaf3,4218,impetus,32
b413307f-d5c0-42a0-b40e-9f9b4516eaf3,4220,morā,10
b413307f-d5c0-42a0-b40e-9f9b4516eaf3,4234,sollemnis,128
b413307f-d5c0-42a0-b40e-9f9b4516eaf3,4236,glōria,32
b413307f-d5c0-42a0-b40e-9f9b4516eaf3,4246,nōtō,2
b413307f-d5c0-42a0-b40e-9f9b4516eaf3,4251,Ānus,5
b413307f-d5c0-42a0-b40e-9f9b4516eaf3,4255,Ānus,5
b413307f-d5c0-42a0-b40e-9f9b4516eaf3,4256,iacere,8
b413307f-d5c0-42a0-b40e-9f9b4516eaf3,4262,Falernā,64
b413307f-d5c0-42a0-b40e-9f9b4516eaf3,4265,testā,16
b413307f-d5c0-42a0-b40e-9f9b4516eaf3,4270,lātē,10
b413307f-d5c0-42a0-b40e-9f9b4516eaf3,4275,tōtīs,2
b413307f-d5c0-42a0-b40e-9f9b4516eaf3,4276,avida,16
b413307f-d5c0-42a0-b40e-9f9b4516eaf3,4281,suāvis,16
b413307f-d5c0-42a0-b40e-9f9b4516eaf3,4282,anima,16
b413307f-d5c0-42a0-b40e-9f9b4516eaf3,4286,dīcam,2
b413307f-d5c0-42a0-b40e-9f9b4516eaf3,4296,Hoc,2
b413307f-d5c0-42a0-b40e-9f9b4516eaf3,4300,dicet,2
b413307f-d5c0-42a0-b40e-9f9b4516eaf3,4305,Panthēra,128
b413307f-d5c0-42a0-b40e-9f9b4516eaf3,4309,Solet,2
b413307f-d5c0-42a0-b40e-9f9b4516eaf3,4314,grātia,32
b413307f-d5c0-42a0-b40e-9f9b4516eaf3,4316,Panthēra,128
b413307f-d5c0-42a0-b40e-9f9b4516eaf3,4321,dēcidit,8
b413307f-d5c0-42a0-b40e-9f9b4516eaf3,4323,Vīdēre,2
b413307f-d5c0-42a0-b40e-9f9b4516eaf3,4330,Āliī,1
b413307f-d5c0-42a0-b40e-9f9b4516eaf3,4344,Miserē,42
b413307f-d5c0-42a0-b40e-9f9b4516eaf3,4351,īnsecūta,128
b413307f-d5c0-42a0-b40e-9f9b4516eaf3,4352,est,1
b413307f-d5c0-42a0-b40e-9f9b4516eaf3,4355,sēcūrī,2
b413307f-d5c0-42a0-b40e-9f9b4516eaf3,4364,illa,8
b413307f-d5c0-42a0-b40e-9f9b4516eaf3,4366,vīrēs,2
b413307f-d5c0-42a0-b40e-9f9b4516eaf3,4373,fovea,16
b413307f-d5c0-42a0-b40e-9f9b4516eaf3,4379,concitō,16
b413307f-d5c0-42a0-b40e-9f9b4516eaf3,4388,Pecus,8
b413307f-d5c0-42a0-b40e-9f9b4516eaf3,4396,cūncta,32
b413307f-d5c0-42a0-b40e-9f9b4516eaf3,4416,vītā,8
b413307f-d5c0-42a0-b40e-9f9b4516eaf3,4420,illa,8
b413307f-d5c0-42a0-b40e-9f9b4516eaf3,4438,hostis,16
b413307f-d5c0-42a0-b40e-9f9b4516eaf3,4454,esse,1
b413307f-d5c0-42a0-b40e-9f9b4516eaf3,4457,causa,16
b413307f-d5c0-42a0-b40e-9f9b4516eaf3,4466,fābella,64
b413307f-d5c0-42a0-b40e-9f9b4516eaf3,4467,mea,4
b413307f-d5c0-42a0-b40e-9f9b4516eaf3,4474,Agnōs,8
b413307f-d5c0-42a0-b40e-9f9b4516eaf3,4476,capite,8
b413307f-d5c0-42a0-b40e-9f9b4516eaf3,4486,Hīc,2
b413307f-d5c0-42a0-b40e-9f9b4516eaf3,4494,victimā,64
b413307f-d5c0-42a0-b40e-9f9b4516eaf3,4501,esse,1
b413307f-d5c0-42a0-b40e-9f9b4516eaf3,4512,hostiā,32
b413307f-d5c0-42a0-b40e-9f9b4516eaf3,4515,multa,16
b413307f-d5c0-42a0-b40e-9f9b4516eaf3,4522,cūrā,8
b413307f-d5c0-42a0-b40e-9f9b4516eaf3,4530,nārīs,8
b413307f-d5c0-42a0-b40e-9f9b4516eaf3,4534,Nātūra,32
b413307f-d5c0-42a0-b40e-9f9b4516eaf3,4546,rūstice,64
b413307f-d5c0-42a0-b40e-9f9b4516eaf3,4554,Lanius,2
b413307f-d5c0-42a0-b40e-9f9b4516eaf3,4558,Pendere,16
b413307f-d5c0-42a0-b40e-9f9b4516eaf3,4560,lanium,2
b413307f-d5c0-42a0-b40e-9f9b4516eaf3,4576,lanius,2
b413307f-d5c0-42a0-b40e-9f9b4516eaf3,4582,est,1
b413307f-d5c0-42a0-b40e-9f9b4516eaf3,4584,tālis,8
b413307f-d5c0-42a0-b40e-9f9b4516eaf3,4588,Rīdiculē,128
b413307f-d5c0-42a0-b40e-9f9b4516eaf3,4589,magis,8
b413307f-d5c0-42a0-b40e-9f9b4516eaf3,4590,hoc,2
b413307f-d5c0-42a0-b40e-9f9b4516eaf3,4593,vērē,8
b413307f-d5c0-42a0-b40e-9f9b4516eaf3,4600,invēnī,8
b413307f-d5c0-42a0-b40e-9f9b4516eaf3,4614,Successus,128
b413307f-d5c0-42a0-b40e-9f9b4516eaf3,4633,dēdit,2
b413307f-d5c0-42a0-b40e-9f9b4516eaf3,4641,mehercules,1023
b413307f-d5c0-42a0-b40e-9f9b4516eaf3,4650,Venit,2
b413307f-d5c0-42a0-b40e-9f9b4516eaf3,4669,monitus,32
b413307f-d5c0-42a0-b40e-9f9b4516eaf3,4684,Musca,16
b413307f-d5c0-42a0-b40e-9f9b4516eaf3,4686,mūla,8
b413307f-d5c0-42a0-b40e-9f9b4516eaf3,4688,Musca,16
b413307f-d5c0-42a0-b40e-9f9b4516eaf3,4690,tēmōne,2
b413307f-d5c0-42a0-b40e-9f9b4516eaf3,4697,tarda,16
b413307f-d5c0-42a0-b40e-9f9b4516eaf3,4698,es,1
b413307f-d5c0-42a0-b40e-9f9b4516eaf3,4714,illa,8
b413307f-d5c0-42a0-b40e-9f9b4516eaf3,4724,sellā,16
b413307f-d5c0-42a0-b40e-9f9b4516eaf3,4726,prīmā,16
b413307f-d5c0-42a0-b40e-9f9b4516eaf3,4734,ōrā,4
b413307f-d5c0-42a0-b40e-9f9b4516eaf3,4756,fābula,32
b413307f-d5c0-42a0-b40e-9f9b4516eaf3,4761,sine,2
b413307f-d5c0-42a0-b40e-9f9b4516eaf3,4772,dulcis,16
b413307f-d5c0-42a0-b40e-9f9b4516eaf3,4779,Canī,2
b413307f-d5c0-42a0-b40e-9f9b4516eaf3,4811,longē,16
b413307f-d5c0-42a0-b40e-9f9b4516eaf3,4817,Canis,10
b413307f-d5c0-42a0-b40e-9f9b4516eaf3,4820,Eadem,2
b413307f-d5c0-42a0-b40e-9f9b4516eaf3,4821,est,1
b413307f-d5c0-42a0-b40e-9f9b4516eaf3,4830,potes,10
b413307f-d5c0-42a0-b40e-9f9b4516eaf3,4852,parātus,32
b413307f-d5c0-42a0-b40e-9f9b4516eaf3,4865,est,1
b413307f-d5c0-42a0-b40e-9f9b4516eaf3,4870,vīvere,8
b413307f-d5c0-42a0-b40e-9f9b4516eaf3,4878,Venī,2
b413307f-d5c0-42a0-b40e-9f9b4516eaf3,4888,catēnā,32
b413307f-d5c0-42a0-b40e-9f9b4516eaf3,4891,canī,2
b413307f-d5c0-42a0-b40e-9f9b4516eaf3,4894,hoc,2
b413307f-d5c0-42a0-b40e-9f9b4516eaf3,4896,amīce,16
b413307f-d5c0-42a0-b40e-9f9b4516eaf3,4899,est,1
b413307f-d5c0-42a0-b40e-9f9b4516eaf3,4907,acer,1
b413307f-d5c0-42a0-b40e-9f9b4516eaf3,4913,Lūce,8
b413307f-d5c0-42a0-b40e-9f9b4516eaf3,4926,quā,4
b413307f-d5c0-42a0-b40e-9f9b4516eaf3,4928,est,1
b413307f-d5c0-42a0-b40e-9f9b4516eaf3,4930,vāgor,2
b413307f-d5c0-42a0-b40e-9f9b4516eaf3,4934,pānis,8
b413307f-d5c0-42a0-b40e-9f9b4516eaf3,4937,mēnsā,16
b413307f-d5c0-42a0-b40e-9f9b4516eaf3,4938,suā,4
b413307f-d5c0-42a0-b40e-9f9b4516eaf3,4943,frusta,32
b413307f-d5c0-42a0-b40e-9f9b4516eaf3,4945,familia,64
b413307f-d5c0-42a0-b40e-9f9b4516eaf3,4955,sine,2
b413307f-d5c0-42a0-b40e-9f9b4516eaf3,4966,est,1
b413307f-d5c0-42a0-b40e-9f9b4516eaf3,4969,est,1
b413307f-d5c0-42a0-b40e-9f9b4516eaf3,4970,licentia,128
b413307f-d5c0-42a0-b40e-9f9b4516eaf3,4973,plānē,16
b413307f-d5c0-42a0-b40e-9f9b4516eaf3,4974,est,1
b413307f-d5c0-42a0-b40e-9f9b4516eaf3,4977,Fruere,8
b413307f-d5c0-42a0-b40e-9f9b4516eaf3,4980,laudās,16
b413307f-d5c0-42a0-b40e-9f9b4516eaf3,4982,canis,10
b413307f-d5c0-42a0-b40e-9f9b4516eaf3,4987,līber,2
b413307f-d5c0-42a0-b40e-9f9b4516eaf3,4998,monitus,32
b413307f-d5c0-42a0-b40e-9f9b4516eaf3,5007,Īdēmque,5
b413307f-d5c0-42a0-b40e-9f9b4516eaf3,5009,pulchrā,64
b413307f-d5c0-42a0-b40e-9f9b4516eaf3,5017,cathedrā,128
b413307f-d5c0-42a0-b40e-9f9b4516eaf3,5028,Hic,2
b413307f-d5c0-42a0-b40e-9f9b4516eaf3,5033,illa,8
b413307f-d5c0-42a0-b40e-9f9b4516eaf3,5036,glōriantis,256
b413307f-d5c0-42a0-b40e-9f9b4516eaf3,5046,cūnctā,32
b413307f-d5c0-42a0-b40e-9f9b4516eaf3,5054,laesūra,64
b413307f-d5c0-42a0-b40e-9f9b4516eaf3,5056,Magnaque,16
b413307f-d5c0-42a0-b40e-9f9b4516eaf3,5057,invidia,64
b413307f-d5c0-42a0-b40e-9f9b4516eaf3,5062,nātus,8
b413307f-d5c0-42a0-b40e-9f9b4516eaf3,5068,Amplexus,64
b413307f-d5c0-42a0-b40e-9f9b4516eaf3,5073,ōscula,32
b413307f-d5c0-42a0-b40e-9f9b4516eaf3,5084,ūtī,1
b413307f-d5c0-42a0-b40e-9f9b4516eaf3,5092,malīs,2
b413307f-d5c0-42a0-b40e-9f9b4516eaf3,5107,amīcī,4
b413307f-d5c0-42a0-b40e-9f9b4516eaf3,5108,nōmen,10
b413307f-d5c0-42a0-b40e-9f9b4516eaf3,5111,rāra,8
b413307f-d5c0-42a0-b40e-9f9b4516eaf3,5112,est,1
b413307f-d5c0-42a0-b40e-9f9b4516eaf3,5113,fidēs,2
b413307f-d5c0-42a0-b40e-9f9b4516eaf3,5133,cēdō,10
b413307f-d5c0-42a0-b40e-9f9b4516eaf3,5142,populō,2
b413307f-d5c0-42a0-b40e-9f9b4516eaf3,5145,quis,4
b413307f-d5c0-42a0-b40e-9f9b4516eaf3,5149,solet,2
b413307f-d5c0-42a0-b40e-9f9b4516eaf3,5155,tālis,8
b413307f-d5c0-42a0-b40e-9f9b4516eaf3,5162,vērīs,8
b413307f-d5c0-42a0-b40e-9f9b4516eaf3,5164,amīcīs,4
b413307f-d5c0-42a0-b40e-9f9b4516eaf3,5168,Poēta,16
b413307f-d5c0-42a0-b40e-9f9b4516eaf3,5170,est,1
b413307f-d5c0-42a0-b40e-9f9b4516eaf3,5171,crēdere,16
b413307f-d5c0-42a0-b40e-9f9b4516eaf3,5174,crēdere,16
b413307f-d5c0-42a0-b40e-9f9b4516eaf3,5188,est,1
b413307f-d5c0-42a0-b40e-9f9b4516eaf3,5199,explōranda,512
b413307f-d5c0-42a0-b40e-9f9b4516eaf3,5200,est,1
b413307f-d5c0-42a0-b40e-9f9b4516eaf3,5201,vēritās,2
b413307f-d5c0-42a0-b40e-9f9b4516eaf3,5206,stulta,32
b413307f-d5c0-42a0-b40e-9f9b4516eaf3,5207,prāvē,16
b413307f-d5c0-42a0-b40e-9f9b4516eaf3,5209,sententia,256
b413307f-d5c0-42a0-b40e-9f9b4516eaf3,5212,fābulōsā,128
b413307f-d5c0-42a0-b40e-9f9b4516eaf3,5219,memoriā,64
b413307f-d5c0-42a0-b40e-9f9b4516eaf3,5222,est,1
b413307f-d5c0-42a0-b40e-9f9b4516eaf3,5223,mea,4
b413307f-d5c0-42a0-b40e-9f9b4516eaf3,5241,est,1
b413307f-d5c0-42a0-b40e-9f9b4516eaf3,5254,multa,16
b413307f-d5c0-42a0-b40e-9f9b4516eaf3,5269,maximē,32
b413307f-d5c0-42a0-b40e-9f9b4516eaf3,5279,domūs,8
b413307f-d5c0-42a0-b40e-9f9b4516eaf3,5297,subitō,8
b413307f-d5c0-42a0-b40e-9f9b4516eaf3,5301,rēcta,16
b413307f-d5c0-42a0-b40e-9f9b4516eaf3,5324,familia,64
b413307f-d5c0-42a0-b40e-9f9b4516eaf3,5327,furentīs,64
b413307f-d5c0-42a0-b40e-9f9b4516eaf3,5332,lectum,2
b413307f-d5c0-42a0-b40e-9f9b4516eaf3,5355,Lucerna,64
b413307f-d5c0-42a0-b40e-9f9b4516eaf3,5356,allāta,32
b413307f-d5c0-42a0-b40e-9f9b4516eaf3,5366,Sōpīta,32
b413307f-d5c0-42a0-b40e-9f9b4516eaf3,5394,Maligna,64
b413307f-d5c0-42a0-b40e-9f9b4516eaf3,5397,suspīciō,16
b413307f-d5c0-42a0-b40e-9f9b4516eaf3,5400,bona,8
b413307f-d5c0-42a0-b40e-9f9b4516eaf3,5408,innocentīs,256
b413307f-d5c0-42a0-b40e-9f9b4516eaf3,5443,causā,16
b413307f-d5c0-42a0-b40e-9f9b4516eaf3,5445,malī,2
b413307f-d5c0-42a0-b40e-9f9b4516eaf3,5449,natō,2
b413307f-d5c0-42a0-b40e-9f9b4516eaf3,5453,virō,2
b413307f-d5c0-42a0-b40e-9f9b4516eaf3,5462,dēlāta,32
b413307f-d5c0-42a0-b40e-9f9b4516eaf3,5464,crīmina,64
b413307f-d5c0-42a0-b40e-9f9b4516eaf3,5466,esset,1
b413307f-d5c0-42a0-b40e-9f9b4516eaf3,5477,scelere,64
b413307f-d5c0-42a0-b40e-9f9b4516eaf3,5483,aurīs,8
b413307f-d5c0-42a0-b40e-9f9b4516eaf3,5496,minimē,32
b413307f-d5c0-42a0-b40e-9f9b4516eaf3,5497,putēs,2
b413307f-d5c0-42a0-b40e-9f9b4516eaf3,5507,Hoc,2
b413307f-d5c0-42a0-b40e-9f9b4516eaf3,5527,odiō,1
b413307f-d5c0-42a0-b40e-9f9b4516eaf3,5536,cognōverīs,256
b413307f-d5c0-42a0-b40e-9f9b4516eaf3,5544,nimia,16
b413307f-d5c0-42a0-b40e-9f9b4516eaf3,5561,obscēna,64
b413307f-d5c0-42a0-b40e-9f9b4516eaf3,5562,dicta,16
b413307f-d5c0-42a0-b40e-9f9b4516eaf3,5568,est,1
b413307f-d5c0-42a0-b40e-9f9b4516eaf3,5574,hoc,2
b413307f-d5c0-42a0-b40e-9f9b4516eaf3,5576,est,1
b413307f-d5c0-42a0-b40e-9f9b4516eaf3,5592,stulte,32
b413307f-d5c0-42a0-b40e-9f9b4516eaf3,5599,est,1
b413307f-d5c0-42a0-b40e-9f9b4516eaf3,5624,quanta,32
b413307f-d5c0-42a0-b40e-9f9b4516eaf3,5629,Hoc,2
b413307f-d5c0-42a0-b40e-9f9b4516eaf3,5631,quis,4
b413307f-d5c0-42a0-b40e-9f9b4516eaf3,5641,prīstinum,36
b413307f-d5c0-42a0-b40e-9f9b4516eaf3,5646,invēnī,8
b413307f-d5c0-42a0-b40e-9f9b4516eaf3,5651,est,1
b413307f-d5c0-42a0-b40e-9f9b4516eaf3,5662,Hoc,2
b413307f-d5c0-42a0-b40e-9f9b4516eaf3,5671,Āpēs,1
b413307f-d5c0-42a0-b40e-9f9b4516eaf3,5674,vespa,16
b413307f-d5c0-42a0-b40e-9f9b4516eaf3,5677,Āpēs,1
b413307f-d5c0-42a0-b40e-9f9b4516eaf3,5679,altā,8
b413307f-d5c0-42a0-b40e-9f9b4516eaf3,5687,esse,1
b413307f-d5c0-42a0-b40e-9f9b4516eaf3,5694,dēducta,64
b413307f-d5c0-42a0-b40e-9f9b4516eaf3,5695,est,1
b413307f-d5c0-42a0-b40e-9f9b4516eaf3,5697,vespa,16
b413307f-d5c0-42a0-b40e-9f9b4516eaf3,5701,genus,8
b413307f-d5c0-42a0-b40e-9f9b4516eaf3,5705,pulcherrimē,1024
b413307f-d5c0-42a0-b40e-9f9b4516eaf3,5718,est,1
b413307f-d5c0-42a0-b40e-9f9b4516eaf3,5719,color,2
b413307f-d5c0-42a0-b40e-9f9b4516eaf3,5723,plānē,16
b413307f-d5c0-42a0-b40e-9f9b4516eaf3,5734,mea,4
b413307f-d5c0-42a0-b40e-9f9b4516eaf3,5745,sapōre,32
b413307f-d5c0-42a0-b40e-9f9b4516eaf3,5746,mellis,16
b413307f-d5c0-42a0-b40e-9f9b4516eaf3,5748,fōrma,16
b413307f-d5c0-42a0-b40e-9f9b4516eaf3,5749,favī,2
b413307f-d5c0-42a0-b40e-9f9b4516eaf3,5752,quis,4
b413307f-d5c0-42a0-b40e-9f9b4516eaf3,5765,placet,4
b413307f-d5c0-42a0-b40e-9f9b4516eaf3,5768,illa,8
b413307f-d5c0-42a0-b40e-9f9b4516eaf3,5774,est,1
b413307f-d5c0-42a0-b40e-9f9b4516eaf3,5775,quis,4
b413307f-d5c0-42a0-b40e-9f9b4516eaf3,5779,quis,4
b413307f-d5c0-42a0-b40e-9f9b4516eaf3,5794,pactam,2
b413307f-d5c0-42a0-b40e-9f9b4516eaf3,5807,turbā,16
b413307f-d5c0-42a0-b40e-9f9b4516eaf3,5835,mediā,18
b413307f-d5c0-42a0-b40e-9f9b4516eaf3,5836,viā,4
b413307f-d5c0-42a0-b40e-9f9b4516eaf3,5848,populus,2
b413307f-d5c0-42a0-b40e-9f9b4516eaf3,5860,Novissimē,256
b413307f-d5c0-42a0-b40e-9f9b4516eaf3,5865,sophus,63
b413307f-d5c0-42a0-b40e-9f9b4516eaf3,5867,Cito,8
b413307f-d5c0-42a0-b40e-9f9b4516eaf3,5873,habuerīs,64
b413307f-d5c0-42a0-b40e-9f9b4516eaf3,5877,laxāris,32
b413307f-d5c0-42a0-b40e-9f9b4516eaf3,5882,ūtilis,16
b413307f-d5c0-42a0-b40e-9f9b4516eaf3,5885,lūsūs,8
b413307f-d5c0-42a0-b40e-9f9b4516eaf3,5898,Canis,10
b413307f-d5c0-42a0-b40e-9f9b4516eaf3,5906,canis,10
b413307f-d5c0-42a0-b40e-9f9b4516eaf3,5908,Stultē,32
b413307f-d5c0-42a0-b40e-9f9b4516eaf3,5914,est,1
b413307f-d5c0-42a0-b40e-9f9b4516eaf3,5915,hīc,2
b413307f-d5c0-42a0-b40e-9f9b4516eaf3,5917,tua,4
b413307f-d5c0-42a0-b40e-9f9b4516eaf3,5932,est,1
b413307f-d5c0-42a0-b40e-9f9b4516eaf3,5943,Novissimē,256
b413307f-d5c0-42a0-b40e-9f9b4516eaf3,5958,lacte,16
b413307f-d5c0-42a0-b40e-9f9b4516eaf3,5965,illa,8
b413307f-d5c0-42a0-b40e-9f9b4516eaf3,5966,est,1
b413307f-d5c0-42a0-b40e-9f9b4516eaf3,5973,ita,4
b413307f-d5c0-42a0-b40e-9f9b4516eaf3,5974,est,1
b413307f-d5c0-42a0-b40e-9f9b4516eaf3,5977,illa,8
b413307f-d5c0-42a0-b40e-9f9b4516eaf3,5987,pārēre,10
b413307f-d5c0-42a0-b40e-9f9b4516eaf3,6000,sānē,8
b413307f-d5c0-42a0-b40e-9f9b4516eaf3,6003,dedit,2
b413307f-d5c0-42a0-b40e-9f9b4516eaf3,6007,lanium,2
b413307f-d5c0-42a0-b40e-9f9b4516eaf3,6014,nūlla,16
b413307f-d5c0-42a0-b40e-9f9b4516eaf3,6024,iacentis,64
b413307f-d5c0-42a0-b40e-9f9b4516eaf3,6025,miserita,128
b413307f-d5c0-42a0-b40e-9f9b4516eaf3,6026,est,1
b413307f-d5c0-42a0-b40e-9f9b4516eaf3,6033,parentēs,2
b413307f-d5c0-42a0-b40e-9f9b4516eaf3,6044,Obsistēre,64
b413307f-d5c0-42a0-b40e-9f9b4516eaf3,6049,cāpī,2
b413307f-d5c0-42a0-b40e-9f9b4516eaf3,6051,Cicāda,32
b413307f-d5c0-42a0-b40e-9f9b4516eaf3,6053,noctua,32
b413307f-d5c0-42a0-b40e-9f9b4516eaf3,6066,Cicāda,32
b413307f-d5c0-42a0-b40e-9f9b4516eaf3,6073,vīctum,2
b413307f-d5c0-42a0-b40e-9f9b4516eaf3,6076,quaerere,32
b413307f-d5c0-42a0-b40e-9f9b4516eaf3,6083,Rogāta,32
b413307f-d5c0-42a0-b40e-9f9b4516eaf3,6084,est,1
b413307f-d5c0-42a0-b40e-9f9b4516eaf3,6094,admōtā,32
b413307f-d5c0-42a0-b40e-9f9b4516eaf3,6096,Accēnsā,64
b413307f-d5c0-42a0-b40e-9f9b4516eaf3,6097,magis,8
b413307f-d5c0-42a0-b40e-9f9b4516eaf3,6098,est,1
b413307f-d5c0-42a0-b40e-9f9b4516eaf3,6100,Noctua,32
b413307f-d5c0-42a0-b40e-9f9b4516eaf3,6105,esse,1
b413307f-d5c0-42a0-b40e-9f9b4516eaf3,6110,suā,4
b413307f-d5c0-42a0-b40e-9f9b4516eaf3,6113,est,1
b413307f-d5c0-42a0-b40e-9f9b4516eaf3,6114,aggressa,128
b413307f-d5c0-42a0-b40e-9f9b4516eaf3,6116,fallācia,128
b413307f-d5c0-42a0-b40e-9f9b4516eaf3,6123,cantūs,16
b413307f-d5c0-42a0-b40e-9f9b4516eaf3,6129,pūtēs,2
b413307f-d5c0-42a0-b40e-9f9b4516eaf3,6133,est,1
b413307f-d5c0-42a0-b40e-9f9b4516eaf3,6138,Pallās,16
b413307f-d5c0-42a0-b40e-9f9b4516eaf3,6147,venī,2
b413307f-d5c0-42a0-b40e-9f9b4516eaf3,6149,Ūnā,4
b413307f-d5c0-42a0-b40e-9f9b4516eaf3,6152,Illa,8
b413307f-d5c0-42a0-b40e-9f9b4516eaf3,6160,vōcem,2
b413307f-d5c0-42a0-b40e-9f9b4516eaf3,6164,Cupidē,32
b413307f-d5c0-42a0-b40e-9f9b4516eaf3,6167,Noctua,32
b413307f-d5c0-42a0-b40e-9f9b4516eaf3,6168,ēgressa,64
b413307f-d5c0-42a0-b40e-9f9b4516eaf3,6172,cōnsectāta,512
b413307f-d5c0-42a0-b40e-9f9b4516eaf3,6173,est,1
b413307f-d5c0-42a0-b40e-9f9b4516eaf3,6176,dēdit,2
b413307f-d5c0-42a0-b40e-9f9b4516eaf3,6179,vīva,8
b413307f-d5c0-42a0-b40e-9f9b4516eaf3,6183,mortua,32
b413307f-d5c0-42a0-b40e-9f9b4516eaf3,6188,tūtēlā,32
b413307f-d5c0-42a0-b40e-9f9b4516eaf3,6193,esse,1
b413307f-d5c0-42a0-b40e-9f9b4516eaf3,6195,tūtēlā,32
b413307f-d5c0-42a0-b40e-9f9b4516eaf3,6196,suā,4
b413307f-d5c0-42a0-b40e-9f9b4516eaf3,6202,Quercus,32
b413307f-d5c0-42a0-b40e-9f9b4516eaf3,6210,laurea,32
b413307f-d5c0-42a0-b40e-9f9b4516eaf3,6212,Pīnus,8
b413307f-d5c0-42a0-b40e-9f9b4516eaf3,6215,pōpulus,2
b413307f-d5c0-42a0-b40e-9f9b4516eaf3,6216,celsa,16
b413307f-d5c0-42a0-b40e-9f9b4516eaf3,6219,Minerva,64
b413307f-d5c0-42a0-b40e-9f9b4516eaf3,6235,vēndere,16
b413307f-d5c0-42a0-b40e-9f9b4516eaf3,6238,mehercules,1023
b413307f-d5c0-42a0-b40e-9f9b4516eaf3,6241,quis,4
b413307f-d5c0-42a0-b40e-9f9b4516eaf3,6244,Olīva,16
b413307f-d5c0-42a0-b40e-9f9b4516eaf3,6248,est,1
b413307f-d5c0-42a0-b40e-9f9b4516eaf3,6260,nāta,10
b413307f-d5c0-42a0-b40e-9f9b4516eaf3,6264,dīcere,10
b413307f-d5c0-42a0-b40e-9f9b4516eaf3,6267,Nīsī,10
b413307f-d5c0-42a0-b40e-9f9b4516eaf3,6269,est,1
b413307f-d5c0-42a0-b40e-9f9b4516eaf3,6273,stulta,32
b413307f-d5c0-42a0-b40e-9f9b4516eaf3,6274,est,1
b413307f-d5c0-42a0-b40e-9f9b4516eaf3,6275,glōria,32
b413307f-d5c0-42a0-b40e-9f9b4516eaf3,6278,agere,4
b413307f-d5c0-42a0-b40e-9f9b4516eaf3,6282,fābella,64
b413307f-d5c0-42a0-b40e-9f9b4516eaf3,6290,suā,4
b413307f-d5c0-42a0-b40e-9f9b4516eaf3,6295,venit,2
b413307f-d5c0-42a0-b40e-9f9b4516eaf3,6297,indignē,64
b413307f-d5c0-42a0-b40e-9f9b4516eaf3,6299,Cantus,16
b413307f-d5c0-42a0-b40e-9f9b4516eaf3,6307,esse,1
b413307f-d5c0-42a0-b40e-9f9b4516eaf3,6316,vōcem,2
b413307f-d5c0-42a0-b40e-9f9b4516eaf3,6321,grātia,32
b413307f-d5c0-42a0-b40e-9f9b4516eaf3,6323,dea,4
b413307f-d5c0-42a0-b40e-9f9b4516eaf3,6326,fōrma,16
b413307f-d5c0-42a0-b40e-9f9b4516eaf3,6327,vincis,16
b413307f-d5c0-42a0-b40e-9f9b4516eaf3,6329,vincis,16
b413307f-d5c0-42a0-b40e-9f9b4516eaf3,6332,Nitor,2
b413307f-d5c0-42a0-b40e-9f9b4516eaf3,6351,sonō,2
b413307f-d5c0-42a0-b40e-9f9b4516eaf3,6361,fōrma,16
b413307f-d5c0-42a0-b40e-9f9b4516eaf3,6363,vīrēs,2
b413307f-d5c0-42a0-b40e-9f9b4516eaf3,6367,melos,31
b413307f-d5c0-42a0-b40e-9f9b4516eaf3,6372,laeva,16
b413307f-d5c0-42a0-b40e-9f9b4516eaf3,6387,est,1
b413307f-d5c0-42a0-b40e-9f9b4516eaf3,6390,Dēlūsa,32
b413307f-d5c0-42a0-b40e-9f9b4516eaf3,6395,reccīdat,255
b413307f-d5c0-42a0-b40e-9f9b4516eaf3,6403,sōlus,10
b413307f-d5c0-42a0-b40e-9f9b4516eaf3,6405,esset,1
b413307f-d5c0-42a0-b40e-9f9b4516eaf3,6406,familiā,64
b413307f-d5c0-42a0-b40e-9f9b4516eaf3,6410,iussus,16
b413307f-d5c0-42a0-b40e-9f9b4516eaf3,6411,est,1
b413307f-d5c0-42a0-b40e-9f9b4516eaf3,6418,lūstrāvit,2
b413307f-d5c0-42a0-b40e-9f9b4516eaf3,6419,domus,8
b413307f-d5c0-42a0-b40e-9f9b4516eaf3,6422,invēnit,8
b413307f-d5c0-42a0-b40e-9f9b4516eaf3,6437,rēcta,16
b413307f-d5c0-42a0-b40e-9f9b4516eaf3,6446,turbā,16
b413307f-d5c0-42a0-b40e-9f9b4516eaf3,6451,mediō,2
b413307f-d5c0-42a0-b40e-9f9b4516eaf3,6452,sōle,10
b413307f-d5c0-42a0-b40e-9f9b4516eaf3,6466,Hoc,2
b413307f-d5c0-42a0-b40e-9f9b4516eaf3,6475,profectō,4
b413307f-d5c0-42a0-b40e-9f9b4516eaf3,6480,senī,2
b413307f-d5c0-42a0-b40e-9f9b4516eaf3,6482,Intempestīvē,2048
b413307f-d5c0-42a0-b40e-9f9b4516eaf3,6487,Poēta,16
b413307f-d5c0-42a0-b40e-9f9b4516eaf3,6501,esse,1
b413307f-d5c0-42a0-b40e-9f9b4516eaf3,6513,quis,4
b413307f-d5c0-42a0-b40e-9f9b4516eaf3,6514,eādem,2
b413307f-d5c0-42a0-b40e-9f9b4516eaf3,6523,operis,16
b413307f-d5c0-42a0-b40e-9f9b4516eaf3,6528,tanta,16
b413307f-d5c0-42a0-b40e-9f9b4516eaf3,6530,cōpia,16
b413307f-d5c0-42a0-b40e-9f9b4516eaf3,6539,labor,2
b413307f-d5c0-42a0-b40e-9f9b4516eaf3,6548,es,1
b413307f-d5c0-42a0-b40e-9f9b4516eaf3,6552,vōcis,8
b413307f-d5c0-42a0-b40e-9f9b4516eaf3,6556,vīta,8
b413307f-d5c0-42a0-b40e-9f9b4516eaf3,6559,est,1
b413307f-d5c0-42a0-b40e-9f9b4516eaf3,6563,hoc,2
b413307f-d5c0-42a0-b40e-9f9b4516eaf3,6577,cito,8
b413307f-d5c0-42a0-b40e-9f9b4516eaf3,6581,ūsus,4
b413307f-d5c0-42a0-b40e-9f9b4516eaf3,6592,Languentis,256
b413307f-d5c0-42a0-b40e-9f9b4516eaf3,6601,est,1
b413307f-d5c0-42a0-b40e-9f9b4516eaf3,6604,sēniō,2
b413307f-d5c0-42a0-b40e-9f9b4516eaf3,6609,nitētur,2
b413307f-d5c0-42a0-b40e-9f9b4516eaf3,6610,tua,4
b413307f-d5c0-42a0-b40e-9f9b4516eaf3,6615,esse,1
b413307f-d5c0-42a0-b40e-9f9b4516eaf3,6620,vīcīna,32
b413307f-d5c0-42a0-b40e-9f9b4516eaf3,6625,admovēre,8
b413307f-d5c0-42a0-b40e-9f9b4516eaf3,6630,Prōclīvis,128
b413307f-d5c0-42a0-b40e-9f9b4516eaf3,6634,misericordia,2048
b413307f-d5c0-42a0-b40e-9f9b4516eaf3,6669,fidēs,2
b413307f-d5c0-42a0-b40e-9f9b4516eaf3,6687,spīritus,64
b413307f-d5c0-42a0-b40e-9f9b4516eaf3,6709,lēgī,2
b413307f-d5c0-42a0-b40e-9f9b4516eaf3,6714,Pālam,2
b413307f-d5c0-42a0-b40e-9f9b4516eaf3,6718,est,1
b413307f-d5c0-42a0-b40e-9f9b4516eaf3,6724,pulchrē,64
b413307f-d5c0-42a0-b40e-9f9b4516eaf3,6727,Liber,2
b413307f-d5c0-42a0-b40e-9f9b4516eaf3,6729,Poētā,16
b413307f-d5c0-42a0-b40e-9f9b4516eaf3,6731,Particulonem,4095
b413307f-d5c0-42a0-b40e-9f9b4516eaf3,6735,operis,16
b413307f-d5c0-42a0-b40e-9f9b4516eaf3,6739,hōc,2
b413307f-d5c0-42a0-b40e-9f9b4516eaf3,6743,esset,1
b413307f-d5c0-42a0-b40e-9f9b4516eaf3,6745,satis,8
b413307f-d5c0-42a0-b40e-9f9b4516eaf3,6749,corde,16
b413307f-d5c0-42a0-b40e-9f9b4516eaf3,6755,quis,4
b413307f-d5c0-42a0-b40e-9f9b4516eaf3,6756,tālis,8
b413307f-d5c0-42a0-b40e-9f9b4516eaf3,6759,est,1
b413307f-d5c0-42a0-b40e-9f9b4516eaf3,6763,pactō,2
b413307f-d5c0-42a0-b40e-9f9b4516eaf3,6773,trādere,16
b413307f-d5c0-42a0-b40e-9f9b4516eaf3,6775,Suā,4
b413307f-d5c0-42a0-b40e-9f9b4516eaf3,6781,Colorque,2
b413307f-d5c0-42a0-b40e-9f9b4516eaf3,6786,levitās,2
b413307f-d5c0-42a0-b40e-9f9b4516eaf3,6790,certa,16
b413307f-d5c0-42a0-b40e-9f9b4516eaf3,6794,dedit,2
b413307f-d5c0-42a0-b40e-9f9b4516eaf3,6802,fabulīs,2
b413307f-d5c0-42a0-b40e-9f9b4516eaf3,6822,Ūsus,4
b413307f-d5c0-42a0-b40e-9f9b4516eaf3,6854,parta,16
b413307f-d5c0-42a0-b40e-9f9b4516eaf3,6856,est,1
b413307f-d5c0-42a0-b40e-9f9b4516eaf3,6868,mea,4
b413307f-d5c0-42a0-b40e-9f9b4516eaf3,6871,longā,16
b413307f-d5c0-42a0-b40e-9f9b4516eaf3,6872,iūdicātis,128
b413307f-d5c0-42a0-b40e-9f9b4516eaf3,6873,memoriā,64
b413307f-d5c0-42a0-b40e-9f9b4516eaf3,6885,nātus,8
b413307f-d5c0-42a0-b40e-9f9b4516eaf3,6886,est,1
b413307f-d5c0-42a0-b40e-9f9b4516eaf3,6891,modo,8
b413307f-d5c0-42a0-b40e-9f9b4516eaf3,6898,quoque,4
b413307f-d5c0-42a0-b40e-9f9b4516eaf3,6901,dūra,8
b413307f-d5c0-42a0-b40e-9f9b4516eaf3,6903,miseria,64
b413307f-d5c0-42a0-b40e-9f9b4516eaf3,6909,quaestūs,64
b413307f-d5c0-42a0-b40e-9f9b4516eaf3,6910,dūcere,8
b413307f-d5c0-42a0-b40e-9f9b4516eaf3,6916,Is,1
b413307f-d5c0-42a0-b40e-9f9b4516eaf3,6920,plāgīs,4
b413307f-d5c0-42a0-b40e-9f9b4516eaf3,6921,esset,1
b413307f-d5c0-42a0-b40e-9f9b4516eaf3,6924,Dētracta,128
b413307f-d5c0-42a0-b40e-9f9b4516eaf3,6940,hoc,2
b413307f-d5c0-42a0-b40e-9f9b4516eaf3,6943,modo,8
b413307f-d5c0-42a0-b40e-9f9b4516eaf3,6954,plāgae,4
b413307f-d5c0-42a0-b40e-9f9b4516eaf3,6958,Poēta,16
b413307f-d5c0-42a0-b40e-9f9b4516eaf3,6965,sānē,8
b413307f-d5c0-42a0-b40e-9f9b4516eaf3,6966,levī,2
b413307f-d5c0-42a0-b40e-9f9b4516eaf3,6978,intuēre,16
b413307f-d5c0-42a0-b40e-9f9b4516eaf3,6990,ea,2
b413307f-d5c0-42a0-b40e-9f9b4516eaf3,6997,prīma,16
b413307f-d5c0-42a0-b40e-9f9b4516eaf3,7000,rāra,8
b413307f-d5c0-42a0-b40e-9f9b4516eaf3,7006,cūra,8
b413307f-d5c0-42a0-b40e-9f9b4516eaf3,7009,Hoc,2
b413307f-d5c0-42a0-b40e-9f9b4516eaf3,7011,locūtus,32
b413307f-d5c0-42a0-b40e-9f9b4516eaf3,7012,sine,2
b413307f-d5c0-42a0-b40e-9f9b4516eaf3,7019,mustēlā,64
b413307f-d5c0-42a0-b40e-9f9b4516eaf3,7023,Mustēla,64
b413307f-d5c0-42a0-b40e-9f9b4516eaf3,7027,senectā,64
b413307f-d5c0-42a0-b40e-9f9b4516eaf3,7028,dēbilīs,32
b413307f-d5c0-42a0-b40e-9f9b4516eaf3,7037,farīnā,32
b413307f-d5c0-42a0-b40e-9f9b4516eaf3,7049,compressus,256
b413307f-d5c0-42a0-b40e-9f9b4516eaf3,7062,venit,2
b413307f-d5c0-42a0-b40e-9f9b4516eaf3,7070,mūscipula,256
b413307f-d5c0-42a0-b40e-9f9b4516eaf3,7076,hostīs,16
b413307f-d5c0-42a0-b40e-9f9b4516eaf3,7083,farīnā,32
b413307f-d5c0-42a0-b40e-9f9b4516eaf3,7084,es,1
b413307f-d5c0-42a0-b40e-9f9b4516eaf3,7091,ūvā,4
b413307f-d5c0-42a0-b40e-9f9b4516eaf3,7094,coāctā,36
b413307f-d5c0-42a0-b40e-9f9b4516eaf3,7096,altā,8
b413307f-d5c0-42a0-b40e-9f9b4516eaf3,7098,vīneā,16
b413307f-d5c0-42a0-b40e-9f9b4516eaf3,7106,tangere,16
b413307f-d5c0-42a0-b40e-9f9b4516eaf3,7115,mātūra,32
b413307f-d5c0-42a0-b40e-9f9b4516eaf3,7116,est,1
b413307f-d5c0-42a0-b40e-9f9b4516eaf3,7120,sūmere,8
b413307f-d5c0-42a0-b40e-9f9b4516eaf3,7130,Ascrībēre,64
b413307f-d5c0-42a0-b40e-9f9b4516eaf3,7131,hoc,2
b413307f-d5c0-42a0-b40e-9f9b4516eaf3,7155,orta,8
b413307f-d5c0-42a0-b40e-9f9b4516eaf3,7157,est,1
b413307f-d5c0-42a0-b40e-9f9b4516eaf3,7168,levāns,2
b413307f-d5c0-42a0-b40e-9f9b4516eaf3,7175,tēlīs,8
b413307f-d5c0-42a0-b40e-9f9b4516eaf3,7181,locūtus,32
b413307f-d5c0-42a0-b40e-9f9b4516eaf3,7198,ūtilis,16
b413307f-d5c0-42a0-b40e-9f9b4516eaf3,7201,ita,4
b413307f-d5c0-42a0-b40e-9f9b4516eaf3,7224,fābula,32
b413307f-d5c0-42a0-b40e-9f9b4516eaf3,7229,dedī,2
b413307f-d5c0-42a0-b40e-9f9b4516eaf3,7232,Poēta,16
b413307f-d5c0-42a0-b40e-9f9b4516eaf3,7235,esse,1
b413307f-d5c0-42a0-b40e-9f9b4516eaf3,7241,turbā,16
b413307f-d5c0-42a0-b40e-9f9b4516eaf3,7283,tōtam,2
b413307f-d5c0-42a0-b40e-9f9b4516eaf3,7286,tribūs,16
b413307f-d5c0-42a0-b40e-9f9b4516eaf3,7292,modō,8
b413307f-d5c0-42a0-b40e-9f9b4516eaf3,7295,data,8
b413307f-d5c0-42a0-b40e-9f9b4516eaf3,7310,Centēna,64
b413307f-d5c0-42a0-b40e-9f9b4516eaf3,7313,sēstertia,256
b413307f-d5c0-42a0-b40e-9f9b4516eaf3,7320,sēdula,32
b413307f-d5c0-42a0-b40e-9f9b4516eaf3,7321,Iūrīs,8
b413307f-d5c0-42a0-b40e-9f9b4516eaf3,7328,pactō,2
b413307f-d5c0-42a0-b40e-9f9b4516eaf3,7350,cōnsūmpta,256
b413307f-d5c0-42a0-b40e-9f9b4516eaf3,7351,est,1
b413307f-d5c0-42a0-b40e-9f9b4516eaf3,7354,mora,10
b413307f-d5c0-42a0-b40e-9f9b4516eaf3,7359,sēnsus,16
b413307f-d5c0-42a0-b40e-9f9b4516eaf3,7366,parēns,2
b413307f-d5c0-42a0-b40e-9f9b4516eaf3,7402,cadis,8
b413307f-d5c0-42a0-b40e-9f9b4516eaf3,7411,dēstināta,256
b413307f-d5c0-42a0-b40e-9f9b4516eaf3,7418,populus,2
b413307f-d5c0-42a0-b40e-9f9b4516eaf3,7425,media,18
b413307f-d5c0-42a0-b40e-9f9b4516eaf3,7426,subitō,8
b413307f-d5c0-42a0-b40e-9f9b4516eaf3,7428,turbā,16
b413307f-d5c0-42a0-b40e-9f9b4516eaf3,7434,condītō,16
b413307f-d5c0-42a0-b40e-9f9b4516eaf3,7435,sēnsus,16
b413307f-d5c0-42a0-b40e-9f9b4516eaf3,7450,Rogātus,32
b413307f-d5c0-42a0-b40e-9f9b4516eaf3,7464,vetera,32
b413307f-d5c0-42a0-b40e-9f9b4516eaf3,7465,date,8
b413307f-d5c0-42a0-b40e-9f9b4516eaf3,7475,cētera,32
b413307f-d5c0-42a0-b40e-9f9b4516eaf3,7477,assignātē,256
b413307f-d5c0-42a0-b40e-9f9b4516eaf3,7485,buvile,63
b413307f-d5c0-42a0-b40e-9f9b4516eaf3,7490,Dōnāte,32
b413307f-d5c0-42a0-b40e-9f9b4516eaf3,7493,Nūlla,16
b413307f-d5c0-42a0-b40e-9f9b4516eaf3,7502,suīs,6
b413307f-d5c0-42a0-b40e-9f9b4516eaf3,7504,Dēfōrmis,64
b413307f-d5c0-42a0-b40e-9f9b4516eaf3,7509,pāret,2
b413307f-d5c0-42a0-b40e-9f9b4516eaf3,7513,moecha,32
b413307f-d5c0-42a0-b40e-9f9b4516eaf3,7519,illa,8
b413307f-d5c0-42a0-b40e-9f9b4516eaf3,7524,dēdita,32
b413307f-d5c0-42a0-b40e-9f9b4516eaf3,7526,summā,16
b413307f-d5c0-42a0-b40e-9f9b4516eaf3,7532,nūlla,16
b413307f-d5c0-42a0-b40e-9f9b4516eaf3,7550,Ita,4
b413307f-d5c0-42a0-b40e-9f9b4516eaf3,7553,fugit,2
b413307f-d5c0-42a0-b40e-9f9b4516eaf3,7558,sollertia,256
b413307f-d5c0-42a0-b40e-9f9b4516eaf3,7560,Pugna,16
b413307f-d5c0-42a0-b40e-9f9b4516eaf3,7566,vīctī,2
b413307f-d5c0-42a0-b40e-9f9b4516eaf3,7569,exercitū,32
b413307f-d5c0-42a0-b40e-9f9b4516eaf3,7571,Historia,128
b413307f-d5c0-42a0-b40e-9f9b4516eaf3,7585,Aegrē,16
b413307f-d5c0-42a0-b40e-9f9b4516eaf3,7591,Ducēs,2
b413307f-d5c0-42a0-b40e-9f9b4516eaf3,7597,Suīs,6
b413307f-d5c0-42a0-b40e-9f9b4516eaf3,7623,Capācīs,32
b413307f-d5c0-42a0-b40e-9f9b4516eaf3,7626,tartareo,255
b413307f-d5c0-42a0-b40e-9f9b4516eaf3,7630,populum,2
b413307f-d5c0-42a0-b40e-9f9b4516eaf3,7631,trīstīs,32
b413307f-d5c0-42a0-b40e-9f9b4516eaf3,7632,ēventūs,32
b413307f-d5c0-42a0-b40e-9f9b4516eaf3,7639,Minūta,32
b413307f-d5c0-42a0-b40e-9f9b4516eaf3,7650,nāsūte,32
b413307f-d5c0-42a0-b40e-9f9b4516eaf3,7652,scrīpta,64
b413307f-d5c0-42a0-b40e-9f9b4516eaf3,7654,mea,4
b413307f-d5c0-42a0-b40e-9f9b4516eaf3,7656,hoc,2
b413307f-d5c0-42a0-b40e-9f9b4516eaf3,7657,iocōrum,8
b413307f-d5c0-42a0-b40e-9f9b4516eaf3,7658,legere,10
b413307f-d5c0-42a0-b40e-9f9b4516eaf3,7660,genus,8
b413307f-d5c0-42a0-b40e-9f9b4516eaf3,7662,Parva,16
b413307f-d5c0-42a0-b40e-9f9b4516eaf3,7665,patientiā,256
b413307f-d5c0-42a0-b40e-9f9b4516eaf3,7668,frontis,32
b413307f-d5c0-42a0-b40e-9f9b4516eaf3,7685,Pīnus,8
b413307f-d5c0-42a0-b40e-9f9b4516eaf3,7687,concidisset,16
b413307f-d5c0-42a0-b40e-9f9b4516eaf3,7688,Thessala,128
b413307f-d5c0-42a0-b40e-9f9b4516eaf3,7693,mortis,16
b413307f-d5c0-42a0-b40e-9f9b4516eaf3,7697,Argus,8
b413307f-d5c0-42a0-b40e-9f9b4516eaf3,7702,Inhospitālis,1024
b413307f-d5c0-42a0-b40e-9f9b4516eaf3,7703,prīma,16
b413307f-d5c0-42a0-b40e-9f9b4516eaf3,7706,sinūs,8
b413307f-d5c0-42a0-b40e-9f9b4516eaf3,7712,barbarum,16
b413307f-d5c0-42a0-b40e-9f9b4516eaf3,7719,domus,8
b413307f-d5c0-42a0-b40e-9f9b4516eaf3,7722,rēgna,16
b413307f-d5c0-42a0-b40e-9f9b4516eaf3,7723,Peliae,2
b413307f-d5c0-42a0-b40e-9f9b4516eaf3,7724,scelere,64
b413307f-d5c0-42a0-b40e-9f9b4516eaf3,7734,Illīc,8
b413307f-d5c0-42a0-b40e-9f9b4516eaf3,7736,artūs,8
b413307f-d5c0-42a0-b40e-9f9b4516eaf3,7741,Hīc,2
b413307f-d5c0-42a0-b40e-9f9b4516eaf3,7746,manūs,8
b413307f-d5c0-42a0-b40e-9f9b4516eaf3,7752,Hoc,2
b413307f-d5c0-42a0-b40e-9f9b4516eaf3,7753,quoque,4
b413307f-d5c0-42a0-b40e-9f9b4516eaf3,7755,est,1
b413307f-d5c0-42a0-b40e-9f9b4516eaf3,7760,longē,16
b413307f-d5c0-42a0-b40e-9f9b4516eaf3,7763,Aegaeā,32
b413307f-d5c0-42a0-b40e-9f9b4516eaf3,7767,frētā,20
b413307f-d5c0-42a0-b40e-9f9b4516eaf3,7792,esse,1
b413307f-d5c0-42a0-b40e-9f9b4516eaf3,7802,Hoc,2
b413307f-d5c0-42a0-b40e-9f9b4516eaf3,7805,est,1
b413307f-d5c0-42a0-b40e-9f9b4516eaf3,7808,stultitiā,256
b413307f-d5c0-42a0-b40e-9f9b4516eaf3,7812,pūtentur,2
b413307f-d5c0-42a0-b40e-9f9b4516eaf3,7827,Hōc,2
b413307f-d5c0-42a0-b40e-9f9b4516eaf3,7836,venit,2
b413307f-d5c0-42a0-b40e-9f9b4516eaf3,7837,vīpera,32
b413307f-d5c0-42a0-b40e-9f9b4516eaf3,7843,quā,4
b413307f-d5c0-42a0-b40e-9f9b4516eaf3,7845,esset,1
b413307f-d5c0-42a0-b40e-9f9b4516eaf3,7851,Illa,8
b413307f-d5c0-42a0-b40e-9f9b4516eaf3,7858,stultā,32
b413307f-d5c0-42a0-b40e-9f9b4516eaf3,7862,laedere,16
b413307f-d5c0-42a0-b40e-9f9b4516eaf3,7868,corrōdere,64
b413307f-d5c0-42a0-b40e-9f9b4516eaf3,7879,venit,2
b413307f-d5c0-42a0-b40e-9f9b4516eaf3,7886,mālō,2
b413307f-d5c0-42a0-b40e-9f9b4516eaf3,7889,dēcidisset,8
b413307f-d5c0-42a0-b40e-9f9b4516eaf3,7893,īnscia,32
b413307f-d5c0-42a0-b40e-9f9b4516eaf3,7896,clauderētur,32
b413307f-d5c0-42a0-b40e-9f9b4516eaf3,7899,Dēvēnit,8
b413307f-d5c0-42a0-b40e-9f9b4516eaf3,7908,esset,1
b413307f-d5c0-42a0-b40e-9f9b4516eaf3,7910,dulcis,16
b413307f-d5c0-42a0-b40e-9f9b4516eaf3,7915,Illa,8
b413307f-d5c0-42a0-b40e-9f9b4516eaf3,7921,amīce,16
b413307f-d5c0-42a0-b40e-9f9b4516eaf3,7923,tanta,16
b413307f-d5c0-42a0-b40e-9f9b4516eaf3,7925,est,1
b413307f-d5c0-42a0-b40e-9f9b4516eaf3,7932,mea,4
b413307f-d5c0-42a0-b40e-9f9b4516eaf3,7939,vulpēcula,256
b413307f-d5c0-42a0-b40e-9f9b4516eaf3,7941,puteō,2
b413307f-d5c0-42a0-b40e-9f9b4516eaf3,7942,nīxa,8
b413307f-d5c0-42a0-b40e-9f9b4516eaf3,7950,vādō,2
b413307f-d5c0-42a0-b40e-9f9b4516eaf3,7967,dedit,2
b413307f-d5c0-42a0-b40e-9f9b4516eaf3,7977,vidēre,2
b413307f-d5c0-42a0-b40e-9f9b4516eaf3,7978,nostra,32
b413307f-d5c0-42a0-b40e-9f9b4516eaf3,7979,mala,10
b413307f-d5c0-42a0-b40e-9f9b4516eaf3,7983,Āliī,1
b413307f-d5c0-42a0-b40e-9f9b4516eaf3,7992,lucerna,64
b413307f-d5c0-42a0-b40e-9f9b4516eaf3,7998,ārā,5
b413307f-d5c0-42a0-b40e-9f9b4516eaf3,8012,Repente,2
b413307f-d5c0-42a0-b40e-9f9b4516eaf3,8013,vōcem,2
b413307f-d5c0-42a0-b40e-9f9b4516eaf3,8014,sānctā,32
b413307f-d5c0-42a0-b40e-9f9b4516eaf3,8016,Religio,127
b413307f-d5c0-42a0-b40e-9f9b4516eaf3,8018,Malōrum,2
b413307f-d5c0-42a0-b40e-9f9b4516eaf3,8020,ista,8
b413307f-d5c0-42a0-b40e-9f9b4516eaf3,8022,mūnera,32
b413307f-d5c0-42a0-b40e-9f9b4516eaf3,8024,invīsa,32
b413307f-d5c0-42a0-b40e-9f9b4516eaf3,8033,scelestē,128
b413307f-d5c0-42a0-b40e-9f9b4516eaf3,8048,ignis,8
b413307f-d5c0-42a0-b40e-9f9b4516eaf3,8061,esse,1
b413307f-d5c0-42a0-b40e-9f9b4516eaf3,8071,flammā,32
b413307f-d5c0-42a0-b40e-9f9b4516eaf3,8075,lucernā,64
b413307f-d5c0-42a0-b40e-9f9b4516eaf3,8077,est,1
b413307f-d5c0-42a0-b40e-9f9b4516eaf3,8084,hoc,2
b413307f-d5c0-42a0-b40e-9f9b4516eaf3,8090,alius,4
b413307f-d5c0-42a0-b40e-9f9b4516eaf3,8100,aluerīs,32
b413307f-d5c0-42a0-b40e-9f9b4516eaf3,8104,maximē,32
b413307f-d5c0-42a0-b40e-9f9b4516eaf3,8109,scelera,64
b413307f-d5c0-42a0-b40e-9f9b4516eaf3,8111,īra,4
b413307f-d5c0-42a0-b40e-9f9b4516eaf3,8120,Novissimē,256
b413307f-d5c0-42a0-b40e-9f9b4516eaf3,8128,ūllius,8
b413307f-d5c0-42a0-b40e-9f9b4516eaf3,8131,Malās,2
b413307f-d5c0-42a0-b40e-9f9b4516eaf3,8132,esse,1
b413307f-d5c0-42a0-b40e-9f9b4516eaf3,8135,Ōpēs,1
b413307f-d5c0-42a0-b40e-9f9b4516eaf3,8140,virō,2
b413307f-d5c0-42a0-b40e-9f9b4516eaf3,8144,arca,8
b413307f-d5c0-42a0-b40e-9f9b4516eaf3,8150,receptus,64
b413307f-d5c0-42a0-b40e-9f9b4516eaf3,8164,est,1
b413307f-d5c0-42a0-b40e-9f9b4516eaf3,8174,Ōdī,1
b413307f-d5c0-42a0-b40e-9f9b4516eaf3,8179,malīs,2
b413307f-d5c0-42a0-b40e-9f9b4516eaf3,8181,est,1
b413307f-d5c0-42a0-b40e-9f9b4516eaf3,8184,cūnctā,32
b413307f-d5c0-42a0-b40e-9f9b4516eaf3,8195,est,1
b413307f-d5c0-42a0-b40e-9f9b4516eaf3,8197,rēctē,16
b413307f-d5c0-42a0-b40e-9f9b4516eaf3,8200,Probanda,128
b413307f-d5c0-42a0-b40e-9f9b4516eaf3,8202,est,1
b413307f-d5c0-42a0-b40e-9f9b4516eaf3,8204,sententia,256
b413307f-d5c0-42a0-b40e-9f9b4516eaf3,8209,solet,2
b413307f-d5c0-42a0-b40e-9f9b4516eaf3,8217,fecissit,255
b413307f-d5c0-42a0-b40e-9f9b4516eaf3,8218,leō,2
b413307f-d5c0-42a0-b40e-9f9b4516eaf3,8226,prīstinā,164
b413307f-d5c0-42a0-b40e-9f9b4516eaf3,8235,Sāncta,32
b413307f-d5c0-42a0-b40e-9f9b4516eaf3,8236,incorrupta,512
b413307f-d5c0-42a0-b40e-9f9b4516eaf3,8237,iūra,8
b413307f-d5c0-42a0-b40e-9f9b4516eaf3,8239,fide,10
b413307f-d5c0-42a0-b40e-9f9b4516eaf3,8242,labāre,10
b413307f-d5c0-42a0-b40e-9f9b4516eaf3,8244,paenitentia,1024
b413307f-d5c0-42a0-b40e-9f9b4516eaf3,8261,Īdēm,5
b413307f-d5c0-42a0-b40e-9f9b4516eaf3,8277,Īdēm,5
b413307f-d5c0-42a0-b40e-9f9b4516eaf3,8282,fictilis,64
b413307f-d5c0-42a0-b40e-9f9b4516eaf3,8291,partis,16
b413307f-d5c0-42a0-b40e-9f9b4516eaf3,8299,tōtō,2
b413307f-d5c0-42a0-b40e-9f9b4516eaf3,8301,diē,6
b413307f-d5c0-42a0-b40e-9f9b4516eaf3,8308,suīs,6
b413307f-d5c0-42a0-b40e-9f9b4516eaf3,8312,est,1
b413307f-d5c0-42a0-b40e-9f9b4516eaf3,8313,invītātus,128
b413307f-d5c0-42a0-b40e-9f9b4516eaf3,8314,subitō,8
b413307f-d5c0-42a0-b40e-9f9b4516eaf3,8316,Libero,63
b413307f-d5c0-42a0-b40e-9f9b4516eaf3,8318,Ubī,0
b413307f-d5c0-42a0-b40e-9f9b4516eaf3,8322,nectare,16
b413307f-d5c0-42a0-b40e-9f9b4516eaf3,8324,Sērō,2
b413307f-d5c0-42a0-b40e-9f9b4516eaf3,8326,est,1
b413307f-d5c0-42a0-b40e-9f9b4516eaf3,8329,pede,2
b413307f-d5c0-42a0-b40e-9f9b4516eaf3,8333,corde,16
b413307f-d5c0-42a0-b40e-9f9b4516eaf3,8342,masculīna,256
b413307f-d5c0-42a0-b40e-9f9b4516eaf3,8343,membra,32
b413307f-d5c0-42a0-b40e-9f9b4516eaf3,8345,feminis,34
b413307f-d5c0-42a0-b40e-9f9b4516eaf3,8347,Ita,4
b413307f-d5c0-42a0-b40e-9f9b4516eaf3,8378,glōria,32
b413307f-d5c0-42a0-b40e-9f9b4516eaf3,8379,vāna,8
b413307f-d5c0-42a0-b40e-9f9b4516eaf3,8387,Parēs,2
b413307f-d5c0-42a0-b40e-9f9b4516eaf3,8394,Hoc,2
b413307f-d5c0-42a0-b40e-9f9b4516eaf3,8401,esse,1
b413307f-d5c0-42a0-b40e-9f9b4516eaf3,8417,suīs,6
b413307f-d5c0-42a0-b40e-9f9b4516eaf3,8422,grātia,32
b413307f-d5c0-42a0-b40e-9f9b4516eaf3,8424,Vexāta,32
b413307f-d5c0-42a0-b40e-9f9b4516eaf3,8426,nāvīs,8
b413307f-d5c0-42a0-b40e-9f9b4516eaf3,8433,mortis,16
b413307f-d5c0-42a0-b40e-9f9b4516eaf3,8438,subitō,8
b413307f-d5c0-42a0-b40e-9f9b4516eaf3,8445,tūta,8
b413307f-d5c0-42a0-b40e-9f9b4516eaf3,8448,Nimiaque,16
b413307f-d5c0-42a0-b40e-9f9b4516eaf3,8451,extollere,64
b413307f-d5c0-42a0-b40e-9f9b4516eaf3,8453,Factus,16
b413307f-d5c0-42a0-b40e-9f9b4516eaf3,8457,sophus,63
b413307f-d5c0-42a0-b40e-9f9b4516eaf3,8459,Parcē,16
b413307f-d5c0-42a0-b40e-9f9b4516eaf3,8466,Tōtam,2
b413307f-d5c0-42a0-b40e-9f9b4516eaf3,8467,aequē,16
b413307f-d5c0-42a0-b40e-9f9b4516eaf3,8474,Canum,2
b413307f-d5c0-42a0-b40e-9f9b4516eaf3,8479,Canēs,2
b413307f-d5c0-42a0-b40e-9f9b4516eaf3,8482,miserē,42
b413307f-d5c0-42a0-b40e-9f9b4516eaf3,8509,Profectī,4
b413307f-d5c0-42a0-b40e-9f9b4516eaf3,8514,pede,2
b413307f-d5c0-42a0-b40e-9f9b4516eaf3,8529,invenit,8
b413307f-d5c0-42a0-b40e-9f9b4516eaf3,8530,Ēōs,3
b413307f-d5c0-42a0-b40e-9f9b4516eaf3,8544,Tōtam,2
b413307f-d5c0-42a0-b40e-9f9b4516eaf3,8572,suīs,6
b413307f-d5c0-42a0-b40e-9f9b4516eaf3,8591,accidat,8
b413307f-d5c0-42a0-b40e-9f9b4516eaf3,8593,Odōrē,16
b413307f-d5c0-42a0-b40e-9f9b4516eaf3,8595,ānum,1
b413307f-d5c0-42a0-b40e-9f9b4516eaf3,8602,Mandāta,64
b413307f-d5c0-42a0-b40e-9f9b4516eaf3,8623,tremere,16
b413307f-d5c0-42a0-b40e-9f9b4516eaf3,8624,coepēre,16
b413307f-d5c0-42a0-b40e-9f9b4516eaf3,8627,Canēs,2
b413307f-d5c0-42a0-b40e-9f9b4516eaf3,8630,subitō,8
b413307f-d5c0-42a0-b40e-9f9b4516eaf3,8635,Repente,2
b413307f-d5c0-42a0-b40e-9f9b4516eaf3,8648,est,1
b413307f-d5c0-42a0-b40e-9f9b4516eaf3,8649,locūtus,32
b413307f-d5c0-42a0-b40e-9f9b4516eaf3,8656,est,1
b413307f-d5c0-42a0-b40e-9f9b4516eaf3,8657,rēgis,2
b413307f-d5c0-42a0-b40e-9f9b4516eaf3,8659,dīmittere,64
b413307f-d5c0-42a0-b40e-9f9b4516eaf3,8662,est,1
b413307f-d5c0-42a0-b40e-9f9b4516eaf3,8666,impōnere,32
b413307f-d5c0-42a0-b40e-9f9b4516eaf3,8669,hoc,2
b413307f-d5c0-42a0-b40e-9f9b4516eaf3,8700,contumēlia,512
b413307f-d5c0-42a0-b40e-9f9b4516eaf3,8702,Ita,4
b413307f-d5c0-42a0-b40e-9f9b4516eaf3,8718,Misericordia,2048
b413307f-d5c0-42a0-b40e-9f9b4516eaf3,8719,nocīva,32
b413307f-d5c0-42a0-b40e-9f9b4516eaf3,8723,malīs,2
b413307f-d5c0-42a0-b40e-9f9b4516eaf3,8743,refecta,64
b413307f-d5c0-42a0-b40e-9f9b4516eaf3,8744,est,1
b413307f-d5c0-42a0-b40e-9f9b4516eaf3,8750,alia,8
b413307f-d5c0-42a0-b40e-9f9b4516eaf3,8759,quis,4
b413307f-d5c0-42a0-b40e-9f9b4516eaf3,8777,plūrīs,16
b413307f-d5c0-42a0-b40e-9f9b4516eaf3,8781,Pervēnit,16
b413307f-d5c0-42a0-b40e-9f9b4516eaf3,8805,pulchrē,64
b413307f-d5c0-42a0-b40e-9f9b4516eaf3,8821,capis,10
b413307f-d5c0-42a0-b40e-9f9b4516eaf3,8822,Hoc,2
b413307f-d5c0-42a0-b40e-9f9b4516eaf3,8828,est,1
b413307f-d5c0-42a0-b40e-9f9b4516eaf3,8843,hoc,2
b413307f-d5c0-42a0-b40e-9f9b4516eaf3,8849,est,1
b413307f-d5c0-42a0-b40e-9f9b4516eaf3,8861,fātīs,8
b413307f-d5c0-42a0-b40e-9f9b4516eaf3,8862,placet,4
b413307f-d5c0-42a0-b40e-9f9b4516eaf3,8867,līberē,42
b413307f-d5c0-42a0-b40e-9f9b4516eaf3,8872,est,1
b413307f-d5c0-42a0-b40e-9f9b4516eaf3,8874,nātus,8
b413307f-d5c0-42a0-b40e-9f9b4516eaf3,8877,est,1
b413307f-d5c0-42a0-b40e-9f9b4516eaf3,8878,similis,32
b413307f-d5c0-42a0-b40e-9f9b4516eaf3,8890,caecā,16
b413307f-d5c0-42a0-b40e-9f9b4516eaf3,8896,dīcō,2
b413307f-d5c0-42a0-b40e-9f9b4516eaf3,8898,avārē,16
b413307f-d5c0-42a0-b40e-9f9b4516eaf3,8910,fraudās,32
b413307f-d5c0-42a0-b40e-9f9b4516eaf3,8914,trīstis,32
b413307f-d5c0-42a0-b40e-9f9b4516eaf3,8918,sonum,2
b413307f-d5c0-42a0-b40e-9f9b4516eaf3,8926,pretia,32
b413307f-d5c0-42a0-b40e-9f9b4516eaf3,8946,Libitīna,128
b413307f-d5c0-42a0-b40e-9f9b4516eaf3,8960,modō,8
b413307f-d5c0-42a0-b40e-9f9b4516eaf3,8965,pulchrē,64
b413307f-d5c0-42a0-b40e-9f9b4516eaf3,8971,esse,1
b413307f-d5c0-42a0-b40e-9f9b4516eaf3,8973,memoriā,64
b413307f-d5c0-42a0-b40e-9f9b4516eaf3,8976,dīcet,2
b413307f-d5c0-42a0-b40e-9f9b4516eaf3,8999,hoc,2
b413307f-d5c0-42a0-b40e-9f9b4516eaf3,9003,est,1
b413307f-d5c0-42a0-b40e-9f9b4516eaf3,9006,Invenit,8
b413307f-d5c0-42a0-b40e-9f9b4516eaf3,9009,nostra,32
b413307f-d5c0-42a0-b40e-9f9b4516eaf3,9011,manūs,8
b413307f-d5c0-42a0-b40e-9f9b4516eaf3,9035,melos,31
b413307f-d5c0-42a0-b40e-9f9b4516eaf3,9050,acceptā,64
b413307f-d5c0-42a0-b40e-9f9b4516eaf3,9052,victōrum,2
b413307f-d5c0-42a0-b40e-9f9b4516eaf3,9053,canēns,2
b413307f-d5c0-42a0-b40e-9f9b4516eaf3,9055,Hōc,2
b413307f-d5c0-42a0-b40e-9f9b4516eaf3,9057,quaestus,64
b413307f-d5c0-42a0-b40e-9f9b4516eaf3,9060,factus,16
b413307f-d5c0-42a0-b40e-9f9b4516eaf3,9061,est,1
b413307f-d5c0-42a0-b40e-9f9b4516eaf3,9076,nātus,8
b413307f-d5c0-42a0-b40e-9f9b4516eaf3,9078,Cīā,4
b413307f-d5c0-42a0-b40e-9f9b4516eaf3,9079,īnsula,32
b413307f-d5c0-42a0-b40e-9f9b4516eaf3,9086,horrida,64
b413307f-d5c0-42a0-b40e-9f9b4516eaf3,9090,mediō,2
b413307f-d5c0-42a0-b40e-9f9b4516eaf3,9119,mea,4
b413307f-d5c0-42a0-b40e-9f9b4516eaf3,9121,cūncta,32
b413307f-d5c0-42a0-b40e-9f9b4516eaf3,9148,Antīqua,64
b413307f-d5c0-42a0-b40e-9f9b4516eaf3,9156,Hīc,2
b413307f-d5c0-42a0-b40e-9f9b4516eaf3,9162,Simōnidis,128
b413307f-d5c0-42a0-b40e-9f9b4516eaf3,9165,versus,16
b413307f-d5c0-42a0-b40e-9f9b4516eaf3,9168,absentis,64
b413307f-d5c0-42a0-b40e-9f9b4516eaf3,9176,cupidissimē,1024
b413307f-d5c0-42a0-b40e-9f9b4516eaf3,9185,familiā,64
b413307f-d5c0-42a0-b40e-9f9b4516eaf3,9194,vīctum,2
b413307f-d5c0-42a0-b40e-9f9b4516eaf3,9207,mea,4
b413307f-d5c0-42a0-b40e-9f9b4516eaf3,9209,esse,1
b413307f-d5c0-42a0-b40e-9f9b4516eaf3,9210,cūncta,32
b413307f-d5c0-42a0-b40e-9f9b4516eaf3,9223,gemitus,32
b413307f-d5c0-42a0-b40e-9f9b4516eaf3,9224,immānēs,8
b413307f-d5c0-42a0-b40e-9f9b4516eaf3,9230,maxima,32
b413307f-d5c0-42a0-b40e-9f9b4516eaf3,9239,Hoc,2
b413307f-d5c0-42a0-b40e-9f9b4516eaf3,9241,est,1
b413307f-d5c0-42a0-b40e-9f9b4516eaf3,9246,magna,16
b413307f-d5c0-42a0-b40e-9f9b4516eaf3,9248,mināris,32
b413307f-d5c0-42a0-b40e-9f9b4516eaf3,9253,Formīca,64
b413307f-d5c0-42a0-b40e-9f9b4516eaf3,9255,musca,16
b413307f-d5c0-42a0-b40e-9f9b4516eaf3,9258,agere,4
b413307f-d5c0-42a0-b40e-9f9b4516eaf3,9262,fābella,64
b413307f-d5c0-42a0-b40e-9f9b4516eaf3,9265,Formīca,64
b413307f-d5c0-42a0-b40e-9f9b4516eaf3,9267,musca,16
b413307f-d5c0-42a0-b40e-9f9b4516eaf3,9271,plūrīs,16
b413307f-d5c0-42a0-b40e-9f9b4516eaf3,9272,esset,1
b413307f-d5c0-42a0-b40e-9f9b4516eaf3,9274,Musca,16
b413307f-d5c0-42a0-b40e-9f9b4516eaf3,9282,potes,10
b413307f-d5c0-42a0-b40e-9f9b4516eaf3,9286,Moror,2
b413307f-d5c0-42a0-b40e-9f9b4516eaf3,9288,ārās,1
b413307f-d5c0-42a0-b40e-9f9b4516eaf3,9294,Ubī,0
b413307f-d5c0-42a0-b40e-9f9b4516eaf3,9297,exta,8
b413307f-d5c0-42a0-b40e-9f9b4516eaf3,9302,capite,8
b413307f-d5c0-42a0-b40e-9f9b4516eaf3,9303,rēgis,2
b413307f-d5c0-42a0-b40e-9f9b4516eaf3,9307,est,1
b413307f-d5c0-42a0-b40e-9f9b4516eaf3,9312,casta,16
b413307f-d5c0-42a0-b40e-9f9b4516eaf3,9314,ōscula,32
b413307f-d5c0-42a0-b40e-9f9b4516eaf3,9329,rūstica,64
b413307f-d5c0-42a0-b40e-9f9b4516eaf3,9331,Est,1
b413307f-d5c0-42a0-b40e-9f9b4516eaf3,9333,sānē,8
b413307f-d5c0-42a0-b40e-9f9b4516eaf3,9334,convictus,128
b413307f-d5c0-42a0-b40e-9f9b4516eaf3,9345,est,1
b413307f-d5c0-42a0-b40e-9f9b4516eaf3,9347,Ārās,1
b413307f-d5c0-42a0-b40e-9f9b4516eaf3,9351,abigeris,16
b413307f-d5c0-42a0-b40e-9f9b4516eaf3,9354,venīs,2
b413307f-d5c0-42a0-b40e-9f9b4516eaf3,9356,Rēgēs,2
b413307f-d5c0-42a0-b40e-9f9b4516eaf3,9360,ōscula,32
b413307f-d5c0-42a0-b40e-9f9b4516eaf3,9365,tegere,8
b413307f-d5c0-42a0-b40e-9f9b4516eaf3,9377,est,1
b413307f-d5c0-42a0-b40e-9f9b4516eaf3,9387,studiōsē,128
b413307f-d5c0-42a0-b40e-9f9b4516eaf3,9402,brūma,16
b413307f-d5c0-42a0-b40e-9f9b4516eaf3,9403,est,1
b413307f-d5c0-42a0-b40e-9f9b4516eaf3,9406,Mōrī,2
b413307f-d5c0-42a0-b40e-9f9b4516eaf3,9411,frīgora,64
b413307f-d5c0-42a0-b40e-9f9b4516eaf3,9414,cōpiōsa,64
b413307f-d5c0-42a0-b40e-9f9b4516eaf3,9417,domus,8
b413307f-d5c0-42a0-b40e-9f9b4516eaf3,9419,Satis,8
b413307f-d5c0-42a0-b40e-9f9b4516eaf3,9420,profectō,4
b413307f-d5c0-42a0-b40e-9f9b4516eaf3,9424,Fābella,64
b413307f-d5c0-42a0-b40e-9f9b4516eaf3,9425,tālīs,8
b413307f-d5c0-42a0-b40e-9f9b4516eaf3,9428,notās,2
b413307f-d5c0-42a0-b40e-9f9b4516eaf3,9429,Ēōrum,1
b413307f-d5c0-42a0-b40e-9f9b4516eaf3,9443,Poēta,16
b413307f-d5c0-42a0-b40e-9f9b4516eaf3,9459,superīs,40
b413307f-d5c0-42a0-b40e-9f9b4516eaf3,9466,īdem,1
b413307f-d5c0-42a0-b40e-9f9b4516eaf3,9485,Exigua,32
b413307f-d5c0-42a0-b40e-9f9b4516eaf3,9488,māteria,64
b413307f-d5c0-42a0-b40e-9f9b4516eaf3,9491,Ūsus,4
b413307f-d5c0-42a0-b40e-9f9b4516eaf3,9492,poēta,16
b413307f-d5c0-42a0-b40e-9f9b4516eaf3,9493,mōris,10
b413307f-d5c0-42a0-b40e-9f9b4516eaf3,9494,est,1
b413307f-d5c0-42a0-b40e-9f9b4516eaf3,9495,licentia,128
b413307f-d5c0-42a0-b40e-9f9b4516eaf3,9498,gemina,32
b413307f-d5c0-42a0-b40e-9f9b4516eaf3,9503,similis,32
b413307f-d5c0-42a0-b40e-9f9b4516eaf3,9525,laudīs,16
b413307f-d5c0-42a0-b40e-9f9b4516eaf3,9531,īrātē,16
b413307f-d5c0-42a0-b40e-9f9b4516eaf3,9547,es,1
b413307f-d5c0-42a0-b40e-9f9b4516eaf3,9556,iniūriā,64
b413307f-d5c0-42a0-b40e-9f9b4516eaf3,9559,male,2
b413307f-d5c0-42a0-b40e-9f9b4516eaf3,9567,hōra,8
b413307f-d5c0-42a0-b40e-9f9b4516eaf3,9568,dicta,16
b413307f-d5c0-42a0-b40e-9f9b4516eaf3,9573,hilarē,32
b413307f-d5c0-42a0-b40e-9f9b4516eaf3,9579,laeta,16
b413307f-d5c0-42a0-b40e-9f9b4516eaf3,9581,domus,8
b413307f-d5c0-42a0-b40e-9f9b4516eaf3,9583,Repente,2
b413307f-d5c0-42a0-b40e-9f9b4516eaf3,9593,corpora,64
b413307f-d5c0-42a0-b40e-9f9b4516eaf3,9609,interesse,32
b413307f-d5c0-42a0-b40e-9f9b4516eaf3,9613,moram,2
b413307f-d5c0-42a0-b40e-9f9b4516eaf3,9621,promorat,255
b413307f-d5c0-42a0-b40e-9f9b4516eaf3,9626,Ruīna,16
b413307f-d5c0-42a0-b40e-9f9b4516eaf3,9628,subitō,8
b413307f-d5c0-42a0-b40e-9f9b4516eaf3,9641,est,1
b413307f-d5c0-42a0-b40e-9f9b4516eaf3,9642,vulgātus,64
b413307f-d5c0-42a0-b40e-9f9b4516eaf3,9651,Vātī,2
b413307f-d5c0-42a0-b40e-9f9b4516eaf3,9657,Poēta,16
b413307f-d5c0-42a0-b40e-9f9b4516eaf3,9659,Particulonem,4095
b413307f-d5c0-42a0-b40e-9f9b4516eaf3,9663,multa,16
b413307f-d5c0-42a0-b40e-9f9b4516eaf3,9669,cōpiōsa,64
b413307f-d5c0-42a0-b40e-9f9b4516eaf3,9686,sānctissimē,1024
b413307f-d5c0-42a0-b40e-9f9b4516eaf3,9691,nōmen,10
b413307f-d5c0-42a0-b40e-9f9b4516eaf3,9692,vīctūrum,2
b413307f-d5c0-42a0-b40e-9f9b4516eaf3,9704,certē,16
b413307f-d5c0-42a0-b40e-9f9b4516eaf3,9706,approbā,64
b413307f-d5c0-42a0-b40e-9f9b4516eaf3,9719,Līber,2
b413307f-d5c0-42a0-b40e-9f9b4516eaf3,9721,Īdēm,5
b413307f-d5c0-42a0-b40e-9f9b4516eaf3,9722,poēta,16
b413307f-d5c0-42a0-b40e-9f9b4516eaf3,9725,nōmen,10
b413307f-d5c0-42a0-b40e-9f9b4516eaf3,9737,esse,1
b413307f-d5c0-42a0-b40e-9f9b4516eaf3,9739,grātiā,32
b413307f-d5c0-42a0-b40e-9f9b4516eaf3,9773,Invidia,64
b413307f-d5c0-42a0-b40e-9f9b4516eaf3,9783,tālis,8
b413307f-d5c0-42a0-b40e-9f9b4516eaf3,9791,poēta,16
b413307f-d5c0-42a0-b40e-9f9b4516eaf3,9802,est,1
b413307f-d5c0-42a0-b40e-9f9b4516eaf3,9812,est,1
b413307f-d5c0-42a0-b40e-9f9b4516eaf3,9831,qua,4
b413307f-d5c0-42a0-b40e-9f9b4516eaf3,9835,manum,2
b413307f-d5c0-42a0-b40e-9f9b4516eaf3,9837,Tacite,32
b413307f-d5c0-42a0-b40e-9f9b4516eaf3,9845,residēs,8
b413307f-d5c0-42a0-b40e-9f9b4516eaf3,9858,quis,4
b413307f-d5c0-42a0-b40e-9f9b4516eaf3,9861,nōbilis,32
b413307f-d5c0-42a0-b40e-9f9b4516eaf3,9874,virī,2
b413307f-d5c0-42a0-b40e-9f9b4516eaf3,9907,Hic,2
b413307f-d5c0-42a0-b40e-9f9b4516eaf3,9908,est,1
b413307f-d5c0-42a0-b40e-9f9b4516eaf3,9912,Mūtātus,32
b413307f-d5c0-42a0-b40e-9f9b4516eaf3,9924,latrō,2
b413307f-d5c0-42a0-b40e-9f9b4516eaf3,9928,incīdissent,8
b413307f-d5c0-42a0-b40e-9f9b4516eaf3,9934,profūgit,16
b413307f-d5c0-42a0-b40e-9f9b4516eaf3,9943,dexterā,64
b413307f-d5c0-42a0-b40e-9f9b4516eaf3,9949,comes,10
b413307f-d5c0-42a0-b40e-9f9b4516eaf3,9954,reiectā,64
b413307f-d5c0-42a0-b40e-9f9b4516eaf3,9955,paenulā,64
b413307f-d5c0-42a0-b40e-9f9b4516eaf3,9957,Cedo,10
b413307f-d5c0-42a0-b40e-9f9b4516eaf3,9978,modo,8
b413307f-d5c0-42a0-b40e-9f9b4516eaf3,9982,vēra,8
b413307f-d5c0-42a0-b40e-9f9b4516eaf3,9997,fallere,16
b413307f-d5c0-42a0-b40e-9f9b4516eaf3,10022,secundā,64
b413307f-d5c0-42a0-b40e-9f9b4516eaf3,10023,fortis,16
b413307f-d5c0-42a0-b40e-9f9b4516eaf3,10024,est,1
b413307f-d5c0-42a0-b40e-9f9b4516eaf3,10026,dubia,16
b413307f-d5c0-42a0-b40e-9f9b4516eaf3,10031,musca,16
b413307f-d5c0-42a0-b40e-9f9b4516eaf3,10035,musca,16
b413307f-d5c0-42a0-b40e-9f9b4516eaf3,10040,opprimere,64
b413307f-d5c0-42a0-b40e-9f9b4516eaf3,10048,illa,8
b413307f-d5c0-42a0-b40e-9f9b4516eaf3,10052,volucris,72
b413307f-d5c0-42a0-b40e-9f9b4516eaf3,10064,addiderīs,128
b413307f-d5c0-42a0-b40e-9f9b4516eaf3,10086,generis,32
b413307f-d5c0-42a0-b40e-9f9b4516eaf3,10091,dēlectāris,256
b413307f-d5c0-42a0-b40e-9f9b4516eaf3,10092,bibere,8
b413307f-d5c0-42a0-b40e-9f9b4516eaf3,10103,Hoc,2
b413307f-d5c0-42a0-b40e-9f9b4516eaf3,10106,eī,2
b413307f-d5c0-42a0-b40e-9f9b4516eaf3,10116,est,1
b413307f-d5c0-42a0-b40e-9f9b4516eaf3,10120,esse,1
b413307f-d5c0-42a0-b40e-9f9b4516eaf3,10123,poenā,16
b413307f-d5c0-42a0-b40e-9f9b4516eaf3,10142,suā,4
b413307f-d5c0-42a0-b40e-9f9b4516eaf3,10148,hordeī,16
b413307f-d5c0-42a0-b40e-9f9b4516eaf3,10154,locūtus,32
b413307f-d5c0-42a0-b40e-9f9b4516eaf3,10155,est,1
b413307f-d5c0-42a0-b40e-9f9b4516eaf3,10163,Nīsī,10
b413307f-d5c0-42a0-b40e-9f9b4516eaf3,10168,est,1
b413307f-d5c0-42a0-b40e-9f9b4516eaf3,10183,dīcis,10
b413307f-d5c0-42a0-b40e-9f9b4516eaf3,10204,est,1
b413307f-d5c0-42a0-b40e-9f9b4516eaf3,10208,mālō,2
b413307f-d5c0-42a0-b40e-9f9b4516eaf3,10210,Scurra,32
b413307f-d5c0-42a0-b40e-9f9b4516eaf3,10216,labī,2
b413307f-d5c0-42a0-b40e-9f9b4516eaf3,10218,solent,2
b413307f-d5c0-42a0-b40e-9f9b4516eaf3,10226,suī,2
b413307f-d5c0-42a0-b40e-9f9b4516eaf3,10238,nōbilis,32
b413307f-d5c0-42a0-b40e-9f9b4516eaf3,10250,Venere,10
b413307f-d5c0-42a0-b40e-9f9b4516eaf3,10252,laudis,16
b413307f-d5c0-42a0-b40e-9f9b4516eaf3,10258,scurrā,32
b413307f-d5c0-42a0-b40e-9f9b4516eaf3,10267,genus,8
b413307f-d5c0-42a0-b40e-9f9b4516eaf3,10283,vacuā,16
b413307f-d5c0-42a0-b40e-9f9b4516eaf3,10286,loca,8
b413307f-d5c0-42a0-b40e-9f9b4516eaf3,10289,scaenā,32
b413307f-d5c0-42a0-b40e-9f9b4516eaf3,10292,sōlus,10
b413307f-d5c0-42a0-b40e-9f9b4516eaf3,10294,Sine,2
b413307f-d5c0-42a0-b40e-9f9b4516eaf3,10301,ipsa,8
b413307f-d5c0-42a0-b40e-9f9b4516eaf3,10307,sinum,2
b413307f-d5c0-42a0-b40e-9f9b4516eaf3,10308,repente,2
b413307f-d5c0-42a0-b40e-9f9b4516eaf3,10314,vōcem,2
b413307f-d5c0-42a0-b40e-9f9b4516eaf3,10315,est,1
b413307f-d5c0-42a0-b40e-9f9b4516eaf3,10316,imitātus,64
b413307f-d5c0-42a0-b40e-9f9b4516eaf3,10317,suā,4
b413307f-d5c0-42a0-b40e-9f9b4516eaf3,10321,subēsse,8
b413307f-d5c0-42a0-b40e-9f9b4516eaf3,10332,est,1
b413307f-d5c0-42a0-b40e-9f9b4516eaf3,10343,Hoc,2
b413307f-d5c0-42a0-b40e-9f9b4516eaf3,10349,mehercules,1023
b413307f-d5c0-42a0-b40e-9f9b4516eaf3,10357,est,1
b413307f-d5c0-42a0-b40e-9f9b4516eaf3,10358,Īdēm,5
b413307f-d5c0-42a0-b40e-9f9b4516eaf3,10365,turba,16
b413307f-d5c0-42a0-b40e-9f9b4516eaf3,10377,sedent,2
b413307f-d5c0-42a0-b40e-9f9b4516eaf3,10382,Scurra,32
b413307f-d5c0-42a0-b40e-9f9b4516eaf3,10386,plausūs,32
b413307f-d5c0-42a0-b40e-9f9b4516eaf3,10397,obtegere,32
b413307f-d5c0-42a0-b40e-9f9b4516eaf3,10423,vōcem,2
b413307f-d5c0-42a0-b40e-9f9b4516eaf3,10428,populus,2
b413307f-d5c0-42a0-b40e-9f9b4516eaf3,10437,trudī,4
b413307f-d5c0-42a0-b40e-9f9b4516eaf3,10455,hic,2
b413307f-d5c0-42a0-b40e-9f9b4516eaf3,10458,sītis,10
b413307f-d5c0-42a0-b40e-9f9b4516eaf3,10464,aequē,16
b413307f-d5c0-42a0-b40e-9f9b4516eaf3,10465,pilīs,2
b413307f-d5c0-42a0-b40e-9f9b4516eaf3,10466,dēfectus,64
b413307f-d5c0-42a0-b40e-9f9b4516eaf3,10468,Invenit,8
b413307f-d5c0-42a0-b40e-9f9b4516eaf3,10477,aequē,16
b413307f-d5c0-42a0-b40e-9f9b4516eaf3,10478,dēfectus,64
b413307f-d5c0-42a0-b40e-9f9b4516eaf3,10479,pilīs,2
b413307f-d5c0-42a0-b40e-9f9b4516eaf3,10487,est,1
b413307f-d5c0-42a0-b40e-9f9b4516eaf3,10511,invenīmus,40
b413307f-d5c0-42a0-b40e-9f9b4516eaf3,10518,querēla,64
b413307f-d5c0-42a0-b40e-9f9b4516eaf3,10519,convenit,16
b413307f-d5c0-42a0-b40e-9f9b4516eaf3,10524,Ubī,0
b413307f-d5c0-42a0-b40e-9f9b4516eaf3,10527,aurā,8
b413307f-d5c0-42a0-b40e-9f9b4516eaf3,10528,captus,16
b413307f-d5c0-42a0-b40e-9f9b4516eaf3,10529,frīvola,64
b413307f-d5c0-42a0-b40e-9f9b4516eaf3,10538,stulta,32
b413307f-d5c0-42a0-b40e-9f9b4516eaf3,10539,levitās,2
b413307f-d5c0-42a0-b40e-9f9b4516eaf3,10552,scaenā,32
b413307f-d5c0-42a0-b40e-9f9b4516eaf3,10555,Is,1
b413307f-d5c0-42a0-b40e-9f9b4516eaf3,10557,lūdis,8
b413307f-d5c0-42a0-b40e-9f9b4516eaf3,10560,satis,8
b413307f-d5c0-42a0-b40e-9f9b4516eaf3,10568,concīdit,16
b413307f-d5c0-42a0-b40e-9f9b4516eaf3,10583,perdere,16
b413307f-d5c0-42a0-b40e-9f9b4516eaf3,10586,manūs,8
b413307f-d5c0-42a0-b40e-9f9b4516eaf3,10601,venit,2
b413307f-d5c0-42a0-b40e-9f9b4516eaf3,10607,est,1
b413307f-d5c0-42a0-b40e-9f9b4516eaf3,10610,genus,8
b413307f-d5c0-42a0-b40e-9f9b4516eaf3,10619,saltantis,128
b413307f-d5c0-42a0-b40e-9f9b4516eaf3,10626,nōbilīs,32
b413307f-d5c0-42a0-b40e-9f9b4516eaf3,10632,Princeps,255
b413307f-d5c0-42a0-b40e-9f9b4516eaf3,10647,diē,6
b413307f-d5c0-42a0-b40e-9f9b4516eaf3,10651,advēnit,8
b413307f-d5c0-42a0-b40e-9f9b4516eaf3,10668,sine,2
b413307f-d5c0-42a0-b40e-9f9b4516eaf3,10669,morā,10
b413307f-d5c0-42a0-b40e-9f9b4516eaf3,10679,mōre,10
b413307f-d5c0-42a0-b40e-9f9b4516eaf3,10685,modo,8
b413307f-d5c0-42a0-b40e-9f9b4516eaf3,10693,sententia,256
b413307f-d5c0-42a0-b40e-9f9b4516eaf3,10697,incolumis,128
b413307f-d5c0-42a0-b40e-9f9b4516eaf3,10698,Rōma,8
b413307f-d5c0-42a0-b40e-9f9b4516eaf3,10704,plausūs,32
b413307f-d5c0-42a0-b40e-9f9b4516eaf3,10706,est,1
b413307f-d5c0-42a0-b40e-9f9b4516eaf3,10709,bāsia,16
b413307f-d5c0-42a0-b40e-9f9b4516eaf3,10735,Tōtum,2
b413307f-d5c0-42a0-b40e-9f9b4516eaf3,10743,populus,2
b413307f-d5c0-42a0-b40e-9f9b4516eaf3,10759,nivea,16
b413307f-d5c0-42a0-b40e-9f9b4516eaf3,10760,fascia,32
b413307f-d5c0-42a0-b40e-9f9b4516eaf3,10770,honōre,32
b413307f-d5c0-42a0-b40e-9f9b4516eaf3,10772,domūs,8
b413307f-d5c0-42a0-b40e-9f9b4516eaf3,10776,capite,8
b413307f-d5c0-42a0-b40e-9f9b4516eaf3,10777,est,1
b413307f-d5c0-42a0-b40e-9f9b4516eaf3,10788,novāculā,128
b413307f-d5c0-42a0-b40e-9f9b4516eaf3,10792,comōsā,32
b413307f-d5c0-42a0-b40e-9f9b4516eaf3,10801,occupārīs,128
b413307f-d5c0-42a0-b40e-9f9b4516eaf3,10811,reprehendere,512
b413307f-d5c0-42a0-b40e-9f9b4516eaf3,10819,Effectus,64
b413307f-d5c0-42a0-b40e-9f9b4516eaf3,10822,sēgnis,16
b413307f-d5c0-42a0-b40e-9f9b4516eaf3,10823,mora,10
b413307f-d5c0-42a0-b40e-9f9b4516eaf3,10829,Temporis,255
b413307f-d5c0-42a0-b40e-9f9b4516eaf3,10846,praesēpiā,256
b413307f-d5c0-42a0-b40e-9f9b4516eaf3,10852,pactō,2
b413307f-d5c0-42a0-b40e-9f9b4516eaf3,10853,plecteret,4
b413307f-d5c0-42a0-b40e-9f9b4516eaf3,10858,hōc,2
b413307f-d5c0-42a0-b40e-9f9b4516eaf3,10859,nōvī,2
b413307f-d5c0-42a0-b40e-9f9b4516eaf3,10862,nātus,8
b413307f-d5c0-42a0-b40e-9f9b4516eaf3,10863,es,1
b413307f-d5c0-42a0-b40e-9f9b4516eaf3,10870,putet,2
b413307f-d5c0-42a0-b40e-9f9b4516eaf3,10872,Canis,10
b413307f-d5c0-42a0-b40e-9f9b4516eaf3,10880,fortīs,16
b413307f-d5c0-42a0-b40e-9f9b4516eaf3,10883,Canis,10
b413307f-d5c0-42a0-b40e-9f9b4516eaf3,10888,satis,8
b413307f-d5c0-42a0-b40e-9f9b4516eaf3,10896,obiectūs,64
b413307f-d5c0-42a0-b40e-9f9b4516eaf3,10899,suīs,6
b413307f-d5c0-42a0-b40e-9f9b4516eaf3,10909,Hic,2
b413307f-d5c0-42a0-b40e-9f9b4516eaf3,10927,vīrēs,2
b413307f-d5c0-42a0-b40e-9f9b4516eaf3,10932,laudās,16
b413307f-d5c0-42a0-b40e-9f9b4516eaf3,10940,Hoc,2
b413307f-d5c0-42a0-b40e-9f9b4516eaf3,10943,Philete,127
b413307f-d5c0-42a0-b40e-9f9b4516eaf3,10947,pulchrē,64
b413307f-d5c0-42a0-b40e-9f9b4516eaf3,10973,Contegēre,64
b413307f-d5c0-42a0-b40e-9f9b4516eaf3,10974,honestē,64
b413307f-d5c0-42a0-b40e-9f9b4516eaf3,10982,malignā,64
b413307f-d5c0-42a0-b40e-9f9b4516eaf3,10992,lutum,2
b413307f-d5c0-42a0-b40e-9f9b4516eaf3,11007,esse,1
b413307f-d5c0-42a0-b40e-9f9b4516eaf3,11014,nātūrā,32
b413307f-d5c0-42a0-b40e-9f9b4516eaf3,11017,Genus,8
b413307f-d5c0-42a0-b40e-9f9b4516eaf3,11020,longē,16
b413307f-d5c0-42a0-b40e-9f9b4516eaf3,11025,cūncta,32
b413307f-d5c0-42a0-b40e-9f9b4516eaf3,11028,commoda,64
b413307f-d5c0-42a0-b40e-9f9b4516eaf3,11032,Fortūnā,64
b413307f-d5c0-42a0-b40e-9f9b4516eaf3,11034,dedit,2
b413307f-d5c0-42a0-b40e-9f9b4516eaf3,11037,vīrēs,2
b413307f-d5c0-42a0-b40e-9f9b4516eaf3,11048,trucis,16
b413307f-d5c0-42a0-b40e-9f9b4516eaf3,11056,adesset,4
b413307f-d5c0-42a0-b40e-9f9b4516eaf3,11058,suā,4
b413307f-d5c0-42a0-b40e-9f9b4516eaf3,11060,sollertiā,256
b413307f-d5c0-42a0-b40e-9f9b4516eaf3,11080,nostra,32
b413307f-d5c0-42a0-b40e-9f9b4516eaf3,11081,audācia,64
b413307f-d5c0-42a0-b40e-9f9b4516eaf3,11088,Fātālīs,32
b413307f-d5c0-42a0-b40e-9f9b4516eaf3,11107,alia,8
b413307f-d5c0-42a0-b40e-9f9b4516eaf3,11108,fābella,64
b413307f-d5c0-42a0-b40e-9f9b4516eaf3,11121,ūnā,4
b413307f-d5c0-42a0-b40e-9f9b4516eaf3,11128,Quaestus,64
b413307f-d5c0-42a0-b40e-9f9b4516eaf3,11135,referret,2
b413307f-d5c0-42a0-b40e-9f9b4516eaf3,11168,Moecha,32
b413307f-d5c0-42a0-b40e-9f9b4516eaf3,11185,vāgītus,32
b413307f-d5c0-42a0-b40e-9f9b4516eaf3,11201,solet,2
b413307f-d5c0-42a0-b40e-9f9b4516eaf3,11203,Ēmungere,32
b413307f-d5c0-42a0-b40e-9f9b4516eaf3,11218,ipsa,8
b413307f-d5c0-42a0-b40e-9f9b4516eaf3,11219,rīdenda,64
b413307f-d5c0-42a0-b40e-9f9b4516eaf3,11224,Dolus,31
b413307f-d5c0-42a0-b40e-9f9b4516eaf3,11235,novī,2
b413307f-d5c0-42a0-b40e-9f9b4516eaf3,11236,Cūrā,8
b413307f-d5c0-42a0-b40e-9f9b4516eaf3,11238,Veritatem,511
b413307f-d5c0-42a0-b40e-9f9b4516eaf3,11242,iūra,8
b413307f-d5c0-42a0-b40e-9f9b4516eaf3,11246,reddere,16
b413307f-d5c0-42a0-b40e-9f9b4516eaf3,11248,Subitō,8
b413307f-d5c0-42a0-b40e-9f9b4516eaf3,11264,Hic,2
b413307f-d5c0-42a0-b40e-9f9b4516eaf3,11266,accēnsus,64
b413307f-d5c0-42a0-b40e-9f9b4516eaf3,11270,parī,2
b413307f-d5c0-42a0-b40e-9f9b4516eaf3,11272,Ūna,4
b413307f-d5c0-42a0-b40e-9f9b4516eaf3,11273,statūrā,64
b413307f-d5c0-42a0-b40e-9f9b4516eaf3,11284,callida,64
b413307f-d5c0-42a0-b40e-9f9b4516eaf3,11291,tōtum,2
b413307f-d5c0-42a0-b40e-9f9b4516eaf3,11292,mīrē,8
b413307f-d5c0-42a0-b40e-9f9b4516eaf3,11297,Lutum,2
b413307f-d5c0-42a0-b40e-9f9b4516eaf3,11302,pedēs,10
b413307f-d5c0-42a0-b40e-9f9b4516eaf3,11309,Dolus,31
b413307f-d5c0-42a0-b40e-9f9b4516eaf3,11325,artīs,8
b413307f-d5c0-42a0-b40e-9f9b4516eaf3,11332,signa,16
b413307f-d5c0-42a0-b40e-9f9b4516eaf3,11343,sānctā,32
b413307f-d5c0-42a0-b40e-9f9b4516eaf3,11345,Veritas,127
b413307f-d5c0-42a0-b40e-9f9b4516eaf3,11348,trunca,32
b413307f-d5c0-42a0-b40e-9f9b4516eaf3,11355,falsa,16
b413307f-d5c0-42a0-b40e-9f9b4516eaf3,11358,operis,16
b413307f-d5c0-42a0-b40e-9f9b4516eaf3,11360,labor,2
b413307f-d5c0-42a0-b40e-9f9b4516eaf3,11363,est,1
b413307f-d5c0-42a0-b40e-9f9b4516eaf3,11367,Pedes,10
b413307f-d5c0-42a0-b40e-9f9b4516eaf3,11378,esse,1
b413307f-d5c0-42a0-b40e-9f9b4516eaf3,11386,rotā,8
b413307f-d5c0-42a0-b40e-9f9b4516eaf3,11407,irritō,8
b413307f-d5c0-42a0-b40e-9f9b4516eaf3,11412,sine,2
b413307f-d5c0-42a0-b40e-9f9b4516eaf3,11414,esse,1
b413307f-d5c0-42a0-b40e-9f9b4516eaf3,11422,mediō,2
b413307f-d5c0-42a0-b40e-9f9b4516eaf3,11430,Ūsus,4
b413307f-d5c0-42a0-b40e-9f9b4516eaf3,11436,tangere,16
b413307f-d5c0-42a0-b40e-9f9b4516eaf3,11444,Pertūsa,64
b413307f-d5c0-42a0-b40e-9f9b4516eaf3,11453,dederīs,42
b413307f-d5c0-42a0-b40e-9f9b4516eaf3,11459,est,1
b413307f-d5c0-42a0-b40e-9f9b4516eaf3,11470,quis,4
b413307f-d5c0-42a0-b40e-9f9b4516eaf3,11472,possidet,16
b413307f-d5c0-42a0-b40e-9f9b4516eaf3,11476,Hoc,2
b413307f-d5c0-42a0-b40e-9f9b4516eaf3,11478,cūrā,8
b413307f-d5c0-42a0-b40e-9f9b4516eaf3,11492,rudis,8
b413307f-d5c0-42a0-b40e-9f9b4516eaf3,11502,Phoebe,32
b413307f-d5c0-42a0-b40e-9f9b4516eaf3,11511,incolis,32
b413307f-d5c0-42a0-b40e-9f9b4516eaf3,11514,hoc,2
b413307f-d5c0-42a0-b40e-9f9b4516eaf3,11517,vātīs,8
b413307f-d5c0-42a0-b40e-9f9b4516eaf3,11526,Religio,127
b413307f-d5c0-42a0-b40e-9f9b4516eaf3,11535,Vōcēs,2
b413307f-d5c0-42a0-b40e-9f9b4516eaf3,11537,icta,8
b413307f-d5c0-42a0-b40e-9f9b4516eaf3,11541,Audītē,32
b413307f-d5c0-42a0-b40e-9f9b4516eaf3,11546,monitūs,32
b413307f-d5c0-42a0-b40e-9f9b4516eaf3,11552,vōta,10
b413307f-d5c0-42a0-b40e-9f9b4516eaf3,11553,superīs,40
b413307f-d5c0-42a0-b40e-9f9b4516eaf3,11554,reddite,64
b413307f-d5c0-42a0-b40e-9f9b4516eaf3,11558,parentēs,2
b413307f-d5c0-42a0-b40e-9f9b4516eaf3,11569,pellītē,80
b413307f-d5c0-42a0-b40e-9f9b4516eaf3,11572,sublevātē,256
b413307f-d5c0-42a0-b40e-9f9b4516eaf3,11574,miserīs,34
b413307f-d5c0-42a0-b40e-9f9b4516eaf3,11575,parcite,64
b413307f-d5c0-42a0-b40e-9f9b4516eaf3,11581,īte,1
b413307f-d5c0-42a0-b40e-9f9b4516eaf3,11584,Dēlicta,64
b413307f-d5c0-42a0-b40e-9f9b4516eaf3,11585,vindicātē,256
b413307f-d5c0-42a0-b40e-9f9b4516eaf3,11591,Pūnītē,32
b413307f-d5c0-42a0-b40e-9f9b4516eaf3,11598,Malōs,2
b413307f-d5c0-42a0-b40e-9f9b4516eaf3,11603,crēdite,64
b413307f-d5c0-42a0-b40e-9f9b4516eaf3,11606,ēlocūta,64
b413307f-d5c0-42a0-b40e-9f9b4516eaf3,11607,concīdit,16
b413307f-d5c0-42a0-b40e-9f9b4516eaf3,11612,profectō,4
b413307f-d5c0-42a0-b40e-9f9b4516eaf3,11625,scrīpta,64
b413307f-d5c0-42a0-b40e-9f9b4516eaf3,11627,mala,10
b413307f-d5c0-42a0-b40e-9f9b4516eaf3,11630,quis,4
b413307f-d5c0-42a0-b40e-9f9b4516eaf3,11631,ineptē,32
b413307f-d5c0-42a0-b40e-9f9b4516eaf3,11646,vīsus,8
b413307f-d5c0-42a0-b40e-9f9b4516eaf3,11651,vāna,8
b413307f-d5c0-42a0-b40e-9f9b4516eaf3,11654,fīdūcia,64
b413307f-d5c0-42a0-b40e-9f9b4516eaf3,11655,est,1
b413307f-d5c0-42a0-b40e-9f9b4516eaf3,11666,laudas,16
b413307f-d5c0-42a0-b40e-9f9b4516eaf3,11671,hoc,2
b413307f-d5c0-42a0-b40e-9f9b4516eaf3,11682,mīles,8
b413307f-d5c0-42a0-b40e-9f9b4516eaf3,11692,mīles,8
b413307f-d5c0-42a0-b40e-9f9b4516eaf3,11695,Frācte,32
b413307f-d5c0-42a0-b40e-9f9b4516eaf3,11705,Hic,2
b413307f-d5c0-42a0-b40e-9f9b4516eaf3,11709,dūcis,10
b413307f-d5c0-42a0-b40e-9f9b4516eaf3,11727,mīles,8
b413307f-d5c0-42a0-b40e-9f9b4516eaf3,11745,es,1
b413307f-d5c0-42a0-b40e-9f9b4516eaf3,11746,ausus,8
b413307f-d5c0-42a0-b40e-9f9b4516eaf3,11764,exstillescant,8191
b413307f-d5c0-42a0-b40e-9f9b4516eaf3,11775,simplicis,128
b413307f-d5c0-42a0-b40e-9f9b4516eaf3,11783,cadere,8
b413307f-d5c0-42a0-b40e-9f9b4516eaf3,11809,ducēs,2
b413307f-d5c0-42a0-b40e-9f9b4516eaf3,11833,Virum,2
b413307f-d5c0-42a0-b40e-9f9b4516eaf3,11846,amīcīs,4
b413307f-d5c0-42a0-b40e-9f9b4516eaf3,11858,iactūra,64
b413307f-d5c0-42a0-b40e-9f9b4516eaf3,11859,levis,10
b413307f-d5c0-42a0-b40e-9f9b4516eaf3,11860,est,1
b413307f-d5c0-42a0-b40e-9f9b4516eaf3,11864,virum,2
b413307f-d5c0-42a0-b40e-9f9b4516eaf3,11868,victus,18
b413307f-d5c0-42a0-b40e-9f9b4516eaf3,11883,exercitū,32
b413307f-d5c0-42a0-b40e-9f9b4516eaf3,11887,hostis,16
b413307f-d5c0-42a0-b40e-9f9b4516eaf3,11888,abscīdit,16
b413307f-d5c0-42a0-b40e-9f9b4516eaf3,11898,Corōna,32
b413307f-d5c0-42a0-b40e-9f9b4516eaf3,11900,mīles,8
b413307f-d5c0-42a0-b40e-9f9b4516eaf3,11914,exstillescant,8191
b413307f-d5c0-42a0-b40e-9f9b4516eaf3,11927,Nīsī,10
b413307f-d5c0-42a0-b40e-9f9b4516eaf3,11936,Venus,10
b413307f-d5c0-42a0-b40e-9f9b4516eaf3,11938,gallīna,64
b413307f-d5c0-42a0-b40e-9f9b4516eaf3,11950,Venus,0
b413307f-d5c0-42a0-b40e-9f9b4516eaf3,11955,esse,1
b413307f-d5c0-42a0-b40e-9f9b4516eaf3,11972,illa,8
b413307f-d5c0-42a0-b40e-9f9b4516eaf3,11975,dederīs,42
b413307f-d5c0-42a0-b40e-9f9b4516eaf3,11977,satis,8
b413307f-d5c0-42a0-b40e-9f9b4516eaf3,11985,scalpere,32
b413307f-d5c0-42a0-b40e-9f9b4516eaf3,11990,satis,8
b413307f-d5c0-42a0-b40e-9f9b4516eaf3,11991,est,1
b413307f-d5c0-42a0-b40e-9f9b4516eaf3,11995,Plānē,16
b413307f-d5c0-42a0-b40e-9f9b4516eaf3,11999,est,1
b413307f-d5c0-42a0-b40e-9f9b4516eaf3,12003,scalpere,32
b413307f-d5c0-42a0-b40e-9f9b4516eaf3,12006,tōtō,2
b413307f-d5c0-42a0-b40e-9f9b4516eaf3,12017,illa,8
b413307f-d5c0-42a0-b40e-9f9b4516eaf3,12018,fassa,16
b413307f-d5c0-42a0-b40e-9f9b4516eaf3,12019,est,1
b413307f-d5c0-42a0-b40e-9f9b4516eaf3,12021,malum,2
b413307f-d5c0-42a0-b40e-9f9b4516eaf3,12035,Veneris,0
b413307f-d5c0-42a0-b40e-9f9b4516eaf3,12049,domanda,64
b413307f-d5c0-42a0-b40e-9f9b4516eaf3,12059,Hic,2
b413307f-d5c0-42a0-b40e-9f9b4516eaf3,12078,hoc,2
b413307f-d5c0-42a0-b40e-9f9b4516eaf3,12080,sēnī,2
b413307f-d5c0-42a0-b40e-9f9b4516eaf3,12088,Is,1
b413307f-d5c0-42a0-b40e-9f9b4516eaf3,12096,vīrēs,2
b413307f-d5c0-42a0-b40e-9f9b4516eaf3,12100,est,1
b413307f-d5c0-42a0-b40e-9f9b4516eaf3,12111,dīcō,2
b413307f-d5c0-42a0-b40e-9f9b4516eaf3,12121,cornū,16
b413307f-d5c0-42a0-b40e-9f9b4516eaf3,12128,nisi,10
b413307f-d5c0-42a0-b40e-9f9b4516eaf3,12131,assiduē,64
b413307f-d5c0-42a0-b40e-9f9b4516eaf3,12136,clēmentiā,256
b413307f-d5c0-42a0-b40e-9f9b4516eaf3,12140,querēla,64
b413307f-d5c0-42a0-b40e-9f9b4516eaf3,12143,domus,8
b413307f-d5c0-42a0-b40e-9f9b4516eaf3,12147,est,1
b413307f-d5c0-42a0-b40e-9f9b4516eaf3,12158,iactantia,256
b413307f-d5c0-42a0-b40e-9f9b4516eaf3,12168,sophus,63
b413307f-d5c0-42a0-b40e-9f9b4516eaf3,12181,dīxerīs,32
b413307f-d5c0-42a0-b40e-9f9b4516eaf3,12185,vīrēs,2
b413307f-d5c0-42a0-b40e-9f9b4516eaf3,12193,stulte,32
b413307f-d5c0-42a0-b40e-9f9b4516eaf3,12205,essēs,1
b413307f-d5c0-42a0-b40e-9f9b4516eaf3,12233,ungula,32
b413307f-d5c0-42a0-b40e-9f9b4516eaf3,12238,Bella,16
b413307f-d5c0-42a0-b40e-9f9b4516eaf3,12241,mehercules,1023
b413307f-d5c0-42a0-b40e-9f9b4516eaf3,12242,Māle,2
b413307f-d5c0-42a0-b40e-9f9b4516eaf3,12245,artīs,8
b413307f-d5c0-42a0-b40e-9f9b4516eaf3,12251,repperisset,64
b413307f-d5c0-42a0-b40e-9f9b4516eaf3,12265,intercīdunt,64
b413307f-d5c0-42a0-b40e-9f9b4516eaf3,12268,vidua,16
b413307f-d5c0-42a0-b40e-9f9b4516eaf3,12270,mīles,8
b413307f-d5c0-42a0-b40e-9f9b4516eaf3,12272,Quanta,32
b413307f-d5c0-42a0-b40e-9f9b4516eaf3,12274,incōnstantia,2048
b413307f-d5c0-42a0-b40e-9f9b4516eaf3,12284,virum,2
b413307f-d5c0-42a0-b40e-9f9b4516eaf3,12297,modō,8
b413307f-d5c0-42a0-b40e-9f9b4516eaf3,12306,assecūta,128
b413307f-d5c0-42a0-b40e-9f9b4516eaf3,12307,est,1
b413307f-d5c0-42a0-b40e-9f9b4516eaf3,12327,quis,4
b413307f-d5c0-42a0-b40e-9f9b4516eaf3,12329,tollere,16
b413307f-d5c0-42a0-b40e-9f9b4516eaf3,12349,mediā,18
b413307f-d5c0-42a0-b40e-9f9b4516eaf3,12374,mīles,8
b413307f-d5c0-42a0-b40e-9f9b4516eaf3,12381,pulchrā,64
b413307f-d5c0-42a0-b40e-9f9b4516eaf3,12390,impudentīs,256
b413307f-d5c0-42a0-b40e-9f9b4516eaf3,12398,invēnit,8
b413307f-d5c0-42a0-b40e-9f9b4516eaf3,12402,vidēre,2
b413307f-d5c0-42a0-b40e-9f9b4516eaf3,12407,Cotīdiānā,256
b413307f-d5c0-42a0-b40e-9f9b4516eaf3,12408,captā,16
b413307f-d5c0-42a0-b40e-9f9b4516eaf3,12411,facta,16
b413307f-d5c0-42a0-b40e-9f9b4516eaf3,12412,est,1
b413307f-d5c0-42a0-b40e-9f9b4516eaf3,12420,cōpula,32
b413307f-d5c0-42a0-b40e-9f9b4516eaf3,12422,Hīc,2
b413307f-d5c0-42a0-b40e-9f9b4516eaf3,12430,est,1
b413307f-d5c0-42a0-b40e-9f9b4516eaf3,12433,ūnā,4
b413307f-d5c0-42a0-b40e-9f9b4516eaf3,12437,mīles,8
b413307f-d5c0-42a0-b40e-9f9b4516eaf3,12443,sānctā,32
b413307f-d5c0-42a0-b40e-9f9b4516eaf3,12447,est,1
b413307f-d5c0-42a0-b40e-9f9b4516eaf3,12453,Virīque,2
b413307f-d5c0-42a0-b40e-9f9b4516eaf3,12467,laudis,16
b413307f-d5c0-42a0-b40e-9f9b4516eaf3,12483,favēre,2
b413307f-d5c0-42a0-b40e-9f9b4516eaf3,12493,genus,8
b413307f-d5c0-42a0-b40e-9f9b4516eaf3,12496,pauperis,64
b413307f-d5c0-42a0-b40e-9f9b4516eaf3,12501,advenit,8
b413307f-d5c0-42a0-b40e-9f9b4516eaf3,12519,ultrā,16
b413307f-d5c0-42a0-b40e-9f9b4516eaf3,12521,vīlla,18
b413307f-d5c0-42a0-b40e-9f9b4516eaf3,12522,splendida,256
b413307f-d5c0-42a0-b40e-9f9b4516eaf3,12525,acceptūra,256
b413307f-d5c0-42a0-b40e-9f9b4516eaf3,12531,Parum,2
b413307f-d5c0-42a0-b40e-9f9b4516eaf3,12532,amplā,16
b413307f-d5c0-42a0-b40e-9f9b4516eaf3,12535,vīsa,8
b413307f-d5c0-42a0-b40e-9f9b4516eaf3,12538,domus,8
b413307f-d5c0-42a0-b40e-9f9b4516eaf3,12540,Pompa,16
b413307f-d5c0-42a0-b40e-9f9b4516eaf3,12543,turba,16
b413307f-d5c0-42a0-b40e-9f9b4516eaf3,12560,referre,2
b413307f-d5c0-42a0-b40e-9f9b4516eaf3,12578,pedēs,10
b413307f-d5c0-42a0-b40e-9f9b4516eaf3,12580,Repente,2
b413307f-d5c0-42a0-b40e-9f9b4516eaf3,12583,Veneris,0
b413307f-d5c0-42a0-b40e-9f9b4516eaf3,12584,misericordiā,2048
b413307f-d5c0-42a0-b40e-9f9b4516eaf3,12596,parat,2
b413307f-d5c0-42a0-b40e-9f9b4516eaf3,12605,Effūsa,40
b413307f-d5c0-42a0-b40e-9f9b4516eaf3,12614,petere,8
b413307f-d5c0-42a0-b40e-9f9b4516eaf3,12616,fugā,8
b413307f-d5c0-42a0-b40e-9f9b4516eaf3,12625,magnā,16
b413307f-d5c0-42a0-b40e-9f9b4516eaf3,12628,indicat,8
b413307f-d5c0-42a0-b40e-9f9b4516eaf3,12653,Ubī,0
b413307f-d5c0-42a0-b40e-9f9b4516eaf3,12655,est,1
b413307f-d5c0-42a0-b40e-9f9b4516eaf3,12662,Venere,0
b413307f-d5c0-42a0-b40e-9f9b4516eaf3,12668,plausūs,32
b413307f-d5c0-42a0-b40e-9f9b4516eaf3,12672,parentēs,2
b413307f-d5c0-42a0-b40e-9f9b4516eaf3,12680,āmissa,32
b413307f-d5c0-42a0-b40e-9f9b4516eaf3,12684,esset,1
b413307f-d5c0-42a0-b40e-9f9b4516eaf3,12687,populō,2
b413307f-d5c0-42a0-b40e-9f9b4516eaf3,12697,domina,32
b413307f-d5c0-42a0-b40e-9f9b4516eaf3,12703,dīcere,10
b413307f-d5c0-42a0-b40e-9f9b4516eaf3,12714,tōtum,2
b413307f-d5c0-42a0-b40e-9f9b4516eaf3,12739,Dicas,31
b413307f-d5c0-42a0-b40e-9f9b4516eaf3,12749,dēposuerīs,256
b413307f-d5c0-42a0-b40e-9f9b4516eaf3,12757,meliuscula,512
b413307f-d5c0-42a0-b40e-9f9b4516eaf3,12762,nisi,10
b413307f-d5c0-42a0-b40e-9f9b4516eaf3,12763,dēdēris,42
b413307f-d5c0-42a0-b40e-9f9b4516eaf3,12765,sponda,32
b413307f-d5c0-42a0-b40e-9f9b4516eaf3,12767,tua,4
b413307f-d5c0-42a0-b40e-9f9b4516eaf3,12775,tua,4
b413307f-d5c0-42a0-b40e-9f9b4516eaf3,12792,appārēre,40
b413307f-d5c0-42a0-b40e-9f9b4516eaf3,12795,est,1
b413307f-d5c0-42a0-b40e-9f9b4516eaf3,12799,plēnā,16
b413307f-d5c0-42a0-b40e-9f9b4516eaf3,12803,verbera,64
b413307f-d5c0-42a0-b40e-9f9b4516eaf3,12812,Āliīs,1
b413307f-d5c0-42a0-b40e-9f9b4516eaf3,12819,era,4
b413307f-d5c0-42a0-b40e-9f9b4516eaf3,12823,caesus,16
b413307f-d5c0-42a0-b40e-9f9b4516eaf3,12828,modo,8
b413307f-d5c0-42a0-b40e-9f9b4516eaf3,12831,lectīca,64
b413307f-d5c0-42a0-b40e-9f9b4516eaf3,12842,dūcere,8
b413307f-d5c0-42a0-b40e-9f9b4516eaf3,12857,est,1
b413307f-d5c0-42a0-b40e-9f9b4516eaf3,12858,locūta,32
b413307f-d5c0-42a0-b40e-9f9b4516eaf3,12865,vultūs,16
b413307f-d5c0-42a0-b40e-9f9b4516eaf3,12882,fera,8
b413307f-d5c0-42a0-b40e-9f9b4516eaf3,12891,Scrōfa,32
b413307f-d5c0-42a0-b40e-9f9b4516eaf3,12910,scrōfā,32
b413307f-d5c0-42a0-b40e-9f9b4516eaf3,12941,Satis,8
b413307f-d5c0-42a0-b40e-9f9b4516eaf3,12942,est,1
b413307f-d5c0-42a0-b40e-9f9b4516eaf3,12955,Parī,2
b413307f-d5c0-42a0-b40e-9f9b4516eaf3,12957,fāta,8
b413307f-d5c0-42a0-b40e-9f9b4516eaf3,12959,sua,4
b413307f-d5c0-42a0-b40e-9f9b4516eaf3,12967,esse,1
b413307f-d5c0-42a0-b40e-9f9b4516eaf3,12968,mālō,2
b413307f-d5c0-42a0-b40e-9f9b4516eaf3,12970,malum,2
b413307f-d5c0-42a0-b40e-9f9b4516eaf3,12982,vīcīniā,64
b413307f-d5c0-42a0-b40e-9f9b4516eaf3,12989,Dīcam,2
b413307f-d5c0-42a0-b40e-9f9b4516eaf3,12991,clārē,16
b413307f-d5c0-42a0-b40e-9f9b4516eaf3,12995,Hoc,2
b413307f-d5c0-42a0-b40e-9f9b4516eaf3,12997,es,1
b413307f-d5c0-42a0-b40e-9f9b4516eaf3,13003,querēlā,64
b413307f-d5c0-42a0-b40e-9f9b4516eaf3,13009,Plāgae,4
b413307f-d5c0-42a0-b40e-9f9b4516eaf3,13014,cibāria,64
b413307f-d5c0-42a0-b40e-9f9b4516eaf3,13020,sine,2
b413307f-d5c0-42a0-b40e-9f9b4516eaf3,13027,tōtīs,2
b413307f-d5c0-42a0-b40e-9f9b4516eaf3,13032,est,1
b413307f-d5c0-42a0-b40e-9f9b4516eaf3,13033,vocātus,32
b413307f-d5c0-42a0-b40e-9f9b4516eaf3,13039,sēmitā,32
b413307f-d5c0-42a0-b40e-9f9b4516eaf3,13047,Ūllius,8
b413307f-d5c0-42a0-b40e-9f9b4516eaf3,13060,factus,16
b413307f-d5c0-42a0-b40e-9f9b4516eaf3,13075,est,1
b413307f-d5c0-42a0-b40e-9f9b4516eaf3,13076,prōmere,80
b413307f-d5c0-42a0-b40e-9f9b4516eaf3,13082,pedēs,10
b413307f-d5c0-42a0-b40e-9f9b4516eaf3,13089,malī,2
b413307f-d5c0-42a0-b40e-9f9b4516eaf3,13091,fēcerīs,32
b413307f-d5c0-42a0-b40e-9f9b4516eaf3,13099,incommodā,256
b413307f-d5c0-42a0-b40e-9f9b4516eaf3,13103,peccāris,64
b413307f-d5c0-42a0-b40e-9f9b4516eaf3,13112,est,1
b413307f-d5c0-42a0-b40e-9f9b4516eaf3,13114,fugā,8
b413307f-d5c0-42a0-b40e-9f9b4516eaf3,13118,quadrīgālis,512
b413307f-d5c0-42a0-b40e-9f9b4516eaf3,13124,esse,1
b413307f-d5c0-42a0-b40e-9f9b4516eaf3,13128,acciderit,8
b413307f-d5c0-42a0-b40e-9f9b4516eaf3,13132,quadrīgā,128
b413307f-d5c0-42a0-b40e-9f9b4516eaf3,13149,mōlīs,10
b413307f-d5c0-42a0-b40e-9f9b4516eaf3,13159,grāta,16
b413307f-d5c0-42a0-b40e-9f9b4516eaf3,13160,lūdīs,8
b413307f-d5c0-42a0-b40e-9f9b4516eaf3,13167,Īte,1
b413307f-d5c0-42a0-b40e-9f9b4516eaf3,13168,fēlīcēs,10
b413307f-d5c0-42a0-b40e-9f9b4516eaf3,13171,Celebrātē,256
b413307f-d5c0-42a0-b40e-9f9b4516eaf3,13172,sine,2
b413307f-d5c0-42a0-b40e-9f9b4516eaf3,13180,scelesta,128
b413307f-d5c0-42a0-b40e-9f9b4516eaf3,13181,fūris,10
b413307f-d5c0-42a0-b40e-9f9b4516eaf3,13183,manūs,8
b413307f-d5c0-42a0-b40e-9f9b4516eaf3,13188,fāta,8
b413307f-d5c0-42a0-b40e-9f9b4516eaf3,13190,mea,4
b413307f-d5c0-42a0-b40e-9f9b4516eaf3,13210,Pilōsa,32
b413307f-d5c0-42a0-b40e-9f9b4516eaf3,13214,vādō,2
b413307f-d5c0-42a0-b40e-9f9b4516eaf3,13228,maris,8
b413307f-d5c0-42a0-b40e-9f9b4516eaf3,13229,Ēscaque,9
b413307f-d5c0-42a0-b40e-9f9b4516eaf3,13232,collēcta,128
b413307f-d5c0-42a0-b40e-9f9b4516eaf3,13250,solēre,2
b413307f-d5c0-42a0-b40e-9f9b4516eaf3,13258,Avē,4
b413307f-d5c0-42a0-b40e-9f9b4516eaf3,13261,morātus,2
b413307f-d5c0-42a0-b40e-9f9b4516eaf3,13264,Adesse,4
b413307f-d5c0-42a0-b40e-9f9b4516eaf3,13274,idem,1
b413307f-d5c0-42a0-b40e-9f9b4516eaf3,13277,sonūs,10
b413307f-d5c0-42a0-b40e-9f9b4516eaf3,13286,esset,1
b413307f-d5c0-42a0-b40e-9f9b4516eaf3,13300,milium,2
b413307f-d5c0-42a0-b40e-9f9b4516eaf3,13307,Avē,4
b413307f-d5c0-42a0-b40e-9f9b4516eaf3,13317,male,2
b413307f-d5c0-42a0-b40e-9f9b4516eaf3,13321,āles,5
b413307f-d5c0-42a0-b40e-9f9b4516eaf3,13322,pessimē,64
b413307f-d5c0-42a0-b40e-9f9b4516eaf3,13325,festīnantis,512
b413307f-d5c0-42a0-b40e-9f9b4516eaf3,13328,pedēs,10
b413307f-d5c0-42a0-b40e-9f9b4516eaf3,13332,capella,64
b413307f-d5c0-42a0-b40e-9f9b4516eaf3,13335,ita,4
b413307f-d5c0-42a0-b40e-9f9b4516eaf3,13337,esse,1
b413307f-d5c0-42a0-b40e-9f9b4516eaf3,13345,cornū,16
b413307f-d5c0-42a0-b40e-9f9b4516eaf3,13357,indignē,64
b413307f-d5c0-42a0-b40e-9f9b4516eaf3,13358,laesa,16
b413307f-d5c0-42a0-b40e-9f9b4516eaf3,13366,ipsa,8
b413307f-d5c0-42a0-b40e-9f9b4516eaf3,13368,dēlīquerīs,256
b413307f-d5c0-42a0-b40e-9f9b4516eaf3,13372,lacerta,64
b413307f-d5c0-42a0-b40e-9f9b4516eaf3,13374,Ubī,0
b413307f-d5c0-42a0-b40e-9f9b4516eaf3,13376,pellis,16
b413307f-d5c0-42a0-b40e-9f9b4516eaf3,13381,esse,1
b413307f-d5c0-42a0-b40e-9f9b4516eaf3,13383,hoc,2
b413307f-d5c0-42a0-b40e-9f9b4516eaf3,13384,est,1
b413307f-d5c0-42a0-b40e-9f9b4516eaf3,13388,vīrēs,2
b413307f-d5c0-42a0-b40e-9f9b4516eaf3,13401,patulā,32
b413307f-d5c0-42a0-b40e-9f9b4516eaf3,13404,gulā,8
b413307f-d5c0-42a0-b40e-9f9b4516eaf3,13407,illa,8
b413307f-d5c0-42a0-b40e-9f9b4516eaf3,13422,mora,10
b413307f-d5c0-42a0-b40e-9f9b4516eaf3,13432,ovis,5
b413307f-d5c0-42a0-b40e-9f9b4516eaf3,13435,lacessere,64
b413307f-d5c0-42a0-b40e-9f9b4516eaf3,13438,cēdere,8
b413307f-d5c0-42a0-b40e-9f9b4516eaf3,13441,Odiōsa,32
b413307f-d5c0-42a0-b40e-9f9b4516eaf3,13451,invīta,32
b413307f-d5c0-42a0-b40e-9f9b4516eaf3,13455,Hoc,2
b413307f-d5c0-42a0-b40e-9f9b4516eaf3,13460,canī,2
b413307f-d5c0-42a0-b40e-9f9b4516eaf3,13465,Illa,8
b413307f-d5c0-42a0-b40e-9f9b4516eaf3,13467,pessimā,64
b413307f-d5c0-42a0-b40e-9f9b4516eaf3,13472,eadem,2
b413307f-d5c0-42a0-b40e-9f9b4516eaf3,13473,cēdō,10
b413307f-d5c0-42a0-b40e-9f9b4516eaf3,13481,dolōsā,32
b413307f-d5c0-42a0-b40e-9f9b4516eaf3,13497,esse,1
b413307f-d5c0-42a0-b40e-9f9b4516eaf3,13499,cōnscientia,1024
b413307f-d5c0-42a0-b40e-9f9b4516eaf3,13511,suī,2
b413307f-d5c0-42a0-b40e-9f9b4516eaf3,13519,Placēs,4
b413307f-d5c0-42a0-b40e-9f9b4516eaf3,13526,placēs,4
b413307f-d5c0-42a0-b40e-9f9b4516eaf3,13536,placēs,4
b413307f-d5c0-42a0-b40e-9f9b4516eaf3,13545,esse,1
b413307f-d5c0-42a0-b40e-9f9b4516eaf3,13553,pede,2
b413307f-d5c0-42a0-b40e-9f9b4516eaf3,13559,vīsus,8
b413307f-d5c0-42a0-b40e-9f9b4516eaf3,13573,indicēs,8
b413307f-d5c0-42a0-b40e-9f9b4516eaf3,13579,malī,2
b413307f-d5c0-42a0-b40e-9f9b4516eaf3,13588,timuerīs,64
b413307f-d5c0-42a0-b40e-9f9b4516eaf3,13590,Lātē,10
b413307f-d5c0-42a0-b40e-9f9b4516eaf3,13603,venit,2
b413307f-d5c0-42a0-b40e-9f9b4516eaf3,13606,Venit,2
b413307f-d5c0-42a0-b40e-9f9b4516eaf3,13634,est,1
b413307f-d5c0-42a0-b40e-9f9b4516eaf3,13648,agere,4
b413307f-d5c0-42a0-b40e-9f9b4516eaf3,13662,iuvenis,32
b413307f-d5c0-42a0-b40e-9f9b4516eaf3,13664,Multa,16
b413307f-d5c0-42a0-b40e-9f9b4516eaf3,13665,esse,1
b413307f-d5c0-42a0-b40e-9f9b4516eaf3,13667,iocunda,64
b413307f-d5c0-42a0-b40e-9f9b4516eaf3,13671,incommoda,256
b413307f-d5c0-42a0-b40e-9f9b4516eaf3,13677,perfida,64
b413307f-d5c0-42a0-b40e-9f9b4516eaf3,13705,Iuvenis,32
b413307f-d5c0-42a0-b40e-9f9b4516eaf3,13708,dēceptus,64
b413307f-d5c0-42a0-b40e-9f9b4516eaf3,13715,mea,4
b413307f-d5c0-42a0-b40e-9f9b4516eaf3,13719,vōcem,2
b413307f-d5c0-42a0-b40e-9f9b4516eaf3,13724,fidēlis,32
b413307f-d5c0-42a0-b40e-9f9b4516eaf3,13728,iūcunda,64
b413307f-d5c0-42a0-b40e-9f9b4516eaf3,13729,est,1
b413307f-d5c0-42a0-b40e-9f9b4516eaf3,13734,Canēs,2
b413307f-d5c0-42a0-b40e-9f9b4516eaf3,13735,effūgēre,40
b413307f-d5c0-42a0-b40e-9f9b4516eaf3,13751,nōmen,10
b413307f-d5c0-42a0-b40e-9f9b4516eaf3,13759,cōpia,16
b413307f-d5c0-42a0-b40e-9f9b4516eaf3,13775,Dīvīnā,32
b413307f-d5c0-42a0-b40e-9f9b4516eaf3,13785,invēnit,8
b413307f-d5c0-42a0-b40e-9f9b4516eaf3,13793,canēs,2
b413307f-d5c0-42a0-b40e-9f9b4516eaf3,13795,Hoc,2
b413307f-d5c0-42a0-b40e-9f9b4516eaf3,13804,carēre,10
b413307f-d5c0-42a0-b40e-9f9b4516eaf3,13819,vespa,16
b413307f-d5c0-42a0-b40e-9f9b4516eaf3,13826,esse,1
b413307f-d5c0-42a0-b40e-9f9b4516eaf3,13840,corpora,64
b413307f-d5c0-42a0-b40e-9f9b4516eaf3,13854,fortīs,16
b413307f-d5c0-42a0-b40e-9f9b4516eaf3,13857,Arte,8
b413307f-d5c0-42a0-b40e-9f9b4516eaf3,13865,cūnctā,32
b413307f-d5c0-42a0-b40e-9f9b4516eaf3,13867,levitās,2
b413307f-d5c0-42a0-b40e-9f9b4516eaf3,13868,putris,16
b413307f-d5c0-42a0-b40e-9f9b4516eaf3,13881,est,1
b413307f-d5c0-42a0-b40e-9f9b4516eaf3,13887,vespa,16
b413307f-d5c0-42a0-b40e-9f9b4516eaf3,13890,vōcem,2
b413307f-d5c0-42a0-b40e-9f9b4516eaf3,13895,fuerīmus,16
b413307f-d5c0-42a0-b40e-9f9b4516eaf3,13903,Terraneola,1023
b413307f-d5c0-42a0-b40e-9f9b4516eaf3,13909,esse,1
b413307f-d5c0-42a0-b40e-9f9b4516eaf3,13913,Avis,4
b413307f-d5c0-42a0-b40e-9f9b4516eaf3,13916,terraneolam,2047
b413307f-d5c0-42a0-b40e-9f9b4516eaf3,13920,terrā,16
b413307f-d5c0-42a0-b40e-9f9b4516eaf3,13931,Quā,4
b413307f-d5c0-42a0-b40e-9f9b4516eaf3,13932,vīsa,8
b413307f-d5c0-42a0-b40e-9f9b4516eaf3,13939,Salvē,16
b413307f-d5c0-42a0-b40e-9f9b4516eaf3,13941,illa,8
b413307f-d5c0-42a0-b40e-9f9b4516eaf3,13950,abundē,32
b413307f-d5c0-42a0-b40e-9f9b4516eaf3,13962,cōpiā,16
b413307f-d5c0-42a0-b40e-9f9b4516eaf3,13965,est,1
b413307f-d5c0-42a0-b40e-9f9b4516eaf3,13986,praedicās,32
b413307f-d5c0-42a0-b40e-9f9b4516eaf3,14000,sequēre,16
b413307f-d5c0-42a0-b40e-9f9b4516eaf3,14009,Hoc,2
b413307f-d5c0-42a0-b40e-9f9b4516eaf3,14011,est,1
b413307f-d5c0-42a0-b40e-9f9b4516eaf3,14012,Mūsa,8
b413307f-d5c0-42a0-b40e-9f9b4516eaf3,14015,mea,4
b413307f-d5c0-42a0-b40e-9f9b4516eaf3,14017,Nēquitia,128
b413307f-d5c0-42a0-b40e-9f9b4516eaf3,14027,illa,8
b413307f-d5c0-42a0-b40e-9f9b4516eaf3,14028,tacitē,32
